user_id,future_positive_count,catalog_positive_count,repeat_positive_count,new_positive_count,candidate_count,raw_recall@50,catalog_recall@50,repeat_recall@50,new_recall@50,raw_recall@100,catalog_recall@100,repeat_recall@100,new_recall@100,raw_recall@200,catalog_recall@200,repeat_recall@200,new_recall@200
27441,1,1,1,0,200,1.0,1.0,1.0,,1.0,1.0,1.0,,1.0,1.0,1.0,
27418,6,6,2,4,200,0.5,0.5,1.0,0.25,0.5,0.5,1.0,0.25,0.6666666666666666,0.6666666666666666,1.0,0.5
96507,2,2,2,0,200,1.0,1.0,1.0,,1.0,1.0,1.0,,1.0,1.0,1.0,
53827,8,4,1,3,200,0.125,0.25,1.0,0.0,0.125,0.25,1.0,0.0,0.125,0.25,1.0,0.0
248,1,0,0,0,200,0.0,,,,0.0,,,,0.0,,,
73338,4,4,2,2,200,0.75,0.75,1.0,0.5,0.75,0.75,1.0,0.5,0.75,0.75,1.0,0.5
62225,6,6,3,3,200,0.8333333333333334,0.8333333333333334,1.0,0.6666666666666666,1.0,1.0,1.0,1.0,1.0,1.0,1.0,1.0
28064,2,2,0,2,200,0.0,0.0,,0.0,0.0,0.0,,0.0,0.5,0.5,,0.5
42768,4,1,1,0,200,0.25,1.0,1.0,,0.25,1.0,1.0,,0.25,1.0,1.0,
51735,2,2,0,2,200,0.0,0.0,,0.0,0.0,0.0,,0.0,0.0,0.0,,0.0
89817,6,6,2,4,200,0.6666666666666666,0.6666666666666666,1.0,0.5,0.6666666666666666,0.6666666666666666,1.0,0.5,0.6666666666666666,0.6666666666666666,1.0,0.5
20575,13,13,8,5,200,0.5384615384615384,0.5384615384615384,0.875,0.0,0.6153846153846154,0.6153846153846154,1.0,0.0,0.6923076923076923,0.6923076923076923,1.0,0.2
20705,1,1,1,0,200,1.0,1.0,1.0,,1.0,1.0,1.0,,1.0,1.0,1.0,
80497,6,6,1,5,200,0.6666666666666666,0.6666666666666666,1.0,0.6,0.6666666666666666,0.6666666666666666,1.0,0.6,0.6666666666666666,0.6666666666666666,1.0,0.6
77281,4,3,3,0,200,0.75,1.0,1.0,,0.75,1.0,1.0,,0.75,1.0,1.0,
62067,2,2,1,1,200,1.0,1.0,1.0,1.0,1.0,1.0,1.0,1.0,1.0,1.0,1.0,1.0
73038,17,16,11,5,200,0.5882352941176471,0.625,0.8181818181818182,0.2,0.7058823529411765,0.75,1.0,0.2,0.8823529411764706,0.9375,1.0,0.8
5506,2,2,1,1,200,1.0,1.0,1.0,1.0,1.0,1.0,1.0,1.0,1.0,1.0,1.0,1.0
60619,3,3,1,2,200,0.3333333333333333,0.3333333333333333,1.0,0.0,0.3333333333333333,0.3333333333333333,1.0,0.0,0.3333333333333333,0.3333333333333333,1.0,0.0
64044,3,3,2,1,200,0.6666666666666666,0.6666666666666666,1.0,0.0,1.0,1.0,1.0,1.0,1.0,1.0,1.0,1.0
77358,2,2,1,1,200,0.5,0.5,1.0,0.0,1.0,1.0,1.0,1.0,1.0,1.0,1.0,1.0
5782,3,3,2,1,200,0.6666666666666666,0.6666666666666666,1.0,0.0,1.0,1.0,1.0,1.0,1.0,1.0,1.0,1.0
33439,1,1,0,1,200,0.0,0.0,,0.0,0.0,0.0,,0.0,0.0,0.0,,0.0
90644,2,2,0,2,200,0.0,0.0,,0.0,0.0,0.0,,0.0,0.0,0.0,,0.0
5101,13,13,10,3,200,0.8461538461538461,0.8461538461538461,1.0,0.3333333333333333,0.8461538461538461,0.8461538461538461,1.0,0.3333333333333333,0.9230769230769231,0.9230769230769231,1.0,0.6666666666666666
54481,3,3,1,2,200,0.6666666666666666,0.6666666666666666,1.0,0.5,0.6666666666666666,0.6666666666666666,1.0,0.5,0.6666666666666666,0.6666666666666666,1.0,0.5
33342,6,6,5,1,200,0.8333333333333334,0.8333333333333334,1.0,0.0,0.8333333333333334,0.8333333333333334,1.0,0.0,0.8333333333333334,0.8333333333333334,1.0,0.0
66396,1,1,0,1,200,0.0,0.0,,0.0,0.0,0.0,,0.0,0.0,0.0,,0.0
89509,1,1,1,0,200,1.0,1.0,1.0,,1.0,1.0,1.0,,1.0,1.0,1.0,
80660,2,2,0,2,200,0.0,0.0,,0.0,0.0,0.0,,0.0,0.0,0.0,,0.0
15024,4,4,2,2,200,1.0,1.0,1.0,1.0,1.0,1.0,1.0,1.0,1.0,1.0,1.0,1.0
81684,1,0,0,0,200,0.0,,,,0.0,,,,0.0,,,
45708,6,5,5,0,200,0.8333333333333334,1.0,1.0,,0.8333333333333334,1.0,1.0,,0.8333333333333334,1.0,1.0,
36195,19,19,11,8,200,0.5789473684210527,0.5789473684210527,1.0,0.0,0.5789473684210527,0.5789473684210527,1.0,0.0,0.6842105263157895,0.6842105263157895,1.0,0.25
72181,10,10,6,4,200,0.8,0.8,1.0,0.5,0.9,0.9,1.0,0.75,0.9,0.9,1.0,0.75
79553,2,1,0,1,200,0.0,0.0,,0.0,0.0,0.0,,0.0,0.0,0.0,,0.0
79678,3,3,2,1,200,1.0,1.0,1.0,1.0,1.0,1.0,1.0,1.0,1.0,1.0,1.0,1.0
14033,7,7,6,1,200,0.8571428571428571,0.8571428571428571,1.0,0.0,0.8571428571428571,0.8571428571428571,1.0,0.0,0.8571428571428571,0.8571428571428571,1.0,0.0
96081,1,1,0,1,200,0.0,0.0,,0.0,0.0,0.0,,0.0,0.0,0.0,,0.0
81750,2,2,0,2,200,0.5,0.5,,0.5,0.5,0.5,,0.5,0.5,0.5,,0.5
18298,1,1,1,0,200,1.0,1.0,1.0,,1.0,1.0,1.0,,1.0,1.0,1.0,
64339,2,2,2,0,200,1.0,1.0,1.0,,1.0,1.0,1.0,,1.0,1.0,1.0,
51835,9,9,5,4,200,0.6666666666666666,0.6666666666666666,1.0,0.25,0.6666666666666666,0.6666666666666666,1.0,0.25,1.0,1.0,1.0,1.0
51531,3,3,2,1,200,1.0,1.0,1.0,1.0,1.0,1.0,1.0,1.0,1.0,1.0,1.0,1.0
39126,21,21,9,12,200,0.5714285714285714,0.5714285714285714,0.8888888888888888,0.3333333333333333,0.8095238095238095,0.8095238095238095,1.0,0.6666666666666666,0.9047619047619048,0.9047619047619048,1.0,0.8333333333333334
94435,1,1,0,1,200,0.0,0.0,,0.0,0.0,0.0,,0.0,0.0,0.0,,0.0
45375,2,2,2,0,200,1.0,1.0,1.0,,1.0,1.0,1.0,,1.0,1.0,1.0,
7164,1,1,1,0,200,1.0,1.0,1.0,,1.0,1.0,1.0,,1.0,1.0,1.0,
59279,1,1,0,1,200,1.0,1.0,,1.0,1.0,1.0,,1.0,1.0,1.0,,1.0
89033,4,3,2,1,200,0.5,0.6666666666666666,1.0,0.0,0.5,0.6666666666666666,1.0,0.0,0.5,0.6666666666666666,1.0,0.0
31435,16,14,7,7,200,0.5625,0.6428571428571429,1.0,0.2857142857142857,0.75,0.8571428571428571,1.0,0.7142857142857143,0.75,0.8571428571428571,1.0,0.7142857142857143
97925,2,2,1,1,200,0.5,0.5,1.0,0.0,0.5,0.5,1.0,0.0,0.5,0.5,1.0,0.0
89174,1,1,1,0,200,1.0,1.0,1.0,,1.0,1.0,1.0,,1.0,1.0,1.0,
15427,7,7,3,4,200,0.7142857142857143,0.7142857142857143,1.0,0.5,0.7142857142857143,0.7142857142857143,1.0,0.5,0.8571428571428571,0.8571428571428571,1.0,0.75
11691,14,14,10,4,200,0.9285714285714286,0.9285714285714286,1.0,0.75,0.9285714285714286,0.9285714285714286,1.0,0.75,0.9285714285714286,0.9285714285714286,1.0,0.75
37111,11,11,5,6,200,0.7272727272727273,0.7272727272727273,1.0,0.5,0.8181818181818182,0.8181818181818182,1.0,0.6666666666666666,0.8181818181818182,0.8181818181818182,1.0,0.6666666666666666
3036,3,3,2,1,200,0.6666666666666666,0.6666666666666666,1.0,0.0,0.6666666666666666,0.6666666666666666,1.0,0.0,0.6666666666666666,0.6666666666666666,1.0,0.0
85100,12,12,9,3,200,0.9166666666666666,0.9166666666666666,1.0,0.6666666666666666,0.9166666666666666,0.9166666666666666,1.0,0.6666666666666666,0.9166666666666666,0.9166666666666666,1.0,0.6666666666666666
24660,1,1,1,0,200,1.0,1.0,1.0,,1.0,1.0,1.0,,1.0,1.0,1.0,
16142,3,1,0,1,200,0.0,0.0,,0.0,0.0,0.0,,0.0,0.0,0.0,,0.0
20309,20,20,9,11,200,0.45,0.45,0.6666666666666666,0.2727272727272727,0.6,0.6,1.0,0.2727272727272727,0.65,0.65,1.0,0.36363636363636365
93421,2,2,1,1,200,0.5,0.5,1.0,0.0,0.5,0.5,1.0,0.0,0.5,0.5,1.0,0.0
54049,2,2,2,0,200,1.0,1.0,1.0,,1.0,1.0,1.0,,1.0,1.0,1.0,
36395,1,1,0,1,200,0.0,0.0,,0.0,0.0,0.0,,0.0,0.0,0.0,,0.0
16070,2,2,1,1,200,0.5,0.5,1.0,0.0,0.5,0.5,1.0,0.0,1.0,1.0,1.0,1.0
14449,5,4,2,2,200,0.8,1.0,1.0,1.0,0.8,1.0,1.0,1.0,0.8,1.0,1.0,1.0
92774,2,2,2,0,200,1.0,1.0,1.0,,1.0,1.0,1.0,,1.0,1.0,1.0,
81249,3,3,1,2,200,0.6666666666666666,0.6666666666666666,1.0,0.5,0.6666666666666666,0.6666666666666666,1.0,0.5,0.6666666666666666,0.6666666666666666,1.0,0.5
47045,6,6,4,2,200,0.6666666666666666,0.6666666666666666,1.0,0.0,0.6666666666666666,0.6666666666666666,1.0,0.0,0.6666666666666666,0.6666666666666666,1.0,0.0
8831,1,1,1,0,200,1.0,1.0,1.0,,1.0,1.0,1.0,,1.0,1.0,1.0,
92692,1,0,0,0,200,0.0,,,,0.0,,,,0.0,,,
17854,1,1,1,0,200,1.0,1.0,1.0,,1.0,1.0,1.0,,1.0,1.0,1.0,
12385,5,5,2,3,200,0.6,0.6,1.0,0.3333333333333333,0.6,0.6,1.0,0.3333333333333333,0.6,0.6,1.0,0.3333333333333333
35136,7,7,0,7,200,0.0,0.0,,0.0,0.0,0.0,,0.0,0.0,0.0,,0.0
12967,12,12,9,3,200,0.6666666666666666,0.6666666666666666,0.8888888888888888,0.0,0.75,0.75,1.0,0.0,0.75,0.75,1.0,0.0
35299,4,4,4,0,200,1.0,1.0,1.0,,1.0,1.0,1.0,,1.0,1.0,1.0,
42480,1,1,1,0,200,1.0,1.0,1.0,,1.0,1.0,1.0,,1.0,1.0,1.0,
80398,23,23,14,9,200,0.5652173913043478,0.5652173913043478,0.7857142857142857,0.2222222222222222,0.7391304347826086,0.7391304347826086,1.0,0.3333333333333333,0.7391304347826086,0.7391304347826086,1.0,0.3333333333333333
52332,7,7,7,0,200,1.0,1.0,1.0,,1.0,1.0,1.0,,1.0,1.0,1.0,
38437,2,2,2,0,200,1.0,1.0,1.0,,1.0,1.0,1.0,,1.0,1.0,1.0,
51665,7,7,4,3,200,0.2857142857142857,0.2857142857142857,0.5,0.0,0.5714285714285714,0.5714285714285714,1.0,0.0,0.5714285714285714,0.5714285714285714,1.0,0.0
44115,6,6,4,2,200,0.8333333333333334,0.8333333333333334,1.0,0.5,0.8333333333333334,0.8333333333333334,1.0,0.5,1.0,1.0,1.0,1.0
47866,15,15,11,4,200,0.8,0.8,1.0,0.25,1.0,1.0,1.0,1.0,1.0,1.0,1.0,1.0
27610,2,2,1,1,200,0.5,0.5,1.0,0.0,1.0,1.0,1.0,1.0,1.0,1.0,1.0,1.0
50486,2,2,1,1,200,0.5,0.5,1.0,0.0,0.5,0.5,1.0,0.0,0.5,0.5,1.0,0.0
32114,11,11,6,5,200,0.9090909090909091,0.9090909090909091,1.0,0.8,0.9090909090909091,0.9090909090909091,1.0,0.8,0.9090909090909091,0.9090909090909091,1.0,0.8
75744,17,16,0,16,200,0.058823529411764705,0.0625,,0.0625,0.058823529411764705,0.0625,,0.0625,0.058823529411764705,0.0625,,0.0625
329,12,12,9,3,200,0.8333333333333334,0.8333333333333334,1.0,0.3333333333333333,0.8333333333333334,0.8333333333333334,1.0,0.3333333333333333,1.0,1.0,1.0,1.0
86468,2,2,1,1,200,1.0,1.0,1.0,1.0,1.0,1.0,1.0,1.0,1.0,1.0,1.0,1.0
7413,3,3,2,1,200,0.6666666666666666,0.6666666666666666,1.0,0.0,0.6666666666666666,0.6666666666666666,1.0,0.0,0.6666666666666666,0.6666666666666666,1.0,0.0
91545,10,10,7,3,200,0.8,0.8,1.0,0.3333333333333333,0.8,0.8,1.0,0.3333333333333333,0.8,0.8,1.0,0.3333333333333333
98640,1,1,1,0,200,1.0,1.0,1.0,,1.0,1.0,1.0,,1.0,1.0,1.0,
15859,5,5,3,2,200,0.6,0.6,1.0,0.0,0.8,0.8,1.0,0.5,0.8,0.8,1.0,0.5
28978,14,14,0,14,200,0.5,0.5,,0.5,0.6428571428571429,0.6428571428571429,,0.6428571428571429,0.7857142857142857,0.7857142857142857,,0.7857142857142857
23846,18,18,7,11,200,0.3888888888888889,0.3888888888888889,0.8571428571428571,0.09090909090909091,0.5555555555555556,0.5555555555555556,1.0,0.2727272727272727,0.6111111111111112,0.6111111111111112,1.0,0.36363636363636365
32571,9,9,1,8,200,0.1111111111111111,0.1111111111111111,1.0,0.0,0.1111111111111111,0.1111111111111111,1.0,0.0,0.1111111111111111,0.1111111111111111,1.0,0.0
24220,3,3,2,1,200,1.0,1.0,1.0,1.0,1.0,1.0,1.0,1.0,1.0,1.0,1.0,1.0
70134,1,1,1,0,200,1.0,1.0,1.0,,1.0,1.0,1.0,,1.0,1.0,1.0,
51783,1,1,1,0,200,1.0,1.0,1.0,,1.0,1.0,1.0,,1.0,1.0,1.0,
52192,17,17,10,7,200,0.4117647058823529,0.4117647058823529,0.7,0.0,0.6470588235294118,0.6470588235294118,1.0,0.14285714285714285,0.6470588235294118,0.6470588235294118,1.0,0.14285714285714285
33181,1,0,0,0,200,0.0,,,,0.0,,,,0.0,,,
72762,6,6,0,6,200,0.16666666666666666,0.16666666666666666,,0.16666666666666666,0.3333333333333333,0.3333333333333333,,0.3333333333333333,0.5,0.5,,0.5
85176,7,7,2,5,200,0.2857142857142857,0.2857142857142857,1.0,0.0,0.8571428571428571,0.8571428571428571,1.0,0.8,0.8571428571428571,0.8571428571428571,1.0,0.8
56007,12,12,1,11,200,0.25,0.25,1.0,0.18181818181818182,0.25,0.25,1.0,0.18181818181818182,0.3333333333333333,0.3333333333333333,1.0,0.2727272727272727
82927,1,1,1,0,200,1.0,1.0,1.0,,1.0,1.0,1.0,,1.0,1.0,1.0,
13189,6,6,5,1,200,0.8333333333333334,0.8333333333333334,1.0,0.0,0.8333333333333334,0.8333333333333334,1.0,0.0,1.0,1.0,1.0,1.0
69199,6,5,1,4,200,0.3333333333333333,0.4,1.0,0.25,0.3333333333333333,0.4,1.0,0.25,0.3333333333333333,0.4,1.0,0.25
85613,1,1,1,0,200,1.0,1.0,1.0,,1.0,1.0,1.0,,1.0,1.0,1.0,
23900,1,1,0,1,200,0.0,0.0,,0.0,0.0,0.0,,0.0,0.0,0.0,,0.0
18124,2,2,0,2,200,0.0,0.0,,0.0,0.0,0.0,,0.0,0.0,0.0,,0.0
43970,1,1,1,0,200,1.0,1.0,1.0,,1.0,1.0,1.0,,1.0,1.0,1.0,
6193,3,3,0,3,200,0.0,0.0,,0.0,0.0,0.0,,0.0,0.3333333333333333,0.3333333333333333,,0.3333333333333333
40475,1,1,1,0,200,1.0,1.0,1.0,,1.0,1.0,1.0,,1.0,1.0,1.0,
63452,2,1,0,1,200,0.5,1.0,,1.0,0.5,1.0,,1.0,0.5,1.0,,1.0
17579,1,1,1,0,200,1.0,1.0,1.0,,1.0,1.0,1.0,,1.0,1.0,1.0,
60242,25,24,15,9,200,0.28,0.2916666666666667,0.4,0.1111111111111111,0.44,0.4583333333333333,0.6666666666666666,0.1111111111111111,0.6,0.625,0.9333333333333333,0.1111111111111111
82465,2,2,2,0,200,1.0,1.0,1.0,,1.0,1.0,1.0,,1.0,1.0,1.0,
17427,1,1,0,1,200,0.0,0.0,,0.0,0.0,0.0,,0.0,0.0,0.0,,0.0
25834,5,5,2,3,200,0.6,0.6,1.0,0.3333333333333333,0.6,0.6,1.0,0.3333333333333333,0.8,0.8,1.0,0.6666666666666666
37611,5,5,3,2,200,0.8,0.8,1.0,0.5,0.8,0.8,1.0,0.5,0.8,0.8,1.0,0.5
9888,3,3,2,1,200,0.6666666666666666,0.6666666666666666,1.0,0.0,0.6666666666666666,0.6666666666666666,1.0,0.0,0.6666666666666666,0.6666666666666666,1.0,0.0
70814,2,1,1,0,200,0.5,1.0,1.0,,0.5,1.0,1.0,,0.5,1.0,1.0,
87280,6,6,4,2,200,0.6666666666666666,0.6666666666666666,1.0,0.0,0.6666666666666666,0.6666666666666666,1.0,0.0,0.6666666666666666,0.6666666666666666,1.0,0.0
22716,2,2,0,2,200,0.5,0.5,,0.5,0.5,0.5,,0.5,1.0,1.0,,1.0
11875,3,3,2,1,200,1.0,1.0,1.0,1.0,1.0,1.0,1.0,1.0,1.0,1.0,1.0,1.0
39961,3,2,2,0,200,0.6666666666666666,1.0,1.0,,0.6666666666666666,1.0,1.0,,0.6666666666666666,1.0,1.0,
91743,1,1,1,0,200,1.0,1.0,1.0,,1.0,1.0,1.0,,1.0,1.0,1.0,
58870,1,1,0,1,200,0.0,0.0,,0.0,0.0,0.0,,0.0,0.0,0.0,,0.0
20245,3,3,0,3,200,0.3333333333333333,0.3333333333333333,,0.3333333333333333,0.3333333333333333,0.3333333333333333,,0.3333333333333333,0.3333333333333333,0.3333333333333333,,0.3333333333333333
4415,7,4,4,0,200,0.5714285714285714,1.0,1.0,,0.5714285714285714,1.0,1.0,,0.5714285714285714,1.0,1.0,
75271,3,3,2,1,200,1.0,1.0,1.0,1.0,1.0,1.0,1.0,1.0,1.0,1.0,1.0,1.0
3050,1,1,0,1,200,0.0,0.0,,0.0,0.0,0.0,,0.0,0.0,0.0,,0.0
74078,10,10,3,7,200,0.6,0.6,1.0,0.42857142857142855,0.8,0.8,1.0,0.7142857142857143,0.9,0.9,1.0,0.8571428571428571
10919,3,3,1,2,200,0.3333333333333333,0.3333333333333333,1.0,0.0,0.3333333333333333,0.3333333333333333,1.0,0.0,0.3333333333333333,0.3333333333333333,1.0,0.0
39617,5,5,3,2,200,0.8,0.8,1.0,0.5,0.8,0.8,1.0,0.5,0.8,0.8,1.0,0.5
81416,16,15,3,12,200,0.4375,0.4666666666666667,1.0,0.3333333333333333,0.5,0.5333333333333333,1.0,0.4166666666666667,0.5,0.5333333333333333,1.0,0.4166666666666667
36286,16,16,15,1,200,1.0,1.0,1.0,1.0,1.0,1.0,1.0,1.0,1.0,1.0,1.0,1.0
82634,1,1,1,0,200,1.0,1.0,1.0,,1.0,1.0,1.0,,1.0,1.0,1.0,
28984,8,8,6,2,200,0.75,0.75,1.0,0.0,0.875,0.875,1.0,0.5,0.875,0.875,1.0,0.5
98997,7,7,1,6,200,0.2857142857142857,0.2857142857142857,1.0,0.16666666666666666,0.2857142857142857,0.2857142857142857,1.0,0.16666666666666666,0.2857142857142857,0.2857142857142857,1.0,0.16666666666666666
71655,1,1,1,0,200,1.0,1.0,1.0,,1.0,1.0,1.0,,1.0,1.0,1.0,
51139,4,4,3,1,200,0.75,0.75,1.0,0.0,0.75,0.75,1.0,0.0,0.75,0.75,1.0,0.0
57044,8,8,1,7,200,0.125,0.125,1.0,0.0,0.125,0.125,1.0,0.0,0.25,0.25,1.0,0.14285714285714285
36662,12,12,8,4,200,0.5833333333333334,0.5833333333333334,0.875,0.0,0.75,0.75,1.0,0.25,0.9166666666666666,0.9166666666666666,1.0,0.75
83031,8,7,7,0,200,0.75,0.8571428571428571,0.8571428571428571,,0.875,1.0,1.0,,0.875,1.0,1.0,
10500,4,3,2,1,200,0.5,0.6666666666666666,1.0,0.0,0.5,0.6666666666666666,1.0,0.0,0.5,0.6666666666666666,1.0,0.0
15780,1,1,1,0,200,1.0,1.0,1.0,,1.0,1.0,1.0,,1.0,1.0,1.0,
44412,3,3,0,3,200,0.0,0.0,,0.0,0.0,0.0,,0.0,0.0,0.0,,0.0
24693,15,12,3,9,200,0.2,0.25,1.0,0.0,0.2,0.25,1.0,0.0,0.26666666666666666,0.3333333333333333,1.0,0.1111111111111111
8111,2,2,1,1,200,1.0,1.0,1.0,1.0,1.0,1.0,1.0,1.0,1.0,1.0,1.0,1.0
16244,2,1,0,1,200,0.0,0.0,,0.0,0.0,0.0,,0.0,0.0,0.0,,0.0
50856,1,1,0,1,200,0.0,0.0,,0.0,0.0,0.0,,0.0,0.0,0.0,,0.0
52930,1,1,1,0,200,1.0,1.0,1.0,,1.0,1.0,1.0,,1.0,1.0,1.0,
39404,7,7,5,2,200,0.7142857142857143,0.7142857142857143,0.8,0.5,0.8571428571428571,0.8571428571428571,1.0,0.5,0.8571428571428571,0.8571428571428571,1.0,0.5
60186,1,0,0,0,200,0.0,,,,0.0,,,,0.0,,,
72428,1,1,0,1,200,1.0,1.0,,1.0,1.0,1.0,,1.0,1.0,1.0,,1.0
82448,1,1,1,0,200,1.0,1.0,1.0,,1.0,1.0,1.0,,1.0,1.0,1.0,
98278,2,2,1,1,200,1.0,1.0,1.0,1.0,1.0,1.0,1.0,1.0,1.0,1.0,1.0,1.0
9583,1,1,1,0,200,1.0,1.0,1.0,,1.0,1.0,1.0,,1.0,1.0,1.0,
41627,7,7,0,7,200,0.42857142857142855,0.42857142857142855,,0.42857142857142855,0.42857142857142855,0.42857142857142855,,0.42857142857142855,0.5714285714285714,0.5714285714285714,,0.5714285714285714
53977,10,10,6,4,200,0.7,0.7,0.8333333333333334,0.5,0.8,0.8,1.0,0.5,0.8,0.8,1.0,0.5
21750,10,10,6,4,200,0.7,0.7,1.0,0.25,0.7,0.7,1.0,0.25,0.7,0.7,1.0,0.25
29809,2,2,1,1,200,1.0,1.0,1.0,1.0,1.0,1.0,1.0,1.0,1.0,1.0,1.0,1.0
91769,3,3,0,3,200,0.0,0.0,,0.0,0.0,0.0,,0.0,0.0,0.0,,0.0
98115,3,3,3,0,200,0.6666666666666666,0.6666666666666666,0.6666666666666666,,1.0,1.0,1.0,,1.0,1.0,1.0,
40154,4,4,0,4,200,0.0,0.0,,0.0,0.25,0.25,,0.25,0.25,0.25,,0.25
7184,2,2,1,1,200,1.0,1.0,1.0,1.0,1.0,1.0,1.0,1.0,1.0,1.0,1.0,1.0
57469,2,2,2,0,200,1.0,1.0,1.0,,1.0,1.0,1.0,,1.0,1.0,1.0,
92885,3,3,1,2,200,0.6666666666666666,0.6666666666666666,1.0,0.5,0.6666666666666666,0.6666666666666666,1.0,0.5,1.0,1.0,1.0,1.0
34720,1,1,1,0,200,1.0,1.0,1.0,,1.0,1.0,1.0,,1.0,1.0,1.0,
95668,1,1,0,1,200,0.0,0.0,,0.0,0.0,0.0,,0.0,0.0,0.0,,0.0
59951,1,1,1,0,200,1.0,1.0,1.0,,1.0,1.0,1.0,,1.0,1.0,1.0,
95883,1,1,1,0,200,1.0,1.0,1.0,,1.0,1.0,1.0,,1.0,1.0,1.0,
10363,3,3,3,0,200,1.0,1.0,1.0,,1.0,1.0,1.0,,1.0,1.0,1.0,
87870,2,2,2,0,200,1.0,1.0,1.0,,1.0,1.0,1.0,,1.0,1.0,1.0,
75361,4,4,2,2,200,0.75,0.75,1.0,0.5,0.75,0.75,1.0,0.5,0.75,0.75,1.0,0.5
85473,2,2,2,0,200,1.0,1.0,1.0,,1.0,1.0,1.0,,1.0,1.0,1.0,
29544,8,6,5,1,200,0.625,0.8333333333333334,1.0,0.0,0.625,0.8333333333333334,1.0,0.0,0.625,0.8333333333333334,1.0,0.0
74587,10,10,7,3,200,0.8,0.8,1.0,0.3333333333333333,0.8,0.8,1.0,0.3333333333333333,0.9,0.9,1.0,0.6666666666666666
30598,5,5,5,0,200,1.0,1.0,1.0,,1.0,1.0,1.0,,1.0,1.0,1.0,
28870,6,6,5,1,200,0.8333333333333334,0.8333333333333334,1.0,0.0,0.8333333333333334,0.8333333333333334,1.0,0.0,0.8333333333333334,0.8333333333333334,1.0,0.0
13343,3,3,2,1,200,0.6666666666666666,0.6666666666666666,1.0,0.0,0.6666666666666666,0.6666666666666666,1.0,0.0,0.6666666666666666,0.6666666666666666,1.0,0.0
24631,1,1,1,0,200,1.0,1.0,1.0,,1.0,1.0,1.0,,1.0,1.0,1.0,
22832,4,4,3,1,200,0.75,0.75,1.0,0.0,0.75,0.75,1.0,0.0,0.75,0.75,1.0,0.0
10899,2,2,1,1,200,0.5,0.5,1.0,0.0,0.5,0.5,1.0,0.0,0.5,0.5,1.0,0.0
86177,4,4,3,1,200,0.75,0.75,1.0,0.0,0.75,0.75,1.0,0.0,0.75,0.75,1.0,0.0
48373,3,3,3,0,200,1.0,1.0,1.0,,1.0,1.0,1.0,,1.0,1.0,1.0,
65707,2,2,0,2,200,0.5,0.5,,0.5,0.5,0.5,,0.5,1.0,1.0,,1.0
63704,3,1,1,0,200,0.3333333333333333,1.0,1.0,,0.3333333333333333,1.0,1.0,,0.3333333333333333,1.0,1.0,
23872,3,3,2,1,200,0.6666666666666666,0.6666666666666666,1.0,0.0,0.6666666666666666,0.6666666666666666,1.0,0.0,0.6666666666666666,0.6666666666666666,1.0,0.0
93543,5,5,2,3,200,0.6,0.6,1.0,0.3333333333333333,0.6,0.6,1.0,0.3333333333333333,0.6,0.6,1.0,0.3333333333333333
8894,5,5,5,0,200,1.0,1.0,1.0,,1.0,1.0,1.0,,1.0,1.0,1.0,
47074,2,2,2,0,200,1.0,1.0,1.0,,1.0,1.0,1.0,,1.0,1.0,1.0,
905,20,20,16,4,200,0.75,0.75,0.875,0.25,0.9,0.9,1.0,0.5,0.9,0.9,1.0,0.5
4623,10,10,4,6,200,0.5,0.5,1.0,0.16666666666666666,0.5,0.5,1.0,0.16666666666666666,0.6,0.6,1.0,0.3333333333333333
12615,2,2,0,2,200,0.5,0.5,,0.5,0.5,0.5,,0.5,0.5,0.5,,0.5
25343,2,2,0,2,200,0.0,0.0,,0.0,0.0,0.0,,0.0,0.0,0.0,,0.0
44469,2,2,1,1,200,0.5,0.5,1.0,0.0,0.5,0.5,1.0,0.0,1.0,1.0,1.0,1.0
45783,4,4,1,3,200,0.75,0.75,1.0,0.6666666666666666,0.75,0.75,1.0,0.6666666666666666,0.75,0.75,1.0,0.6666666666666666
5789,4,4,1,3,200,0.75,0.75,1.0,0.6666666666666666,0.75,0.75,1.0,0.6666666666666666,0.75,0.75,1.0,0.6666666666666666
50993,14,14,11,3,200,0.7142857142857143,0.7142857142857143,0.9090909090909091,0.0,0.7857142857142857,0.7857142857142857,1.0,0.0,0.9285714285714286,0.9285714285714286,1.0,0.6666666666666666
46823,3,3,2,1,200,0.6666666666666666,0.6666666666666666,1.0,0.0,0.6666666666666666,0.6666666666666666,1.0,0.0,0.6666666666666666,0.6666666666666666,1.0,0.0
18198,7,6,5,1,200,0.7142857142857143,0.8333333333333334,1.0,0.0,0.8571428571428571,1.0,1.0,1.0,0.8571428571428571,1.0,1.0,1.0
95080,25,23,18,5,200,0.48,0.5217391304347826,0.6666666666666666,0.0,0.68,0.7391304347826086,0.9444444444444444,0.0,0.88,0.9565217391304348,1.0,0.8
19804,3,2,0,2,200,0.3333333333333333,0.5,,0.5,0.6666666666666666,1.0,,1.0,0.6666666666666666,1.0,,1.0
46744,1,0,0,0,200,0.0,,,,0.0,,,,0.0,,,
27231,3,3,1,2,200,0.3333333333333333,0.3333333333333333,1.0,0.0,0.3333333333333333,0.3333333333333333,1.0,0.0,0.6666666666666666,0.6666666666666666,1.0,0.5
33650,3,3,1,2,200,0.3333333333333333,0.3333333333333333,1.0,0.0,0.6666666666666666,0.6666666666666666,1.0,0.5,1.0,1.0,1.0,1.0
85959,6,6,5,1,200,1.0,1.0,1.0,1.0,1.0,1.0,1.0,1.0,1.0,1.0,1.0,1.0
57095,5,5,4,1,200,1.0,1.0,1.0,1.0,1.0,1.0,1.0,1.0,1.0,1.0,1.0,1.0
73513,2,2,1,1,200,0.5,0.5,1.0,0.0,0.5,0.5,1.0,0.0,0.5,0.5,1.0,0.0
46252,13,12,11,1,200,0.7692307692307693,0.8333333333333334,0.9090909090909091,0.0,0.8461538461538461,0.9166666666666666,1.0,0.0,0.9230769230769231,1.0,1.0,1.0
9765,2,2,1,1,200,1.0,1.0,1.0,1.0,1.0,1.0,1.0,1.0,1.0,1.0,1.0,1.0
19428,3,3,1,2,200,0.6666666666666666,0.6666666666666666,1.0,0.5,0.6666666666666666,0.6666666666666666,1.0,0.5,0.6666666666666666,0.6666666666666666,1.0,0.5
23777,24,23,16,7,200,0.5,0.5217391304347826,0.75,0.0,0.7083333333333334,0.7391304347826086,0.9375,0.2857142857142857,0.8333333333333334,0.8695652173913043,1.0,0.5714285714285714
70960,7,6,1,5,200,0.5714285714285714,0.6666666666666666,1.0,0.6,0.5714285714285714,0.6666666666666666,1.0,0.6,0.5714285714285714,0.6666666666666666,1.0,0.6
93150,7,7,3,4,200,0.5714285714285714,0.5714285714285714,1.0,0.25,0.5714285714285714,0.5714285714285714,1.0,0.25,0.5714285714285714,0.5714285714285714,1.0,0.25
2413,1,1,1,0,200,1.0,1.0,1.0,,1.0,1.0,1.0,,1.0,1.0,1.0,
33252,5,4,3,1,200,0.6,0.75,1.0,0.0,0.6,0.75,1.0,0.0,0.6,0.75,1.0,0.0
4780,1,1,0,1,200,1.0,1.0,,1.0,1.0,1.0,,1.0,1.0,1.0,,1.0
66832,1,0,0,0,200,0.0,,,,0.0,,,,0.0,,,
30154,2,2,2,0,200,1.0,1.0,1.0,,1.0,1.0,1.0,,1.0,1.0,1.0,
16034,2,2,1,1,200,1.0,1.0,1.0,1.0,1.0,1.0,1.0,1.0,1.0,1.0,1.0,1.0
32555,1,1,0,1,200,0.0,0.0,,0.0,0.0,0.0,,0.0,1.0,1.0,,1.0
12929,1,1,0,1,200,0.0,0.0,,0.0,0.0,0.0,,0.0,0.0,0.0,,0.0
75044,3,3,2,1,200,0.6666666666666666,0.6666666666666666,1.0,0.0,0.6666666666666666,0.6666666666666666,1.0,0.0,0.6666666666666666,0.6666666666666666,1.0,0.0
38586,3,3,3,0,200,1.0,1.0,1.0,,1.0,1.0,1.0,,1.0,1.0,1.0,
35509,2,2,1,1,200,0.5,0.5,1.0,0.0,0.5,0.5,1.0,0.0,0.5,0.5,1.0,0.0
36926,1,1,0,1,200,1.0,1.0,,1.0,1.0,1.0,,1.0,1.0,1.0,,1.0
33113,1,1,0,1,200,0.0,0.0,,0.0,0.0,0.0,,0.0,0.0,0.0,,0.0
19292,11,8,4,4,200,0.36363636363636365,0.5,1.0,0.0,0.45454545454545453,0.625,1.0,0.25,0.45454545454545453,0.625,1.0,0.25
6801,4,3,1,2,200,0.75,1.0,1.0,1.0,0.75,1.0,1.0,1.0,0.75,1.0,1.0,1.0
45730,7,4,1,3,200,0.14285714285714285,0.25,1.0,0.0,0.14285714285714285,0.25,1.0,0.0,0.14285714285714285,0.25,1.0,0.0
49284,1,1,1,0,200,1.0,1.0,1.0,,1.0,1.0,1.0,,1.0,1.0,1.0,
91275,6,6,3,3,200,0.8333333333333334,0.8333333333333334,1.0,0.6666666666666666,0.8333333333333334,0.8333333333333334,1.0,0.6666666666666666,0.8333333333333334,0.8333333333333334,1.0,0.6666666666666666
56276,4,4,3,1,200,0.75,0.75,1.0,0.0,0.75,0.75,1.0,0.0,0.75,0.75,1.0,0.0
58809,10,10,8,2,200,0.5,0.5,0.625,0.0,0.8,0.8,1.0,0.0,0.8,0.8,1.0,0.0
1070,2,1,1,0,200,0.5,1.0,1.0,,0.5,1.0,1.0,,0.5,1.0,1.0,
40094,2,2,1,1,200,0.5,0.5,1.0,0.0,0.5,0.5,1.0,0.0,1.0,1.0,1.0,1.0
37658,5,5,1,4,200,0.4,0.4,1.0,0.25,0.6,0.6,1.0,0.5,1.0,1.0,1.0,1.0
56789,1,1,1,0,200,1.0,1.0,1.0,,1.0,1.0,1.0,,1.0,1.0,1.0,
55837,9,8,7,1,200,0.8888888888888888,1.0,1.0,1.0,0.8888888888888888,1.0,1.0,1.0,0.8888888888888888,1.0,1.0,1.0
59503,1,1,1,0,200,1.0,1.0,1.0,,1.0,1.0,1.0,,1.0,1.0,1.0,
34082,1,1,0,1,200,0.0,0.0,,0.0,0.0,0.0,,0.0,0.0,0.0,,0.0
31302,2,2,0,2,200,0.5,0.5,,0.5,1.0,1.0,,1.0,1.0,1.0,,1.0
61232,3,2,1,1,200,0.3333333333333333,0.5,1.0,0.0,0.3333333333333333,0.5,1.0,0.0,0.3333333333333333,0.5,1.0,0.0
38648,5,5,2,3,200,0.8,0.8,1.0,0.6666666666666666,0.8,0.8,1.0,0.6666666666666666,0.8,0.8,1.0,0.6666666666666666
61430,1,1,1,0,200,1.0,1.0,1.0,,1.0,1.0,1.0,,1.0,1.0,1.0,
86628,2,2,0,2,200,0.0,0.0,,0.0,0.0,0.0,,0.0,0.5,0.5,,0.5
90893,13,13,7,6,200,0.6153846153846154,0.6153846153846154,1.0,0.16666666666666666,0.6923076923076923,0.6923076923076923,1.0,0.3333333333333333,0.7692307692307693,0.7692307692307693,1.0,0.5
70231,6,6,2,4,200,0.3333333333333333,0.3333333333333333,1.0,0.0,0.3333333333333333,0.3333333333333333,1.0,0.0,0.3333333333333333,0.3333333333333333,1.0,0.0
78640,3,3,1,2,200,0.3333333333333333,0.3333333333333333,1.0,0.0,0.3333333333333333,0.3333333333333333,1.0,0.0,0.3333333333333333,0.3333333333333333,1.0,0.0
36932,17,17,12,5,200,0.7058823529411765,0.7058823529411765,1.0,0.0,0.7058823529411765,0.7058823529411765,1.0,0.0,0.8823529411764706,0.8823529411764706,1.0,0.6
96324,8,8,3,5,200,0.75,0.75,1.0,0.6,0.75,0.75,1.0,0.6,0.75,0.75,1.0,0.6
95488,1,1,1,0,200,1.0,1.0,1.0,,1.0,1.0,1.0,,1.0,1.0,1.0,
20619,4,4,2,2,200,0.75,0.75,1.0,0.5,1.0,1.0,1.0,1.0,1.0,1.0,1.0,1.0
2365,1,1,1,0,200,1.0,1.0,1.0,,1.0,1.0,1.0,,1.0,1.0,1.0,
44614,1,1,1,0,200,1.0,1.0,1.0,,1.0,1.0,1.0,,1.0,1.0,1.0,
72591,5,4,3,1,200,0.6,0.75,1.0,0.0,0.6,0.75,1.0,0.0,0.8,1.0,1.0,1.0
42249,8,8,8,0,200,1.0,1.0,1.0,,1.0,1.0,1.0,,1.0,1.0,1.0,
20051,2,2,2,0,200,1.0,1.0,1.0,,1.0,1.0,1.0,,1.0,1.0,1.0,
348,9,8,5,3,200,0.5555555555555556,0.625,1.0,0.0,0.5555555555555556,0.625,1.0,0.0,0.5555555555555556,0.625,1.0,0.0
9858,7,6,5,1,200,0.7142857142857143,0.8333333333333334,1.0,0.0,0.7142857142857143,0.8333333333333334,1.0,0.0,0.7142857142857143,0.8333333333333334,1.0,0.0
49168,2,2,1,1,200,0.5,0.5,1.0,0.0,0.5,0.5,1.0,0.0,0.5,0.5,1.0,0.0
77982,1,1,0,1,200,0.0,0.0,,0.0,1.0,1.0,,1.0,1.0,1.0,,1.0
84082,16,16,15,1,200,0.875,0.875,0.9333333333333333,0.0,0.9375,0.9375,1.0,0.0,0.9375,0.9375,1.0,0.0
84504,3,3,1,2,200,0.3333333333333333,0.3333333333333333,1.0,0.0,0.3333333333333333,0.3333333333333333,1.0,0.0,1.0,1.0,1.0,1.0
68325,2,2,0,2,200,0.0,0.0,,0.0,0.0,0.0,,0.0,0.0,0.0,,0.0
88207,6,6,3,3,200,0.5,0.5,1.0,0.0,0.5,0.5,1.0,0.0,0.5,0.5,1.0,0.0
76078,1,1,0,1,200,1.0,1.0,,1.0,1.0,1.0,,1.0,1.0,1.0,,1.0
10315,2,2,2,0,200,1.0,1.0,1.0,,1.0,1.0,1.0,,1.0,1.0,1.0,
43533,1,1,0,1,200,1.0,1.0,,1.0,1.0,1.0,,1.0,1.0,1.0,,1.0
55711,4,4,3,1,200,1.0,1.0,1.0,1.0,1.0,1.0,1.0,1.0,1.0,1.0,1.0,1.0
92718,6,6,5,1,200,0.8333333333333334,0.8333333333333334,1.0,0.0,1.0,1.0,1.0,1.0,1.0,1.0,1.0,1.0
76524,4,4,3,1,200,0.75,0.75,1.0,0.0,1.0,1.0,1.0,1.0,1.0,1.0,1.0,1.0
52229,2,2,1,1,200,0.5,0.5,1.0,0.0,0.5,0.5,1.0,0.0,0.5,0.5,1.0,0.0
71403,5,5,4,1,200,0.8,0.8,0.75,1.0,1.0,1.0,1.0,1.0,1.0,1.0,1.0,1.0
63816,3,3,2,1,200,0.6666666666666666,0.6666666666666666,1.0,0.0,0.6666666666666666,0.6666666666666666,1.0,0.0,0.6666666666666666,0.6666666666666666,1.0,0.0
72435,3,3,3,0,200,1.0,1.0,1.0,,1.0,1.0,1.0,,1.0,1.0,1.0,
8789,2,2,2,0,200,1.0,1.0,1.0,,1.0,1.0,1.0,,1.0,1.0,1.0,
50562,1,1,1,0,200,1.0,1.0,1.0,,1.0,1.0,1.0,,1.0,1.0,1.0,
40513,4,4,1,3,200,0.5,0.5,1.0,0.3333333333333333,0.5,0.5,1.0,0.3333333333333333,1.0,1.0,1.0,1.0
37130,15,15,9,6,200,0.6666666666666666,0.6666666666666666,1.0,0.16666666666666666,0.8,0.8,1.0,0.5,0.9333333333333333,0.9333333333333333,1.0,0.8333333333333334
63140,1,1,0,1,200,1.0,1.0,,1.0,1.0,1.0,,1.0,1.0,1.0,,1.0
85786,3,3,1,2,200,0.6666666666666666,0.6666666666666666,1.0,0.5,0.6666666666666666,0.6666666666666666,1.0,0.5,0.6666666666666666,0.6666666666666666,1.0,0.5
62995,12,12,7,5,200,0.75,0.75,1.0,0.4,0.8333333333333334,0.8333333333333334,1.0,0.6,0.8333333333333334,0.8333333333333334,1.0,0.6
71648,1,1,1,0,200,1.0,1.0,1.0,,1.0,1.0,1.0,,1.0,1.0,1.0,
85954,3,3,1,2,200,1.0,1.0,1.0,1.0,1.0,1.0,1.0,1.0,1.0,1.0,1.0,1.0
45982,2,2,2,0,200,1.0,1.0,1.0,,1.0,1.0,1.0,,1.0,1.0,1.0,
33577,6,6,4,2,200,0.8333333333333334,0.8333333333333334,1.0,0.5,1.0,1.0,1.0,1.0,1.0,1.0,1.0,1.0
20799,3,3,1,2,200,0.3333333333333333,0.3333333333333333,1.0,0.0,0.3333333333333333,0.3333333333333333,1.0,0.0,0.3333333333333333,0.3333333333333333,1.0,0.0
23815,15,15,8,7,200,0.5333333333333333,0.5333333333333333,0.75,0.2857142857142857,0.6666666666666666,0.6666666666666666,1.0,0.2857142857142857,0.6666666666666666,0.6666666666666666,1.0,0.2857142857142857
89068,4,4,3,1,200,0.75,0.75,1.0,0.0,0.75,0.75,1.0,0.0,0.75,0.75,1.0,0.0
95939,11,11,7,4,200,0.7272727272727273,0.7272727272727273,1.0,0.25,0.8181818181818182,0.8181818181818182,1.0,0.5,0.9090909090909091,0.9090909090909091,1.0,0.75
83914,3,3,2,1,200,0.6666666666666666,0.6666666666666666,1.0,0.0,0.6666666666666666,0.6666666666666666,1.0,0.0,0.6666666666666666,0.6666666666666666,1.0,0.0
89809,2,2,0,2,200,0.0,0.0,,0.0,0.0,0.0,,0.0,0.0,0.0,,0.0
19588,1,1,0,1,200,1.0,1.0,,1.0,1.0,1.0,,1.0,1.0,1.0,,1.0
66665,16,16,9,7,200,0.3125,0.3125,0.5555555555555556,0.0,0.625,0.625,1.0,0.14285714285714285,0.625,0.625,1.0,0.14285714285714285
17526,1,1,1,0,200,1.0,1.0,1.0,,1.0,1.0,1.0,,1.0,1.0,1.0,
25984,22,21,6,15,200,0.2727272727272727,0.2857142857142857,1.0,0.0,0.3181818181818182,0.3333333333333333,1.0,0.06666666666666667,0.4090909090909091,0.42857142857142855,1.0,0.2
93875,3,3,2,1,200,1.0,1.0,1.0,1.0,1.0,1.0,1.0,1.0,1.0,1.0,1.0,1.0
35247,8,8,5,3,200,0.625,0.625,1.0,0.0,0.625,0.625,1.0,0.0,0.625,0.625,1.0,0.0
14747,7,7,3,4,200,0.42857142857142855,0.42857142857142855,1.0,0.0,0.42857142857142855,0.42857142857142855,1.0,0.0,0.42857142857142855,0.42857142857142855,1.0,0.0
45889,4,4,3,1,200,0.75,0.75,1.0,0.0,0.75,0.75,1.0,0.0,0.75,0.75,1.0,0.0
66728,1,1,0,1,200,0.0,0.0,,0.0,0.0,0.0,,0.0,0.0,0.0,,0.0
15786,1,1,1,0,200,1.0,1.0,1.0,,1.0,1.0,1.0,,1.0,1.0,1.0,
38732,8,3,0,3,200,0.0,0.0,,0.0,0.0,0.0,,0.0,0.0,0.0,,0.0
64288,3,3,3,0,200,1.0,1.0,1.0,,1.0,1.0,1.0,,1.0,1.0,1.0,
86900,5,5,5,0,200,0.8,0.8,0.8,,1.0,1.0,1.0,,1.0,1.0,1.0,
75464,1,1,1,0,200,1.0,1.0,1.0,,1.0,1.0,1.0,,1.0,1.0,1.0,
9311,6,6,2,4,200,1.0,1.0,1.0,1.0,1.0,1.0,1.0,1.0,1.0,1.0,1.0,1.0
91784,2,2,0,2,200,0.0,0.0,,0.0,0.0,0.0,,0.0,0.0,0.0,,0.0
40016,11,11,3,8,200,0.36363636363636365,0.36363636363636365,1.0,0.125,0.36363636363636365,0.36363636363636365,1.0,0.125,0.5454545454545454,0.5454545454545454,1.0,0.375
41987,9,9,4,5,200,0.7777777777777778,0.7777777777777778,1.0,0.6,0.8888888888888888,0.8888888888888888,1.0,0.8,0.8888888888888888,0.8888888888888888,1.0,0.8
50900,2,2,2,0,200,1.0,1.0,1.0,,1.0,1.0,1.0,,1.0,1.0,1.0,
35133,1,0,0,0,200,0.0,,,,0.0,,,,0.0,,,
77850,7,6,2,4,200,0.42857142857142855,0.5,1.0,0.25,0.42857142857142855,0.5,1.0,0.25,0.5714285714285714,0.6666666666666666,1.0,0.5
3598,1,1,1,0,200,1.0,1.0,1.0,,1.0,1.0,1.0,,1.0,1.0,1.0,
1284,5,5,3,2,200,0.6,0.6,1.0,0.0,1.0,1.0,1.0,1.0,1.0,1.0,1.0,1.0
92100,3,2,1,1,200,0.3333333333333333,0.5,1.0,0.0,0.6666666666666666,1.0,1.0,1.0,0.6666666666666666,1.0,1.0,1.0
50364,7,7,2,5,200,0.5714285714285714,0.5714285714285714,1.0,0.4,0.5714285714285714,0.5714285714285714,1.0,0.4,0.5714285714285714,0.5714285714285714,1.0,0.4
90280,8,8,1,7,200,0.625,0.625,1.0,0.5714285714285714,0.625,0.625,1.0,0.5714285714285714,0.75,0.75,1.0,0.7142857142857143
41143,8,6,4,2,200,0.5,0.6666666666666666,1.0,0.0,0.5,0.6666666666666666,1.0,0.0,0.5,0.6666666666666666,1.0,0.0
14790,6,6,5,1,200,0.8333333333333334,0.8333333333333334,1.0,0.0,1.0,1.0,1.0,1.0,1.0,1.0,1.0,1.0
95963,2,2,1,1,200,0.5,0.5,1.0,0.0,0.5,0.5,1.0,0.0,0.5,0.5,1.0,0.0
70136,3,3,2,1,200,1.0,1.0,1.0,1.0,1.0,1.0,1.0,1.0,1.0,1.0,1.0,1.0
74126,2,2,1,1,200,0.5,0.5,1.0,0.0,0.5,0.5,1.0,0.0,0.5,0.5,1.0,0.0
98224,12,12,6,6,200,0.8333333333333334,0.8333333333333334,1.0,0.6666666666666666,0.8333333333333334,0.8333333333333334,1.0,0.6666666666666666,0.8333333333333334,0.8333333333333334,1.0,0.6666666666666666
55477,4,3,3,0,200,0.75,1.0,1.0,,0.75,1.0,1.0,,0.75,1.0,1.0,
74585,3,3,3,0,200,1.0,1.0,1.0,,1.0,1.0,1.0,,1.0,1.0,1.0,
70934,7,7,4,3,200,0.8571428571428571,0.8571428571428571,1.0,0.6666666666666666,0.8571428571428571,0.8571428571428571,1.0,0.6666666666666666,1.0,1.0,1.0,1.0
52144,10,10,5,5,200,0.6,0.6,1.0,0.2,0.6,0.6,1.0,0.2,0.6,0.6,1.0,0.2
66262,13,13,11,2,200,0.9230769230769231,0.9230769230769231,1.0,0.5,0.9230769230769231,0.9230769230769231,1.0,0.5,0.9230769230769231,0.9230769230769231,1.0,0.5
73461,1,1,0,1,200,0.0,0.0,,0.0,0.0,0.0,,0.0,1.0,1.0,,1.0
38861,1,1,0,1,200,1.0,1.0,,1.0,1.0,1.0,,1.0,1.0,1.0,,1.0
51418,3,3,1,2,200,0.3333333333333333,0.3333333333333333,1.0,0.0,0.3333333333333333,0.3333333333333333,1.0,0.0,0.3333333333333333,0.3333333333333333,1.0,0.0
54170,9,9,6,3,200,0.6666666666666666,0.6666666666666666,1.0,0.0,0.7777777777777778,0.7777777777777778,1.0,0.3333333333333333,0.7777777777777778,0.7777777777777778,1.0,0.3333333333333333
18179,3,3,3,0,200,1.0,1.0,1.0,,1.0,1.0,1.0,,1.0,1.0,1.0,
59780,1,1,1,0,200,1.0,1.0,1.0,,1.0,1.0,1.0,,1.0,1.0,1.0,
60607,5,5,0,5,200,0.4,0.4,,0.4,0.4,0.4,,0.4,0.4,0.4,,0.4
24807,7,7,4,3,200,0.8571428571428571,0.8571428571428571,1.0,0.6666666666666666,0.8571428571428571,0.8571428571428571,1.0,0.6666666666666666,0.8571428571428571,0.8571428571428571,1.0,0.6666666666666666
82019,2,2,2,0,200,1.0,1.0,1.0,,1.0,1.0,1.0,,1.0,1.0,1.0,
85395,4,4,2,2,200,0.75,0.75,1.0,0.5,0.75,0.75,1.0,0.5,1.0,1.0,1.0,1.0
82830,1,1,1,0,200,1.0,1.0,1.0,,1.0,1.0,1.0,,1.0,1.0,1.0,
22632,1,0,0,0,200,0.0,,,,0.0,,,,0.0,,,
15411,5,5,3,2,200,0.6,0.6,1.0,0.0,0.6,0.6,1.0,0.0,0.6,0.6,1.0,0.0
58315,1,1,0,1,200,0.0,0.0,,0.0,0.0,0.0,,0.0,0.0,0.0,,0.0
5323,3,3,2,1,200,0.6666666666666666,0.6666666666666666,1.0,0.0,0.6666666666666666,0.6666666666666666,1.0,0.0,0.6666666666666666,0.6666666666666666,1.0,0.0
1879,2,1,1,0,200,0.5,1.0,1.0,,0.5,1.0,1.0,,0.5,1.0,1.0,
18621,7,7,1,6,200,0.42857142857142855,0.42857142857142855,1.0,0.3333333333333333,0.42857142857142855,0.42857142857142855,1.0,0.3333333333333333,0.42857142857142855,0.42857142857142855,1.0,0.3333333333333333
81778,1,1,1,0,200,1.0,1.0,1.0,,1.0,1.0,1.0,,1.0,1.0,1.0,
95382,10,9,7,2,200,0.7,0.7777777777777778,1.0,0.0,0.8,0.8888888888888888,1.0,0.5,0.8,0.8888888888888888,1.0,0.5
64913,2,2,1,1,200,1.0,1.0,1.0,1.0,1.0,1.0,1.0,1.0,1.0,1.0,1.0,1.0
33689,2,1,1,0,200,0.5,1.0,1.0,,0.5,1.0,1.0,,0.5,1.0,1.0,
99862,3,3,2,1,200,0.6666666666666666,0.6666666666666666,1.0,0.0,1.0,1.0,1.0,1.0,1.0,1.0,1.0,1.0
13042,1,0,0,0,200,0.0,,,,0.0,,,,0.0,,,
58209,5,5,3,2,200,0.4,0.4,0.6666666666666666,0.0,0.6,0.6,1.0,0.0,0.8,0.8,1.0,0.5
43862,19,18,11,7,200,0.5789473684210527,0.6111111111111112,0.9090909090909091,0.14285714285714285,0.7368421052631579,0.7777777777777778,1.0,0.42857142857142855,0.7368421052631579,0.7777777777777778,1.0,0.42857142857142855
5177,6,6,5,1,200,0.8333333333333334,0.8333333333333334,1.0,0.0,0.8333333333333334,0.8333333333333334,1.0,0.0,0.8333333333333334,0.8333333333333334,1.0,0.0
70576,1,1,1,0,200,1.0,1.0,1.0,,1.0,1.0,1.0,,1.0,1.0,1.0,
26793,13,12,4,8,200,0.3076923076923077,0.3333333333333333,1.0,0.0,0.3076923076923077,0.3333333333333333,1.0,0.0,0.38461538461538464,0.4166666666666667,1.0,0.125
17913,2,2,0,2,200,0.5,0.5,,0.5,0.5,0.5,,0.5,0.5,0.5,,0.5
60842,10,10,9,1,200,0.8,0.8,0.8888888888888888,0.0,0.9,0.9,1.0,0.0,0.9,0.9,1.0,0.0
16304,2,2,0,2,200,1.0,1.0,,1.0,1.0,1.0,,1.0,1.0,1.0,,1.0
52498,4,4,2,2,200,0.5,0.5,1.0,0.0,0.5,0.5,1.0,0.0,0.5,0.5,1.0,0.0
40760,2,2,0,2,200,0.0,0.0,,0.0,0.0,0.0,,0.0,0.0,0.0,,0.0
86079,9,9,8,1,200,1.0,1.0,1.0,1.0,1.0,1.0,1.0,1.0,1.0,1.0,1.0,1.0
9047,1,1,1,0,200,1.0,1.0,1.0,,1.0,1.0,1.0,,1.0,1.0,1.0,
87689,4,4,2,2,200,0.75,0.75,1.0,0.5,1.0,1.0,1.0,1.0,1.0,1.0,1.0,1.0
56065,2,2,2,0,200,1.0,1.0,1.0,,1.0,1.0,1.0,,1.0,1.0,1.0,
12552,3,3,2,1,200,0.6666666666666666,0.6666666666666666,1.0,0.0,0.6666666666666666,0.6666666666666666,1.0,0.0,1.0,1.0,1.0,1.0
38078,1,1,1,0,200,1.0,1.0,1.0,,1.0,1.0,1.0,,1.0,1.0,1.0,
57263,4,4,2,2,200,0.75,0.75,1.0,0.5,1.0,1.0,1.0,1.0,1.0,1.0,1.0,1.0
98629,1,1,0,1,200,1.0,1.0,,1.0,1.0,1.0,,1.0,1.0,1.0,,1.0
97020,3,3,2,1,200,0.6666666666666666,0.6666666666666666,1.0,0.0,0.6666666666666666,0.6666666666666666,1.0,0.0,1.0,1.0,1.0,1.0
54186,1,1,0,1,200,0.0,0.0,,0.0,0.0,0.0,,0.0,0.0,0.0,,0.0
1722,2,2,2,0,200,1.0,1.0,1.0,,1.0,1.0,1.0,,1.0,1.0,1.0,
90348,2,2,1,1,200,0.5,0.5,1.0,0.0,1.0,1.0,1.0,1.0,1.0,1.0,1.0,1.0
444,1,1,1,0,200,1.0,1.0,1.0,,1.0,1.0,1.0,,1.0,1.0,1.0,
25976,15,13,2,11,200,0.3333333333333333,0.38461538461538464,1.0,0.2727272727272727,0.4,0.46153846153846156,1.0,0.36363636363636365,0.4666666666666667,0.5384615384615384,1.0,0.45454545454545453
96903,5,5,2,3,200,0.8,0.8,1.0,0.6666666666666666,0.8,0.8,1.0,0.6666666666666666,0.8,0.8,1.0,0.6666666666666666
11998,3,3,2,1,200,0.6666666666666666,0.6666666666666666,1.0,0.0,1.0,1.0,1.0,1.0,1.0,1.0,1.0,1.0
49681,5,5,0,5,200,0.2,0.2,,0.2,0.2,0.2,,0.2,0.2,0.2,,0.2
77762,3,3,2,1,200,0.6666666666666666,0.6666666666666666,1.0,0.0,0.6666666666666666,0.6666666666666666,1.0,0.0,0.6666666666666666,0.6666666666666666,1.0,0.0
17039,4,4,1,3,200,0.75,0.75,1.0,0.6666666666666666,1.0,1.0,1.0,1.0,1.0,1.0,1.0,1.0
6098,7,7,7,0,200,1.0,1.0,1.0,,1.0,1.0,1.0,,1.0,1.0,1.0,
67822,3,3,3,0,200,1.0,1.0,1.0,,1.0,1.0,1.0,,1.0,1.0,1.0,
65578,4,4,0,4,200,0.0,0.0,,0.0,0.0,0.0,,0.0,0.0,0.0,,0.0
14220,1,1,1,0,200,1.0,1.0,1.0,,1.0,1.0,1.0,,1.0,1.0,1.0,
75987,2,2,0,2,200,0.0,0.0,,0.0,0.5,0.5,,0.5,0.5,0.5,,0.5
12477,14,13,9,4,200,0.7857142857142857,0.8461538461538461,1.0,0.5,0.8571428571428571,0.9230769230769231,1.0,0.75,0.9285714285714286,1.0,1.0,1.0
23118,8,8,6,2,200,0.875,0.875,1.0,0.5,1.0,1.0,1.0,1.0,1.0,1.0,1.0,1.0
58173,3,3,1,2,200,0.6666666666666666,0.6666666666666666,1.0,0.5,0.6666666666666666,0.6666666666666666,1.0,0.5,0.6666666666666666,0.6666666666666666,1.0,0.5
14632,1,1,0,1,200,1.0,1.0,,1.0,1.0,1.0,,1.0,1.0,1.0,,1.0
87034,3,3,3,0,200,1.0,1.0,1.0,,1.0,1.0,1.0,,1.0,1.0,1.0,
12287,1,1,1,0,200,1.0,1.0,1.0,,1.0,1.0,1.0,,1.0,1.0,1.0,
31166,2,2,0,2,200,0.0,0.0,,0.0,0.0,0.0,,0.0,0.0,0.0,,0.0
80822,9,9,7,2,200,0.7777777777777778,0.7777777777777778,1.0,0.0,0.8888888888888888,0.8888888888888888,1.0,0.5,0.8888888888888888,0.8888888888888888,1.0,0.5
72257,7,6,3,3,200,0.5714285714285714,0.6666666666666666,1.0,0.3333333333333333,0.5714285714285714,0.6666666666666666,1.0,0.3333333333333333,0.5714285714285714,0.6666666666666666,1.0,0.3333333333333333
29629,3,3,3,0,200,1.0,1.0,1.0,,1.0,1.0,1.0,,1.0,1.0,1.0,
69291,17,17,13,4,200,0.5882352941176471,0.5882352941176471,0.7692307692307693,0.0,0.8823529411764706,0.8823529411764706,1.0,0.5,0.8823529411764706,0.8823529411764706,1.0,0.5
82687,5,4,0,4,200,0.2,0.25,,0.25,0.2,0.25,,0.25,0.2,0.25,,0.25
70950,4,4,3,1,200,0.5,0.5,0.6666666666666666,0.0,0.75,0.75,1.0,0.0,0.75,0.75,1.0,0.0
64544,1,1,1,0,200,1.0,1.0,1.0,,1.0,1.0,1.0,,1.0,1.0,1.0,
16321,5,3,2,1,200,0.4,0.6666666666666666,1.0,0.0,0.4,0.6666666666666666,1.0,0.0,0.4,0.6666666666666666,1.0,0.0
68696,8,8,1,7,200,0.25,0.25,1.0,0.14285714285714285,0.375,0.375,1.0,0.2857142857142857,0.5,0.5,1.0,0.42857142857142855
1961,2,2,0,2,200,0.0,0.0,,0.0,0.0,0.0,,0.0,0.0,0.0,,0.0
37615,4,4,2,2,200,0.5,0.5,1.0,0.0,0.5,0.5,1.0,0.0,0.5,0.5,1.0,0.0
34000,2,2,2,0,200,1.0,1.0,1.0,,1.0,1.0,1.0,,1.0,1.0,1.0,
72012,1,1,1,0,200,1.0,1.0,1.0,,1.0,1.0,1.0,,1.0,1.0,1.0,
3029,5,3,2,1,200,0.4,0.6666666666666666,1.0,0.0,0.4,0.6666666666666666,1.0,0.0,0.4,0.6666666666666666,1.0,0.0
84323,13,13,10,3,200,0.46153846153846156,0.46153846153846156,0.6,0.0,0.7692307692307693,0.7692307692307693,1.0,0.0,0.7692307692307693,0.7692307692307693,1.0,0.0
7793,1,1,0,1,200,0.0,0.0,,0.0,0.0,0.0,,0.0,0.0,0.0,,0.0
80564,1,1,1,0,200,1.0,1.0,1.0,,1.0,1.0,1.0,,1.0,1.0,1.0,
31228,2,2,1,1,200,1.0,1.0,1.0,1.0,1.0,1.0,1.0,1.0,1.0,1.0,1.0,1.0
62265,7,7,4,3,200,0.7142857142857143,0.7142857142857143,1.0,0.3333333333333333,0.8571428571428571,0.8571428571428571,1.0,0.6666666666666666,1.0,1.0,1.0,1.0
40687,2,2,0,2,200,1.0,1.0,,1.0,1.0,1.0,,1.0,1.0,1.0,,1.0
50507,3,3,1,2,200,0.6666666666666666,0.6666666666666666,1.0,0.5,0.6666666666666666,0.6666666666666666,1.0,0.5,1.0,1.0,1.0,1.0
21236,1,1,1,0,200,1.0,1.0,1.0,,1.0,1.0,1.0,,1.0,1.0,1.0,
29141,3,3,1,2,200,0.3333333333333333,0.3333333333333333,1.0,0.0,0.3333333333333333,0.3333333333333333,1.0,0.0,0.6666666666666666,0.6666666666666666,1.0,0.5
58863,10,10,5,5,200,1.0,1.0,1.0,1.0,1.0,1.0,1.0,1.0,1.0,1.0,1.0,1.0
11160,1,1,0,1,200,1.0,1.0,,1.0,1.0,1.0,,1.0,1.0,1.0,,1.0
78271,6,6,2,4,200,0.8333333333333334,0.8333333333333334,1.0,0.75,1.0,1.0,1.0,1.0,1.0,1.0,1.0,1.0
53723,2,2,1,1,200,0.5,0.5,1.0,0.0,0.5,0.5,1.0,0.0,0.5,0.5,1.0,0.0
31311,19,16,5,11,200,0.3157894736842105,0.375,1.0,0.09090909090909091,0.3157894736842105,0.375,1.0,0.09090909090909091,0.42105263157894735,0.5,1.0,0.2727272727272727
14686,4,4,2,2,200,0.5,0.5,1.0,0.0,0.5,0.5,1.0,0.0,0.5,0.5,1.0,0.0
79629,2,2,2,0,200,1.0,1.0,1.0,,1.0,1.0,1.0,,1.0,1.0,1.0,
71860,6,6,5,1,200,0.8333333333333334,0.8333333333333334,1.0,0.0,0.8333333333333334,0.8333333333333334,1.0,0.0,0.8333333333333334,0.8333333333333334,1.0,0.0
35501,4,4,0,4,200,0.0,0.0,,0.0,0.25,0.25,,0.25,0.5,0.5,,0.5
7916,2,2,2,0,200,1.0,1.0,1.0,,1.0,1.0,1.0,,1.0,1.0,1.0,
96239,1,1,1,0,200,1.0,1.0,1.0,,1.0,1.0,1.0,,1.0,1.0,1.0,
88931,1,0,0,0,200,0.0,,,,0.0,,,,0.0,,,
59146,7,4,1,3,200,0.2857142857142857,0.5,1.0,0.3333333333333333,0.2857142857142857,0.5,1.0,0.3333333333333333,0.2857142857142857,0.5,1.0,0.3333333333333333
94697,1,1,1,0,200,1.0,1.0,1.0,,1.0,1.0,1.0,,1.0,1.0,1.0,
44596,2,2,0,2,200,1.0,1.0,,1.0,1.0,1.0,,1.0,1.0,1.0,,1.0
54589,1,1,1,0,200,1.0,1.0,1.0,,1.0,1.0,1.0,,1.0,1.0,1.0,
89891,20,19,12,7,200,0.75,0.7894736842105263,1.0,0.42857142857142855,0.8,0.8421052631578947,1.0,0.5714285714285714,0.8,0.8421052631578947,1.0,0.5714285714285714
24328,9,9,4,5,200,0.5555555555555556,0.5555555555555556,1.0,0.2,0.5555555555555556,0.5555555555555556,1.0,0.2,0.6666666666666666,0.6666666666666666,1.0,0.4
24904,7,6,4,2,200,0.5714285714285714,0.6666666666666666,1.0,0.0,0.5714285714285714,0.6666666666666666,1.0,0.0,0.5714285714285714,0.6666666666666666,1.0,0.0
28635,1,1,0,1,200,0.0,0.0,,0.0,0.0,0.0,,0.0,1.0,1.0,,1.0
83742,1,1,1,0,200,1.0,1.0,1.0,,1.0,1.0,1.0,,1.0,1.0,1.0,
97331,2,2,1,1,200,0.5,0.5,1.0,0.0,1.0,1.0,1.0,1.0,1.0,1.0,1.0,1.0
75700,1,1,1,0,200,1.0,1.0,1.0,,1.0,1.0,1.0,,1.0,1.0,1.0,
87720,5,5,3,2,200,0.6,0.6,1.0,0.0,0.6,0.6,1.0,0.0,0.6,0.6,1.0,0.0
16075,2,2,1,1,200,0.5,0.5,1.0,0.0,0.5,0.5,1.0,0.0,0.5,0.5,1.0,0.0
44930,6,6,3,3,200,0.6666666666666666,0.6666666666666666,1.0,0.3333333333333333,0.6666666666666666,0.6666666666666666,1.0,0.3333333333333333,0.8333333333333334,0.8333333333333334,1.0,0.6666666666666666
60650,3,3,2,1,200,0.6666666666666666,0.6666666666666666,1.0,0.0,0.6666666666666666,0.6666666666666666,1.0,0.0,0.6666666666666666,0.6666666666666666,1.0,0.0
52291,5,4,3,1,200,0.8,1.0,1.0,1.0,0.8,1.0,1.0,1.0,0.8,1.0,1.0,1.0
83554,3,3,3,0,200,1.0,1.0,1.0,,1.0,1.0,1.0,,1.0,1.0,1.0,
27603,2,2,0,2,200,0.5,0.5,,0.5,0.5,0.5,,0.5,0.5,0.5,,0.5
520,4,4,3,1,200,0.75,0.75,1.0,0.0,0.75,0.75,1.0,0.0,0.75,0.75,1.0,0.0
48416,6,6,2,4,200,0.3333333333333333,0.3333333333333333,1.0,0.0,0.6666666666666666,0.6666666666666666,1.0,0.5,0.6666666666666666,0.6666666666666666,1.0,0.5
83169,6,6,2,4,200,0.3333333333333333,0.3333333333333333,1.0,0.0,0.5,0.5,1.0,0.25,0.6666666666666666,0.6666666666666666,1.0,0.5
67334,3,2,2,0,200,0.6666666666666666,1.0,1.0,,0.6666666666666666,1.0,1.0,,0.6666666666666666,1.0,1.0,
99681,10,10,5,5,200,0.8,0.8,1.0,0.6,0.8,0.8,1.0,0.6,0.8,0.8,1.0,0.6
22617,1,1,0,1,200,1.0,1.0,,1.0,1.0,1.0,,1.0,1.0,1.0,,1.0
55788,3,3,3,0,200,1.0,1.0,1.0,,1.0,1.0,1.0,,1.0,1.0,1.0,
8825,2,1,0,1,200,0.0,0.0,,0.0,0.0,0.0,,0.0,0.5,1.0,,1.0
23670,2,2,2,0,200,1.0,1.0,1.0,,1.0,1.0,1.0,,1.0,1.0,1.0,
46667,2,2,1,1,200,0.5,0.5,1.0,0.0,1.0,1.0,1.0,1.0,1.0,1.0,1.0,1.0
60770,5,5,3,2,200,0.8,0.8,1.0,0.5,0.8,0.8,1.0,0.5,1.0,1.0,1.0,1.0
69159,1,1,1,0,200,1.0,1.0,1.0,,1.0,1.0,1.0,,1.0,1.0,1.0,
10933,1,1,1,0,200,1.0,1.0,1.0,,1.0,1.0,1.0,,1.0,1.0,1.0,
15183,1,1,1,0,200,1.0,1.0,1.0,,1.0,1.0,1.0,,1.0,1.0,1.0,
3193,2,2,2,0,200,1.0,1.0,1.0,,1.0,1.0,1.0,,1.0,1.0,1.0,
79981,20,20,7,13,200,0.45,0.45,0.8571428571428571,0.23076923076923078,0.5,0.5,1.0,0.23076923076923078,0.6,0.6,1.0,0.38461538461538464
18511,1,1,1,0,200,1.0,1.0,1.0,,1.0,1.0,1.0,,1.0,1.0,1.0,
91336,8,8,6,2,200,0.875,0.875,1.0,0.5,1.0,1.0,1.0,1.0,1.0,1.0,1.0,1.0
969,2,2,1,1,200,0.5,0.5,1.0,0.0,0.5,0.5,1.0,0.0,0.5,0.5,1.0,0.0
8928,4,4,3,1,200,0.75,0.75,1.0,0.0,0.75,0.75,1.0,0.0,0.75,0.75,1.0,0.0
89933,2,2,0,2,200,1.0,1.0,,1.0,1.0,1.0,,1.0,1.0,1.0,,1.0
2112,2,2,2,0,200,1.0,1.0,1.0,,1.0,1.0,1.0,,1.0,1.0,1.0,
13689,3,3,2,1,200,0.6666666666666666,0.6666666666666666,1.0,0.0,0.6666666666666666,0.6666666666666666,1.0,0.0,0.6666666666666666,0.6666666666666666,1.0,0.0
31387,3,2,1,1,200,0.3333333333333333,0.5,1.0,0.0,0.3333333333333333,0.5,1.0,0.0,0.3333333333333333,0.5,1.0,0.0
4864,2,2,2,0,200,1.0,1.0,1.0,,1.0,1.0,1.0,,1.0,1.0,1.0,
59197,1,1,0,1,200,0.0,0.0,,0.0,0.0,0.0,,0.0,0.0,0.0,,0.0
14879,4,4,2,2,200,0.75,0.75,1.0,0.5,0.75,0.75,1.0,0.5,0.75,0.75,1.0,0.5
18816,6,6,5,1,200,1.0,1.0,1.0,1.0,1.0,1.0,1.0,1.0,1.0,1.0,1.0,1.0
69699,3,3,0,3,200,0.6666666666666666,0.6666666666666666,,0.6666666666666666,1.0,1.0,,1.0,1.0,1.0,,1.0
84613,1,1,1,0,200,1.0,1.0,1.0,,1.0,1.0,1.0,,1.0,1.0,1.0,
45244,3,3,1,2,200,0.3333333333333333,0.3333333333333333,1.0,0.0,0.6666666666666666,0.6666666666666666,1.0,0.5,0.6666666666666666,0.6666666666666666,1.0,0.5
48521,4,4,4,0,200,1.0,1.0,1.0,,1.0,1.0,1.0,,1.0,1.0,1.0,
4986,3,3,2,1,200,0.6666666666666666,0.6666666666666666,1.0,0.0,0.6666666666666666,0.6666666666666666,1.0,0.0,0.6666666666666666,0.6666666666666666,1.0,0.0
47363,2,2,0,2,200,0.0,0.0,,0.0,0.5,0.5,,0.5,1.0,1.0,,1.0
91114,1,1,1,0,200,1.0,1.0,1.0,,1.0,1.0,1.0,,1.0,1.0,1.0,
24204,8,8,5,3,200,0.75,0.75,1.0,0.3333333333333333,1.0,1.0,1.0,1.0,1.0,1.0,1.0,1.0
32526,1,1,1,0,200,1.0,1.0,1.0,,1.0,1.0,1.0,,1.0,1.0,1.0,
72857,17,15,11,4,200,0.4117647058823529,0.4666666666666667,0.6363636363636364,0.0,0.5882352941176471,0.6666666666666666,0.9090909090909091,0.0,0.6470588235294118,0.7333333333333333,1.0,0.0
22398,9,9,1,8,200,0.8888888888888888,0.8888888888888888,1.0,0.875,1.0,1.0,1.0,1.0,1.0,1.0,1.0,1.0
32773,2,2,2,0,200,1.0,1.0,1.0,,1.0,1.0,1.0,,1.0,1.0,1.0,
66969,13,13,4,9,200,0.5384615384615384,0.5384615384615384,1.0,0.3333333333333333,0.6153846153846154,0.6153846153846154,1.0,0.4444444444444444,0.6923076923076923,0.6923076923076923,1.0,0.5555555555555556
84557,1,1,1,0,200,1.0,1.0,1.0,,1.0,1.0,1.0,,1.0,1.0,1.0,
47114,4,4,3,1,200,0.75,0.75,1.0,0.0,0.75,0.75,1.0,0.0,0.75,0.75,1.0,0.0
89467,10,10,6,4,200,0.7,0.7,1.0,0.25,0.7,0.7,1.0,0.25,0.9,0.9,1.0,0.75
23768,5,5,5,0,200,1.0,1.0,1.0,,1.0,1.0,1.0,,1.0,1.0,1.0,
58605,1,1,0,1,200,1.0,1.0,,1.0,1.0,1.0,,1.0,1.0,1.0,,1.0
31731,13,10,4,6,200,0.46153846153846156,0.6,1.0,0.3333333333333333,0.5384615384615384,0.7,1.0,0.5,0.5384615384615384,0.7,1.0,0.5
22468,1,1,1,0,200,1.0,1.0,1.0,,1.0,1.0,1.0,,1.0,1.0,1.0,
25557,1,1,0,1,200,0.0,0.0,,0.0,0.0,0.0,,0.0,1.0,1.0,,1.0
51962,13,13,10,3,200,0.7692307692307693,0.7692307692307693,0.9,0.3333333333333333,0.8461538461538461,0.8461538461538461,1.0,0.3333333333333333,0.8461538461538461,0.8461538461538461,1.0,0.3333333333333333
82400,9,9,2,7,200,0.5555555555555556,0.5555555555555556,1.0,0.42857142857142855,0.6666666666666666,0.6666666666666666,1.0,0.5714285714285714,0.7777777777777778,0.7777777777777778,1.0,0.7142857142857143
45871,13,12,9,3,200,0.46153846153846156,0.5,0.6666666666666666,0.0,0.6923076923076923,0.75,1.0,0.0,0.6923076923076923,0.75,1.0,0.0
76544,16,16,9,7,200,0.5625,0.5625,1.0,0.0,0.6875,0.6875,1.0,0.2857142857142857,0.8125,0.8125,1.0,0.5714285714285714
54076,5,5,4,1,200,0.8,0.8,1.0,0.0,0.8,0.8,1.0,0.0,0.8,0.8,1.0,0.0
42424,4,4,3,1,200,0.75,0.75,1.0,0.0,0.75,0.75,1.0,0.0,1.0,1.0,1.0,1.0
40345,2,2,2,0,200,1.0,1.0,1.0,,1.0,1.0,1.0,,1.0,1.0,1.0,
32757,1,1,0,1,200,1.0,1.0,,1.0,1.0,1.0,,1.0,1.0,1.0,,1.0
2974,14,12,9,3,200,0.7857142857142857,0.9166666666666666,1.0,0.6666666666666666,0.7857142857142857,0.9166666666666666,1.0,0.6666666666666666,0.7857142857142857,0.9166666666666666,1.0,0.6666666666666666
48042,1,1,1,0,200,1.0,1.0,1.0,,1.0,1.0,1.0,,1.0,1.0,1.0,
27016,5,5,4,1,200,1.0,1.0,1.0,1.0,1.0,1.0,1.0,1.0,1.0,1.0,1.0,1.0
49865,4,4,0,4,200,0.0,0.0,,0.0,0.0,0.0,,0.0,0.25,0.25,,0.25
10981,8,8,7,1,200,0.75,0.75,0.8571428571428571,0.0,1.0,1.0,1.0,1.0,1.0,1.0,1.0,1.0
129,1,1,1,0,200,1.0,1.0,1.0,,1.0,1.0,1.0,,1.0,1.0,1.0,
16074,1,1,1,0,200,1.0,1.0,1.0,,1.0,1.0,1.0,,1.0,1.0,1.0,
84535,1,1,1,0,200,1.0,1.0,1.0,,1.0,1.0,1.0,,1.0,1.0,1.0,
40824,1,1,1,0,200,1.0,1.0,1.0,,1.0,1.0,1.0,,1.0,1.0,1.0,
11076,6,6,6,0,200,1.0,1.0,1.0,,1.0,1.0,1.0,,1.0,1.0,1.0,
28552,1,1,0,1,200,0.0,0.0,,0.0,0.0,0.0,,0.0,0.0,0.0,,0.0
171,7,7,2,5,200,0.2857142857142857,0.2857142857142857,1.0,0.0,0.2857142857142857,0.2857142857142857,1.0,0.0,0.2857142857142857,0.2857142857142857,1.0,0.0
98446,5,5,1,4,200,0.8,0.8,1.0,0.75,1.0,1.0,1.0,1.0,1.0,1.0,1.0,1.0
41004,3,3,2,1,200,0.6666666666666666,0.6666666666666666,1.0,0.0,0.6666666666666666,0.6666666666666666,1.0,0.0,0.6666666666666666,0.6666666666666666,1.0,0.0
22621,7,7,2,5,200,0.5714285714285714,0.5714285714285714,1.0,0.4,0.7142857142857143,0.7142857142857143,1.0,0.6,1.0,1.0,1.0,1.0
38769,1,1,1,0,200,1.0,1.0,1.0,,1.0,1.0,1.0,,1.0,1.0,1.0,
48138,1,1,1,0,200,1.0,1.0,1.0,,1.0,1.0,1.0,,1.0,1.0,1.0,
29734,4,4,3,1,200,1.0,1.0,1.0,1.0,1.0,1.0,1.0,1.0,1.0,1.0,1.0,1.0
95646,2,2,1,1,200,0.5,0.5,1.0,0.0,0.5,0.5,1.0,0.0,0.5,0.5,1.0,0.0
20375,1,1,1,0,200,1.0,1.0,1.0,,1.0,1.0,1.0,,1.0,1.0,1.0,
44175,2,2,1,1,200,0.5,0.5,1.0,0.0,0.5,0.5,1.0,0.0,0.5,0.5,1.0,0.0
68444,1,1,1,0,200,1.0,1.0,1.0,,1.0,1.0,1.0,,1.0,1.0,1.0,
87935,2,2,1,1,200,0.5,0.5,1.0,0.0,0.5,0.5,1.0,0.0,1.0,1.0,1.0,1.0
6138,1,1,1,0,200,1.0,1.0,1.0,,1.0,1.0,1.0,,1.0,1.0,1.0,
76267,3,2,2,0,200,0.6666666666666666,1.0,1.0,,0.6666666666666666,1.0,1.0,,0.6666666666666666,1.0,1.0,
37801,11,10,4,6,200,0.5454545454545454,0.6,1.0,0.3333333333333333,0.7272727272727273,0.8,1.0,0.6666666666666666,0.7272727272727273,0.8,1.0,0.6666666666666666
62362,7,6,1,5,200,0.7142857142857143,0.8333333333333334,1.0,0.8,0.7142857142857143,0.8333333333333334,1.0,0.8,0.7142857142857143,0.8333333333333334,1.0,0.8
11033,7,7,6,1,200,0.7142857142857143,0.7142857142857143,0.8333333333333334,0.0,0.8571428571428571,0.8571428571428571,1.0,0.0,0.8571428571428571,0.8571428571428571,1.0,0.0
83523,4,3,1,2,200,0.25,0.3333333333333333,1.0,0.0,0.25,0.3333333333333333,1.0,0.0,0.25,0.3333333333333333,1.0,0.0
5235,3,3,1,2,200,0.6666666666666666,0.6666666666666666,1.0,0.5,0.6666666666666666,0.6666666666666666,1.0,0.5,0.6666666666666666,0.6666666666666666,1.0,0.5
4883,1,1,1,0,200,1.0,1.0,1.0,,1.0,1.0,1.0,,1.0,1.0,1.0,
30762,2,2,1,1,200,0.5,0.5,1.0,0.0,0.5,0.5,1.0,0.0,0.5,0.5,1.0,0.0
77512,6,6,4,2,200,0.6666666666666666,0.6666666666666666,1.0,0.0,0.6666666666666666,0.6666666666666666,1.0,0.0,0.6666666666666666,0.6666666666666666,1.0,0.0
50668,2,2,2,0,200,1.0,1.0,1.0,,1.0,1.0,1.0,,1.0,1.0,1.0,
25927,1,1,0,1,200,0.0,0.0,,0.0,0.0,0.0,,0.0,0.0,0.0,,0.0
44727,3,2,1,1,200,0.6666666666666666,1.0,1.0,1.0,0.6666666666666666,1.0,1.0,1.0,0.6666666666666666,1.0,1.0,1.0
96392,8,6,1,5,200,0.125,0.16666666666666666,1.0,0.0,0.125,0.16666666666666666,1.0,0.0,0.125,0.16666666666666666,1.0,0.0
6609,1,1,1,0,200,1.0,1.0,1.0,,1.0,1.0,1.0,,1.0,1.0,1.0,
56160,2,2,1,1,200,0.5,0.5,1.0,0.0,0.5,0.5,1.0,0.0,0.5,0.5,1.0,0.0
24147,6,5,3,2,200,0.5,0.6,1.0,0.0,0.5,0.6,1.0,0.0,0.6666666666666666,0.8,1.0,0.5
5267,3,3,1,2,200,0.3333333333333333,0.3333333333333333,1.0,0.0,0.6666666666666666,0.6666666666666666,1.0,0.5,0.6666666666666666,0.6666666666666666,1.0,0.5
98253,12,12,8,4,200,0.75,0.75,1.0,0.25,0.75,0.75,1.0,0.25,0.9166666666666666,0.9166666666666666,1.0,0.75
28916,5,5,1,4,200,0.2,0.2,1.0,0.0,0.2,0.2,1.0,0.0,0.2,0.2,1.0,0.0
10195,5,4,2,2,200,0.4,0.5,1.0,0.0,0.4,0.5,1.0,0.0,0.4,0.5,1.0,0.0
72478,28,28,18,10,200,0.6071428571428571,0.6071428571428571,0.9444444444444444,0.0,0.7857142857142857,0.7857142857142857,1.0,0.4,0.9285714285714286,0.9285714285714286,1.0,0.8
94041,2,2,0,2,200,0.0,0.0,,0.0,0.0,0.0,,0.0,0.0,0.0,,0.0
91962,8,8,8,0,200,0.75,0.75,0.75,,1.0,1.0,1.0,,1.0,1.0,1.0,
3675,3,3,1,2,200,0.3333333333333333,0.3333333333333333,1.0,0.0,1.0,1.0,1.0,1.0,1.0,1.0,1.0,1.0
13852,3,3,3,0,200,1.0,1.0,1.0,,1.0,1.0,1.0,,1.0,1.0,1.0,
42618,11,11,9,2,200,0.7272727272727273,0.7272727272727273,0.8888888888888888,0.0,0.8181818181818182,0.8181818181818182,1.0,0.0,0.8181818181818182,0.8181818181818182,1.0,0.0
91633,5,5,3,2,200,0.6,0.6,1.0,0.0,0.8,0.8,1.0,0.5,0.8,0.8,1.0,0.5
50358,2,2,2,0,200,1.0,1.0,1.0,,1.0,1.0,1.0,,1.0,1.0,1.0,
76500,2,2,0,2,200,1.0,1.0,,1.0,1.0,1.0,,1.0,1.0,1.0,,1.0
93637,1,1,0,1,200,1.0,1.0,,1.0,1.0,1.0,,1.0,1.0,1.0,,1.0
31418,8,8,6,2,200,0.625,0.625,0.8333333333333334,0.0,0.75,0.75,1.0,0.0,0.75,0.75,1.0,0.0
64095,1,1,1,0,200,1.0,1.0,1.0,,1.0,1.0,1.0,,1.0,1.0,1.0,
42056,13,13,11,2,200,0.7692307692307693,0.7692307692307693,0.9090909090909091,0.0,0.9230769230769231,0.9230769230769231,1.0,0.5,0.9230769230769231,0.9230769230769231,1.0,0.5
10090,1,1,0,1,200,0.0,0.0,,0.0,1.0,1.0,,1.0,1.0,1.0,,1.0
31468,1,1,0,1,200,0.0,0.0,,0.0,0.0,0.0,,0.0,0.0,0.0,,0.0
55196,4,4,3,1,200,0.75,0.75,1.0,0.0,0.75,0.75,1.0,0.0,0.75,0.75,1.0,0.0
16910,6,5,2,3,200,0.3333333333333333,0.4,1.0,0.0,0.3333333333333333,0.4,1.0,0.0,0.3333333333333333,0.4,1.0,0.0
18232,9,9,7,2,200,0.6666666666666666,0.6666666666666666,0.8571428571428571,0.0,0.7777777777777778,0.7777777777777778,1.0,0.0,0.7777777777777778,0.7777777777777778,1.0,0.0
46236,7,6,4,2,200,0.5714285714285714,0.6666666666666666,1.0,0.0,0.7142857142857143,0.8333333333333334,1.0,0.5,0.8571428571428571,1.0,1.0,1.0
77308,1,1,1,0,200,1.0,1.0,1.0,,1.0,1.0,1.0,,1.0,1.0,1.0,
26257,4,4,0,4,200,0.75,0.75,,0.75,1.0,1.0,,1.0,1.0,1.0,,1.0
88450,5,5,3,2,200,0.6,0.6,1.0,0.0,0.6,0.6,1.0,0.0,0.8,0.8,1.0,0.5
65889,1,1,1,0,200,1.0,1.0,1.0,,1.0,1.0,1.0,,1.0,1.0,1.0,
79925,26,25,14,11,200,0.4230769230769231,0.44,0.7857142857142857,0.0,0.5769230769230769,0.6,1.0,0.09090909090909091,0.6538461538461539,0.68,1.0,0.2727272727272727
25105,1,0,0,0,200,0.0,,,,0.0,,,,0.0,,,
66205,11,9,4,5,200,0.45454545454545453,0.5555555555555556,1.0,0.2,0.45454545454545453,0.5555555555555556,1.0,0.2,0.45454545454545453,0.5555555555555556,1.0,0.2
57855,2,2,0,2,200,1.0,1.0,,1.0,1.0,1.0,,1.0,1.0,1.0,,1.0
97482,4,3,0,3,200,0.25,0.3333333333333333,,0.3333333333333333,0.25,0.3333333333333333,,0.3333333333333333,0.25,0.3333333333333333,,0.3333333333333333
93153,18,15,8,7,200,0.2777777777777778,0.3333333333333333,0.625,0.0,0.3333333333333333,0.4,0.75,0.0,0.5,0.6,1.0,0.14285714285714285
46822,1,1,0,1,200,1.0,1.0,,1.0,1.0,1.0,,1.0,1.0,1.0,,1.0
84436,1,1,1,0,200,1.0,1.0,1.0,,1.0,1.0,1.0,,1.0,1.0,1.0,
43127,2,1,1,0,200,0.5,1.0,1.0,,0.5,1.0,1.0,,0.5,1.0,1.0,
62341,2,2,1,1,200,0.5,0.5,1.0,0.0,1.0,1.0,1.0,1.0,1.0,1.0,1.0,1.0
76953,19,11,0,11,200,0.05263157894736842,0.09090909090909091,,0.09090909090909091,0.10526315789473684,0.18181818181818182,,0.18181818181818182,0.10526315789473684,0.18181818181818182,,0.18181818181818182
57463,2,2,0,2,200,0.5,0.5,,0.5,0.5,0.5,,0.5,0.5,0.5,,0.5
77755,2,2,1,1,200,1.0,1.0,1.0,1.0,1.0,1.0,1.0,1.0,1.0,1.0,1.0,1.0
24593,2,2,1,1,200,1.0,1.0,1.0,1.0,1.0,1.0,1.0,1.0,1.0,1.0,1.0,1.0
55151,16,16,10,6,200,0.3125,0.3125,0.5,0.0,0.5,0.5,0.8,0.0,0.625,0.625,1.0,0.0
6148,1,1,1,0,200,1.0,1.0,1.0,,1.0,1.0,1.0,,1.0,1.0,1.0,
27907,3,3,2,1,200,1.0,1.0,1.0,1.0,1.0,1.0,1.0,1.0,1.0,1.0,1.0,1.0
160,7,7,5,2,200,0.7142857142857143,0.7142857142857143,1.0,0.0,0.7142857142857143,0.7142857142857143,1.0,0.0,0.7142857142857143,0.7142857142857143,1.0,0.0
85765,5,5,1,4,200,0.2,0.2,1.0,0.0,0.6,0.6,1.0,0.5,0.6,0.6,1.0,0.5
34148,19,19,17,2,200,0.8947368421052632,0.8947368421052632,1.0,0.0,1.0,1.0,1.0,1.0,1.0,1.0,1.0,1.0
15387,6,5,3,2,200,0.5,0.6,1.0,0.0,0.6666666666666666,0.8,1.0,0.5,0.6666666666666666,0.8,1.0,0.5
17500,1,1,1,0,200,1.0,1.0,1.0,,1.0,1.0,1.0,,1.0,1.0,1.0,
31770,2,2,0,2,200,0.5,0.5,,0.5,1.0,1.0,,1.0,1.0,1.0,,1.0
29533,2,0,0,0,200,0.0,,,,0.0,,,,0.0,,,
23691,1,1,1,0,200,1.0,1.0,1.0,,1.0,1.0,1.0,,1.0,1.0,1.0,
83854,3,3,1,2,200,0.3333333333333333,0.3333333333333333,1.0,0.0,0.3333333333333333,0.3333333333333333,1.0,0.0,0.3333333333333333,0.3333333333333333,1.0,0.0
29507,6,6,2,4,200,0.5,0.5,1.0,0.25,0.6666666666666666,0.6666666666666666,1.0,0.5,0.6666666666666666,0.6666666666666666,1.0,0.5
2555,15,14,8,6,200,0.7333333333333333,0.7857142857142857,1.0,0.5,0.7333333333333333,0.7857142857142857,1.0,0.5,0.8666666666666667,0.9285714285714286,1.0,0.8333333333333334
64177,1,1,0,1,200,0.0,0.0,,0.0,1.0,1.0,,1.0,1.0,1.0,,1.0
60865,7,7,4,3,200,0.5714285714285714,0.5714285714285714,1.0,0.0,0.5714285714285714,0.5714285714285714,1.0,0.0,0.5714285714285714,0.5714285714285714,1.0,0.0
58053,4,4,4,0,200,1.0,1.0,1.0,,1.0,1.0,1.0,,1.0,1.0,1.0,
21217,10,10,4,6,200,0.6,0.6,1.0,0.3333333333333333,0.6,0.6,1.0,0.3333333333333333,0.6,0.6,1.0,0.3333333333333333
72821,1,1,1,0,200,1.0,1.0,1.0,,1.0,1.0,1.0,,1.0,1.0,1.0,
96423,4,4,1,3,200,1.0,1.0,1.0,1.0,1.0,1.0,1.0,1.0,1.0,1.0,1.0,1.0
52033,10,10,8,2,200,0.7,0.7,0.875,0.0,0.8,0.8,1.0,0.0,0.8,0.8,1.0,0.0
98368,3,3,0,3,200,1.0,1.0,,1.0,1.0,1.0,,1.0,1.0,1.0,,1.0
89126,5,5,2,3,200,0.2,0.2,0.5,0.0,0.4,0.4,1.0,0.0,0.4,0.4,1.0,0.0
87372,4,4,3,1,200,0.75,0.75,1.0,0.0,0.75,0.75,1.0,0.0,1.0,1.0,1.0,1.0
32060,3,3,1,2,200,0.0,0.0,0.0,0.0,0.6666666666666666,0.6666666666666666,1.0,0.5,1.0,1.0,1.0,1.0
55074,3,3,1,2,200,0.3333333333333333,0.3333333333333333,1.0,0.0,0.3333333333333333,0.3333333333333333,1.0,0.0,0.3333333333333333,0.3333333333333333,1.0,0.0
23065,1,1,1,0,200,1.0,1.0,1.0,,1.0,1.0,1.0,,1.0,1.0,1.0,
38029,5,5,1,4,200,0.2,0.2,1.0,0.0,0.2,0.2,1.0,0.0,0.4,0.4,1.0,0.25
87969,10,10,9,1,200,0.9,0.9,1.0,0.0,1.0,1.0,1.0,1.0,1.0,1.0,1.0,1.0
34127,1,1,1,0,200,1.0,1.0,1.0,,1.0,1.0,1.0,,1.0,1.0,1.0,
28052,16,15,9,6,200,0.4375,0.4666666666666667,0.6666666666666666,0.16666666666666666,0.625,0.6666666666666666,1.0,0.16666666666666666,0.6875,0.7333333333333333,1.0,0.3333333333333333
96092,9,8,4,4,200,0.4444444444444444,0.5,0.75,0.25,0.5555555555555556,0.625,1.0,0.25,0.5555555555555556,0.625,1.0,0.25
53141,3,2,1,1,200,0.3333333333333333,0.5,1.0,0.0,0.3333333333333333,0.5,1.0,0.0,0.3333333333333333,0.5,1.0,0.0
49446,6,4,3,1,200,0.3333333333333333,0.5,0.6666666666666666,0.0,0.5,0.75,1.0,0.0,0.5,0.75,1.0,0.0
73827,2,2,1,1,200,0.5,0.5,1.0,0.0,0.5,0.5,1.0,0.0,1.0,1.0,1.0,1.0
94380,1,1,1,0,200,1.0,1.0,1.0,,1.0,1.0,1.0,,1.0,1.0,1.0,
94089,2,2,0,2,200,0.5,0.5,,0.5,1.0,1.0,,1.0,1.0,1.0,,1.0
87061,5,5,0,5,200,0.0,0.0,,0.0,0.2,0.2,,0.2,0.2,0.2,,0.2
41433,11,10,8,2,200,0.7272727272727273,0.8,1.0,0.0,0.7272727272727273,0.8,1.0,0.0,0.7272727272727273,0.8,1.0,0.0
44272,8,8,2,6,200,0.375,0.375,1.0,0.16666666666666666,0.375,0.375,1.0,0.16666666666666666,0.375,0.375,1.0,0.16666666666666666
33797,2,2,0,2,200,0.0,0.0,,0.0,0.0,0.0,,0.0,0.0,0.0,,0.0
86440,13,10,9,1,200,0.5384615384615384,0.7,0.7777777777777778,0.0,0.6923076923076923,0.9,1.0,0.0,0.6923076923076923,0.9,1.0,0.0
62348,2,2,1,1,200,1.0,1.0,1.0,1.0,1.0,1.0,1.0,1.0,1.0,1.0,1.0,1.0
94462,7,7,6,1,200,1.0,1.0,1.0,1.0,1.0,1.0,1.0,1.0,1.0,1.0,1.0,1.0
44608,1,0,0,0,200,0.0,,,,0.0,,,,0.0,,,
29752,6,6,0,6,200,0.3333333333333333,0.3333333333333333,,0.3333333333333333,0.6666666666666666,0.6666666666666666,,0.6666666666666666,0.8333333333333334,0.8333333333333334,,0.8333333333333334
1844,1,1,1,0,200,1.0,1.0,1.0,,1.0,1.0,1.0,,1.0,1.0,1.0,
54542,4,3,3,0,200,0.75,1.0,1.0,,0.75,1.0,1.0,,0.75,1.0,1.0,
19919,1,1,0,1,200,0.0,0.0,,0.0,0.0,0.0,,0.0,0.0,0.0,,0.0
34563,2,2,0,2,200,0.0,0.0,,0.0,0.0,0.0,,0.0,0.0,0.0,,0.0
6789,6,6,0,6,200,0.6666666666666666,0.6666666666666666,,0.6666666666666666,0.6666666666666666,0.6666666666666666,,0.6666666666666666,0.8333333333333334,0.8333333333333334,,0.8333333333333334
8220,7,7,6,1,200,1.0,1.0,1.0,1.0,1.0,1.0,1.0,1.0,1.0,1.0,1.0,1.0
35985,8,8,7,1,200,1.0,1.0,1.0,1.0,1.0,1.0,1.0,1.0,1.0,1.0,1.0,1.0
10212,13,11,4,7,200,0.46153846153846156,0.5454545454545454,1.0,0.2857142857142857,0.46153846153846156,0.5454545454545454,1.0,0.2857142857142857,0.5384615384615384,0.6363636363636364,1.0,0.42857142857142855
13326,4,4,0,4,200,0.0,0.0,,0.0,0.0,0.0,,0.0,0.0,0.0,,0.0
33881,6,6,5,1,200,0.8333333333333334,0.8333333333333334,1.0,0.0,0.8333333333333334,0.8333333333333334,1.0,0.0,1.0,1.0,1.0,1.0
48833,1,1,1,0,200,1.0,1.0,1.0,,1.0,1.0,1.0,,1.0,1.0,1.0,
21635,4,4,1,3,200,0.25,0.25,1.0,0.0,0.25,0.25,1.0,0.0,0.25,0.25,1.0,0.0
89810,2,2,2,0,200,1.0,1.0,1.0,,1.0,1.0,1.0,,1.0,1.0,1.0,
48732,1,1,1,0,200,1.0,1.0,1.0,,1.0,1.0,1.0,,1.0,1.0,1.0,
38650,1,1,0,1,200,0.0,0.0,,0.0,0.0,0.0,,0.0,0.0,0.0,,0.0
6126,18,16,12,4,200,0.5555555555555556,0.625,0.8333333333333334,0.0,0.6666666666666666,0.75,1.0,0.0,0.6666666666666666,0.75,1.0,0.0
58513,3,3,3,0,200,1.0,1.0,1.0,,1.0,1.0,1.0,,1.0,1.0,1.0,
72144,1,0,0,0,200,0.0,,,,0.0,,,,0.0,,,
68809,7,6,3,3,200,0.42857142857142855,0.5,1.0,0.0,0.42857142857142855,0.5,1.0,0.0,0.5714285714285714,0.6666666666666666,1.0,0.3333333333333333
84017,8,8,4,4,200,0.5,0.5,1.0,0.0,0.625,0.625,1.0,0.25,0.75,0.75,1.0,0.5
97881,3,3,1,2,200,1.0,1.0,1.0,1.0,1.0,1.0,1.0,1.0,1.0,1.0,1.0,1.0
18403,1,1,1,0,200,1.0,1.0,1.0,,1.0,1.0,1.0,,1.0,1.0,1.0,
56533,5,5,4,1,200,0.8,0.8,1.0,0.0,1.0,1.0,1.0,1.0,1.0,1.0,1.0,1.0
11831,1,1,0,1,200,0.0,0.0,,0.0,0.0,0.0,,0.0,0.0,0.0,,0.0
13583,2,2,1,1,200,0.5,0.5,1.0,0.0,0.5,0.5,1.0,0.0,0.5,0.5,1.0,0.0
52517,7,7,5,2,200,0.8571428571428571,0.8571428571428571,1.0,0.5,1.0,1.0,1.0,1.0,1.0,1.0,1.0,1.0
40224,2,2,1,1,200,1.0,1.0,1.0,1.0,1.0,1.0,1.0,1.0,1.0,1.0,1.0,1.0
76177,4,3,0,3,200,0.0,0.0,,0.0,0.0,0.0,,0.0,0.25,0.3333333333333333,,0.3333333333333333
29233,1,1,0,1,200,0.0,0.0,,0.0,0.0,0.0,,0.0,0.0,0.0,,0.0
62736,1,1,1,0,200,1.0,1.0,1.0,,1.0,1.0,1.0,,1.0,1.0,1.0,
98007,1,1,0,1,200,1.0,1.0,,1.0,1.0,1.0,,1.0,1.0,1.0,,1.0
52469,1,1,1,0,200,1.0,1.0,1.0,,1.0,1.0,1.0,,1.0,1.0,1.0,
79346,4,4,1,3,200,0.5,0.5,1.0,0.3333333333333333,0.5,0.5,1.0,0.3333333333333333,0.5,0.5,1.0,0.3333333333333333
41901,16,16,8,8,200,0.6875,0.6875,1.0,0.375,0.8125,0.8125,1.0,0.625,0.8125,0.8125,1.0,0.625
70496,16,16,14,2,200,0.875,0.875,1.0,0.0,0.9375,0.9375,1.0,0.5,0.9375,0.9375,1.0,0.5
44306,1,1,1,0,200,1.0,1.0,1.0,,1.0,1.0,1.0,,1.0,1.0,1.0,
33687,21,21,13,8,200,0.5714285714285714,0.5714285714285714,0.8461538461538461,0.125,0.6666666666666666,0.6666666666666666,1.0,0.125,0.7142857142857143,0.7142857142857143,1.0,0.25
66338,1,1,1,0,200,1.0,1.0,1.0,,1.0,1.0,1.0,,1.0,1.0,1.0,
8442,3,3,2,1,200,1.0,1.0,1.0,1.0,1.0,1.0,1.0,1.0,1.0,1.0,1.0,1.0
66769,1,1,1,0,200,1.0,1.0,1.0,,1.0,1.0,1.0,,1.0,1.0,1.0,
18495,9,9,6,3,200,0.6666666666666666,0.6666666666666666,1.0,0.0,0.7777777777777778,0.7777777777777778,1.0,0.3333333333333333,0.8888888888888888,0.8888888888888888,1.0,0.6666666666666666
85076,5,5,2,3,200,0.8,0.8,1.0,0.6666666666666666,0.8,0.8,1.0,0.6666666666666666,0.8,0.8,1.0,0.6666666666666666
87044,2,2,1,1,200,0.5,0.5,1.0,0.0,0.5,0.5,1.0,0.0,0.5,0.5,1.0,0.0
54064,2,2,0,2,200,0.0,0.0,,0.0,0.0,0.0,,0.0,0.0,0.0,,0.0
27084,3,3,1,2,200,0.3333333333333333,0.3333333333333333,1.0,0.0,0.3333333333333333,0.3333333333333333,1.0,0.0,0.3333333333333333,0.3333333333333333,1.0,0.0
11368,11,10,1,9,200,0.18181818181818182,0.2,1.0,0.1111111111111111,0.36363636363636365,0.4,1.0,0.3333333333333333,0.36363636363636365,0.4,1.0,0.3333333333333333
39138,3,2,1,1,200,0.3333333333333333,0.5,1.0,0.0,0.3333333333333333,0.5,1.0,0.0,0.6666666666666666,1.0,1.0,1.0
44233,3,3,2,1,200,1.0,1.0,1.0,1.0,1.0,1.0,1.0,1.0,1.0,1.0,1.0,1.0
58080,4,4,1,3,200,0.75,0.75,1.0,0.6666666666666666,1.0,1.0,1.0,1.0,1.0,1.0,1.0,1.0
69714,5,5,4,1,200,0.8,0.8,1.0,0.0,0.8,0.8,1.0,0.0,0.8,0.8,1.0,0.0
29498,2,2,1,1,200,0.5,0.5,1.0,0.0,0.5,0.5,1.0,0.0,0.5,0.5,1.0,0.0
88585,4,3,0,3,200,0.0,0.0,,0.0,0.0,0.0,,0.0,0.0,0.0,,0.0
83827,1,1,0,1,200,0.0,0.0,,0.0,0.0,0.0,,0.0,0.0,0.0,,0.0
76653,4,4,3,1,200,0.75,0.75,1.0,0.0,0.75,0.75,1.0,0.0,0.75,0.75,1.0,0.0
34299,3,3,2,1,200,1.0,1.0,1.0,1.0,1.0,1.0,1.0,1.0,1.0,1.0,1.0,1.0
51570,3,3,2,1,200,0.6666666666666666,0.6666666666666666,1.0,0.0,0.6666666666666666,0.6666666666666666,1.0,0.0,0.6666666666666666,0.6666666666666666,1.0,0.0
83783,6,6,3,3,200,0.5,0.5,1.0,0.0,0.5,0.5,1.0,0.0,0.5,0.5,1.0,0.0
40941,1,1,1,0,200,1.0,1.0,1.0,,1.0,1.0,1.0,,1.0,1.0,1.0,
23361,11,11,2,9,200,0.6363636363636364,0.6363636363636364,1.0,0.5555555555555556,0.7272727272727273,0.7272727272727273,1.0,0.6666666666666666,0.8181818181818182,0.8181818181818182,1.0,0.7777777777777778
25044,2,2,1,1,200,0.5,0.5,1.0,0.0,0.5,0.5,1.0,0.0,0.5,0.5,1.0,0.0
66015,7,6,2,4,200,0.2857142857142857,0.3333333333333333,1.0,0.0,0.2857142857142857,0.3333333333333333,1.0,0.0,0.2857142857142857,0.3333333333333333,1.0,0.0
60059,4,4,1,3,200,0.5,0.5,1.0,0.3333333333333333,0.5,0.5,1.0,0.3333333333333333,0.75,0.75,1.0,0.6666666666666666
87934,1,1,0,1,200,1.0,1.0,,1.0,1.0,1.0,,1.0,1.0,1.0,,1.0
68756,15,14,10,4,200,0.6666666666666666,0.7142857142857143,0.9,0.25,0.8,0.8571428571428571,1.0,0.5,0.8,0.8571428571428571,1.0,0.5
39594,6,6,3,3,200,0.8333333333333334,0.8333333333333334,1.0,0.6666666666666666,1.0,1.0,1.0,1.0,1.0,1.0,1.0,1.0
74654,9,8,5,3,200,0.3333333333333333,0.375,0.6,0.0,0.6666666666666666,0.75,1.0,0.3333333333333333,0.7777777777777778,0.875,1.0,0.6666666666666666
3020,3,3,2,1,200,1.0,1.0,1.0,1.0,1.0,1.0,1.0,1.0,1.0,1.0,1.0,1.0
52224,4,4,0,4,200,0.25,0.25,,0.25,0.25,0.25,,0.25,0.25,0.25,,0.25
66591,2,2,2,0,200,1.0,1.0,1.0,,1.0,1.0,1.0,,1.0,1.0,1.0,
25902,3,3,1,2,200,1.0,1.0,1.0,1.0,1.0,1.0,1.0,1.0,1.0,1.0,1.0,1.0
50644,1,1,1,0,200,1.0,1.0,1.0,,1.0,1.0,1.0,,1.0,1.0,1.0,
93491,4,4,3,1,200,0.75,0.75,1.0,0.0,0.75,0.75,1.0,0.0,0.75,0.75,1.0,0.0
499,1,1,0,1,200,1.0,1.0,,1.0,1.0,1.0,,1.0,1.0,1.0,,1.0
43739,5,5,4,1,200,1.0,1.0,1.0,1.0,1.0,1.0,1.0,1.0,1.0,1.0,1.0,1.0
84309,8,8,4,4,200,0.75,0.75,1.0,0.5,0.875,0.875,1.0,0.75,1.0,1.0,1.0,1.0
22955,5,5,4,1,200,1.0,1.0,1.0,1.0,1.0,1.0,1.0,1.0,1.0,1.0,1.0,1.0
61172,2,2,0,2,200,0.0,0.0,,0.0,0.5,0.5,,0.5,0.5,0.5,,0.5
10111,4,4,2,2,200,0.5,0.5,1.0,0.0,0.5,0.5,1.0,0.0,0.5,0.5,1.0,0.0
23044,6,6,2,4,200,0.5,0.5,1.0,0.25,0.5,0.5,1.0,0.25,0.5,0.5,1.0,0.25
89136,25,23,16,7,200,0.68,0.7391304347826086,0.8125,0.5714285714285714,0.8,0.8695652173913043,1.0,0.5714285714285714,0.8,0.8695652173913043,1.0,0.5714285714285714
5034,3,3,2,1,200,1.0,1.0,1.0,1.0,1.0,1.0,1.0,1.0,1.0,1.0,1.0,1.0
37634,2,2,2,0,200,1.0,1.0,1.0,,1.0,1.0,1.0,,1.0,1.0,1.0,
99230,4,4,2,2,200,0.75,0.75,1.0,0.5,1.0,1.0,1.0,1.0,1.0,1.0,1.0,1.0
38811,1,1,0,1,200,1.0,1.0,,1.0,1.0,1.0,,1.0,1.0,1.0,,1.0
72659,2,2,2,0,200,1.0,1.0,1.0,,1.0,1.0,1.0,,1.0,1.0,1.0,
72704,1,0,0,0,200,0.0,,,,0.0,,,,0.0,,,
85047,2,2,2,0,200,1.0,1.0,1.0,,1.0,1.0,1.0,,1.0,1.0,1.0,
866,3,3,2,1,200,0.6666666666666666,0.6666666666666666,1.0,0.0,0.6666666666666666,0.6666666666666666,1.0,0.0,0.6666666666666666,0.6666666666666666,1.0,0.0
76088,10,10,7,3,200,0.5,0.5,0.5714285714285714,0.3333333333333333,0.8,0.8,1.0,0.3333333333333333,0.9,0.9,1.0,0.6666666666666666
64621,2,2,1,1,200,0.5,0.5,1.0,0.0,0.5,0.5,1.0,0.0,0.5,0.5,1.0,0.0
70113,1,1,1,0,200,1.0,1.0,1.0,,1.0,1.0,1.0,,1.0,1.0,1.0,
74973,4,4,1,3,200,0.25,0.25,1.0,0.0,0.25,0.25,1.0,0.0,0.25,0.25,1.0,0.0
66418,1,0,0,0,200,0.0,,,,0.0,,,,0.0,,,
91556,1,1,0,1,200,0.0,0.0,,0.0,0.0,0.0,,0.0,0.0,0.0,,0.0
10847,9,8,6,2,200,0.6666666666666666,0.75,1.0,0.0,0.7777777777777778,0.875,1.0,0.5,0.8888888888888888,1.0,1.0,1.0
36388,1,1,1,0,200,1.0,1.0,1.0,,1.0,1.0,1.0,,1.0,1.0,1.0,
5010,3,3,3,0,200,1.0,1.0,1.0,,1.0,1.0,1.0,,1.0,1.0,1.0,
93648,10,9,5,4,200,0.6,0.6666666666666666,1.0,0.25,0.7,0.7777777777777778,1.0,0.5,0.8,0.8888888888888888,1.0,0.75
36751,1,0,0,0,200,0.0,,,,0.0,,,,0.0,,,
5646,2,2,2,0,200,1.0,1.0,1.0,,1.0,1.0,1.0,,1.0,1.0,1.0,
3822,6,6,5,1,200,1.0,1.0,1.0,1.0,1.0,1.0,1.0,1.0,1.0,1.0,1.0,1.0
23446,5,5,5,0,200,1.0,1.0,1.0,,1.0,1.0,1.0,,1.0,1.0,1.0,
80886,1,1,1,0,200,1.0,1.0,1.0,,1.0,1.0,1.0,,1.0,1.0,1.0,
43836,4,4,2,2,200,0.5,0.5,1.0,0.0,0.5,0.5,1.0,0.0,0.75,0.75,1.0,0.5
90885,8,8,4,4,200,0.875,0.875,1.0,0.75,0.875,0.875,1.0,0.75,0.875,0.875,1.0,0.75
26228,2,2,1,1,200,0.5,0.5,1.0,0.0,0.5,0.5,1.0,0.0,1.0,1.0,1.0,1.0
78907,5,4,3,1,200,0.8,1.0,1.0,1.0,0.8,1.0,1.0,1.0,0.8,1.0,1.0,1.0
53189,2,2,0,2,200,0.5,0.5,,0.5,0.5,0.5,,0.5,0.5,0.5,,0.5
54677,1,1,1,0,200,1.0,1.0,1.0,,1.0,1.0,1.0,,1.0,1.0,1.0,
21878,2,2,2,0,200,1.0,1.0,1.0,,1.0,1.0,1.0,,1.0,1.0,1.0,
8453,10,5,1,4,200,0.1,0.2,1.0,0.0,0.1,0.2,1.0,0.0,0.1,0.2,1.0,0.0
63952,4,4,0,4,200,0.0,0.0,,0.0,0.0,0.0,,0.0,0.0,0.0,,0.0
78084,2,2,2,0,200,1.0,1.0,1.0,,1.0,1.0,1.0,,1.0,1.0,1.0,
7450,2,2,2,0,200,1.0,1.0,1.0,,1.0,1.0,1.0,,1.0,1.0,1.0,
40637,4,4,1,3,200,0.25,0.25,1.0,0.0,0.25,0.25,1.0,0.0,0.5,0.5,1.0,0.3333333333333333
23790,1,1,1,0,200,1.0,1.0,1.0,,1.0,1.0,1.0,,1.0,1.0,1.0,
96011,1,1,1,0,200,1.0,1.0,1.0,,1.0,1.0,1.0,,1.0,1.0,1.0,
32112,3,3,2,1,200,0.6666666666666666,0.6666666666666666,1.0,0.0,0.6666666666666666,0.6666666666666666,1.0,0.0,0.6666666666666666,0.6666666666666666,1.0,0.0
45807,10,10,7,3,200,0.7,0.7,1.0,0.0,0.7,0.7,1.0,0.0,0.7,0.7,1.0,0.0
84536,2,2,0,2,200,0.5,0.5,,0.5,0.5,0.5,,0.5,0.5,0.5,,0.5
96812,1,1,1,0,200,1.0,1.0,1.0,,1.0,1.0,1.0,,1.0,1.0,1.0,
86037,3,3,3,0,200,1.0,1.0,1.0,,1.0,1.0,1.0,,1.0,1.0,1.0,
48214,8,8,6,2,200,0.75,0.75,1.0,0.0,0.75,0.75,1.0,0.0,0.75,0.75,1.0,0.0
94649,1,1,0,1,200,0.0,0.0,,0.0,0.0,0.0,,0.0,1.0,1.0,,1.0
76502,1,1,1,0,200,1.0,1.0,1.0,,1.0,1.0,1.0,,1.0,1.0,1.0,
50040,2,2,0,2,200,0.5,0.5,,0.5,0.5,0.5,,0.5,0.5,0.5,,0.5
4245,12,12,9,3,200,0.6666666666666666,0.6666666666666666,0.8888888888888888,0.0,0.75,0.75,1.0,0.0,0.75,0.75,1.0,0.0
29413,6,6,4,2,200,0.8333333333333334,0.8333333333333334,1.0,0.5,0.8333333333333334,0.8333333333333334,1.0,0.5,1.0,1.0,1.0,1.0
12330,2,2,0,2,200,0.0,0.0,,0.0,0.5,0.5,,0.5,0.5,0.5,,0.5
519,3,3,1,2,200,0.6666666666666666,0.6666666666666666,1.0,0.5,0.6666666666666666,0.6666666666666666,1.0,0.5,0.6666666666666666,0.6666666666666666,1.0,0.5
34181,8,8,4,4,200,0.5,0.5,1.0,0.0,0.625,0.625,1.0,0.25,0.625,0.625,1.0,0.25
62704,2,2,0,2,200,0.0,0.0,,0.0,0.0,0.0,,0.0,0.0,0.0,,0.0
73786,7,5,1,4,200,0.14285714285714285,0.2,1.0,0.0,0.14285714285714285,0.2,1.0,0.0,0.14285714285714285,0.2,1.0,0.0
95327,3,3,2,1,200,1.0,1.0,1.0,1.0,1.0,1.0,1.0,1.0,1.0,1.0,1.0,1.0
72176,12,12,3,9,200,0.6666666666666666,0.6666666666666666,1.0,0.5555555555555556,0.6666666666666666,0.6666666666666666,1.0,0.5555555555555556,0.6666666666666666,0.6666666666666666,1.0,0.5555555555555556
80814,1,0,0,0,200,0.0,,,,0.0,,,,0.0,,,
28482,4,4,2,2,200,0.5,0.5,1.0,0.0,0.75,0.75,1.0,0.5,0.75,0.75,1.0,0.5
98541,1,1,1,0,200,1.0,1.0,1.0,,1.0,1.0,1.0,,1.0,1.0,1.0,
96740,3,3,1,2,200,0.6666666666666666,0.6666666666666666,1.0,0.5,0.6666666666666666,0.6666666666666666,1.0,0.5,0.6666666666666666,0.6666666666666666,1.0,0.5
10653,8,6,0,6,200,0.0,0.0,,0.0,0.125,0.16666666666666666,,0.16666666666666666,0.25,0.3333333333333333,,0.3333333333333333
95288,2,2,2,0,200,1.0,1.0,1.0,,1.0,1.0,1.0,,1.0,1.0,1.0,
41174,4,4,0,4,200,0.25,0.25,,0.25,0.25,0.25,,0.25,0.25,0.25,,0.25
64403,2,2,0,2,200,0.0,0.0,,0.0,0.0,0.0,,0.0,0.0,0.0,,0.0
94497,3,3,1,2,200,0.3333333333333333,0.3333333333333333,1.0,0.0,0.3333333333333333,0.3333333333333333,1.0,0.0,0.6666666666666666,0.6666666666666666,1.0,0.5
54479,18,18,16,2,200,0.9444444444444444,0.9444444444444444,0.9375,1.0,1.0,1.0,1.0,1.0,1.0,1.0,1.0,1.0
63966,1,1,1,0,200,1.0,1.0,1.0,,1.0,1.0,1.0,,1.0,1.0,1.0,
43440,1,1,1,0,200,1.0,1.0,1.0,,1.0,1.0,1.0,,1.0,1.0,1.0,
79648,6,6,3,3,200,0.5,0.5,0.6666666666666666,0.3333333333333333,0.8333333333333334,0.8333333333333334,1.0,0.6666666666666666,0.8333333333333334,0.8333333333333334,1.0,0.6666666666666666
72053,8,8,7,1,200,0.75,0.75,0.8571428571428571,0.0,0.875,0.875,1.0,0.0,0.875,0.875,1.0,0.0
49954,10,10,6,4,200,0.7,0.7,0.8333333333333334,0.5,0.9,0.9,1.0,0.75,0.9,0.9,1.0,0.75
11341,4,3,2,1,200,0.5,0.6666666666666666,1.0,0.0,0.5,0.6666666666666666,1.0,0.0,0.5,0.6666666666666666,1.0,0.0
7467,11,11,6,5,200,0.5454545454545454,0.5454545454545454,1.0,0.0,0.5454545454545454,0.5454545454545454,1.0,0.0,0.5454545454545454,0.5454545454545454,1.0,0.0
85244,15,13,4,9,200,0.2,0.23076923076923078,0.75,0.0,0.4,0.46153846153846156,1.0,0.2222222222222222,0.4666666666666667,0.5384615384615384,1.0,0.3333333333333333
45434,1,1,0,1,200,0.0,0.0,,0.0,0.0,0.0,,0.0,1.0,1.0,,1.0
76996,1,1,1,0,200,1.0,1.0,1.0,,1.0,1.0,1.0,,1.0,1.0,1.0,
61387,10,10,4,6,200,0.9,0.9,1.0,0.8333333333333334,0.9,0.9,1.0,0.8333333333333334,1.0,1.0,1.0,1.0
94686,5,5,2,3,200,0.4,0.4,1.0,0.0,0.4,0.4,1.0,0.0,0.4,0.4,1.0,0.0
28139,1,1,0,1,200,1.0,1.0,,1.0,1.0,1.0,,1.0,1.0,1.0,,1.0
70904,3,2,1,1,200,0.6666666666666666,1.0,1.0,1.0,0.6666666666666666,1.0,1.0,1.0,0.6666666666666666,1.0,1.0,1.0
50742,1,1,1,0,200,1.0,1.0,1.0,,1.0,1.0,1.0,,1.0,1.0,1.0,
88802,3,3,1,2,200,0.3333333333333333,0.3333333333333333,1.0,0.0,0.3333333333333333,0.3333333333333333,1.0,0.0,0.3333333333333333,0.3333333333333333,1.0,0.0
64106,3,3,2,1,200,1.0,1.0,1.0,1.0,1.0,1.0,1.0,1.0,1.0,1.0,1.0,1.0
74924,1,1,0,1,200,0.0,0.0,,0.0,0.0,0.0,,0.0,1.0,1.0,,1.0
96797,9,9,2,7,200,0.3333333333333333,0.3333333333333333,1.0,0.14285714285714285,0.4444444444444444,0.4444444444444444,1.0,0.2857142857142857,0.5555555555555556,0.5555555555555556,1.0,0.42857142857142855
47090,9,9,6,3,200,0.7777777777777778,0.7777777777777778,1.0,0.3333333333333333,0.8888888888888888,0.8888888888888888,1.0,0.6666666666666666,1.0,1.0,1.0,1.0
86474,1,0,0,0,200,0.0,,,,0.0,,,,0.0,,,
61087,3,3,3,0,200,1.0,1.0,1.0,,1.0,1.0,1.0,,1.0,1.0,1.0,
79038,2,2,2,0,200,1.0,1.0,1.0,,1.0,1.0,1.0,,1.0,1.0,1.0,
96487,7,7,5,2,200,0.7142857142857143,0.7142857142857143,1.0,0.0,0.7142857142857143,0.7142857142857143,1.0,0.0,0.7142857142857143,0.7142857142857143,1.0,0.0
70218,3,3,0,3,200,0.0,0.0,,0.0,0.0,0.0,,0.0,0.3333333333333333,0.3333333333333333,,0.3333333333333333
62430,11,11,10,1,200,0.8181818181818182,0.8181818181818182,0.9,0.0,0.9090909090909091,0.9090909090909091,1.0,0.0,0.9090909090909091,0.9090909090909091,1.0,0.0
51813,2,2,2,0,200,1.0,1.0,1.0,,1.0,1.0,1.0,,1.0,1.0,1.0,
69186,8,8,5,3,200,0.625,0.625,1.0,0.0,0.75,0.75,1.0,0.3333333333333333,1.0,1.0,1.0,1.0
16876,7,7,1,6,200,0.5714285714285714,0.5714285714285714,1.0,0.5,0.5714285714285714,0.5714285714285714,1.0,0.5,0.5714285714285714,0.5714285714285714,1.0,0.5
27482,1,1,1,0,200,1.0,1.0,1.0,,1.0,1.0,1.0,,1.0,1.0,1.0,
41068,7,7,5,2,200,0.7142857142857143,0.7142857142857143,1.0,0.0,0.7142857142857143,0.7142857142857143,1.0,0.0,0.7142857142857143,0.7142857142857143,1.0,0.0
785,1,1,1,0,200,1.0,1.0,1.0,,1.0,1.0,1.0,,1.0,1.0,1.0,
55809,1,1,1,0,200,1.0,1.0,1.0,,1.0,1.0,1.0,,1.0,1.0,1.0,
58982,3,3,2,1,200,0.6666666666666666,0.6666666666666666,1.0,0.0,0.6666666666666666,0.6666666666666666,1.0,0.0,0.6666666666666666,0.6666666666666666,1.0,0.0
14182,1,1,1,0,200,1.0,1.0,1.0,,1.0,1.0,1.0,,1.0,1.0,1.0,
30370,8,8,6,2,200,0.75,0.75,1.0,0.0,0.75,0.75,1.0,0.0,0.875,0.875,1.0,0.5
41535,4,4,0,4,200,0.25,0.25,,0.25,0.25,0.25,,0.25,0.25,0.25,,0.25
98702,2,1,0,1,200,0.0,0.0,,0.0,0.0,0.0,,0.0,0.0,0.0,,0.0
68021,5,5,3,2,200,0.8,0.8,1.0,0.5,0.8,0.8,1.0,0.5,0.8,0.8,1.0,0.5
91267,9,9,8,1,200,0.6666666666666666,0.6666666666666666,0.75,0.0,0.8888888888888888,0.8888888888888888,1.0,0.0,0.8888888888888888,0.8888888888888888,1.0,0.0
59922,1,1,1,0,200,1.0,1.0,1.0,,1.0,1.0,1.0,,1.0,1.0,1.0,
2540,4,3,1,2,200,0.25,0.3333333333333333,1.0,0.0,0.5,0.6666666666666666,1.0,0.5,0.5,0.6666666666666666,1.0,0.5
25560,4,4,3,1,200,0.75,0.75,1.0,0.0,0.75,0.75,1.0,0.0,0.75,0.75,1.0,0.0
18945,6,6,3,3,200,1.0,1.0,1.0,1.0,1.0,1.0,1.0,1.0,1.0,1.0,1.0,1.0
31298,2,2,2,0,200,1.0,1.0,1.0,,1.0,1.0,1.0,,1.0,1.0,1.0,
33477,1,1,1,0,200,1.0,1.0,1.0,,1.0,1.0,1.0,,1.0,1.0,1.0,
909,2,2,2,0,200,1.0,1.0,1.0,,1.0,1.0,1.0,,1.0,1.0,1.0,
17561,1,1,1,0,200,1.0,1.0,1.0,,1.0,1.0,1.0,,1.0,1.0,1.0,
38664,1,1,1,0,200,1.0,1.0,1.0,,1.0,1.0,1.0,,1.0,1.0,1.0,
62155,3,3,3,0,200,1.0,1.0,1.0,,1.0,1.0,1.0,,1.0,1.0,1.0,
61975,1,1,1,0,200,1.0,1.0,1.0,,1.0,1.0,1.0,,1.0,1.0,1.0,
90265,2,2,0,2,200,0.5,0.5,,0.5,1.0,1.0,,1.0,1.0,1.0,,1.0
98176,1,1,1,0,200,1.0,1.0,1.0,,1.0,1.0,1.0,,1.0,1.0,1.0,
39395,10,10,9,1,200,0.8,0.8,0.8888888888888888,0.0,0.9,0.9,1.0,0.0,0.9,0.9,1.0,0.0
2265,21,20,12,8,200,0.5714285714285714,0.6,1.0,0.0,0.6190476190476191,0.65,1.0,0.125,0.7619047619047619,0.8,1.0,0.5
10436,5,4,4,0,200,0.6,0.75,0.75,,0.8,1.0,1.0,,0.8,1.0,1.0,
50969,2,2,2,0,200,1.0,1.0,1.0,,1.0,1.0,1.0,,1.0,1.0,1.0,
52394,4,4,3,1,200,0.75,0.75,1.0,0.0,0.75,0.75,1.0,0.0,0.75,0.75,1.0,0.0
83498,2,2,1,1,200,1.0,1.0,1.0,1.0,1.0,1.0,1.0,1.0,1.0,1.0,1.0,1.0
49173,3,3,0,3,200,0.0,0.0,,0.0,0.0,0.0,,0.0,0.0,0.0,,0.0
57466,1,1,1,0,200,1.0,1.0,1.0,,1.0,1.0,1.0,,1.0,1.0,1.0,
33636,4,4,1,3,200,0.75,0.75,1.0,0.6666666666666666,1.0,1.0,1.0,1.0,1.0,1.0,1.0,1.0
37940,7,7,6,1,200,0.8571428571428571,0.8571428571428571,1.0,0.0,0.8571428571428571,0.8571428571428571,1.0,0.0,0.8571428571428571,0.8571428571428571,1.0,0.0
83716,11,10,3,7,200,0.36363636363636365,0.4,0.6666666666666666,0.2857142857142857,0.45454545454545453,0.5,1.0,0.2857142857142857,0.5454545454545454,0.6,1.0,0.42857142857142855
11957,3,3,2,1,200,0.3333333333333333,0.3333333333333333,0.5,0.0,0.6666666666666666,0.6666666666666666,1.0,0.0,0.6666666666666666,0.6666666666666666,1.0,0.0
57890,2,2,0,2,200,0.0,0.0,,0.0,0.0,0.0,,0.0,0.5,0.5,,0.5
30149,9,8,2,6,200,0.5555555555555556,0.625,1.0,0.5,0.6666666666666666,0.75,1.0,0.6666666666666666,0.7777777777777778,0.875,1.0,0.8333333333333334
89466,7,7,2,5,200,0.42857142857142855,0.42857142857142855,1.0,0.2,0.42857142857142855,0.42857142857142855,1.0,0.2,0.5714285714285714,0.5714285714285714,1.0,0.4
42592,4,4,3,1,200,0.75,0.75,1.0,0.0,0.75,0.75,1.0,0.0,0.75,0.75,1.0,0.0
49772,3,3,1,2,200,0.3333333333333333,0.3333333333333333,1.0,0.0,0.3333333333333333,0.3333333333333333,1.0,0.0,0.3333333333333333,0.3333333333333333,1.0,0.0
36532,1,1,1,0,200,1.0,1.0,1.0,,1.0,1.0,1.0,,1.0,1.0,1.0,
83901,6,6,1,5,200,0.6666666666666666,0.6666666666666666,1.0,0.6,0.8333333333333334,0.8333333333333334,1.0,0.8,1.0,1.0,1.0,1.0
67892,5,3,2,1,200,0.4,0.6666666666666666,1.0,0.0,0.4,0.6666666666666666,1.0,0.0,0.4,0.6666666666666666,1.0,0.0
75722,2,2,2,0,200,1.0,1.0,1.0,,1.0,1.0,1.0,,1.0,1.0,1.0,
52399,9,9,8,1,200,1.0,1.0,1.0,1.0,1.0,1.0,1.0,1.0,1.0,1.0,1.0,1.0
47604,7,7,5,2,200,0.5714285714285714,0.5714285714285714,0.8,0.0,0.8571428571428571,0.8571428571428571,1.0,0.5,0.8571428571428571,0.8571428571428571,1.0,0.5
32729,1,1,1,0,200,1.0,1.0,1.0,,1.0,1.0,1.0,,1.0,1.0,1.0,
83164,3,2,2,0,200,0.6666666666666666,1.0,1.0,,0.6666666666666666,1.0,1.0,,0.6666666666666666,1.0,1.0,
91709,3,3,1,2,200,0.6666666666666666,0.6666666666666666,1.0,0.5,0.6666666666666666,0.6666666666666666,1.0,0.5,0.6666666666666666,0.6666666666666666,1.0,0.5
33455,3,3,1,2,200,0.3333333333333333,0.3333333333333333,1.0,0.0,0.6666666666666666,0.6666666666666666,1.0,0.5,0.6666666666666666,0.6666666666666666,1.0,0.5
86762,1,1,0,1,200,0.0,0.0,,0.0,0.0,0.0,,0.0,0.0,0.0,,0.0
53191,4,4,3,1,200,0.75,0.75,1.0,0.0,1.0,1.0,1.0,1.0,1.0,1.0,1.0,1.0
73235,3,3,1,2,200,0.3333333333333333,0.3333333333333333,1.0,0.0,0.3333333333333333,0.3333333333333333,1.0,0.0,0.6666666666666666,0.6666666666666666,1.0,0.5
36207,2,2,0,2,200,0.0,0.0,,0.0,0.0,0.0,,0.0,0.0,0.0,,0.0
71395,7,7,0,7,200,0.42857142857142855,0.42857142857142855,,0.42857142857142855,0.42857142857142855,0.42857142857142855,,0.42857142857142855,0.7142857142857143,0.7142857142857143,,0.7142857142857143
5932,8,7,5,2,200,0.625,0.7142857142857143,1.0,0.0,0.75,0.8571428571428571,1.0,0.5,0.75,0.8571428571428571,1.0,0.5
60505,1,1,0,1,200,1.0,1.0,,1.0,1.0,1.0,,1.0,1.0,1.0,,1.0
75134,1,1,0,1,200,0.0,0.0,,0.0,0.0,0.0,,0.0,0.0,0.0,,0.0
78301,1,1,1,0,200,1.0,1.0,1.0,,1.0,1.0,1.0,,1.0,1.0,1.0,
66039,9,8,4,4,200,0.5555555555555556,0.625,1.0,0.25,0.5555555555555556,0.625,1.0,0.25,0.5555555555555556,0.625,1.0,0.25
40233,1,1,1,0,200,1.0,1.0,1.0,,1.0,1.0,1.0,,1.0,1.0,1.0,
64006,2,2,0,2,200,1.0,1.0,,1.0,1.0,1.0,,1.0,1.0,1.0,,1.0
54847,1,1,1,0,200,1.0,1.0,1.0,,1.0,1.0,1.0,,1.0,1.0,1.0,
62853,4,4,1,3,200,0.25,0.25,1.0,0.0,0.25,0.25,1.0,0.0,0.25,0.25,1.0,0.0
98845,1,1,1,0,200,1.0,1.0,1.0,,1.0,1.0,1.0,,1.0,1.0,1.0,
83092,1,0,0,0,200,0.0,,,,0.0,,,,0.0,,,
98852,4,3,2,1,200,0.5,0.6666666666666666,1.0,0.0,0.5,0.6666666666666666,1.0,0.0,0.5,0.6666666666666666,1.0,0.0
24018,1,1,0,1,200,0.0,0.0,,0.0,0.0,0.0,,0.0,0.0,0.0,,0.0
26563,3,3,0,3,200,0.6666666666666666,0.6666666666666666,,0.6666666666666666,0.6666666666666666,0.6666666666666666,,0.6666666666666666,0.6666666666666666,0.6666666666666666,,0.6666666666666666
8397,1,1,1,0,200,1.0,1.0,1.0,,1.0,1.0,1.0,,1.0,1.0,1.0,
1443,2,2,2,0,200,1.0,1.0,1.0,,1.0,1.0,1.0,,1.0,1.0,1.0,
48651,2,2,1,1,200,0.5,0.5,1.0,0.0,0.5,0.5,1.0,0.0,0.5,0.5,1.0,0.0
71256,1,1,0,1,200,1.0,1.0,,1.0,1.0,1.0,,1.0,1.0,1.0,,1.0
57854,1,1,1,0,200,1.0,1.0,1.0,,1.0,1.0,1.0,,1.0,1.0,1.0,
98006,2,2,2,0,200,1.0,1.0,1.0,,1.0,1.0,1.0,,1.0,1.0,1.0,
48338,1,1,0,1,200,0.0,0.0,,0.0,0.0,0.0,,0.0,0.0,0.0,,0.0
19242,14,14,12,2,200,0.7142857142857143,0.7142857142857143,0.8333333333333334,0.0,0.8571428571428571,0.8571428571428571,1.0,0.0,0.8571428571428571,0.8571428571428571,1.0,0.0
28897,9,9,6,3,200,0.7777777777777778,0.7777777777777778,1.0,0.3333333333333333,0.8888888888888888,0.8888888888888888,1.0,0.6666666666666666,0.8888888888888888,0.8888888888888888,1.0,0.6666666666666666
19054,6,6,4,2,200,0.6666666666666666,0.6666666666666666,1.0,0.0,0.6666666666666666,0.6666666666666666,1.0,0.0,1.0,1.0,1.0,1.0
22941,3,3,1,2,200,0.3333333333333333,0.3333333333333333,1.0,0.0,0.3333333333333333,0.3333333333333333,1.0,0.0,0.3333333333333333,0.3333333333333333,1.0,0.0
98765,3,3,2,1,200,0.6666666666666666,0.6666666666666666,1.0,0.0,0.6666666666666666,0.6666666666666666,1.0,0.0,0.6666666666666666,0.6666666666666666,1.0,0.0
4615,2,2,0,2,200,1.0,1.0,,1.0,1.0,1.0,,1.0,1.0,1.0,,1.0
92651,7,7,2,5,200,0.5714285714285714,0.5714285714285714,1.0,0.4,0.5714285714285714,0.5714285714285714,1.0,0.4,0.7142857142857143,0.7142857142857143,1.0,0.6
89291,2,2,0,2,200,0.0,0.0,,0.0,0.0,0.0,,0.0,0.0,0.0,,0.0
24066,3,3,1,2,200,1.0,1.0,1.0,1.0,1.0,1.0,1.0,1.0,1.0,1.0,1.0,1.0
17910,1,1,0,1,200,0.0,0.0,,0.0,0.0,0.0,,0.0,0.0,0.0,,0.0
30285,1,1,0,1,200,0.0,0.0,,0.0,0.0,0.0,,0.0,0.0,0.0,,0.0
14992,4,4,3,1,200,1.0,1.0,1.0,1.0,1.0,1.0,1.0,1.0,1.0,1.0,1.0,1.0
90508,2,1,1,0,200,0.5,1.0,1.0,,0.5,1.0,1.0,,0.5,1.0,1.0,
46351,1,1,1,0,200,1.0,1.0,1.0,,1.0,1.0,1.0,,1.0,1.0,1.0,
47356,1,1,0,1,200,0.0,0.0,,0.0,0.0,0.0,,0.0,1.0,1.0,,1.0
42893,2,2,2,0,200,1.0,1.0,1.0,,1.0,1.0,1.0,,1.0,1.0,1.0,
4275,1,1,0,1,200,0.0,0.0,,0.0,0.0,0.0,,0.0,0.0,0.0,,0.0
74437,1,1,1,0,200,1.0,1.0,1.0,,1.0,1.0,1.0,,1.0,1.0,1.0,
82310,11,11,10,1,200,0.7272727272727273,0.7272727272727273,0.8,0.0,0.9090909090909091,0.9090909090909091,1.0,0.0,1.0,1.0,1.0,1.0
8023,2,2,2,0,200,1.0,1.0,1.0,,1.0,1.0,1.0,,1.0,1.0,1.0,
32507,1,1,1,0,200,1.0,1.0,1.0,,1.0,1.0,1.0,,1.0,1.0,1.0,
38828,4,4,3,1,200,1.0,1.0,1.0,1.0,1.0,1.0,1.0,1.0,1.0,1.0,1.0,1.0
83063,27,27,18,9,200,0.6296296296296297,0.6296296296296297,0.9444444444444444,0.0,0.8148148148148148,0.8148148148148148,1.0,0.4444444444444444,0.8888888888888888,0.8888888888888888,1.0,0.6666666666666666
44299,1,1,0,1,200,0.0,0.0,,0.0,0.0,0.0,,0.0,0.0,0.0,,0.0
49621,5,3,2,1,200,0.4,0.6666666666666666,1.0,0.0,0.4,0.6666666666666666,1.0,0.0,0.4,0.6666666666666666,1.0,0.0
99371,1,1,0,1,200,0.0,0.0,,0.0,0.0,0.0,,0.0,0.0,0.0,,0.0
64208,9,9,6,3,200,0.6666666666666666,0.6666666666666666,1.0,0.0,0.6666666666666666,0.6666666666666666,1.0,0.0,0.6666666666666666,0.6666666666666666,1.0,0.0
97521,9,9,6,3,200,1.0,1.0,1.0,1.0,1.0,1.0,1.0,1.0,1.0,1.0,1.0,1.0
79054,1,1,1,0,200,1.0,1.0,1.0,,1.0,1.0,1.0,,1.0,1.0,1.0,
82690,1,1,1,0,200,1.0,1.0,1.0,,1.0,1.0,1.0,,1.0,1.0,1.0,
19846,4,4,3,1,200,1.0,1.0,1.0,1.0,1.0,1.0,1.0,1.0,1.0,1.0,1.0,1.0
54862,2,2,1,1,200,1.0,1.0,1.0,1.0,1.0,1.0,1.0,1.0,1.0,1.0,1.0,1.0
94356,2,2,1,1,200,0.5,0.5,1.0,0.0,0.5,0.5,1.0,0.0,0.5,0.5,1.0,0.0
97397,2,2,2,0,200,1.0,1.0,1.0,,1.0,1.0,1.0,,1.0,1.0,1.0,
90691,3,3,3,0,200,1.0,1.0,1.0,,1.0,1.0,1.0,,1.0,1.0,1.0,
82415,8,8,4,4,200,0.5,0.5,1.0,0.0,0.5,0.5,1.0,0.0,0.625,0.625,1.0,0.25
41357,18,18,14,4,200,0.8333333333333334,0.8333333333333334,1.0,0.25,0.8888888888888888,0.8888888888888888,1.0,0.5,0.9444444444444444,0.9444444444444444,1.0,0.75
16478,2,2,0,2,200,0.0,0.0,,0.0,0.0,0.0,,0.0,0.0,0.0,,0.0
70139,1,0,0,0,200,0.0,,,,0.0,,,,0.0,,,
16274,3,3,0,3,200,1.0,1.0,,1.0,1.0,1.0,,1.0,1.0,1.0,,1.0
46104,1,1,0,1,200,1.0,1.0,,1.0,1.0,1.0,,1.0,1.0,1.0,,1.0
51827,2,2,1,1,200,0.5,0.5,1.0,0.0,0.5,0.5,1.0,0.0,1.0,1.0,1.0,1.0
74575,2,2,1,1,200,0.5,0.5,1.0,0.0,0.5,0.5,1.0,0.0,0.5,0.5,1.0,0.0
20692,4,4,2,2,200,0.5,0.5,1.0,0.0,0.5,0.5,1.0,0.0,0.5,0.5,1.0,0.0
99096,6,6,2,4,200,0.3333333333333333,0.3333333333333333,1.0,0.0,0.5,0.5,1.0,0.25,0.5,0.5,1.0,0.25
1131,4,4,0,4,200,0.0,0.0,,0.0,0.0,0.0,,0.0,0.0,0.0,,0.0
33001,6,6,4,2,200,0.6666666666666666,0.6666666666666666,1.0,0.0,0.8333333333333334,0.8333333333333334,1.0,0.5,1.0,1.0,1.0,1.0
63246,2,0,0,0,200,0.0,,,,0.0,,,,0.0,,,
91238,8,8,5,3,200,0.75,0.75,1.0,0.3333333333333333,0.75,0.75,1.0,0.3333333333333333,0.875,0.875,1.0,0.6666666666666666
38376,8,8,3,5,200,0.625,0.625,1.0,0.4,0.75,0.75,1.0,0.6,0.75,0.75,1.0,0.6
74260,7,7,6,1,200,0.8571428571428571,0.8571428571428571,0.8333333333333334,1.0,1.0,1.0,1.0,1.0,1.0,1.0,1.0,1.0
69553,3,3,3,0,200,1.0,1.0,1.0,,1.0,1.0,1.0,,1.0,1.0,1.0,
14362,10,10,3,7,200,0.7,0.7,1.0,0.5714285714285714,0.8,0.8,1.0,0.7142857142857143,0.9,0.9,1.0,0.8571428571428571
67825,4,2,0,2,200,0.0,0.0,,0.0,0.0,0.0,,0.0,0.0,0.0,,0.0
76011,1,1,0,1,200,1.0,1.0,,1.0,1.0,1.0,,1.0,1.0,1.0,,1.0
30780,4,4,4,0,200,1.0,1.0,1.0,,1.0,1.0,1.0,,1.0,1.0,1.0,
42012,1,1,1,0,200,1.0,1.0,1.0,,1.0,1.0,1.0,,1.0,1.0,1.0,
76168,5,5,2,3,200,0.6,0.6,1.0,0.3333333333333333,0.6,0.6,1.0,0.3333333333333333,0.6,0.6,1.0,0.3333333333333333
44448,3,3,2,1,200,1.0,1.0,1.0,1.0,1.0,1.0,1.0,1.0,1.0,1.0,1.0,1.0
98076,2,2,2,0,200,1.0,1.0,1.0,,1.0,1.0,1.0,,1.0,1.0,1.0,
7707,5,5,5,0,200,1.0,1.0,1.0,,1.0,1.0,1.0,,1.0,1.0,1.0,
94432,1,1,1,0,200,1.0,1.0,1.0,,1.0,1.0,1.0,,1.0,1.0,1.0,
49530,4,4,2,2,200,1.0,1.0,1.0,1.0,1.0,1.0,1.0,1.0,1.0,1.0,1.0,1.0
36090,5,5,2,3,200,0.8,0.8,1.0,0.6666666666666666,0.8,0.8,1.0,0.6666666666666666,0.8,0.8,1.0,0.6666666666666666
50204,14,14,7,7,200,0.5714285714285714,0.5714285714285714,1.0,0.14285714285714285,0.6428571428571429,0.6428571428571429,1.0,0.2857142857142857,0.7142857142857143,0.7142857142857143,1.0,0.42857142857142855
11921,1,1,0,1,200,1.0,1.0,,1.0,1.0,1.0,,1.0,1.0,1.0,,1.0
65938,8,8,6,2,200,0.75,0.75,1.0,0.0,0.75,0.75,1.0,0.0,0.75,0.75,1.0,0.0
59328,4,4,0,4,200,1.0,1.0,,1.0,1.0,1.0,,1.0,1.0,1.0,,1.0
23620,1,1,1,0,200,1.0,1.0,1.0,,1.0,1.0,1.0,,1.0,1.0,1.0,
15299,7,7,2,5,200,0.7142857142857143,0.7142857142857143,1.0,0.6,0.7142857142857143,0.7142857142857143,1.0,0.6,0.8571428571428571,0.8571428571428571,1.0,0.8
69941,4,4,2,2,200,0.5,0.5,1.0,0.0,0.5,0.5,1.0,0.0,0.5,0.5,1.0,0.0
36819,1,1,0,1,200,0.0,0.0,,0.0,1.0,1.0,,1.0,1.0,1.0,,1.0
41120,13,13,7,6,200,0.8461538461538461,0.8461538461538461,1.0,0.6666666666666666,0.9230769230769231,0.9230769230769231,1.0,0.8333333333333334,0.9230769230769231,0.9230769230769231,1.0,0.8333333333333334
84454,4,4,2,2,200,0.75,0.75,1.0,0.5,0.75,0.75,1.0,0.5,0.75,0.75,1.0,0.5
69648,19,19,12,7,200,0.6842105263157895,0.6842105263157895,1.0,0.14285714285714285,0.7894736842105263,0.7894736842105263,1.0,0.42857142857142855,0.8947368421052632,0.8947368421052632,1.0,0.7142857142857143
81594,1,1,0,1,200,0.0,0.0,,0.0,1.0,1.0,,1.0,1.0,1.0,,1.0
43189,25,24,14,10,200,0.56,0.5833333333333334,0.9285714285714286,0.1,0.64,0.6666666666666666,1.0,0.2,0.8,0.8333333333333334,1.0,0.6
1540,4,4,2,2,200,0.5,0.5,1.0,0.0,0.75,0.75,1.0,0.5,0.75,0.75,1.0,0.5
88960,5,5,4,1,200,1.0,1.0,1.0,1.0,1.0,1.0,1.0,1.0,1.0,1.0,1.0,1.0
73248,3,3,0,3,200,0.3333333333333333,0.3333333333333333,,0.3333333333333333,0.3333333333333333,0.3333333333333333,,0.3333333333333333,0.6666666666666666,0.6666666666666666,,0.6666666666666666
6752,4,3,0,3,200,0.5,0.6666666666666666,,0.6666666666666666,0.5,0.6666666666666666,,0.6666666666666666,0.5,0.6666666666666666,,0.6666666666666666
31095,1,1,1,0,200,1.0,1.0,1.0,,1.0,1.0,1.0,,1.0,1.0,1.0,
72080,4,4,2,2,200,0.75,0.75,1.0,0.5,0.75,0.75,1.0,0.5,0.75,0.75,1.0,0.5
17168,2,1,0,1,200,0.5,1.0,,1.0,0.5,1.0,,1.0,0.5,1.0,,1.0
48157,2,2,2,0,200,1.0,1.0,1.0,,1.0,1.0,1.0,,1.0,1.0,1.0,
33081,1,1,1,0,200,1.0,1.0,1.0,,1.0,1.0,1.0,,1.0,1.0,1.0,
55817,1,1,1,0,200,1.0,1.0,1.0,,1.0,1.0,1.0,,1.0,1.0,1.0,
27803,3,3,2,1,200,0.6666666666666666,0.6666666666666666,1.0,0.0,0.6666666666666666,0.6666666666666666,1.0,0.0,0.6666666666666666,0.6666666666666666,1.0,0.0
7805,8,8,2,6,200,0.375,0.375,1.0,0.16666666666666666,0.375,0.375,1.0,0.16666666666666666,0.5,0.5,1.0,0.3333333333333333
5709,10,10,6,4,200,0.7,0.7,1.0,0.25,0.7,0.7,1.0,0.25,0.8,0.8,1.0,0.5
81090,4,4,4,0,200,1.0,1.0,1.0,,1.0,1.0,1.0,,1.0,1.0,1.0,
83052,7,7,1,6,200,0.2857142857142857,0.2857142857142857,1.0,0.16666666666666666,0.5714285714285714,0.5714285714285714,1.0,0.5,0.5714285714285714,0.5714285714285714,1.0,0.5
85656,6,6,2,4,200,0.5,0.5,1.0,0.25,0.5,0.5,1.0,0.25,0.5,0.5,1.0,0.25
7281,2,2,1,1,200,0.5,0.5,1.0,0.0,0.5,0.5,1.0,0.0,0.5,0.5,1.0,0.0
5749,6,6,5,1,200,0.6666666666666666,0.6666666666666666,0.8,0.0,0.8333333333333334,0.8333333333333334,1.0,0.0,1.0,1.0,1.0,1.0
11532,8,8,5,3,200,0.75,0.75,1.0,0.3333333333333333,0.875,0.875,1.0,0.6666666666666666,1.0,1.0,1.0,1.0
4323,5,5,2,3,200,0.4,0.4,1.0,0.0,0.8,0.8,1.0,0.6666666666666666,0.8,0.8,1.0,0.6666666666666666
48794,4,4,4,0,200,1.0,1.0,1.0,,1.0,1.0,1.0,,1.0,1.0,1.0,
37993,1,1,0,1,200,1.0,1.0,,1.0,1.0,1.0,,1.0,1.0,1.0,,1.0
82603,4,4,4,0,200,1.0,1.0,1.0,,1.0,1.0,1.0,,1.0,1.0,1.0,
51303,2,2,0,2,200,1.0,1.0,,1.0,1.0,1.0,,1.0,1.0,1.0,,1.0
31163,15,15,10,5,200,0.8,0.8,1.0,0.4,0.9333333333333333,0.9333333333333333,1.0,0.8,0.9333333333333333,0.9333333333333333,1.0,0.8
24275,6,6,2,4,200,0.3333333333333333,0.3333333333333333,1.0,0.0,0.6666666666666666,0.6666666666666666,1.0,0.5,0.6666666666666666,0.6666666666666666,1.0,0.5
78966,13,7,1,6,200,0.07692307692307693,0.14285714285714285,1.0,0.0,0.07692307692307693,0.14285714285714285,1.0,0.0,0.07692307692307693,0.14285714285714285,1.0,0.0
26601,9,8,7,1,200,0.7777777777777778,0.875,1.0,0.0,0.7777777777777778,0.875,1.0,0.0,0.7777777777777778,0.875,1.0,0.0
51410,28,28,11,17,200,0.5714285714285714,0.5714285714285714,1.0,0.29411764705882354,0.6071428571428571,0.6071428571428571,1.0,0.35294117647058826,0.75,0.75,1.0,0.5882352941176471
72363,2,2,1,1,200,1.0,1.0,1.0,1.0,1.0,1.0,1.0,1.0,1.0,1.0,1.0,1.0
49759,4,3,3,0,200,0.75,1.0,1.0,,0.75,1.0,1.0,,0.75,1.0,1.0,
83895,3,3,1,2,200,1.0,1.0,1.0,1.0,1.0,1.0,1.0,1.0,1.0,1.0,1.0,1.0
90858,1,1,1,0,200,1.0,1.0,1.0,,1.0,1.0,1.0,,1.0,1.0,1.0,
12796,2,2,0,2,200,0.0,0.0,,0.0,0.0,0.0,,0.0,0.0,0.0,,0.0
87414,13,13,10,3,200,0.6153846153846154,0.6153846153846154,0.7,0.3333333333333333,0.8461538461538461,0.8461538461538461,1.0,0.3333333333333333,0.9230769230769231,0.9230769230769231,1.0,0.6666666666666666
55161,9,8,7,1,200,0.7777777777777778,0.875,1.0,0.0,0.7777777777777778,0.875,1.0,0.0,0.8888888888888888,1.0,1.0,1.0
72683,9,9,5,4,200,0.5555555555555556,0.5555555555555556,1.0,0.0,0.7777777777777778,0.7777777777777778,1.0,0.5,0.7777777777777778,0.7777777777777778,1.0,0.5
79799,1,1,1,0,200,1.0,1.0,1.0,,1.0,1.0,1.0,,1.0,1.0,1.0,
50672,1,0,0,0,200,0.0,,,,0.0,,,,0.0,,,
94822,1,1,1,0,200,1.0,1.0,1.0,,1.0,1.0,1.0,,1.0,1.0,1.0,
35705,9,8,5,3,200,0.5555555555555556,0.625,1.0,0.0,0.5555555555555556,0.625,1.0,0.0,0.5555555555555556,0.625,1.0,0.0
52013,1,1,0,1,200,1.0,1.0,,1.0,1.0,1.0,,1.0,1.0,1.0,,1.0
61831,12,12,5,7,200,0.5833333333333334,0.5833333333333334,1.0,0.2857142857142857,0.5833333333333334,0.5833333333333334,1.0,0.2857142857142857,0.5833333333333334,0.5833333333333334,1.0,0.2857142857142857
52347,1,1,0,1,200,0.0,0.0,,0.0,0.0,0.0,,0.0,0.0,0.0,,0.0
42731,13,13,9,4,200,0.8461538461538461,0.8461538461538461,1.0,0.5,0.9230769230769231,0.9230769230769231,1.0,0.75,0.9230769230769231,0.9230769230769231,1.0,0.75
19532,2,2,0,2,200,0.0,0.0,,0.0,0.0,0.0,,0.0,0.0,0.0,,0.0
98766,3,3,3,0,200,1.0,1.0,1.0,,1.0,1.0,1.0,,1.0,1.0,1.0,
33923,3,3,2,1,200,0.6666666666666666,0.6666666666666666,1.0,0.0,0.6666666666666666,0.6666666666666666,1.0,0.0,0.6666666666666666,0.6666666666666666,1.0,0.0
77777,4,4,1,3,200,0.25,0.25,1.0,0.0,0.25,0.25,1.0,0.0,0.25,0.25,1.0,0.0
24313,16,16,11,5,200,0.375,0.375,0.45454545454545453,0.2,0.8125,0.8125,1.0,0.4,0.8125,0.8125,1.0,0.4
31357,7,6,1,5,200,0.2857142857142857,0.3333333333333333,1.0,0.2,0.2857142857142857,0.3333333333333333,1.0,0.2,0.42857142857142855,0.5,1.0,0.4
60911,3,3,1,2,200,1.0,1.0,1.0,1.0,1.0,1.0,1.0,1.0,1.0,1.0,1.0,1.0
64452,2,2,2,0,200,1.0,1.0,1.0,,1.0,1.0,1.0,,1.0,1.0,1.0,
58041,2,1,0,1,200,0.0,0.0,,0.0,0.0,0.0,,0.0,0.0,0.0,,0.0
64019,1,1,0,1,200,1.0,1.0,,1.0,1.0,1.0,,1.0,1.0,1.0,,1.0
54067,9,8,6,2,200,0.4444444444444444,0.5,0.6666666666666666,0.0,0.5555555555555556,0.625,0.8333333333333334,0.0,0.6666666666666666,0.75,1.0,0.0
69306,1,1,1,0,200,1.0,1.0,1.0,,1.0,1.0,1.0,,1.0,1.0,1.0,
58288,1,1,1,0,200,1.0,1.0,1.0,,1.0,1.0,1.0,,1.0,1.0,1.0,
55907,1,1,0,1,200,1.0,1.0,,1.0,1.0,1.0,,1.0,1.0,1.0,,1.0
34749,1,1,1,0,200,1.0,1.0,1.0,,1.0,1.0,1.0,,1.0,1.0,1.0,
56586,9,9,7,2,200,0.8888888888888888,0.8888888888888888,1.0,0.5,0.8888888888888888,0.8888888888888888,1.0,0.5,1.0,1.0,1.0,1.0
9528,1,1,1,0,200,1.0,1.0,1.0,,1.0,1.0,1.0,,1.0,1.0,1.0,
22309,6,4,3,1,200,0.5,0.75,1.0,0.0,0.5,0.75,1.0,0.0,0.5,0.75,1.0,0.0
14757,1,1,1,0,200,1.0,1.0,1.0,,1.0,1.0,1.0,,1.0,1.0,1.0,
46907,1,1,1,0,200,1.0,1.0,1.0,,1.0,1.0,1.0,,1.0,1.0,1.0,
47210,2,2,1,1,200,0.5,0.5,1.0,0.0,0.5,0.5,1.0,0.0,0.5,0.5,1.0,0.0
41479,3,3,0,3,200,0.3333333333333333,0.3333333333333333,,0.3333333333333333,0.3333333333333333,0.3333333333333333,,0.3333333333333333,0.3333333333333333,0.3333333333333333,,0.3333333333333333
29617,2,2,2,0,200,1.0,1.0,1.0,,1.0,1.0,1.0,,1.0,1.0,1.0,
3720,1,1,0,1,200,1.0,1.0,,1.0,1.0,1.0,,1.0,1.0,1.0,,1.0
90848,1,1,0,1,200,0.0,0.0,,0.0,0.0,0.0,,0.0,0.0,0.0,,0.0
31436,1,1,1,0,200,1.0,1.0,1.0,,1.0,1.0,1.0,,1.0,1.0,1.0,
59475,2,2,1,1,200,1.0,1.0,1.0,1.0,1.0,1.0,1.0,1.0,1.0,1.0,1.0,1.0
58164,10,9,7,2,200,0.7,0.7777777777777778,1.0,0.0,0.8,0.8888888888888888,1.0,0.5,0.9,1.0,1.0,1.0
93660,23,21,15,6,200,0.5652173913043478,0.6190476190476191,0.8,0.16666666666666666,0.6521739130434783,0.7142857142857143,0.9333333333333333,0.16666666666666666,0.8695652173913043,0.9523809523809523,1.0,0.8333333333333334
21569,4,4,4,0,200,1.0,1.0,1.0,,1.0,1.0,1.0,,1.0,1.0,1.0,
82935,2,2,1,1,200,0.5,0.5,1.0,0.0,0.5,0.5,1.0,0.0,0.5,0.5,1.0,0.0
40537,1,1,0,1,200,0.0,0.0,,0.0,0.0,0.0,,0.0,0.0,0.0,,0.0
15300,1,1,0,1,200,0.0,0.0,,0.0,1.0,1.0,,1.0,1.0,1.0,,1.0
40838,8,8,8,0,200,1.0,1.0,1.0,,1.0,1.0,1.0,,1.0,1.0,1.0,
95787,9,9,5,4,200,0.4444444444444444,0.4444444444444444,0.8,0.0,0.5555555555555556,0.5555555555555556,1.0,0.0,0.5555555555555556,0.5555555555555556,1.0,0.0
62716,1,1,1,0,200,1.0,1.0,1.0,,1.0,1.0,1.0,,1.0,1.0,1.0,
39732,2,1,0,1,200,0.0,0.0,,0.0,0.0,0.0,,0.0,0.0,0.0,,0.0
60380,14,12,6,6,200,0.7857142857142857,0.9166666666666666,1.0,0.8333333333333334,0.8571428571428571,1.0,1.0,1.0,0.8571428571428571,1.0,1.0,1.0
99034,2,2,0,2,200,0.5,0.5,,0.5,1.0,1.0,,1.0,1.0,1.0,,1.0
42411,4,4,3,1,200,0.75,0.75,1.0,0.0,0.75,0.75,1.0,0.0,0.75,0.75,1.0,0.0
60744,6,6,6,0,200,1.0,1.0,1.0,,1.0,1.0,1.0,,1.0,1.0,1.0,
30200,5,5,1,4,200,0.6,0.6,1.0,0.5,0.6,0.6,1.0,0.5,0.6,0.6,1.0,0.5
9344,11,10,6,4,200,0.6363636363636364,0.7,1.0,0.25,0.7272727272727273,0.8,1.0,0.5,0.7272727272727273,0.8,1.0,0.5
27590,4,4,1,3,200,0.75,0.75,1.0,0.6666666666666666,0.75,0.75,1.0,0.6666666666666666,0.75,0.75,1.0,0.6666666666666666
93570,9,9,5,4,200,0.8888888888888888,0.8888888888888888,1.0,0.75,1.0,1.0,1.0,1.0,1.0,1.0,1.0,1.0
13375,2,2,2,0,200,1.0,1.0,1.0,,1.0,1.0,1.0,,1.0,1.0,1.0,
95982,22,21,8,13,200,0.18181818181818182,0.19047619047619047,0.5,0.0,0.2727272727272727,0.2857142857142857,0.75,0.0,0.45454545454545453,0.47619047619047616,1.0,0.15384615384615385
11894,2,2,1,1,200,0.5,0.5,1.0,0.0,0.5,0.5,1.0,0.0,0.5,0.5,1.0,0.0
12913,1,0,0,0,200,0.0,,,,0.0,,,,0.0,,,
46934,3,3,2,1,200,0.6666666666666666,0.6666666666666666,1.0,0.0,0.6666666666666666,0.6666666666666666,1.0,0.0,1.0,1.0,1.0,1.0
90202,1,0,0,0,200,0.0,,,,0.0,,,,0.0,,,
40057,3,3,2,1,200,0.6666666666666666,0.6666666666666666,1.0,0.0,0.6666666666666666,0.6666666666666666,1.0,0.0,0.6666666666666666,0.6666666666666666,1.0,0.0
68250,2,2,1,1,200,0.5,0.5,1.0,0.0,0.5,0.5,1.0,0.0,0.5,0.5,1.0,0.0
50288,11,11,3,8,200,0.36363636363636365,0.36363636363636365,1.0,0.125,0.45454545454545453,0.45454545454545453,1.0,0.25,0.6363636363636364,0.6363636363636364,1.0,0.5
45686,20,19,6,13,200,0.45,0.47368421052631576,1.0,0.23076923076923078,0.5,0.5263157894736842,1.0,0.3076923076923077,0.55,0.5789473684210527,1.0,0.38461538461538464
14807,19,19,13,6,200,0.8421052631578947,0.8421052631578947,1.0,0.5,0.9473684210526315,0.9473684210526315,1.0,0.8333333333333334,0.9473684210526315,0.9473684210526315,1.0,0.8333333333333334
15746,3,2,2,0,200,0.6666666666666666,1.0,1.0,,0.6666666666666666,1.0,1.0,,0.6666666666666666,1.0,1.0,
92862,4,4,2,2,200,0.5,0.5,1.0,0.0,0.75,0.75,1.0,0.5,1.0,1.0,1.0,1.0
43863,12,12,5,7,200,0.5833333333333334,0.5833333333333334,1.0,0.2857142857142857,0.5833333333333334,0.5833333333333334,1.0,0.2857142857142857,0.5833333333333334,0.5833333333333334,1.0,0.2857142857142857
64186,1,1,1,0,200,1.0,1.0,1.0,,1.0,1.0,1.0,,1.0,1.0,1.0,
25471,2,2,1,1,200,0.5,0.5,1.0,0.0,0.5,0.5,1.0,0.0,0.5,0.5,1.0,0.0
69115,1,1,0,1,200,0.0,0.0,,0.0,1.0,1.0,,1.0,1.0,1.0,,1.0
99510,1,1,1,0,200,1.0,1.0,1.0,,1.0,1.0,1.0,,1.0,1.0,1.0,
57187,3,3,3,0,200,1.0,1.0,1.0,,1.0,1.0,1.0,,1.0,1.0,1.0,
41498,5,5,4,1,200,0.8,0.8,1.0,0.0,1.0,1.0,1.0,1.0,1.0,1.0,1.0,1.0
29890,2,2,2,0,200,1.0,1.0,1.0,,1.0,1.0,1.0,,1.0,1.0,1.0,
53540,8,7,1,6,200,0.625,0.7142857142857143,1.0,0.6666666666666666,0.75,0.8571428571428571,1.0,0.8333333333333334,0.75,0.8571428571428571,1.0,0.8333333333333334
93426,3,3,2,1,200,0.6666666666666666,0.6666666666666666,1.0,0.0,1.0,1.0,1.0,1.0,1.0,1.0,1.0,1.0
24536,6,6,0,6,200,0.3333333333333333,0.3333333333333333,,0.3333333333333333,0.5,0.5,,0.5,0.6666666666666666,0.6666666666666666,,0.6666666666666666
14501,7,7,5,2,200,0.8571428571428571,0.8571428571428571,1.0,0.5,0.8571428571428571,0.8571428571428571,1.0,0.5,1.0,1.0,1.0,1.0
44244,8,7,6,1,200,0.625,0.7142857142857143,0.8333333333333334,0.0,0.75,0.8571428571428571,1.0,0.0,0.75,0.8571428571428571,1.0,0.0
56626,17,15,10,5,200,0.35294117647058826,0.4,0.6,0.0,0.5294117647058824,0.6,0.9,0.0,0.5882352941176471,0.6666666666666666,1.0,0.0
86211,13,13,9,4,200,0.5384615384615384,0.5384615384615384,0.7777777777777778,0.0,0.6923076923076923,0.6923076923076923,1.0,0.0,0.7692307692307693,0.7692307692307693,1.0,0.25
62918,1,1,0,1,200,0.0,0.0,,0.0,0.0,0.0,,0.0,1.0,1.0,,1.0
25174,6,5,1,4,200,0.6666666666666666,0.8,1.0,0.75,0.6666666666666666,0.8,1.0,0.75,0.6666666666666666,0.8,1.0,0.75
77516,8,8,4,4,200,0.75,0.75,1.0,0.5,0.75,0.75,1.0,0.5,0.875,0.875,1.0,0.75
53722,1,1,1,0,200,1.0,1.0,1.0,,1.0,1.0,1.0,,1.0,1.0,1.0,
45417,6,5,2,3,200,0.8333333333333334,1.0,1.0,1.0,0.8333333333333334,1.0,1.0,1.0,0.8333333333333334,1.0,1.0,1.0
58556,3,3,1,2,200,0.6666666666666666,0.6666666666666666,1.0,0.5,1.0,1.0,1.0,1.0,1.0,1.0,1.0,1.0
96722,1,1,1,0,200,1.0,1.0,1.0,,1.0,1.0,1.0,,1.0,1.0,1.0,
37287,22,19,11,8,200,0.45454545454545453,0.5263157894736842,0.8181818181818182,0.125,0.5454545454545454,0.631578947368421,1.0,0.125,0.6818181818181818,0.7894736842105263,1.0,0.5
18206,2,2,1,1,200,0.5,0.5,1.0,0.0,0.5,0.5,1.0,0.0,0.5,0.5,1.0,0.0
76145,3,3,0,3,200,0.3333333333333333,0.3333333333333333,,0.3333333333333333,0.3333333333333333,0.3333333333333333,,0.3333333333333333,0.3333333333333333,0.3333333333333333,,0.3333333333333333
9187,6,6,1,5,200,0.3333333333333333,0.3333333333333333,1.0,0.2,0.3333333333333333,0.3333333333333333,1.0,0.2,0.3333333333333333,0.3333333333333333,1.0,0.2
36782,4,4,4,0,200,1.0,1.0,1.0,,1.0,1.0,1.0,,1.0,1.0,1.0,
17210,11,11,6,5,200,0.8181818181818182,0.8181818181818182,1.0,0.6,0.9090909090909091,0.9090909090909091,1.0,0.8,1.0,1.0,1.0,1.0
40842,1,1,0,1,200,0.0,0.0,,0.0,0.0,0.0,,0.0,0.0,0.0,,0.0
70121,5,5,5,0,200,1.0,1.0,1.0,,1.0,1.0,1.0,,1.0,1.0,1.0,
45455,1,0,0,0,200,0.0,,,,0.0,,,,0.0,,,
87320,5,5,1,4,200,1.0,1.0,1.0,1.0,1.0,1.0,1.0,1.0,1.0,1.0,1.0,1.0
21727,4,4,0,4,200,0.25,0.25,,0.25,0.25,0.25,,0.25,0.25,0.25,,0.25
4391,1,1,0,1,200,1.0,1.0,,1.0,1.0,1.0,,1.0,1.0,1.0,,1.0
492,21,20,11,9,200,0.38095238095238093,0.4,0.6363636363636364,0.1111111111111111,0.5714285714285714,0.6,1.0,0.1111111111111111,0.6190476190476191,0.65,1.0,0.2222222222222222
60958,2,2,1,1,200,0.5,0.5,1.0,0.0,1.0,1.0,1.0,1.0,1.0,1.0,1.0,1.0
7115,12,10,9,1,200,0.5833333333333334,0.7,0.7777777777777778,0.0,0.75,0.9,1.0,0.0,0.75,0.9,1.0,0.0
5619,2,2,1,1,200,1.0,1.0,1.0,1.0,1.0,1.0,1.0,1.0,1.0,1.0,1.0,1.0
50408,2,2,2,0,200,1.0,1.0,1.0,,1.0,1.0,1.0,,1.0,1.0,1.0,
60484,5,3,2,1,200,0.4,0.6666666666666666,1.0,0.0,0.4,0.6666666666666666,1.0,0.0,0.4,0.6666666666666666,1.0,0.0
74072,35,31,20,11,200,0.42857142857142855,0.4838709677419355,0.6,0.2727272727272727,0.5714285714285714,0.6451612903225806,0.85,0.2727272727272727,0.6571428571428571,0.7419354838709677,1.0,0.2727272727272727
96769,10,10,8,2,200,0.8,0.8,1.0,0.0,0.8,0.8,1.0,0.0,0.8,0.8,1.0,0.0
51717,2,2,2,0,200,1.0,1.0,1.0,,1.0,1.0,1.0,,1.0,1.0,1.0,
70164,2,2,2,0,200,1.0,1.0,1.0,,1.0,1.0,1.0,,1.0,1.0,1.0,
9976,3,3,2,1,200,0.6666666666666666,0.6666666666666666,1.0,0.0,1.0,1.0,1.0,1.0,1.0,1.0,1.0,1.0
26842,1,1,0,1,200,0.0,0.0,,0.0,0.0,0.0,,0.0,0.0,0.0,,0.0
1655,9,9,6,3,200,0.6666666666666666,0.6666666666666666,1.0,0.0,0.6666666666666666,0.6666666666666666,1.0,0.0,0.6666666666666666,0.6666666666666666,1.0,0.0
19165,2,2,1,1,200,1.0,1.0,1.0,1.0,1.0,1.0,1.0,1.0,1.0,1.0,1.0,1.0
5484,8,8,4,4,200,0.625,0.625,1.0,0.25,0.625,0.625,1.0,0.25,0.625,0.625,1.0,0.25
72598,2,2,1,1,200,0.5,0.5,1.0,0.0,0.5,0.5,1.0,0.0,0.5,0.5,1.0,0.0
80402,5,3,1,2,200,0.2,0.3333333333333333,1.0,0.0,0.2,0.3333333333333333,1.0,0.0,0.2,0.3333333333333333,1.0,0.0
15485,2,1,0,1,200,0.0,0.0,,0.0,0.0,0.0,,0.0,0.0,0.0,,0.0
44471,2,2,1,1,200,0.5,0.5,1.0,0.0,0.5,0.5,1.0,0.0,1.0,1.0,1.0,1.0
99865,12,9,7,2,200,0.5833333333333334,0.7777777777777778,1.0,0.0,0.75,1.0,1.0,1.0,0.75,1.0,1.0,1.0
8621,7,6,4,2,200,0.8571428571428571,1.0,1.0,1.0,0.8571428571428571,1.0,1.0,1.0,0.8571428571428571,1.0,1.0,1.0
62337,10,9,8,1,200,0.7,0.7777777777777778,0.875,0.0,0.8,0.8888888888888888,1.0,0.0,0.8,0.8888888888888888,1.0,0.0
54265,4,3,0,3,200,0.0,0.0,,0.0,0.0,0.0,,0.0,0.25,0.3333333333333333,,0.3333333333333333
73670,1,1,1,0,200,1.0,1.0,1.0,,1.0,1.0,1.0,,1.0,1.0,1.0,
53440,8,6,6,0,200,0.75,1.0,1.0,,0.75,1.0,1.0,,0.75,1.0,1.0,
49943,12,11,10,1,200,0.75,0.8181818181818182,0.9,0.0,0.8333333333333334,0.9090909090909091,1.0,0.0,0.8333333333333334,0.9090909090909091,1.0,0.0
68927,4,4,3,1,200,0.75,0.75,1.0,0.0,1.0,1.0,1.0,1.0,1.0,1.0,1.0,1.0
12495,4,4,3,1,200,0.75,0.75,1.0,0.0,0.75,0.75,1.0,0.0,0.75,0.75,1.0,0.0
11360,1,1,0,1,200,0.0,0.0,,0.0,0.0,0.0,,0.0,1.0,1.0,,1.0
20040,5,4,4,0,200,0.8,1.0,1.0,,0.8,1.0,1.0,,0.8,1.0,1.0,
45209,7,7,2,5,200,0.42857142857142855,0.42857142857142855,1.0,0.2,0.42857142857142855,0.42857142857142855,1.0,0.2,0.42857142857142855,0.42857142857142855,1.0,0.2
4178,11,10,5,5,200,0.6363636363636364,0.7,1.0,0.4,0.8181818181818182,0.9,1.0,0.8,0.8181818181818182,0.9,1.0,0.8
44279,1,1,1,0,200,1.0,1.0,1.0,,1.0,1.0,1.0,,1.0,1.0,1.0,
82838,1,1,1,0,200,1.0,1.0,1.0,,1.0,1.0,1.0,,1.0,1.0,1.0,
81063,2,2,1,1,200,0.5,0.5,1.0,0.0,1.0,1.0,1.0,1.0,1.0,1.0,1.0,1.0
69017,8,8,2,6,200,0.25,0.25,1.0,0.0,0.25,0.25,1.0,0.0,1.0,1.0,1.0,1.0
83660,1,1,1,0,200,1.0,1.0,1.0,,1.0,1.0,1.0,,1.0,1.0,1.0,
76388,1,1,0,1,200,0.0,0.0,,0.0,0.0,0.0,,0.0,0.0,0.0,,0.0
12013,6,6,3,3,200,0.6666666666666666,0.6666666666666666,1.0,0.3333333333333333,0.8333333333333334,0.8333333333333334,1.0,0.6666666666666666,1.0,1.0,1.0,1.0
91721,6,5,2,3,200,0.3333333333333333,0.4,1.0,0.0,0.3333333333333333,0.4,1.0,0.0,0.5,0.6,1.0,0.3333333333333333
95612,18,18,10,8,200,0.7222222222222222,0.7222222222222222,0.9,0.5,0.7777777777777778,0.7777777777777778,1.0,0.5,0.7777777777777778,0.7777777777777778,1.0,0.5
79251,1,1,1,0,200,1.0,1.0,1.0,,1.0,1.0,1.0,,1.0,1.0,1.0,
66200,2,2,0,2,200,0.5,0.5,,0.5,0.5,0.5,,0.5,1.0,1.0,,1.0
5871,2,2,1,1,200,1.0,1.0,1.0,1.0,1.0,1.0,1.0,1.0,1.0,1.0,1.0,1.0
24239,2,2,2,0,200,1.0,1.0,1.0,,1.0,1.0,1.0,,1.0,1.0,1.0,
83983,7,7,2,5,200,0.2857142857142857,0.2857142857142857,1.0,0.0,0.2857142857142857,0.2857142857142857,1.0,0.0,0.42857142857142855,0.42857142857142855,1.0,0.2
28588,2,2,2,0,200,1.0,1.0,1.0,,1.0,1.0,1.0,,1.0,1.0,1.0,
23601,2,2,1,1,200,1.0,1.0,1.0,1.0,1.0,1.0,1.0,1.0,1.0,1.0,1.0,1.0
95146,3,3,2,1,200,0.6666666666666666,0.6666666666666666,1.0,0.0,0.6666666666666666,0.6666666666666666,1.0,0.0,0.6666666666666666,0.6666666666666666,1.0,0.0
79307,1,1,1,0,200,1.0,1.0,1.0,,1.0,1.0,1.0,,1.0,1.0,1.0,
96817,3,3,1,2,200,0.3333333333333333,0.3333333333333333,1.0,0.0,0.3333333333333333,0.3333333333333333,1.0,0.0,0.3333333333333333,0.3333333333333333,1.0,0.0
59997,3,3,2,1,200,1.0,1.0,1.0,1.0,1.0,1.0,1.0,1.0,1.0,1.0,1.0,1.0
81101,10,9,7,2,200,0.8,0.8888888888888888,1.0,0.5,0.8,0.8888888888888888,1.0,0.5,0.8,0.8888888888888888,1.0,0.5
5359,18,18,9,9,200,0.3888888888888889,0.3888888888888889,0.7777777777777778,0.0,0.5,0.5,1.0,0.0,0.5,0.5,1.0,0.0
15614,3,3,0,3,200,0.3333333333333333,0.3333333333333333,,0.3333333333333333,0.3333333333333333,0.3333333333333333,,0.3333333333333333,0.3333333333333333,0.3333333333333333,,0.3333333333333333
603,2,2,0,2,200,0.0,0.0,,0.0,0.0,0.0,,0.0,0.0,0.0,,0.0
608,2,2,1,1,200,0.5,0.5,1.0,0.0,0.5,0.5,1.0,0.0,1.0,1.0,1.0,1.0
3740,3,3,3,0,200,1.0,1.0,1.0,,1.0,1.0,1.0,,1.0,1.0,1.0,
89896,12,10,6,4,200,0.25,0.3,0.5,0.0,0.4166666666666667,0.5,0.5,0.5,0.6666666666666666,0.8,1.0,0.5
64941,12,12,9,3,200,0.6666666666666666,0.6666666666666666,0.8888888888888888,0.0,0.75,0.75,1.0,0.0,0.8333333333333334,0.8333333333333334,1.0,0.3333333333333333
28706,1,1,0,1,200,0.0,0.0,,0.0,0.0,0.0,,0.0,1.0,1.0,,1.0
90014,10,9,6,3,200,0.4,0.4444444444444444,0.6666666666666666,0.0,0.6,0.6666666666666666,1.0,0.0,0.6,0.6666666666666666,1.0,0.0
1528,2,2,1,1,200,1.0,1.0,1.0,1.0,1.0,1.0,1.0,1.0,1.0,1.0,1.0,1.0
19704,3,3,1,2,200,0.6666666666666666,0.6666666666666666,1.0,0.5,0.6666666666666666,0.6666666666666666,1.0,0.5,1.0,1.0,1.0,1.0
79973,2,2,2,0,200,0.5,0.5,0.5,,1.0,1.0,1.0,,1.0,1.0,1.0,
76891,1,1,1,0,200,1.0,1.0,1.0,,1.0,1.0,1.0,,1.0,1.0,1.0,
84488,6,6,5,1,200,0.8333333333333334,0.8333333333333334,1.0,0.0,0.8333333333333334,0.8333333333333334,1.0,0.0,0.8333333333333334,0.8333333333333334,1.0,0.0
14302,1,1,0,1,200,1.0,1.0,,1.0,1.0,1.0,,1.0,1.0,1.0,,1.0
44945,4,4,3,1,200,0.75,0.75,1.0,0.0,1.0,1.0,1.0,1.0,1.0,1.0,1.0,1.0
23827,1,1,0,1,200,1.0,1.0,,1.0,1.0,1.0,,1.0,1.0,1.0,,1.0
24331,5,5,4,1,200,0.8,0.8,1.0,0.0,0.8,0.8,1.0,0.0,0.8,0.8,1.0,0.0
2978,3,3,2,1,200,0.6666666666666666,0.6666666666666666,1.0,0.0,0.6666666666666666,0.6666666666666666,1.0,0.0,0.6666666666666666,0.6666666666666666,1.0,0.0
85381,1,1,0,1,200,0.0,0.0,,0.0,1.0,1.0,,1.0,1.0,1.0,,1.0
88656,1,1,1,0,200,1.0,1.0,1.0,,1.0,1.0,1.0,,1.0,1.0,1.0,
67362,9,9,4,5,200,0.7777777777777778,0.7777777777777778,1.0,0.6,0.7777777777777778,0.7777777777777778,1.0,0.6,0.7777777777777778,0.7777777777777778,1.0,0.6
9079,10,10,7,3,200,0.7,0.7,1.0,0.0,0.7,0.7,1.0,0.0,0.7,0.7,1.0,0.0
61704,3,3,1,2,200,0.6666666666666666,0.6666666666666666,1.0,0.5,0.6666666666666666,0.6666666666666666,1.0,0.5,1.0,1.0,1.0,1.0
64373,3,3,2,1,200,0.6666666666666666,0.6666666666666666,1.0,0.0,0.6666666666666666,0.6666666666666666,1.0,0.0,0.6666666666666666,0.6666666666666666,1.0,0.0
13661,1,1,1,0,200,1.0,1.0,1.0,,1.0,1.0,1.0,,1.0,1.0,1.0,
65875,11,9,8,1,200,0.6363636363636364,0.7777777777777778,0.875,0.0,0.7272727272727273,0.8888888888888888,0.875,1.0,0.8181818181818182,1.0,1.0,1.0
2464,1,1,1,0,200,1.0,1.0,1.0,,1.0,1.0,1.0,,1.0,1.0,1.0,
98761,4,4,0,4,200,0.75,0.75,,0.75,0.75,0.75,,0.75,0.75,0.75,,0.75
65884,3,3,1,2,200,0.6666666666666666,0.6666666666666666,1.0,0.5,0.6666666666666666,0.6666666666666666,1.0,0.5,0.6666666666666666,0.6666666666666666,1.0,0.5
10629,5,5,3,2,200,0.6,0.6,1.0,0.0,0.6,0.6,1.0,0.0,0.8,0.8,1.0,0.5
4481,1,1,1,0,200,1.0,1.0,1.0,,1.0,1.0,1.0,,1.0,1.0,1.0,
82793,10,9,5,4,200,0.5,0.5555555555555556,1.0,0.0,0.5,0.5555555555555556,1.0,0.0,0.5,0.5555555555555556,1.0,0.0
77031,1,1,1,0,200,1.0,1.0,1.0,,1.0,1.0,1.0,,1.0,1.0,1.0,
28210,9,9,6,3,200,0.6666666666666666,0.6666666666666666,0.8333333333333334,0.3333333333333333,0.7777777777777778,0.7777777777777778,1.0,0.3333333333333333,0.8888888888888888,0.8888888888888888,1.0,0.6666666666666666
67751,13,13,10,3,200,0.6923076923076923,0.6923076923076923,0.9,0.0,0.7692307692307693,0.7692307692307693,1.0,0.0,0.7692307692307693,0.7692307692307693,1.0,0.0
86966,2,1,1,0,200,0.5,1.0,1.0,,0.5,1.0,1.0,,0.5,1.0,1.0,
4585,2,2,2,0,200,1.0,1.0,1.0,,1.0,1.0,1.0,,1.0,1.0,1.0,
98574,7,7,1,6,200,0.2857142857142857,0.2857142857142857,1.0,0.16666666666666666,0.42857142857142855,0.42857142857142855,1.0,0.3333333333333333,0.5714285714285714,0.5714285714285714,1.0,0.5
38825,4,3,0,3,200,0.0,0.0,,0.0,0.0,0.0,,0.0,0.0,0.0,,0.0
11035,4,4,1,3,200,0.25,0.25,1.0,0.0,0.25,0.25,1.0,0.0,0.25,0.25,1.0,0.0
53989,1,1,1,0,200,1.0,1.0,1.0,,1.0,1.0,1.0,,1.0,1.0,1.0,
77371,4,4,2,2,200,0.5,0.5,1.0,0.0,0.5,0.5,1.0,0.0,0.5,0.5,1.0,0.0
73035,2,2,1,1,200,1.0,1.0,1.0,1.0,1.0,1.0,1.0,1.0,1.0,1.0,1.0,1.0
90860,15,15,8,7,200,0.5333333333333333,0.5333333333333333,1.0,0.0,0.5333333333333333,0.5333333333333333,1.0,0.0,0.6,0.6,1.0,0.14285714285714285
51083,1,1,1,0,200,1.0,1.0,1.0,,1.0,1.0,1.0,,1.0,1.0,1.0,
30008,1,1,1,0,200,1.0,1.0,1.0,,1.0,1.0,1.0,,1.0,1.0,1.0,
1257,3,3,1,2,200,1.0,1.0,1.0,1.0,1.0,1.0,1.0,1.0,1.0,1.0,1.0,1.0
43911,2,2,1,1,200,0.5,0.5,1.0,0.0,0.5,0.5,1.0,0.0,0.5,0.5,1.0,0.0
31359,2,2,1,1,200,0.5,0.5,1.0,0.0,0.5,0.5,1.0,0.0,0.5,0.5,1.0,0.0
45486,6,6,4,2,200,0.6666666666666666,0.6666666666666666,1.0,0.0,0.8333333333333334,0.8333333333333334,1.0,0.5,0.8333333333333334,0.8333333333333334,1.0,0.5
95707,13,12,6,6,200,0.38461538461538464,0.4166666666666667,0.8333333333333334,0.0,0.46153846153846156,0.5,1.0,0.0,0.5384615384615384,0.5833333333333334,1.0,0.16666666666666666
29362,5,5,3,2,200,0.8,0.8,1.0,0.5,0.8,0.8,1.0,0.5,0.8,0.8,1.0,0.5
42836,2,2,2,0,200,1.0,1.0,1.0,,1.0,1.0,1.0,,1.0,1.0,1.0,
81709,10,10,8,2,200,0.8,0.8,1.0,0.0,0.9,0.9,1.0,0.5,0.9,0.9,1.0,0.5
71518,3,3,1,2,200,0.6666666666666666,0.6666666666666666,1.0,0.5,1.0,1.0,1.0,1.0,1.0,1.0,1.0,1.0
45076,1,1,1,0,200,1.0,1.0,1.0,,1.0,1.0,1.0,,1.0,1.0,1.0,
9598,1,0,0,0,200,0.0,,,,0.0,,,,0.0,,,
1282,2,2,2,0,200,1.0,1.0,1.0,,1.0,1.0,1.0,,1.0,1.0,1.0,
53965,4,4,0,4,200,0.0,0.0,,0.0,0.25,0.25,,0.25,0.25,0.25,,0.25
67939,7,7,4,3,200,0.5714285714285714,0.5714285714285714,1.0,0.0,0.7142857142857143,0.7142857142857143,1.0,0.3333333333333333,0.7142857142857143,0.7142857142857143,1.0,0.3333333333333333
3339,2,2,2,0,200,1.0,1.0,1.0,,1.0,1.0,1.0,,1.0,1.0,1.0,
58303,1,1,1,0,200,1.0,1.0,1.0,,1.0,1.0,1.0,,1.0,1.0,1.0,
47410,7,7,4,3,200,0.5714285714285714,0.5714285714285714,1.0,0.0,0.7142857142857143,0.7142857142857143,1.0,0.3333333333333333,0.7142857142857143,0.7142857142857143,1.0,0.3333333333333333
12212,10,8,5,3,200,0.5,0.625,1.0,0.0,0.5,0.625,1.0,0.0,0.5,0.625,1.0,0.0
12288,1,1,0,1,200,1.0,1.0,,1.0,1.0,1.0,,1.0,1.0,1.0,,1.0
63118,4,4,4,0,200,1.0,1.0,1.0,,1.0,1.0,1.0,,1.0,1.0,1.0,
86878,2,2,1,1,200,0.5,0.5,1.0,0.0,0.5,0.5,1.0,0.0,0.5,0.5,1.0,0.0
84178,3,3,3,0,200,1.0,1.0,1.0,,1.0,1.0,1.0,,1.0,1.0,1.0,
26907,8,8,5,3,200,0.75,0.75,1.0,0.3333333333333333,0.75,0.75,1.0,0.3333333333333333,0.875,0.875,1.0,0.6666666666666666
11842,5,5,3,2,200,1.0,1.0,1.0,1.0,1.0,1.0,1.0,1.0,1.0,1.0,1.0,1.0
42118,2,2,1,1,200,1.0,1.0,1.0,1.0,1.0,1.0,1.0,1.0,1.0,1.0,1.0,1.0
94109,1,1,1,0,200,1.0,1.0,1.0,,1.0,1.0,1.0,,1.0,1.0,1.0,
83786,3,3,3,0,200,1.0,1.0,1.0,,1.0,1.0,1.0,,1.0,1.0,1.0,
71053,9,9,7,2,200,1.0,1.0,1.0,1.0,1.0,1.0,1.0,1.0,1.0,1.0,1.0,1.0
540,2,2,0,2,200,0.0,0.0,,0.0,0.0,0.0,,0.0,0.5,0.5,,0.5
97586,2,2,1,1,200,1.0,1.0,1.0,1.0,1.0,1.0,1.0,1.0,1.0,1.0,1.0,1.0
64590,4,4,2,2,200,0.5,0.5,1.0,0.0,0.5,0.5,1.0,0.0,0.5,0.5,1.0,0.0
37365,1,1,1,0,200,1.0,1.0,1.0,,1.0,1.0,1.0,,1.0,1.0,1.0,
14012,2,2,0,2,200,0.5,0.5,,0.5,0.5,0.5,,0.5,0.5,0.5,,0.5
47545,4,4,4,0,200,1.0,1.0,1.0,,1.0,1.0,1.0,,1.0,1.0,1.0,
60702,1,1,0,1,200,0.0,0.0,,0.0,0.0,0.0,,0.0,0.0,0.0,,0.0
77319,5,4,1,3,200,0.4,0.5,1.0,0.3333333333333333,0.6,0.75,1.0,0.6666666666666666,0.8,1.0,1.0,1.0
35840,1,1,1,0,200,1.0,1.0,1.0,,1.0,1.0,1.0,,1.0,1.0,1.0,
92654,7,7,6,1,200,0.8571428571428571,0.8571428571428571,1.0,0.0,0.8571428571428571,0.8571428571428571,1.0,0.0,1.0,1.0,1.0,1.0
93910,1,1,1,0,200,1.0,1.0,1.0,,1.0,1.0,1.0,,1.0,1.0,1.0,
54822,6,6,5,1,200,0.3333333333333333,0.3333333333333333,0.4,0.0,0.6666666666666666,0.6666666666666666,0.8,0.0,0.8333333333333334,0.8333333333333334,1.0,0.0
17521,3,3,2,1,200,0.6666666666666666,0.6666666666666666,1.0,0.0,1.0,1.0,1.0,1.0,1.0,1.0,1.0,1.0
72253,7,7,3,4,200,0.5714285714285714,0.5714285714285714,1.0,0.25,0.5714285714285714,0.5714285714285714,1.0,0.25,0.5714285714285714,0.5714285714285714,1.0,0.25
12810,6,6,2,4,200,0.5,0.5,1.0,0.25,0.6666666666666666,0.6666666666666666,1.0,0.5,0.6666666666666666,0.6666666666666666,1.0,0.5
38069,18,18,12,6,200,0.7222222222222222,0.7222222222222222,1.0,0.16666666666666666,0.7222222222222222,0.7222222222222222,1.0,0.16666666666666666,0.8333333333333334,0.8333333333333334,1.0,0.5
73013,1,1,1,0,200,1.0,1.0,1.0,,1.0,1.0,1.0,,1.0,1.0,1.0,
43504,5,5,4,1,200,0.8,0.8,1.0,0.0,0.8,0.8,1.0,0.0,1.0,1.0,1.0,1.0
55034,1,1,1,0,200,1.0,1.0,1.0,,1.0,1.0,1.0,,1.0,1.0,1.0,
92665,2,2,2,0,200,1.0,1.0,1.0,,1.0,1.0,1.0,,1.0,1.0,1.0,
8661,7,7,4,3,200,0.8571428571428571,0.8571428571428571,1.0,0.6666666666666666,0.8571428571428571,0.8571428571428571,1.0,0.6666666666666666,0.8571428571428571,0.8571428571428571,1.0,0.6666666666666666
14787,12,11,7,4,200,0.5,0.5454545454545454,0.8571428571428571,0.0,0.6666666666666666,0.7272727272727273,1.0,0.25,0.6666666666666666,0.7272727272727273,1.0,0.25
95092,4,4,2,2,200,0.5,0.5,1.0,0.0,0.5,0.5,1.0,0.0,0.5,0.5,1.0,0.0
15759,15,14,9,5,200,0.3333333333333333,0.35714285714285715,0.5555555555555556,0.0,0.5333333333333333,0.5714285714285714,0.8888888888888888,0.0,0.5333333333333333,0.5714285714285714,0.8888888888888888,0.0
31141,2,2,1,1,200,0.5,0.5,1.0,0.0,0.5,0.5,1.0,0.0,0.5,0.5,1.0,0.0
31282,9,8,4,4,200,0.3333333333333333,0.375,0.75,0.0,0.4444444444444444,0.5,1.0,0.0,0.5555555555555556,0.625,1.0,0.25
52766,4,3,3,0,200,0.75,1.0,1.0,,0.75,1.0,1.0,,0.75,1.0,1.0,
36166,5,5,1,4,200,0.2,0.2,1.0,0.0,0.4,0.4,1.0,0.25,0.8,0.8,1.0,0.75
78816,10,10,0,10,200,0.7,0.7,,0.7,0.8,0.8,,0.8,0.8,0.8,,0.8
26879,8,8,2,6,200,0.5,0.5,1.0,0.3333333333333333,0.5,0.5,1.0,0.3333333333333333,0.5,0.5,1.0,0.3333333333333333
62891,7,7,3,4,200,0.42857142857142855,0.42857142857142855,1.0,0.0,0.7142857142857143,0.7142857142857143,1.0,0.5,0.7142857142857143,0.7142857142857143,1.0,0.5
75540,16,16,9,7,200,0.5625,0.5625,1.0,0.0,0.625,0.625,1.0,0.14285714285714285,0.625,0.625,1.0,0.14285714285714285
80952,1,1,0,1,200,0.0,0.0,,0.0,1.0,1.0,,1.0,1.0,1.0,,1.0
88899,9,9,6,3,200,1.0,1.0,1.0,1.0,1.0,1.0,1.0,1.0,1.0,1.0,1.0,1.0
73118,3,2,2,0,200,0.6666666666666666,1.0,1.0,,0.6666666666666666,1.0,1.0,,0.6666666666666666,1.0,1.0,
33173,6,6,6,0,200,1.0,1.0,1.0,,1.0,1.0,1.0,,1.0,1.0,1.0,
72361,2,2,0,2,200,0.5,0.5,,0.5,0.5,0.5,,0.5,0.5,0.5,,0.5
66529,3,3,1,2,200,0.3333333333333333,0.3333333333333333,1.0,0.0,0.3333333333333333,0.3333333333333333,1.0,0.0,0.3333333333333333,0.3333333333333333,1.0,0.0
20712,6,6,2,4,200,0.3333333333333333,0.3333333333333333,1.0,0.0,0.3333333333333333,0.3333333333333333,1.0,0.0,0.5,0.5,1.0,0.25
76760,2,2,2,0,200,1.0,1.0,1.0,,1.0,1.0,1.0,,1.0,1.0,1.0,
91272,5,5,1,4,200,0.6,0.6,1.0,0.5,1.0,1.0,1.0,1.0,1.0,1.0,1.0,1.0
41642,1,1,1,0,200,1.0,1.0,1.0,,1.0,1.0,1.0,,1.0,1.0,1.0,
72199,1,1,1,0,200,1.0,1.0,1.0,,1.0,1.0,1.0,,1.0,1.0,1.0,
65180,4,1,1,0,200,0.25,1.0,1.0,,0.25,1.0,1.0,,0.25,1.0,1.0,
48413,2,2,2,0,200,1.0,1.0,1.0,,1.0,1.0,1.0,,1.0,1.0,1.0,
8805,5,5,4,1,200,0.8,0.8,1.0,0.0,1.0,1.0,1.0,1.0,1.0,1.0,1.0,1.0
71453,1,1,1,0,200,1.0,1.0,1.0,,1.0,1.0,1.0,,1.0,1.0,1.0,
11710,4,4,3,1,200,1.0,1.0,1.0,1.0,1.0,1.0,1.0,1.0,1.0,1.0,1.0,1.0
77917,1,1,1,0,200,1.0,1.0,1.0,,1.0,1.0,1.0,,1.0,1.0,1.0,
11991,1,1,1,0,200,1.0,1.0,1.0,,1.0,1.0,1.0,,1.0,1.0,1.0,
83717,4,4,4,0,200,1.0,1.0,1.0,,1.0,1.0,1.0,,1.0,1.0,1.0,
92249,3,3,3,0,200,0.6666666666666666,0.6666666666666666,0.6666666666666666,,1.0,1.0,1.0,,1.0,1.0,1.0,
13947,7,6,4,2,200,0.7142857142857143,0.8333333333333334,1.0,0.5,0.7142857142857143,0.8333333333333334,1.0,0.5,0.7142857142857143,0.8333333333333334,1.0,0.5
59487,4,4,2,2,200,0.75,0.75,1.0,0.5,0.75,0.75,1.0,0.5,0.75,0.75,1.0,0.5
23366,3,3,0,3,200,0.0,0.0,,0.0,0.0,0.0,,0.0,0.0,0.0,,0.0
48806,3,3,1,2,200,0.3333333333333333,0.3333333333333333,1.0,0.0,0.3333333333333333,0.3333333333333333,1.0,0.0,0.6666666666666666,0.6666666666666666,1.0,0.5
51373,2,2,0,2,200,0.0,0.0,,0.0,0.5,0.5,,0.5,0.5,0.5,,0.5
79242,2,2,1,1,200,0.5,0.5,1.0,0.0,0.5,0.5,1.0,0.0,1.0,1.0,1.0,1.0
91150,3,3,1,2,200,1.0,1.0,1.0,1.0,1.0,1.0,1.0,1.0,1.0,1.0,1.0,1.0
75725,5,5,3,2,200,0.8,0.8,1.0,0.5,1.0,1.0,1.0,1.0,1.0,1.0,1.0,1.0
72110,3,2,1,1,200,0.3333333333333333,0.5,1.0,0.0,0.3333333333333333,0.5,1.0,0.0,0.3333333333333333,0.5,1.0,0.0
51852,2,2,0,2,200,0.0,0.0,,0.0,0.0,0.0,,0.0,0.5,0.5,,0.5
67329,5,5,5,0,200,0.8,0.8,0.8,,1.0,1.0,1.0,,1.0,1.0,1.0,
46290,9,9,9,0,200,1.0,1.0,1.0,,1.0,1.0,1.0,,1.0,1.0,1.0,
47260,2,1,0,1,200,0.0,0.0,,0.0,0.0,0.0,,0.0,0.0,0.0,,0.0
56800,9,6,3,3,200,0.3333333333333333,0.5,1.0,0.0,0.3333333333333333,0.5,1.0,0.0,0.3333333333333333,0.5,1.0,0.0
849,10,10,2,8,200,0.5,0.5,1.0,0.375,0.5,0.5,1.0,0.375,0.6,0.6,1.0,0.5
56044,5,5,4,1,200,0.8,0.8,1.0,0.0,1.0,1.0,1.0,1.0,1.0,1.0,1.0,1.0
12952,6,6,6,0,200,1.0,1.0,1.0,,1.0,1.0,1.0,,1.0,1.0,1.0,
17087,1,1,0,1,200,0.0,0.0,,0.0,0.0,0.0,,0.0,1.0,1.0,,1.0
16735,2,2,2,0,200,1.0,1.0,1.0,,1.0,1.0,1.0,,1.0,1.0,1.0,
61109,3,3,2,1,200,0.6666666666666666,0.6666666666666666,1.0,0.0,0.6666666666666666,0.6666666666666666,1.0,0.0,0.6666666666666666,0.6666666666666666,1.0,0.0
51662,8,8,4,4,200,0.625,0.625,1.0,0.25,0.75,0.75,1.0,0.5,0.75,0.75,1.0,0.5
9545,10,10,5,5,200,0.9,0.9,1.0,0.8,0.9,0.9,1.0,0.8,1.0,1.0,1.0,1.0
5202,1,1,1,0,200,1.0,1.0,1.0,,1.0,1.0,1.0,,1.0,1.0,1.0,
58551,4,2,0,2,200,0.25,0.5,,0.5,0.25,0.5,,0.5,0.25,0.5,,0.5
71545,1,1,1,0,200,1.0,1.0,1.0,,1.0,1.0,1.0,,1.0,1.0,1.0,
25142,1,1,1,0,200,1.0,1.0,1.0,,1.0,1.0,1.0,,1.0,1.0,1.0,
9063,5,5,5,0,200,1.0,1.0,1.0,,1.0,1.0,1.0,,1.0,1.0,1.0,
93708,4,4,1,3,200,0.25,0.25,1.0,0.0,0.25,0.25,1.0,0.0,0.25,0.25,1.0,0.0
92298,1,1,1,0,200,1.0,1.0,1.0,,1.0,1.0,1.0,,1.0,1.0,1.0,
78865,7,7,6,1,200,0.8571428571428571,0.8571428571428571,1.0,0.0,0.8571428571428571,0.8571428571428571,1.0,0.0,1.0,1.0,1.0,1.0
98699,5,5,1,4,200,0.2,0.2,1.0,0.0,0.2,0.2,1.0,0.0,0.4,0.4,1.0,0.25
77621,1,1,0,1,200,1.0,1.0,,1.0,1.0,1.0,,1.0,1.0,1.0,,1.0
44256,2,1,0,1,200,0.0,0.0,,0.0,0.5,1.0,,1.0,0.5,1.0,,1.0
58927,4,4,2,2,200,1.0,1.0,1.0,1.0,1.0,1.0,1.0,1.0,1.0,1.0,1.0,1.0
40492,2,2,0,2,200,0.0,0.0,,0.0,0.5,0.5,,0.5,0.5,0.5,,0.5
79427,9,8,5,3,200,0.3333333333333333,0.375,0.6,0.0,0.5555555555555556,0.625,1.0,0.0,0.5555555555555556,0.625,1.0,0.0
16911,1,1,0,1,200,0.0,0.0,,0.0,0.0,0.0,,0.0,0.0,0.0,,0.0
94957,1,1,1,0,200,1.0,1.0,1.0,,1.0,1.0,1.0,,1.0,1.0,1.0,
95056,1,0,0,0,200,0.0,,,,0.0,,,,0.0,,,
13774,3,3,3,0,200,1.0,1.0,1.0,,1.0,1.0,1.0,,1.0,1.0,1.0,
71723,1,0,0,0,200,0.0,,,,0.0,,,,0.0,,,
92746,11,11,10,1,200,1.0,1.0,1.0,1.0,1.0,1.0,1.0,1.0,1.0,1.0,1.0,1.0
51929,6,6,1,5,200,0.3333333333333333,0.3333333333333333,1.0,0.2,0.5,0.5,1.0,0.4,0.8333333333333334,0.8333333333333334,1.0,0.8
8493,1,1,1,0,200,1.0,1.0,1.0,,1.0,1.0,1.0,,1.0,1.0,1.0,
57658,4,4,2,2,200,0.5,0.5,1.0,0.0,0.75,0.75,1.0,0.5,0.75,0.75,1.0,0.5
71952,10,10,5,5,200,0.8,0.8,1.0,0.6,0.9,0.9,1.0,0.8,0.9,0.9,1.0,0.8
61691,1,1,1,0,200,1.0,1.0,1.0,,1.0,1.0,1.0,,1.0,1.0,1.0,
9554,2,2,1,1,200,1.0,1.0,1.0,1.0,1.0,1.0,1.0,1.0,1.0,1.0,1.0,1.0
63128,3,3,0,3,200,0.3333333333333333,0.3333333333333333,,0.3333333333333333,0.3333333333333333,0.3333333333333333,,0.3333333333333333,0.3333333333333333,0.3333333333333333,,0.3333333333333333
60964,5,5,0,5,200,0.2,0.2,,0.2,0.2,0.2,,0.2,0.4,0.4,,0.4
94365,1,1,0,1,200,0.0,0.0,,0.0,0.0,0.0,,0.0,0.0,0.0,,0.0
13222,18,16,12,4,200,0.5555555555555556,0.625,0.8333333333333334,0.0,0.6666666666666666,0.75,1.0,0.0,0.6666666666666666,0.75,1.0,0.0
91087,3,3,2,1,200,1.0,1.0,1.0,1.0,1.0,1.0,1.0,1.0,1.0,1.0,1.0,1.0
85304,3,2,0,2,200,0.0,0.0,,0.0,0.3333333333333333,0.5,,0.5,0.3333333333333333,0.5,,0.5
49965,1,1,0,1,200,0.0,0.0,,0.0,0.0,0.0,,0.0,0.0,0.0,,0.0
68878,1,1,1,0,200,1.0,1.0,1.0,,1.0,1.0,1.0,,1.0,1.0,1.0,
59314,6,6,2,4,200,0.5,0.5,1.0,0.25,0.5,0.5,1.0,0.25,0.6666666666666666,0.6666666666666666,1.0,0.5
20166,2,2,0,2,200,1.0,1.0,,1.0,1.0,1.0,,1.0,1.0,1.0,,1.0
3646,7,7,4,3,200,0.5714285714285714,0.5714285714285714,1.0,0.0,0.7142857142857143,0.7142857142857143,1.0,0.3333333333333333,0.7142857142857143,0.7142857142857143,1.0,0.3333333333333333
72852,6,6,2,4,200,0.3333333333333333,0.3333333333333333,1.0,0.0,0.3333333333333333,0.3333333333333333,1.0,0.0,0.3333333333333333,0.3333333333333333,1.0,0.0
17609,8,7,4,3,200,0.5,0.5714285714285714,1.0,0.0,0.5,0.5714285714285714,1.0,0.0,0.5,0.5714285714285714,1.0,0.0
28705,2,2,1,1,200,0.5,0.5,1.0,0.0,1.0,1.0,1.0,1.0,1.0,1.0,1.0,1.0
7361,4,4,0,4,200,0.25,0.25,,0.25,0.25,0.25,,0.25,0.25,0.25,,0.25
62816,2,2,0,2,200,0.0,0.0,,0.0,0.0,0.0,,0.0,0.0,0.0,,0.0
76020,1,1,1,0,200,1.0,1.0,1.0,,1.0,1.0,1.0,,1.0,1.0,1.0,
52882,3,2,1,1,200,0.3333333333333333,0.5,1.0,0.0,0.3333333333333333,0.5,1.0,0.0,0.6666666666666666,1.0,1.0,1.0
54906,4,4,1,3,200,0.5,0.5,1.0,0.3333333333333333,1.0,1.0,1.0,1.0,1.0,1.0,1.0,1.0
79804,2,1,1,0,200,0.5,1.0,1.0,,0.5,1.0,1.0,,0.5,1.0,1.0,
20165,4,4,1,3,200,0.25,0.25,1.0,0.0,0.5,0.5,1.0,0.3333333333333333,0.5,0.5,1.0,0.3333333333333333
64756,11,11,2,9,200,0.18181818181818182,0.18181818181818182,1.0,0.0,0.18181818181818182,0.18181818181818182,1.0,0.0,0.18181818181818182,0.18181818181818182,1.0,0.0
48580,8,8,2,6,200,0.25,0.25,1.0,0.0,0.375,0.375,1.0,0.16666666666666666,0.5,0.5,1.0,0.3333333333333333
84140,2,2,2,0,200,1.0,1.0,1.0,,1.0,1.0,1.0,,1.0,1.0,1.0,
95156,4,4,4,0,200,1.0,1.0,1.0,,1.0,1.0,1.0,,1.0,1.0,1.0,
53161,2,2,2,0,200,1.0,1.0,1.0,,1.0,1.0,1.0,,1.0,1.0,1.0,
45758,10,10,7,3,200,0.4,0.4,0.5714285714285714,0.0,0.7,0.7,1.0,0.0,0.8,0.8,1.0,0.3333333333333333
32688,2,2,1,1,200,0.5,0.5,1.0,0.0,0.5,0.5,1.0,0.0,0.5,0.5,1.0,0.0
76451,3,3,1,2,200,0.6666666666666666,0.6666666666666666,1.0,0.5,0.6666666666666666,0.6666666666666666,1.0,0.5,1.0,1.0,1.0,1.0
47779,1,1,1,0,200,1.0,1.0,1.0,,1.0,1.0,1.0,,1.0,1.0,1.0,
84715,2,2,0,2,200,1.0,1.0,,1.0,1.0,1.0,,1.0,1.0,1.0,,1.0
90861,1,1,1,0,200,1.0,1.0,1.0,,1.0,1.0,1.0,,1.0,1.0,1.0,
66576,1,1,1,0,200,1.0,1.0,1.0,,1.0,1.0,1.0,,1.0,1.0,1.0,
94049,2,2,2,0,200,1.0,1.0,1.0,,1.0,1.0,1.0,,1.0,1.0,1.0,
78689,7,6,3,3,200,0.7142857142857143,0.8333333333333334,1.0,0.6666666666666666,0.7142857142857143,0.8333333333333334,1.0,0.6666666666666666,0.7142857142857143,0.8333333333333334,1.0,0.6666666666666666
29577,16,16,10,6,200,0.5,0.5,0.7,0.16666666666666666,0.8125,0.8125,1.0,0.5,0.8125,0.8125,1.0,0.5
23367,4,4,1,3,200,1.0,1.0,1.0,1.0,1.0,1.0,1.0,1.0,1.0,1.0,1.0,1.0
68050,1,1,1,0,200,1.0,1.0,1.0,,1.0,1.0,1.0,,1.0,1.0,1.0,
18215,12,12,6,6,200,0.5833333333333334,0.5833333333333334,1.0,0.16666666666666666,0.6666666666666666,0.6666666666666666,1.0,0.3333333333333333,0.75,0.75,1.0,0.5
37751,1,1,1,0,200,1.0,1.0,1.0,,1.0,1.0,1.0,,1.0,1.0,1.0,
43160,3,3,2,1,200,1.0,1.0,1.0,1.0,1.0,1.0,1.0,1.0,1.0,1.0,1.0,1.0
32616,3,3,1,2,200,1.0,1.0,1.0,1.0,1.0,1.0,1.0,1.0,1.0,1.0,1.0,1.0
73096,3,3,2,1,200,0.6666666666666666,0.6666666666666666,1.0,0.0,0.6666666666666666,0.6666666666666666,1.0,0.0,0.6666666666666666,0.6666666666666666,1.0,0.0
36460,1,1,0,1,200,0.0,0.0,,0.0,1.0,1.0,,1.0,1.0,1.0,,1.0
99236,1,1,0,1,200,0.0,0.0,,0.0,0.0,0.0,,0.0,0.0,0.0,,0.0
36566,3,2,1,1,200,0.3333333333333333,0.5,1.0,0.0,0.3333333333333333,0.5,1.0,0.0,0.3333333333333333,0.5,1.0,0.0
33661,6,4,1,3,200,0.16666666666666666,0.25,1.0,0.0,0.16666666666666666,0.25,1.0,0.0,0.16666666666666666,0.25,1.0,0.0
23067,2,2,2,0,200,1.0,1.0,1.0,,1.0,1.0,1.0,,1.0,1.0,1.0,
60012,5,5,1,4,200,0.6,0.6,1.0,0.5,0.8,0.8,1.0,0.75,0.8,0.8,1.0,0.75
41527,14,11,8,3,200,0.5714285714285714,0.7272727272727273,1.0,0.0,0.5714285714285714,0.7272727272727273,1.0,0.0,0.5714285714285714,0.7272727272727273,1.0,0.0
16505,2,2,2,0,200,1.0,1.0,1.0,,1.0,1.0,1.0,,1.0,1.0,1.0,
47496,1,1,0,1,200,1.0,1.0,,1.0,1.0,1.0,,1.0,1.0,1.0,,1.0
43144,15,12,9,3,200,0.4,0.5,0.6666666666666666,0.0,0.6,0.75,0.8888888888888888,0.3333333333333333,0.7333333333333333,0.9166666666666666,1.0,0.6666666666666666
14024,2,2,0,2,200,1.0,1.0,,1.0,1.0,1.0,,1.0,1.0,1.0,,1.0
6262,7,6,2,4,200,0.7142857142857143,0.8333333333333334,1.0,0.75,0.7142857142857143,0.8333333333333334,1.0,0.75,0.7142857142857143,0.8333333333333334,1.0,0.75
26508,9,8,1,7,200,0.2222222222222222,0.25,1.0,0.14285714285714285,0.3333333333333333,0.375,1.0,0.2857142857142857,0.3333333333333333,0.375,1.0,0.2857142857142857
24795,3,3,1,2,200,0.3333333333333333,0.3333333333333333,1.0,0.0,0.3333333333333333,0.3333333333333333,1.0,0.0,0.3333333333333333,0.3333333333333333,1.0,0.0
63501,1,1,0,1,200,0.0,0.0,,0.0,0.0,0.0,,0.0,1.0,1.0,,1.0
68108,2,2,0,2,200,0.5,0.5,,0.5,0.5,0.5,,0.5,0.5,0.5,,0.5
38353,22,22,13,9,200,0.5454545454545454,0.5454545454545454,0.7692307692307693,0.2222222222222222,0.6818181818181818,0.6818181818181818,0.9230769230769231,0.3333333333333333,0.7727272727272727,0.7727272727272727,0.9230769230769231,0.5555555555555556
77866,1,1,0,1,200,0.0,0.0,,0.0,1.0,1.0,,1.0,1.0,1.0,,1.0
46012,11,11,7,4,200,0.7272727272727273,0.7272727272727273,1.0,0.25,1.0,1.0,1.0,1.0,1.0,1.0,1.0,1.0
82718,9,9,4,5,200,0.4444444444444444,0.4444444444444444,1.0,0.0,0.4444444444444444,0.4444444444444444,1.0,0.0,0.4444444444444444,0.4444444444444444,1.0,0.0
85078,9,9,6,3,200,0.8888888888888888,0.8888888888888888,0.8333333333333334,1.0,1.0,1.0,1.0,1.0,1.0,1.0,1.0,1.0
95827,3,3,1,2,200,0.3333333333333333,0.3333333333333333,1.0,0.0,0.3333333333333333,0.3333333333333333,1.0,0.0,0.6666666666666666,0.6666666666666666,1.0,0.5
51094,4,4,0,4,200,0.25,0.25,,0.25,0.5,0.5,,0.5,0.5,0.5,,0.5
32191,12,8,5,3,200,0.25,0.375,0.6,0.0,0.3333333333333333,0.5,0.8,0.0,0.3333333333333333,0.5,0.8,0.0
53258,6,6,0,6,200,0.5,0.5,,0.5,0.8333333333333334,0.8333333333333334,,0.8333333333333334,0.8333333333333334,0.8333333333333334,,0.8333333333333334
81979,6,6,4,2,200,0.6666666666666666,0.6666666666666666,1.0,0.0,0.8333333333333334,0.8333333333333334,1.0,0.5,0.8333333333333334,0.8333333333333334,1.0,0.5
13494,1,1,0,1,200,1.0,1.0,,1.0,1.0,1.0,,1.0,1.0,1.0,,1.0
73335,1,1,0,1,200,1.0,1.0,,1.0,1.0,1.0,,1.0,1.0,1.0,,1.0
77362,3,3,3,0,200,1.0,1.0,1.0,,1.0,1.0,1.0,,1.0,1.0,1.0,
61216,4,4,1,3,200,0.25,0.25,1.0,0.0,0.25,0.25,1.0,0.0,0.25,0.25,1.0,0.0
63825,12,11,5,6,200,0.5,0.5454545454545454,1.0,0.16666666666666666,0.6666666666666666,0.7272727272727273,1.0,0.5,0.6666666666666666,0.7272727272727273,1.0,0.5
62371,34,34,14,20,200,0.35294117647058826,0.35294117647058826,0.8571428571428571,0.0,0.38235294117647056,0.38235294117647056,0.9285714285714286,0.0,0.47058823529411764,0.47058823529411764,1.0,0.1
77418,1,1,0,1,200,0.0,0.0,,0.0,0.0,0.0,,0.0,0.0,0.0,,0.0
57579,2,2,2,0,200,1.0,1.0,1.0,,1.0,1.0,1.0,,1.0,1.0,1.0,
79644,1,1,0,1,200,0.0,0.0,,0.0,0.0,0.0,,0.0,0.0,0.0,,0.0
31969,2,2,0,2,200,1.0,1.0,,1.0,1.0,1.0,,1.0,1.0,1.0,,1.0
97123,5,5,3,2,200,0.8,0.8,1.0,0.5,0.8,0.8,1.0,0.5,0.8,0.8,1.0,0.5
23811,4,4,0,4,200,0.5,0.5,,0.5,0.5,0.5,,0.5,0.75,0.75,,0.75
89504,2,2,0,2,200,0.5,0.5,,0.5,1.0,1.0,,1.0,1.0,1.0,,1.0
79526,4,4,3,1,200,0.75,0.75,1.0,0.0,0.75,0.75,1.0,0.0,0.75,0.75,1.0,0.0
83728,3,3,1,2,200,0.3333333333333333,0.3333333333333333,1.0,0.0,0.3333333333333333,0.3333333333333333,1.0,0.0,0.3333333333333333,0.3333333333333333,1.0,0.0
83087,9,9,2,7,200,0.2222222222222222,0.2222222222222222,1.0,0.0,0.3333333333333333,0.3333333333333333,1.0,0.14285714285714285,0.4444444444444444,0.4444444444444444,1.0,0.2857142857142857
9935,1,1,0,1,200,0.0,0.0,,0.0,0.0,0.0,,0.0,0.0,0.0,,0.0
68440,1,1,1,0,200,1.0,1.0,1.0,,1.0,1.0,1.0,,1.0,1.0,1.0,
91788,18,18,14,4,200,0.6666666666666666,0.6666666666666666,0.8571428571428571,0.0,0.8333333333333334,0.8333333333333334,1.0,0.25,0.8888888888888888,0.8888888888888888,1.0,0.5
40268,1,1,0,1,200,1.0,1.0,,1.0,1.0,1.0,,1.0,1.0,1.0,,1.0
5402,10,10,8,2,200,0.8,0.8,1.0,0.0,0.8,0.8,1.0,0.0,0.9,0.9,1.0,0.5
10697,5,5,4,1,200,1.0,1.0,1.0,1.0,1.0,1.0,1.0,1.0,1.0,1.0,1.0,1.0
82729,1,1,0,1,200,1.0,1.0,,1.0,1.0,1.0,,1.0,1.0,1.0,,1.0
9380,1,1,1,0,200,1.0,1.0,1.0,,1.0,1.0,1.0,,1.0,1.0,1.0,
10186,3,3,2,1,200,0.6666666666666666,0.6666666666666666,1.0,0.0,0.6666666666666666,0.6666666666666666,1.0,0.0,0.6666666666666666,0.6666666666666666,1.0,0.0
88625,1,1,1,0,200,1.0,1.0,1.0,,1.0,1.0,1.0,,1.0,1.0,1.0,
52072,1,1,0,1,200,1.0,1.0,,1.0,1.0,1.0,,1.0,1.0,1.0,,1.0
91908,4,4,1,3,200,0.5,0.5,1.0,0.3333333333333333,0.5,0.5,1.0,0.3333333333333333,0.75,0.75,1.0,0.6666666666666666
37197,2,2,1,1,200,0.5,0.5,1.0,0.0,0.5,0.5,1.0,0.0,0.5,0.5,1.0,0.0
770,2,2,1,1,200,1.0,1.0,1.0,1.0,1.0,1.0,1.0,1.0,1.0,1.0,1.0,1.0
5119,1,1,0,1,200,1.0,1.0,,1.0,1.0,1.0,,1.0,1.0,1.0,,1.0
28148,4,3,3,0,200,0.75,1.0,1.0,,0.75,1.0,1.0,,0.75,1.0,1.0,
41500,10,10,6,4,200,0.5,0.5,0.8333333333333334,0.0,0.6,0.6,1.0,0.0,0.6,0.6,1.0,0.0
94142,2,2,1,1,200,0.5,0.5,1.0,0.0,0.5,0.5,1.0,0.0,0.5,0.5,1.0,0.0
56794,2,1,0,1,200,0.0,0.0,,0.0,0.0,0.0,,0.0,0.0,0.0,,0.0
63860,4,4,3,1,200,0.75,0.75,1.0,0.0,0.75,0.75,1.0,0.0,0.75,0.75,1.0,0.0
24775,3,3,1,2,200,1.0,1.0,1.0,1.0,1.0,1.0,1.0,1.0,1.0,1.0,1.0,1.0
22667,1,1,1,0,200,1.0,1.0,1.0,,1.0,1.0,1.0,,1.0,1.0,1.0,
23521,1,1,1,0,200,1.0,1.0,1.0,,1.0,1.0,1.0,,1.0,1.0,1.0,
88213,3,3,2,1,200,0.6666666666666666,0.6666666666666666,1.0,0.0,0.6666666666666666,0.6666666666666666,1.0,0.0,0.6666666666666666,0.6666666666666666,1.0,0.0
18097,1,1,0,1,200,0.0,0.0,,0.0,1.0,1.0,,1.0,1.0,1.0,,1.0
49017,2,2,1,1,200,1.0,1.0,1.0,1.0,1.0,1.0,1.0,1.0,1.0,1.0,1.0,1.0
4522,5,5,5,0,200,1.0,1.0,1.0,,1.0,1.0,1.0,,1.0,1.0,1.0,
53338,3,3,0,3,200,0.6666666666666666,0.6666666666666666,,0.6666666666666666,0.6666666666666666,0.6666666666666666,,0.6666666666666666,1.0,1.0,,1.0
84500,2,1,0,1,200,0.0,0.0,,0.0,0.0,0.0,,0.0,0.0,0.0,,0.0
78767,3,3,0,3,200,0.0,0.0,,0.0,0.3333333333333333,0.3333333333333333,,0.3333333333333333,0.3333333333333333,0.3333333333333333,,0.3333333333333333
86863,1,1,0,1,200,0.0,0.0,,0.0,0.0,0.0,,0.0,0.0,0.0,,0.0
73083,2,2,0,2,200,0.5,0.5,,0.5,0.5,0.5,,0.5,0.5,0.5,,0.5
50181,1,1,0,1,200,0.0,0.0,,0.0,0.0,0.0,,0.0,0.0,0.0,,0.0
97676,6,6,3,3,200,0.5,0.5,1.0,0.0,0.6666666666666666,0.6666666666666666,1.0,0.3333333333333333,0.6666666666666666,0.6666666666666666,1.0,0.3333333333333333
31715,3,3,0,3,200,1.0,1.0,,1.0,1.0,1.0,,1.0,1.0,1.0,,1.0
82234,1,1,1,0,200,1.0,1.0,1.0,,1.0,1.0,1.0,,1.0,1.0,1.0,
39253,2,1,0,1,200,0.0,0.0,,0.0,0.0,0.0,,0.0,0.5,1.0,,1.0
79793,1,1,0,1,200,0.0,0.0,,0.0,1.0,1.0,,1.0,1.0,1.0,,1.0
67634,6,6,5,1,200,0.8333333333333334,0.8333333333333334,1.0,0.0,1.0,1.0,1.0,1.0,1.0,1.0,1.0,1.0
51321,1,1,0,1,200,0.0,0.0,,0.0,0.0,0.0,,0.0,0.0,0.0,,0.0
58778,4,4,2,2,200,1.0,1.0,1.0,1.0,1.0,1.0,1.0,1.0,1.0,1.0,1.0,1.0
42790,5,5,2,3,200,0.4,0.4,1.0,0.0,0.6,0.6,1.0,0.3333333333333333,0.6,0.6,1.0,0.3333333333333333
5546,1,1,0,1,200,1.0,1.0,,1.0,1.0,1.0,,1.0,1.0,1.0,,1.0
82527,1,1,1,0,200,1.0,1.0,1.0,,1.0,1.0,1.0,,1.0,1.0,1.0,
17442,3,3,3,0,200,1.0,1.0,1.0,,1.0,1.0,1.0,,1.0,1.0,1.0,
19441,3,2,1,1,200,0.3333333333333333,0.5,1.0,0.0,0.3333333333333333,0.5,1.0,0.0,0.3333333333333333,0.5,1.0,0.0
5732,5,4,2,2,200,0.4,0.5,1.0,0.0,0.4,0.5,1.0,0.0,0.4,0.5,1.0,0.0
70435,5,5,1,4,200,0.4,0.4,1.0,0.25,0.8,0.8,1.0,0.75,1.0,1.0,1.0,1.0
2207,3,3,2,1,200,1.0,1.0,1.0,1.0,1.0,1.0,1.0,1.0,1.0,1.0,1.0,1.0
53742,6,4,0,4,200,0.0,0.0,,0.0,0.0,0.0,,0.0,0.16666666666666666,0.25,,0.25
11578,1,1,1,0,200,1.0,1.0,1.0,,1.0,1.0,1.0,,1.0,1.0,1.0,
45371,6,6,6,0,200,1.0,1.0,1.0,,1.0,1.0,1.0,,1.0,1.0,1.0,
15396,2,2,1,1,200,1.0,1.0,1.0,1.0,1.0,1.0,1.0,1.0,1.0,1.0,1.0,1.0
57431,9,9,6,3,200,0.6666666666666666,0.6666666666666666,1.0,0.0,0.6666666666666666,0.6666666666666666,1.0,0.0,0.6666666666666666,0.6666666666666666,1.0,0.0
28410,12,12,12,0,200,1.0,1.0,1.0,,1.0,1.0,1.0,,1.0,1.0,1.0,
15633,6,6,3,3,200,1.0,1.0,1.0,1.0,1.0,1.0,1.0,1.0,1.0,1.0,1.0,1.0
16559,3,3,1,2,200,1.0,1.0,1.0,1.0,1.0,1.0,1.0,1.0,1.0,1.0,1.0,1.0
59541,8,8,5,3,200,0.625,0.625,1.0,0.0,0.625,0.625,1.0,0.0,0.625,0.625,1.0,0.0
91476,3,3,1,2,200,0.3333333333333333,0.3333333333333333,1.0,0.0,0.6666666666666666,0.6666666666666666,1.0,0.5,0.6666666666666666,0.6666666666666666,1.0,0.5
90901,1,1,1,0,200,1.0,1.0,1.0,,1.0,1.0,1.0,,1.0,1.0,1.0,
14454,3,3,3,0,200,1.0,1.0,1.0,,1.0,1.0,1.0,,1.0,1.0,1.0,
91719,1,1,0,1,200,1.0,1.0,,1.0,1.0,1.0,,1.0,1.0,1.0,,1.0
30963,23,23,16,7,200,0.6521739130434783,0.6521739130434783,0.875,0.14285714285714285,0.782608695652174,0.782608695652174,1.0,0.2857142857142857,0.8695652173913043,0.8695652173913043,1.0,0.5714285714285714
31790,7,7,6,1,200,0.7142857142857143,0.7142857142857143,0.8333333333333334,0.0,1.0,1.0,1.0,1.0,1.0,1.0,1.0,1.0
81939,17,17,6,11,200,0.4117647058823529,0.4117647058823529,0.8333333333333334,0.18181818181818182,0.5882352941176471,0.5882352941176471,1.0,0.36363636363636365,0.7647058823529411,0.7647058823529411,1.0,0.6363636363636364
19193,1,1,0,1,200,0.0,0.0,,0.0,0.0,0.0,,0.0,0.0,0.0,,0.0
14679,11,11,4,7,200,0.5454545454545454,0.5454545454545454,1.0,0.2857142857142857,0.6363636363636364,0.6363636363636364,1.0,0.42857142857142855,0.8181818181818182,0.8181818181818182,1.0,0.7142857142857143
35669,1,1,1,0,200,1.0,1.0,1.0,,1.0,1.0,1.0,,1.0,1.0,1.0,
59142,22,22,13,9,200,0.5454545454545454,0.5454545454545454,0.9230769230769231,0.0,0.6363636363636364,0.6363636363636364,1.0,0.1111111111111111,0.7727272727272727,0.7727272727272727,1.0,0.4444444444444444
47327,16,16,13,3,200,0.6875,0.6875,0.8461538461538461,0.0,0.75,0.75,0.9230769230769231,0.0,0.8125,0.8125,1.0,0.0
6811,4,4,2,2,200,0.75,0.75,1.0,0.5,0.75,0.75,1.0,0.5,0.75,0.75,1.0,0.5
87553,17,14,7,7,200,0.35294117647058826,0.42857142857142855,0.8571428571428571,0.0,0.4117647058823529,0.5,1.0,0.0,0.5294117647058824,0.6428571428571429,1.0,0.2857142857142857
10564,10,9,7,2,200,0.7,0.7777777777777778,1.0,0.0,0.7,0.7777777777777778,1.0,0.0,0.7,0.7777777777777778,1.0,0.0
95198,3,3,2,1,200,1.0,1.0,1.0,1.0,1.0,1.0,1.0,1.0,1.0,1.0,1.0,1.0
81159,11,11,7,4,200,0.7272727272727273,0.7272727272727273,1.0,0.25,0.9090909090909091,0.9090909090909091,1.0,0.75,0.9090909090909091,0.9090909090909091,1.0,0.75
83557,3,3,1,2,200,0.3333333333333333,0.3333333333333333,1.0,0.0,0.3333333333333333,0.3333333333333333,1.0,0.0,0.3333333333333333,0.3333333333333333,1.0,0.0
74131,14,13,9,4,200,0.6428571428571429,0.6923076923076923,1.0,0.0,0.7857142857142857,0.8461538461538461,1.0,0.5,0.7857142857142857,0.8461538461538461,1.0,0.5
98744,3,3,1,2,200,0.6666666666666666,0.6666666666666666,1.0,0.5,0.6666666666666666,0.6666666666666666,1.0,0.5,0.6666666666666666,0.6666666666666666,1.0,0.5
23534,3,3,0,3,200,0.6666666666666666,0.6666666666666666,,0.6666666666666666,1.0,1.0,,1.0,1.0,1.0,,1.0
26781,3,3,3,0,200,1.0,1.0,1.0,,1.0,1.0,1.0,,1.0,1.0,1.0,
24639,10,10,7,3,200,0.6,0.6,0.8571428571428571,0.0,0.8,0.8,1.0,0.3333333333333333,0.8,0.8,1.0,0.3333333333333333
52829,16,14,10,4,200,0.625,0.7142857142857143,1.0,0.0,0.625,0.7142857142857143,1.0,0.0,0.625,0.7142857142857143,1.0,0.0
45218,1,1,1,0,200,1.0,1.0,1.0,,1.0,1.0,1.0,,1.0,1.0,1.0,
27346,4,4,0,4,200,0.0,0.0,,0.0,0.0,0.0,,0.0,0.25,0.25,,0.25
86207,2,2,1,1,200,0.5,0.5,1.0,0.0,0.5,0.5,1.0,0.0,0.5,0.5,1.0,0.0
95549,3,3,1,2,200,0.6666666666666666,0.6666666666666666,1.0,0.5,0.6666666666666666,0.6666666666666666,1.0,0.5,0.6666666666666666,0.6666666666666666,1.0,0.5
64831,5,5,3,2,200,0.6,0.6,1.0,0.0,0.8,0.8,1.0,0.5,1.0,1.0,1.0,1.0
11412,2,2,1,1,200,1.0,1.0,1.0,1.0,1.0,1.0,1.0,1.0,1.0,1.0,1.0,1.0
42486,2,2,0,2,200,1.0,1.0,,1.0,1.0,1.0,,1.0,1.0,1.0,,1.0
92055,2,2,0,2,200,0.5,0.5,,0.5,0.5,0.5,,0.5,0.5,0.5,,0.5
37288,11,10,7,3,200,0.7272727272727273,0.8,1.0,0.3333333333333333,0.8181818181818182,0.9,1.0,0.6666666666666666,0.8181818181818182,0.9,1.0,0.6666666666666666
11943,15,15,7,8,200,0.8,0.8,1.0,0.625,0.8,0.8,1.0,0.625,0.8,0.8,1.0,0.625
41177,4,4,2,2,200,1.0,1.0,1.0,1.0,1.0,1.0,1.0,1.0,1.0,1.0,1.0,1.0
28935,5,5,5,0,200,1.0,1.0,1.0,,1.0,1.0,1.0,,1.0,1.0,1.0,
60016,1,1,1,0,200,1.0,1.0,1.0,,1.0,1.0,1.0,,1.0,1.0,1.0,
74884,1,1,1,0,200,1.0,1.0,1.0,,1.0,1.0,1.0,,1.0,1.0,1.0,
86244,1,1,1,0,200,1.0,1.0,1.0,,1.0,1.0,1.0,,1.0,1.0,1.0,
92726,1,1,1,0,200,1.0,1.0,1.0,,1.0,1.0,1.0,,1.0,1.0,1.0,
60290,1,1,1,0,200,1.0,1.0,1.0,,1.0,1.0,1.0,,1.0,1.0,1.0,
76095,2,2,2,0,200,1.0,1.0,1.0,,1.0,1.0,1.0,,1.0,1.0,1.0,
52822,1,0,0,0,200,0.0,,,,0.0,,,,0.0,,,
33347,3,3,3,0,200,1.0,1.0,1.0,,1.0,1.0,1.0,,1.0,1.0,1.0,
23130,2,1,1,0,200,0.5,1.0,1.0,,0.5,1.0,1.0,,0.5,1.0,1.0,
46133,1,1,1,0,200,1.0,1.0,1.0,,1.0,1.0,1.0,,1.0,1.0,1.0,
79261,2,1,1,0,200,0.5,1.0,1.0,,0.5,1.0,1.0,,0.5,1.0,1.0,
24916,2,2,0,2,200,0.0,0.0,,0.0,0.0,0.0,,0.0,0.0,0.0,,0.0
82441,4,4,1,3,200,0.5,0.5,1.0,0.3333333333333333,0.5,0.5,1.0,0.3333333333333333,0.75,0.75,1.0,0.6666666666666666
28754,1,1,1,0,200,1.0,1.0,1.0,,1.0,1.0,1.0,,1.0,1.0,1.0,
10951,1,1,0,1,200,1.0,1.0,,1.0,1.0,1.0,,1.0,1.0,1.0,,1.0
65992,4,4,1,3,200,1.0,1.0,1.0,1.0,1.0,1.0,1.0,1.0,1.0,1.0,1.0,1.0
1877,6,6,5,1,200,0.8333333333333334,0.8333333333333334,1.0,0.0,0.8333333333333334,0.8333333333333334,1.0,0.0,0.8333333333333334,0.8333333333333334,1.0,0.0
84188,1,1,1,0,200,1.0,1.0,1.0,,1.0,1.0,1.0,,1.0,1.0,1.0,
78062,11,11,8,3,200,0.8181818181818182,0.8181818181818182,1.0,0.3333333333333333,0.8181818181818182,0.8181818181818182,1.0,0.3333333333333333,0.9090909090909091,0.9090909090909091,1.0,0.6666666666666666
63114,14,13,7,6,200,0.5,0.5384615384615384,1.0,0.0,0.5714285714285714,0.6153846153846154,1.0,0.16666666666666666,0.6428571428571429,0.6923076923076923,1.0,0.3333333333333333
46568,1,1,0,1,200,1.0,1.0,,1.0,1.0,1.0,,1.0,1.0,1.0,,1.0
43084,1,1,1,0,200,1.0,1.0,1.0,,1.0,1.0,1.0,,1.0,1.0,1.0,
79989,1,1,1,0,200,1.0,1.0,1.0,,1.0,1.0,1.0,,1.0,1.0,1.0,
73401,4,4,4,0,200,1.0,1.0,1.0,,1.0,1.0,1.0,,1.0,1.0,1.0,
92735,17,17,13,4,200,0.7647058823529411,0.7647058823529411,1.0,0.0,0.8235294117647058,0.8235294117647058,1.0,0.25,0.8823529411764706,0.8823529411764706,1.0,0.5
18121,5,5,3,2,200,0.6,0.6,1.0,0.0,0.6,0.6,1.0,0.0,0.6,0.6,1.0,0.0
59341,2,2,1,1,200,0.5,0.5,1.0,0.0,0.5,0.5,1.0,0.0,0.5,0.5,1.0,0.0
16609,1,1,1,0,200,1.0,1.0,1.0,,1.0,1.0,1.0,,1.0,1.0,1.0,
95935,6,6,1,5,200,0.5,0.5,1.0,0.4,0.5,0.5,1.0,0.4,0.6666666666666666,0.6666666666666666,1.0,0.6
719,1,1,0,1,200,0.0,0.0,,0.0,0.0,0.0,,0.0,0.0,0.0,,0.0
41844,3,2,1,1,200,0.3333333333333333,0.5,1.0,0.0,0.3333333333333333,0.5,1.0,0.0,0.3333333333333333,0.5,1.0,0.0
74462,2,2,1,1,200,0.5,0.5,1.0,0.0,0.5,0.5,1.0,0.0,0.5,0.5,1.0,0.0
14117,1,1,1,0,200,1.0,1.0,1.0,,1.0,1.0,1.0,,1.0,1.0,1.0,
71931,8,6,4,2,200,0.25,0.3333333333333333,0.5,0.0,0.5,0.6666666666666666,0.75,0.5,0.625,0.8333333333333334,1.0,0.5
10630,2,0,0,0,200,0.0,,,,0.0,,,,0.0,,,
83612,1,1,1,0,200,1.0,1.0,1.0,,1.0,1.0,1.0,,1.0,1.0,1.0,
63099,4,4,2,2,200,0.75,0.75,1.0,0.5,1.0,1.0,1.0,1.0,1.0,1.0,1.0,1.0
14882,1,1,1,0,200,1.0,1.0,1.0,,1.0,1.0,1.0,,1.0,1.0,1.0,
99576,11,11,9,2,200,0.9090909090909091,0.9090909090909091,1.0,0.5,0.9090909090909091,0.9090909090909091,1.0,0.5,1.0,1.0,1.0,1.0
59446,1,1,0,1,200,0.0,0.0,,0.0,0.0,0.0,,0.0,0.0,0.0,,0.0
2579,2,2,1,1,200,0.5,0.5,1.0,0.0,0.5,0.5,1.0,0.0,1.0,1.0,1.0,1.0
49703,2,2,2,0,200,1.0,1.0,1.0,,1.0,1.0,1.0,,1.0,1.0,1.0,
91960,3,3,1,2,200,0.6666666666666666,0.6666666666666666,1.0,0.5,0.6666666666666666,0.6666666666666666,1.0,0.5,0.6666666666666666,0.6666666666666666,1.0,0.5
95394,18,17,8,9,200,0.5555555555555556,0.5882352941176471,1.0,0.2222222222222222,0.6111111111111112,0.6470588235294118,1.0,0.3333333333333333,0.6111111111111112,0.6470588235294118,1.0,0.3333333333333333
28618,5,5,2,3,200,0.8,0.8,1.0,0.6666666666666666,1.0,1.0,1.0,1.0,1.0,1.0,1.0,1.0
51884,5,5,2,3,200,0.4,0.4,1.0,0.0,0.8,0.8,1.0,0.6666666666666666,0.8,0.8,1.0,0.6666666666666666
94953,3,2,0,2,200,0.0,0.0,,0.0,0.0,0.0,,0.0,0.0,0.0,,0.0
31352,3,1,0,1,200,0.0,0.0,,0.0,0.0,0.0,,0.0,0.0,0.0,,0.0
65951,1,1,1,0,200,1.0,1.0,1.0,,1.0,1.0,1.0,,1.0,1.0,1.0,
50637,6,6,4,2,200,0.6666666666666666,0.6666666666666666,1.0,0.0,0.6666666666666666,0.6666666666666666,1.0,0.0,1.0,1.0,1.0,1.0
48652,1,1,0,1,200,0.0,0.0,,0.0,0.0,0.0,,0.0,0.0,0.0,,0.0
13280,12,12,6,6,200,0.5,0.5,1.0,0.0,0.5,0.5,1.0,0.0,0.5833333333333334,0.5833333333333334,1.0,0.16666666666666666
30063,4,4,2,2,200,0.5,0.5,1.0,0.0,0.75,0.75,1.0,0.5,0.75,0.75,1.0,0.5
96684,3,3,1,2,200,0.3333333333333333,0.3333333333333333,1.0,0.0,0.3333333333333333,0.3333333333333333,1.0,0.0,0.6666666666666666,0.6666666666666666,1.0,0.5
39705,9,9,7,2,200,0.8888888888888888,0.8888888888888888,0.8571428571428571,1.0,1.0,1.0,1.0,1.0,1.0,1.0,1.0,1.0
8177,6,4,3,1,200,0.6666666666666666,1.0,1.0,1.0,0.6666666666666666,1.0,1.0,1.0,0.6666666666666666,1.0,1.0,1.0
92254,9,9,5,4,200,0.6666666666666666,0.6666666666666666,1.0,0.25,0.6666666666666666,0.6666666666666666,1.0,0.25,0.7777777777777778,0.7777777777777778,1.0,0.5
56504,15,15,10,5,200,0.6,0.6,0.9,0.0,0.8,0.8,1.0,0.4,0.8666666666666667,0.8666666666666667,1.0,0.6
12459,9,9,5,4,200,0.6666666666666666,0.6666666666666666,1.0,0.25,0.6666666666666666,0.6666666666666666,1.0,0.25,0.7777777777777778,0.7777777777777778,1.0,0.5
43291,1,1,1,0,200,1.0,1.0,1.0,,1.0,1.0,1.0,,1.0,1.0,1.0,
13164,8,8,6,2,200,0.875,0.875,1.0,0.5,1.0,1.0,1.0,1.0,1.0,1.0,1.0,1.0
82153,6,5,2,3,200,0.16666666666666666,0.2,0.5,0.0,0.3333333333333333,0.4,1.0,0.0,0.3333333333333333,0.4,1.0,0.0
73509,6,6,6,0,200,1.0,1.0,1.0,,1.0,1.0,1.0,,1.0,1.0,1.0,
8512,1,1,0,1,200,0.0,0.0,,0.0,0.0,0.0,,0.0,0.0,0.0,,0.0
71179,4,4,1,3,200,0.5,0.5,1.0,0.3333333333333333,0.5,0.5,1.0,0.3333333333333333,0.75,0.75,1.0,0.6666666666666666
2607,5,4,3,1,200,0.6,0.75,1.0,0.0,0.6,0.75,1.0,0.0,0.6,0.75,1.0,0.0
80015,7,7,1,6,200,0.7142857142857143,0.7142857142857143,1.0,0.6666666666666666,0.7142857142857143,0.7142857142857143,1.0,0.6666666666666666,0.7142857142857143,0.7142857142857143,1.0,0.6666666666666666
85986,1,0,0,0,200,0.0,,,,0.0,,,,0.0,,,
19971,3,3,3,0,200,1.0,1.0,1.0,,1.0,1.0,1.0,,1.0,1.0,1.0,
41663,3,3,1,2,200,1.0,1.0,1.0,1.0,1.0,1.0,1.0,1.0,1.0,1.0,1.0,1.0
57902,5,5,3,2,200,0.6,0.6,1.0,0.0,0.6,0.6,1.0,0.0,0.6,0.6,1.0,0.0
76285,2,2,0,2,200,0.0,0.0,,0.0,0.0,0.0,,0.0,0.0,0.0,,0.0
69071,1,0,0,0,200,0.0,,,,0.0,,,,0.0,,,
92267,1,1,1,0,200,1.0,1.0,1.0,,1.0,1.0,1.0,,1.0,1.0,1.0,
50448,6,5,2,3,200,0.5,0.6,1.0,0.3333333333333333,0.5,0.6,1.0,0.3333333333333333,0.5,0.6,1.0,0.3333333333333333
29635,10,9,5,4,200,0.5,0.5555555555555556,0.8,0.25,0.6,0.6666666666666666,1.0,0.25,0.6,0.6666666666666666,1.0,0.25
12263,56,43,9,34,200,0.125,0.16279069767441862,0.7777777777777778,0.0,0.16071428571428573,0.20930232558139536,1.0,0.0,0.16071428571428573,0.20930232558139536,1.0,0.0
96305,8,8,7,1,200,0.875,0.875,1.0,0.0,0.875,0.875,1.0,0.0,0.875,0.875,1.0,0.0
67449,2,2,2,0,200,1.0,1.0,1.0,,1.0,1.0,1.0,,1.0,1.0,1.0,
1889,3,2,1,1,200,0.3333333333333333,0.5,1.0,0.0,0.3333333333333333,0.5,1.0,0.0,0.6666666666666666,1.0,1.0,1.0
13243,5,5,3,2,200,0.8,0.8,1.0,0.5,0.8,0.8,1.0,0.5,0.8,0.8,1.0,0.5
27911,4,3,0,3,200,0.0,0.0,,0.0,0.0,0.0,,0.0,0.0,0.0,,0.0
22859,5,5,2,3,200,0.8,0.8,1.0,0.6666666666666666,0.8,0.8,1.0,0.6666666666666666,1.0,1.0,1.0,1.0
17438,9,9,8,1,200,0.8888888888888888,0.8888888888888888,1.0,0.0,0.8888888888888888,0.8888888888888888,1.0,0.0,0.8888888888888888,0.8888888888888888,1.0,0.0
1470,2,2,2,0,200,1.0,1.0,1.0,,1.0,1.0,1.0,,1.0,1.0,1.0,
92940,1,1,1,0,200,1.0,1.0,1.0,,1.0,1.0,1.0,,1.0,1.0,1.0,
14480,2,2,2,0,200,1.0,1.0,1.0,,1.0,1.0,1.0,,1.0,1.0,1.0,
43295,1,1,1,0,200,1.0,1.0,1.0,,1.0,1.0,1.0,,1.0,1.0,1.0,
49898,2,2,0,2,200,0.0,0.0,,0.0,0.0,0.0,,0.0,0.0,0.0,,0.0
49754,13,13,5,8,200,0.6153846153846154,0.6153846153846154,1.0,0.375,0.7692307692307693,0.7692307692307693,1.0,0.625,0.7692307692307693,0.7692307692307693,1.0,0.625
96595,15,14,11,3,200,0.8,0.8571428571428571,1.0,0.3333333333333333,0.8,0.8571428571428571,1.0,0.3333333333333333,0.8,0.8571428571428571,1.0,0.3333333333333333
32025,3,3,2,1,200,0.6666666666666666,0.6666666666666666,1.0,0.0,0.6666666666666666,0.6666666666666666,1.0,0.0,0.6666666666666666,0.6666666666666666,1.0,0.0
77425,1,1,1,0,200,1.0,1.0,1.0,,1.0,1.0,1.0,,1.0,1.0,1.0,
99259,3,3,0,3,200,0.6666666666666666,0.6666666666666666,,0.6666666666666666,0.6666666666666666,0.6666666666666666,,0.6666666666666666,1.0,1.0,,1.0
31026,3,3,2,1,200,0.6666666666666666,0.6666666666666666,1.0,0.0,0.6666666666666666,0.6666666666666666,1.0,0.0,0.6666666666666666,0.6666666666666666,1.0,0.0
28042,1,1,0,1,200,0.0,0.0,,0.0,0.0,0.0,,0.0,0.0,0.0,,0.0
19641,6,6,6,0,200,1.0,1.0,1.0,,1.0,1.0,1.0,,1.0,1.0,1.0,
4671,9,9,5,4,200,0.5555555555555556,0.5555555555555556,1.0,0.0,0.8888888888888888,0.8888888888888888,1.0,0.75,1.0,1.0,1.0,1.0
87013,3,3,2,1,200,0.6666666666666666,0.6666666666666666,1.0,0.0,0.6666666666666666,0.6666666666666666,1.0,0.0,0.6666666666666666,0.6666666666666666,1.0,0.0
71656,3,2,1,1,200,0.3333333333333333,0.5,1.0,0.0,0.3333333333333333,0.5,1.0,0.0,0.3333333333333333,0.5,1.0,0.0
59736,8,8,5,3,200,1.0,1.0,1.0,1.0,1.0,1.0,1.0,1.0,1.0,1.0,1.0,1.0
36657,5,5,1,4,200,0.6,0.6,1.0,0.5,0.8,0.8,1.0,0.75,1.0,1.0,1.0,1.0
17930,5,5,2,3,200,0.4,0.4,1.0,0.0,0.6,0.6,1.0,0.3333333333333333,0.6,0.6,1.0,0.3333333333333333
74341,1,1,1,0,200,1.0,1.0,1.0,,1.0,1.0,1.0,,1.0,1.0,1.0,
15395,2,1,1,0,200,0.5,1.0,1.0,,0.5,1.0,1.0,,0.5,1.0,1.0,
88700,2,2,1,1,200,1.0,1.0,1.0,1.0,1.0,1.0,1.0,1.0,1.0,1.0,1.0,1.0
82723,1,1,0,1,200,1.0,1.0,,1.0,1.0,1.0,,1.0,1.0,1.0,,1.0
6927,1,1,0,1,200,0.0,0.0,,0.0,0.0,0.0,,0.0,0.0,0.0,,0.0
12370,5,5,3,2,200,0.6,0.6,1.0,0.0,0.6,0.6,1.0,0.0,0.6,0.6,1.0,0.0
3313,2,2,1,1,200,1.0,1.0,1.0,1.0,1.0,1.0,1.0,1.0,1.0,1.0,1.0,1.0
24005,6,6,4,2,200,0.8333333333333334,0.8333333333333334,1.0,0.5,0.8333333333333334,0.8333333333333334,1.0,0.5,0.8333333333333334,0.8333333333333334,1.0,0.5
94276,1,1,0,1,200,1.0,1.0,,1.0,1.0,1.0,,1.0,1.0,1.0,,1.0
93240,3,3,1,2,200,0.6666666666666666,0.6666666666666666,1.0,0.5,0.6666666666666666,0.6666666666666666,1.0,0.5,0.6666666666666666,0.6666666666666666,1.0,0.5
594,1,1,1,0,200,1.0,1.0,1.0,,1.0,1.0,1.0,,1.0,1.0,1.0,
26199,4,4,2,2,200,1.0,1.0,1.0,1.0,1.0,1.0,1.0,1.0,1.0,1.0,1.0,1.0
37941,1,1,0,1,200,1.0,1.0,,1.0,1.0,1.0,,1.0,1.0,1.0,,1.0
74355,15,15,8,7,200,0.6,0.6,1.0,0.14285714285714285,0.6666666666666666,0.6666666666666666,1.0,0.2857142857142857,0.6666666666666666,0.6666666666666666,1.0,0.2857142857142857
73327,10,10,8,2,200,0.8,0.8,1.0,0.0,0.9,0.9,1.0,0.5,1.0,1.0,1.0,1.0
9532,6,6,3,3,200,0.5,0.5,1.0,0.0,0.8333333333333334,0.8333333333333334,1.0,0.6666666666666666,0.8333333333333334,0.8333333333333334,1.0,0.6666666666666666
88167,1,1,1,0,200,1.0,1.0,1.0,,1.0,1.0,1.0,,1.0,1.0,1.0,
37303,2,2,1,1,200,1.0,1.0,1.0,1.0,1.0,1.0,1.0,1.0,1.0,1.0,1.0,1.0
41015,1,1,0,1,200,0.0,0.0,,0.0,0.0,0.0,,0.0,0.0,0.0,,0.0
65895,9,9,8,1,200,1.0,1.0,1.0,1.0,1.0,1.0,1.0,1.0,1.0,1.0,1.0,1.0
33525,2,2,0,2,200,1.0,1.0,,1.0,1.0,1.0,,1.0,1.0,1.0,,1.0
76931,3,3,2,1,200,1.0,1.0,1.0,1.0,1.0,1.0,1.0,1.0,1.0,1.0,1.0,1.0
2302,6,6,4,2,200,0.6666666666666666,0.6666666666666666,1.0,0.0,0.8333333333333334,0.8333333333333334,1.0,0.5,0.8333333333333334,0.8333333333333334,1.0,0.5
31596,2,2,2,0,200,1.0,1.0,1.0,,1.0,1.0,1.0,,1.0,1.0,1.0,
46851,3,3,2,1,200,0.6666666666666666,0.6666666666666666,1.0,0.0,0.6666666666666666,0.6666666666666666,1.0,0.0,1.0,1.0,1.0,1.0
51736,1,1,1,0,200,1.0,1.0,1.0,,1.0,1.0,1.0,,1.0,1.0,1.0,
11660,3,3,1,2,200,0.3333333333333333,0.3333333333333333,1.0,0.0,0.3333333333333333,0.3333333333333333,1.0,0.0,0.3333333333333333,0.3333333333333333,1.0,0.0
88879,3,3,1,2,200,0.3333333333333333,0.3333333333333333,1.0,0.0,0.3333333333333333,0.3333333333333333,1.0,0.0,0.3333333333333333,0.3333333333333333,1.0,0.0
22284,24,24,15,9,200,0.4583333333333333,0.4583333333333333,0.7333333333333333,0.0,0.625,0.625,1.0,0.0,0.625,0.625,1.0,0.0
88623,4,4,2,2,200,0.75,0.75,1.0,0.5,1.0,1.0,1.0,1.0,1.0,1.0,1.0,1.0
84192,2,2,0,2,200,0.0,0.0,,0.0,0.0,0.0,,0.0,0.0,0.0,,0.0
74546,18,17,12,5,200,0.6111111111111112,0.6470588235294118,0.9166666666666666,0.0,0.6666666666666666,0.7058823529411765,1.0,0.0,0.6666666666666666,0.7058823529411765,1.0,0.0
9181,3,3,1,2,200,0.3333333333333333,0.3333333333333333,1.0,0.0,0.3333333333333333,0.3333333333333333,1.0,0.0,0.3333333333333333,0.3333333333333333,1.0,0.0
88715,3,3,2,1,200,1.0,1.0,1.0,1.0,1.0,1.0,1.0,1.0,1.0,1.0,1.0,1.0
15243,1,1,1,0,200,1.0,1.0,1.0,,1.0,1.0,1.0,,1.0,1.0,1.0,
98742,1,1,0,1,200,1.0,1.0,,1.0,1.0,1.0,,1.0,1.0,1.0,,1.0
96403,2,2,0,2,200,0.5,0.5,,0.5,0.5,0.5,,0.5,1.0,1.0,,1.0
43475,2,2,1,1,200,0.5,0.5,1.0,0.0,1.0,1.0,1.0,1.0,1.0,1.0,1.0,1.0
29882,3,3,2,1,200,0.6666666666666666,0.6666666666666666,1.0,0.0,1.0,1.0,1.0,1.0,1.0,1.0,1.0,1.0
4685,3,3,2,1,200,1.0,1.0,1.0,1.0,1.0,1.0,1.0,1.0,1.0,1.0,1.0,1.0
53158,14,14,11,3,200,0.8571428571428571,0.8571428571428571,1.0,0.3333333333333333,0.8571428571428571,0.8571428571428571,1.0,0.3333333333333333,1.0,1.0,1.0,1.0
16516,4,4,0,4,200,0.5,0.5,,0.5,1.0,1.0,,1.0,1.0,1.0,,1.0
18075,3,3,1,2,200,0.3333333333333333,0.3333333333333333,1.0,0.0,0.3333333333333333,0.3333333333333333,1.0,0.0,0.3333333333333333,0.3333333333333333,1.0,0.0
93202,5,5,3,2,200,0.6,0.6,1.0,0.0,0.6,0.6,1.0,0.0,0.6,0.6,1.0,0.0
98659,1,1,1,0,200,1.0,1.0,1.0,,1.0,1.0,1.0,,1.0,1.0,1.0,
25542,2,2,1,1,200,0.5,0.5,1.0,0.0,1.0,1.0,1.0,1.0,1.0,1.0,1.0,1.0
90145,2,2,0,2,200,0.0,0.0,,0.0,0.0,0.0,,0.0,0.5,0.5,,0.5
51380,5,5,0,5,200,0.4,0.4,,0.4,0.8,0.8,,0.8,0.8,0.8,,0.8
61997,1,1,1,0,200,1.0,1.0,1.0,,1.0,1.0,1.0,,1.0,1.0,1.0,
29108,3,3,2,1,200,0.6666666666666666,0.6666666666666666,1.0,0.0,1.0,1.0,1.0,1.0,1.0,1.0,1.0,1.0
63293,3,3,1,2,200,0.3333333333333333,0.3333333333333333,1.0,0.0,1.0,1.0,1.0,1.0,1.0,1.0,1.0,1.0
94831,1,1,0,1,200,0.0,0.0,,0.0,1.0,1.0,,1.0,1.0,1.0,,1.0
20286,3,2,0,2,200,0.0,0.0,,0.0,0.0,0.0,,0.0,0.0,0.0,,0.0
31726,2,2,2,0,200,1.0,1.0,1.0,,1.0,1.0,1.0,,1.0,1.0,1.0,
95820,1,1,1,0,200,1.0,1.0,1.0,,1.0,1.0,1.0,,1.0,1.0,1.0,
80516,3,2,0,2,200,0.0,0.0,,0.0,0.0,0.0,,0.0,0.0,0.0,,0.0
45913,5,5,1,4,200,0.4,0.4,1.0,0.25,0.8,0.8,1.0,0.75,0.8,0.8,1.0,0.75
82651,1,1,1,0,200,1.0,1.0,1.0,,1.0,1.0,1.0,,1.0,1.0,1.0,
31014,6,6,5,1,200,0.8333333333333334,0.8333333333333334,1.0,0.0,0.8333333333333334,0.8333333333333334,1.0,0.0,1.0,1.0,1.0,1.0
37054,3,2,1,1,200,0.3333333333333333,0.5,1.0,0.0,0.3333333333333333,0.5,1.0,0.0,0.3333333333333333,0.5,1.0,0.0
54550,1,1,0,1,200,0.0,0.0,,0.0,0.0,0.0,,0.0,0.0,0.0,,0.0
55339,2,2,1,1,200,0.5,0.5,1.0,0.0,0.5,0.5,1.0,0.0,0.5,0.5,1.0,0.0
14234,7,7,2,5,200,0.7142857142857143,0.7142857142857143,1.0,0.6,0.8571428571428571,0.8571428571428571,1.0,0.8,0.8571428571428571,0.8571428571428571,1.0,0.8
3918,1,0,0,0,200,0.0,,,,0.0,,,,0.0,,,
23571,3,3,0,3,200,0.0,0.0,,0.0,0.3333333333333333,0.3333333333333333,,0.3333333333333333,0.3333333333333333,0.3333333333333333,,0.3333333333333333
22937,4,4,2,2,200,0.5,0.5,1.0,0.0,0.75,0.75,1.0,0.5,0.75,0.75,1.0,0.5
97052,5,5,5,0,200,1.0,1.0,1.0,,1.0,1.0,1.0,,1.0,1.0,1.0,
91244,1,1,1,0,200,1.0,1.0,1.0,,1.0,1.0,1.0,,1.0,1.0,1.0,
61292,2,2,2,0,200,1.0,1.0,1.0,,1.0,1.0,1.0,,1.0,1.0,1.0,
10838,4,3,1,2,200,0.25,0.3333333333333333,1.0,0.0,0.25,0.3333333333333333,1.0,0.0,0.25,0.3333333333333333,1.0,0.0
32080,3,3,3,0,200,1.0,1.0,1.0,,1.0,1.0,1.0,,1.0,1.0,1.0,
76650,3,3,1,2,200,0.3333333333333333,0.3333333333333333,1.0,0.0,0.3333333333333333,0.3333333333333333,1.0,0.0,0.3333333333333333,0.3333333333333333,1.0,0.0
93504,4,4,2,2,200,0.5,0.5,1.0,0.0,0.5,0.5,1.0,0.0,0.5,0.5,1.0,0.0
72433,3,3,2,1,200,1.0,1.0,1.0,1.0,1.0,1.0,1.0,1.0,1.0,1.0,1.0,1.0
72753,1,1,1,0,200,1.0,1.0,1.0,,1.0,1.0,1.0,,1.0,1.0,1.0,
65725,4,4,4,0,200,1.0,1.0,1.0,,1.0,1.0,1.0,,1.0,1.0,1.0,
24308,6,5,1,4,200,0.16666666666666666,0.2,1.0,0.0,0.3333333333333333,0.4,1.0,0.25,0.3333333333333333,0.4,1.0,0.25
28147,2,2,2,0,200,1.0,1.0,1.0,,1.0,1.0,1.0,,1.0,1.0,1.0,
11976,2,2,1,1,200,0.5,0.5,1.0,0.0,0.5,0.5,1.0,0.0,0.5,0.5,1.0,0.0
67015,1,1,1,0,200,1.0,1.0,1.0,,1.0,1.0,1.0,,1.0,1.0,1.0,
66406,6,6,2,4,200,0.6666666666666666,0.6666666666666666,1.0,0.5,0.6666666666666666,0.6666666666666666,1.0,0.5,0.8333333333333334,0.8333333333333334,1.0,0.75
10922,10,10,4,6,200,0.8,0.8,1.0,0.6666666666666666,0.9,0.9,1.0,0.8333333333333334,0.9,0.9,1.0,0.8333333333333334
31602,8,8,6,2,200,0.5,0.5,0.6666666666666666,0.0,0.875,0.875,1.0,0.5,0.875,0.875,1.0,0.5
55282,2,1,1,0,200,0.5,1.0,1.0,,0.5,1.0,1.0,,0.5,1.0,1.0,
30223,3,2,2,0,200,0.6666666666666666,1.0,1.0,,0.6666666666666666,1.0,1.0,,0.6666666666666666,1.0,1.0,
14145,5,5,3,2,200,0.6,0.6,1.0,0.0,0.6,0.6,1.0,0.0,0.6,0.6,1.0,0.0
54159,1,1,1,0,200,1.0,1.0,1.0,,1.0,1.0,1.0,,1.0,1.0,1.0,
89225,1,1,1,0,200,1.0,1.0,1.0,,1.0,1.0,1.0,,1.0,1.0,1.0,
1062,10,10,9,1,200,0.9,0.9,1.0,0.0,0.9,0.9,1.0,0.0,0.9,0.9,1.0,0.0
82331,1,0,0,0,200,0.0,,,,0.0,,,,0.0,,,
36352,5,5,4,1,200,0.8,0.8,1.0,0.0,0.8,0.8,1.0,0.0,0.8,0.8,1.0,0.0
2261,7,7,6,1,200,0.8571428571428571,0.8571428571428571,1.0,0.0,0.8571428571428571,0.8571428571428571,1.0,0.0,1.0,1.0,1.0,1.0
28490,1,1,1,0,200,1.0,1.0,1.0,,1.0,1.0,1.0,,1.0,1.0,1.0,
43883,4,4,3,1,200,0.75,0.75,1.0,0.0,0.75,0.75,1.0,0.0,0.75,0.75,1.0,0.0
84691,6,6,3,3,200,0.6666666666666666,0.6666666666666666,1.0,0.3333333333333333,0.6666666666666666,0.6666666666666666,1.0,0.3333333333333333,0.6666666666666666,0.6666666666666666,1.0,0.3333333333333333
51955,6,6,1,5,200,0.8333333333333334,0.8333333333333334,1.0,0.8,0.8333333333333334,0.8333333333333334,1.0,0.8,0.8333333333333334,0.8333333333333334,1.0,0.8
54382,1,1,1,0,200,1.0,1.0,1.0,,1.0,1.0,1.0,,1.0,1.0,1.0,
33175,10,9,4,5,200,0.5,0.5555555555555556,1.0,0.2,0.5,0.5555555555555556,1.0,0.2,0.5,0.5555555555555556,1.0,0.2
94971,6,5,1,4,200,0.3333333333333333,0.4,1.0,0.25,0.3333333333333333,0.4,1.0,0.25,0.3333333333333333,0.4,1.0,0.25
26701,4,4,2,2,200,0.5,0.5,1.0,0.0,0.5,0.5,1.0,0.0,0.5,0.5,1.0,0.0
80503,2,2,2,0,200,1.0,1.0,1.0,,1.0,1.0,1.0,,1.0,1.0,1.0,
47292,3,3,1,2,200,0.3333333333333333,0.3333333333333333,1.0,0.0,0.6666666666666666,0.6666666666666666,1.0,0.5,0.6666666666666666,0.6666666666666666,1.0,0.5
54117,17,16,10,6,200,0.7058823529411765,0.75,1.0,0.3333333333333333,0.7058823529411765,0.75,1.0,0.3333333333333333,0.7058823529411765,0.75,1.0,0.3333333333333333
57088,1,0,0,0,200,0.0,,,,0.0,,,,0.0,,,
16191,1,1,0,1,200,0.0,0.0,,0.0,0.0,0.0,,0.0,0.0,0.0,,0.0
93459,2,2,0,2,200,1.0,1.0,,1.0,1.0,1.0,,1.0,1.0,1.0,,1.0
44116,7,7,2,5,200,0.7142857142857143,0.7142857142857143,1.0,0.6,1.0,1.0,1.0,1.0,1.0,1.0,1.0,1.0
48975,14,13,6,7,200,0.5714285714285714,0.6153846153846154,1.0,0.2857142857142857,0.7142857142857143,0.7692307692307693,1.0,0.5714285714285714,0.7857142857142857,0.8461538461538461,1.0,0.7142857142857143
66941,8,7,3,4,200,0.5,0.5714285714285714,1.0,0.25,0.5,0.5714285714285714,1.0,0.25,0.5,0.5714285714285714,1.0,0.25
48575,10,10,6,4,200,0.7,0.7,1.0,0.25,0.8,0.8,1.0,0.5,0.8,0.8,1.0,0.5
27620,8,8,5,3,200,0.625,0.625,1.0,0.0,0.75,0.75,1.0,0.3333333333333333,0.875,0.875,1.0,0.6666666666666666
8364,2,2,1,1,200,0.5,0.5,1.0,0.0,0.5,0.5,1.0,0.0,1.0,1.0,1.0,1.0
6656,2,2,1,1,200,0.5,0.5,1.0,0.0,1.0,1.0,1.0,1.0,1.0,1.0,1.0,1.0
78082,8,8,3,5,200,0.5,0.5,1.0,0.2,0.625,0.625,1.0,0.4,0.625,0.625,1.0,0.4
46673,3,3,3,0,200,1.0,1.0,1.0,,1.0,1.0,1.0,,1.0,1.0,1.0,
48149,5,5,3,2,200,0.6,0.6,1.0,0.0,0.6,0.6,1.0,0.0,0.6,0.6,1.0,0.0
41858,4,4,4,0,200,0.75,0.75,0.75,,1.0,1.0,1.0,,1.0,1.0,1.0,
95460,3,3,0,3,200,0.3333333333333333,0.3333333333333333,,0.3333333333333333,0.3333333333333333,0.3333333333333333,,0.3333333333333333,0.6666666666666666,0.6666666666666666,,0.6666666666666666
15255,1,1,1,0,200,1.0,1.0,1.0,,1.0,1.0,1.0,,1.0,1.0,1.0,
2378,2,2,1,1,200,1.0,1.0,1.0,1.0,1.0,1.0,1.0,1.0,1.0,1.0,1.0,1.0
29518,3,2,2,0,200,0.6666666666666666,1.0,1.0,,0.6666666666666666,1.0,1.0,,0.6666666666666666,1.0,1.0,
59001,6,6,1,5,200,0.3333333333333333,0.3333333333333333,1.0,0.2,0.3333333333333333,0.3333333333333333,1.0,0.2,0.5,0.5,1.0,0.4
61116,5,5,3,2,200,1.0,1.0,1.0,1.0,1.0,1.0,1.0,1.0,1.0,1.0,1.0,1.0
34706,1,1,1,0,200,1.0,1.0,1.0,,1.0,1.0,1.0,,1.0,1.0,1.0,
44692,1,1,0,1,200,0.0,0.0,,0.0,0.0,0.0,,0.0,0.0,0.0,,0.0
58025,21,21,13,8,200,0.6190476190476191,0.6190476190476191,0.9230769230769231,0.125,0.7142857142857143,0.7142857142857143,1.0,0.25,0.7142857142857143,0.7142857142857143,1.0,0.25
98604,18,16,10,6,200,0.3333333333333333,0.375,0.5,0.16666666666666666,0.5555555555555556,0.625,0.9,0.16666666666666666,0.6111111111111112,0.6875,1.0,0.16666666666666666
92239,6,6,2,4,200,0.3333333333333333,0.3333333333333333,1.0,0.0,0.3333333333333333,0.3333333333333333,1.0,0.0,0.3333333333333333,0.3333333333333333,1.0,0.0
30040,3,3,0,3,200,0.0,0.0,,0.0,0.0,0.0,,0.0,0.0,0.0,,0.0
17123,3,3,1,2,200,1.0,1.0,1.0,1.0,1.0,1.0,1.0,1.0,1.0,1.0,1.0,1.0
79177,1,1,1,0,200,1.0,1.0,1.0,,1.0,1.0,1.0,,1.0,1.0,1.0,
58669,14,14,8,6,200,0.5714285714285714,0.5714285714285714,0.875,0.16666666666666666,0.7142857142857143,0.7142857142857143,1.0,0.3333333333333333,0.7142857142857143,0.7142857142857143,1.0,0.3333333333333333
17557,1,1,1,0,200,1.0,1.0,1.0,,1.0,1.0,1.0,,1.0,1.0,1.0,
10414,1,1,1,0,200,1.0,1.0,1.0,,1.0,1.0,1.0,,1.0,1.0,1.0,
67612,3,3,2,1,200,0.6666666666666666,0.6666666666666666,1.0,0.0,0.6666666666666666,0.6666666666666666,1.0,0.0,1.0,1.0,1.0,1.0
14577,2,2,1,1,200,1.0,1.0,1.0,1.0,1.0,1.0,1.0,1.0,1.0,1.0,1.0,1.0
65899,1,1,0,1,200,0.0,0.0,,0.0,0.0,0.0,,0.0,0.0,0.0,,0.0
33007,2,2,2,0,200,1.0,1.0,1.0,,1.0,1.0,1.0,,1.0,1.0,1.0,
18849,2,2,1,1,200,1.0,1.0,1.0,1.0,1.0,1.0,1.0,1.0,1.0,1.0,1.0,1.0
49336,1,1,1,0,200,1.0,1.0,1.0,,1.0,1.0,1.0,,1.0,1.0,1.0,
17986,2,2,1,1,200,0.5,0.5,1.0,0.0,0.5,0.5,1.0,0.0,1.0,1.0,1.0,1.0
4363,8,8,5,3,200,0.625,0.625,1.0,0.0,0.625,0.625,1.0,0.0,0.625,0.625,1.0,0.0
78533,2,2,2,0,200,1.0,1.0,1.0,,1.0,1.0,1.0,,1.0,1.0,1.0,
41646,32,31,17,14,200,0.5625,0.5806451612903226,0.8823529411764706,0.21428571428571427,0.75,0.7741935483870968,1.0,0.5,0.84375,0.8709677419354839,1.0,0.7142857142857143
75576,7,7,3,4,200,1.0,1.0,1.0,1.0,1.0,1.0,1.0,1.0,1.0,1.0,1.0,1.0
8538,1,1,0,1,200,1.0,1.0,,1.0,1.0,1.0,,1.0,1.0,1.0,,1.0
62763,5,5,4,1,200,0.8,0.8,1.0,0.0,0.8,0.8,1.0,0.0,1.0,1.0,1.0,1.0
64856,1,1,0,1,200,1.0,1.0,,1.0,1.0,1.0,,1.0,1.0,1.0,,1.0
9574,10,10,0,10,200,0.0,0.0,,0.0,0.2,0.2,,0.2,0.3,0.3,,0.3
58346,3,3,0,3,200,0.3333333333333333,0.3333333333333333,,0.3333333333333333,0.6666666666666666,0.6666666666666666,,0.6666666666666666,0.6666666666666666,0.6666666666666666,,0.6666666666666666
14156,5,5,5,0,200,1.0,1.0,1.0,,1.0,1.0,1.0,,1.0,1.0,1.0,
62628,8,8,4,4,200,0.875,0.875,1.0,0.75,0.875,0.875,1.0,0.75,0.875,0.875,1.0,0.75
30920,1,1,0,1,200,1.0,1.0,,1.0,1.0,1.0,,1.0,1.0,1.0,,1.0
43241,3,3,3,0,200,1.0,1.0,1.0,,1.0,1.0,1.0,,1.0,1.0,1.0,
66203,4,4,1,3,200,0.5,0.5,1.0,0.3333333333333333,0.75,0.75,1.0,0.6666666666666666,0.75,0.75,1.0,0.6666666666666666
71780,29,27,17,10,200,0.4827586206896552,0.5185185185185185,0.8235294117647058,0.0,0.5172413793103449,0.5555555555555556,0.8823529411764706,0.0,0.6206896551724138,0.6666666666666666,0.9411764705882353,0.2
49226,5,5,2,3,200,0.6,0.6,1.0,0.3333333333333333,0.6,0.6,1.0,0.3333333333333333,0.6,0.6,1.0,0.3333333333333333
75701,2,2,1,1,200,0.5,0.5,1.0,0.0,0.5,0.5,1.0,0.0,0.5,0.5,1.0,0.0
2043,1,1,1,0,200,1.0,1.0,1.0,,1.0,1.0,1.0,,1.0,1.0,1.0,
85428,1,1,1,0,200,1.0,1.0,1.0,,1.0,1.0,1.0,,1.0,1.0,1.0,
46323,10,10,6,4,200,0.8,0.8,0.8333333333333334,0.75,0.9,0.9,1.0,0.75,1.0,1.0,1.0,1.0
17721,11,10,7,3,200,0.45454545454545453,0.5,0.7142857142857143,0.0,0.6363636363636364,0.7,1.0,0.0,0.7272727272727273,0.8,1.0,0.3333333333333333
54630,1,1,1,0,200,1.0,1.0,1.0,,1.0,1.0,1.0,,1.0,1.0,1.0,
57869,1,1,1,0,200,1.0,1.0,1.0,,1.0,1.0,1.0,,1.0,1.0,1.0,
80693,2,2,1,1,200,0.5,0.5,1.0,0.0,0.5,0.5,1.0,0.0,0.5,0.5,1.0,0.0
30631,1,1,1,0,200,1.0,1.0,1.0,,1.0,1.0,1.0,,1.0,1.0,1.0,
72004,1,1,1,0,200,1.0,1.0,1.0,,1.0,1.0,1.0,,1.0,1.0,1.0,
20281,2,2,0,2,200,1.0,1.0,,1.0,1.0,1.0,,1.0,1.0,1.0,,1.0
70251,2,1,0,1,200,0.0,0.0,,0.0,0.0,0.0,,0.0,0.0,0.0,,0.0
45581,15,15,9,6,200,0.3333333333333333,0.3333333333333333,0.5555555555555556,0.0,0.6,0.6,1.0,0.0,0.6,0.6,1.0,0.0
12865,2,2,1,1,200,0.5,0.5,1.0,0.0,0.5,0.5,1.0,0.0,0.5,0.5,1.0,0.0
90006,13,12,8,4,200,0.6153846153846154,0.6666666666666666,0.75,0.5,0.8461538461538461,0.9166666666666666,1.0,0.75,0.8461538461538461,0.9166666666666666,1.0,0.75
44715,1,1,0,1,200,1.0,1.0,,1.0,1.0,1.0,,1.0,1.0,1.0,,1.0
9732,1,1,1,0,200,1.0,1.0,1.0,,1.0,1.0,1.0,,1.0,1.0,1.0,
8045,3,2,2,0,200,0.6666666666666666,1.0,1.0,,0.6666666666666666,1.0,1.0,,0.6666666666666666,1.0,1.0,
27261,1,1,1,0,200,1.0,1.0,1.0,,1.0,1.0,1.0,,1.0,1.0,1.0,
73530,6,5,0,5,200,0.6666666666666666,0.8,,0.8,0.8333333333333334,1.0,,1.0,0.8333333333333334,1.0,,1.0
44949,14,13,7,6,200,0.21428571428571427,0.23076923076923078,0.42857142857142855,0.0,0.42857142857142855,0.46153846153846156,0.8571428571428571,0.0,0.6428571428571429,0.6923076923076923,1.0,0.3333333333333333
78791,6,6,4,2,200,0.6666666666666666,0.6666666666666666,1.0,0.0,0.6666666666666666,0.6666666666666666,1.0,0.0,0.8333333333333334,0.8333333333333334,1.0,0.5
71540,5,4,0,4,200,0.2,0.25,,0.25,0.2,0.25,,0.25,0.2,0.25,,0.25
26124,19,18,15,3,200,0.631578947368421,0.6666666666666666,0.7333333333333333,0.3333333333333333,0.7368421052631579,0.7777777777777778,0.8666666666666667,0.3333333333333333,0.8421052631578947,0.8888888888888888,1.0,0.3333333333333333
77773,9,9,3,6,200,0.3333333333333333,0.3333333333333333,1.0,0.0,0.4444444444444444,0.4444444444444444,1.0,0.16666666666666666,0.4444444444444444,0.4444444444444444,1.0,0.16666666666666666
26366,1,1,1,0,200,1.0,1.0,1.0,,1.0,1.0,1.0,,1.0,1.0,1.0,
96599,5,5,0,5,200,0.2,0.2,,0.2,0.4,0.4,,0.4,0.6,0.6,,0.6
76319,2,2,1,1,200,0.5,0.5,1.0,0.0,0.5,0.5,1.0,0.0,0.5,0.5,1.0,0.0
26617,4,4,2,2,200,0.75,0.75,1.0,0.5,0.75,0.75,1.0,0.5,0.75,0.75,1.0,0.5
45739,1,1,1,0,200,1.0,1.0,1.0,,1.0,1.0,1.0,,1.0,1.0,1.0,
69831,2,2,1,1,200,0.5,0.5,1.0,0.0,0.5,0.5,1.0,0.0,1.0,1.0,1.0,1.0
49473,2,1,0,1,200,0.0,0.0,,0.0,0.0,0.0,,0.0,0.0,0.0,,0.0
90651,4,4,3,1,200,0.75,0.75,1.0,0.0,0.75,0.75,1.0,0.0,0.75,0.75,1.0,0.0
36665,3,3,0,3,200,0.0,0.0,,0.0,0.0,0.0,,0.0,0.0,0.0,,0.0
95876,10,10,5,5,200,0.6,0.6,1.0,0.2,0.6,0.6,1.0,0.2,0.7,0.7,1.0,0.4
33930,8,7,4,3,200,0.5,0.5714285714285714,1.0,0.0,0.5,0.5714285714285714,1.0,0.0,0.5,0.5714285714285714,1.0,0.0
11899,5,5,4,1,200,0.8,0.8,1.0,0.0,0.8,0.8,1.0,0.0,0.8,0.8,1.0,0.0
34301,1,1,1,0,200,1.0,1.0,1.0,,1.0,1.0,1.0,,1.0,1.0,1.0,
8878,7,7,6,1,200,1.0,1.0,1.0,1.0,1.0,1.0,1.0,1.0,1.0,1.0,1.0,1.0
95663,7,7,5,2,200,1.0,1.0,1.0,1.0,1.0,1.0,1.0,1.0,1.0,1.0,1.0,1.0
36216,2,2,2,0,200,1.0,1.0,1.0,,1.0,1.0,1.0,,1.0,1.0,1.0,
60644,2,2,0,2,200,0.0,0.0,,0.0,0.5,0.5,,0.5,1.0,1.0,,1.0
62958,1,1,1,0,200,1.0,1.0,1.0,,1.0,1.0,1.0,,1.0,1.0,1.0,
68263,5,4,2,2,200,0.6,0.75,1.0,0.5,0.8,1.0,1.0,1.0,0.8,1.0,1.0,1.0
30207,13,13,4,9,200,0.46153846153846156,0.46153846153846156,1.0,0.2222222222222222,0.6153846153846154,0.6153846153846154,1.0,0.4444444444444444,0.6923076923076923,0.6923076923076923,1.0,0.5555555555555556
23836,1,1,1,0,200,1.0,1.0,1.0,,1.0,1.0,1.0,,1.0,1.0,1.0,
38152,7,7,5,2,200,0.7142857142857143,0.7142857142857143,1.0,0.0,0.7142857142857143,0.7142857142857143,1.0,0.0,0.7142857142857143,0.7142857142857143,1.0,0.0
16710,4,2,2,0,200,0.5,1.0,1.0,,0.5,1.0,1.0,,0.5,1.0,1.0,
44655,5,4,1,3,200,0.4,0.5,1.0,0.3333333333333333,0.4,0.5,1.0,0.3333333333333333,0.6,0.75,1.0,0.6666666666666666
49531,10,10,2,8,200,0.3,0.3,1.0,0.125,0.4,0.4,1.0,0.25,0.5,0.5,1.0,0.375
69522,2,2,0,2,200,1.0,1.0,,1.0,1.0,1.0,,1.0,1.0,1.0,,1.0
49711,7,7,5,2,200,0.7142857142857143,0.7142857142857143,1.0,0.0,0.7142857142857143,0.7142857142857143,1.0,0.0,0.7142857142857143,0.7142857142857143,1.0,0.0
15344,17,16,8,8,200,0.5294117647058824,0.5625,1.0,0.125,0.5882352941176471,0.625,1.0,0.25,0.6470588235294118,0.6875,1.0,0.375
93607,24,23,17,6,200,0.7083333333333334,0.7391304347826086,1.0,0.0,0.875,0.9130434782608695,1.0,0.6666666666666666,0.875,0.9130434782608695,1.0,0.6666666666666666
50090,4,3,0,3,200,0.25,0.3333333333333333,,0.3333333333333333,0.25,0.3333333333333333,,0.3333333333333333,0.25,0.3333333333333333,,0.3333333333333333
89864,1,1,0,1,200,0.0,0.0,,0.0,0.0,0.0,,0.0,1.0,1.0,,1.0
16233,6,6,5,1,200,0.8333333333333334,0.8333333333333334,1.0,0.0,0.8333333333333334,0.8333333333333334,1.0,0.0,0.8333333333333334,0.8333333333333334,1.0,0.0
71598,3,3,1,2,200,0.3333333333333333,0.3333333333333333,1.0,0.0,0.3333333333333333,0.3333333333333333,1.0,0.0,0.3333333333333333,0.3333333333333333,1.0,0.0
46229,8,8,6,2,200,0.875,0.875,1.0,0.5,1.0,1.0,1.0,1.0,1.0,1.0,1.0,1.0
69575,3,3,0,3,200,0.0,0.0,,0.0,0.0,0.0,,0.0,0.0,0.0,,0.0
72125,8,8,7,1,200,0.875,0.875,1.0,0.0,0.875,0.875,1.0,0.0,0.875,0.875,1.0,0.0
77099,7,6,5,1,200,0.7142857142857143,0.8333333333333334,1.0,0.0,0.7142857142857143,0.8333333333333334,1.0,0.0,0.7142857142857143,0.8333333333333334,1.0,0.0
9119,3,3,0,3,200,0.3333333333333333,0.3333333333333333,,0.3333333333333333,0.6666666666666666,0.6666666666666666,,0.6666666666666666,0.6666666666666666,0.6666666666666666,,0.6666666666666666
10698,2,2,2,0,200,1.0,1.0,1.0,,1.0,1.0,1.0,,1.0,1.0,1.0,
2372,2,1,1,0,200,0.5,1.0,1.0,,0.5,1.0,1.0,,0.5,1.0,1.0,
33496,1,1,1,0,200,1.0,1.0,1.0,,1.0,1.0,1.0,,1.0,1.0,1.0,
16782,3,3,2,1,200,0.6666666666666666,0.6666666666666666,1.0,0.0,0.6666666666666666,0.6666666666666666,1.0,0.0,1.0,1.0,1.0,1.0
32202,2,2,1,1,200,0.5,0.5,1.0,0.0,0.5,0.5,1.0,0.0,0.5,0.5,1.0,0.0
81299,2,2,1,1,200,1.0,1.0,1.0,1.0,1.0,1.0,1.0,1.0,1.0,1.0,1.0,1.0
41907,19,19,12,7,200,0.47368421052631576,0.47368421052631576,0.75,0.0,0.7368421052631579,0.7368421052631579,1.0,0.2857142857142857,0.7894736842105263,0.7894736842105263,1.0,0.42857142857142855
40752,1,1,1,0,200,1.0,1.0,1.0,,1.0,1.0,1.0,,1.0,1.0,1.0,
41037,3,3,2,1,200,0.6666666666666666,0.6666666666666666,1.0,0.0,1.0,1.0,1.0,1.0,1.0,1.0,1.0,1.0
66377,2,2,1,1,200,0.5,0.5,1.0,0.0,0.5,0.5,1.0,0.0,0.5,0.5,1.0,0.0
99404,3,3,1,2,200,0.3333333333333333,0.3333333333333333,1.0,0.0,0.3333333333333333,0.3333333333333333,1.0,0.0,0.3333333333333333,0.3333333333333333,1.0,0.0
78333,1,1,0,1,200,0.0,0.0,,0.0,0.0,0.0,,0.0,1.0,1.0,,1.0
50504,1,0,0,0,200,0.0,,,,0.0,,,,0.0,,,
55679,2,2,1,1,200,0.5,0.5,1.0,0.0,0.5,0.5,1.0,0.0,0.5,0.5,1.0,0.0
12751,1,1,0,1,200,0.0,0.0,,0.0,1.0,1.0,,1.0,1.0,1.0,,1.0
66135,1,1,1,0,200,1.0,1.0,1.0,,1.0,1.0,1.0,,1.0,1.0,1.0,
43514,5,5,4,1,200,1.0,1.0,1.0,1.0,1.0,1.0,1.0,1.0,1.0,1.0,1.0,1.0
29449,1,1,1,0,200,1.0,1.0,1.0,,1.0,1.0,1.0,,1.0,1.0,1.0,
91632,12,11,6,5,200,0.4166666666666667,0.45454545454545453,0.8333333333333334,0.0,0.5,0.5454545454545454,1.0,0.0,0.5,0.5454545454545454,1.0,0.0
28222,1,1,1,0,200,1.0,1.0,1.0,,1.0,1.0,1.0,,1.0,1.0,1.0,
85430,3,3,1,2,200,0.6666666666666666,0.6666666666666666,1.0,0.5,0.6666666666666666,0.6666666666666666,1.0,0.5,0.6666666666666666,0.6666666666666666,1.0,0.5
6030,2,2,1,1,200,0.5,0.5,1.0,0.0,0.5,0.5,1.0,0.0,1.0,1.0,1.0,1.0
82062,1,1,0,1,200,0.0,0.0,,0.0,1.0,1.0,,1.0,1.0,1.0,,1.0
23377,19,18,9,9,200,0.42105263157894735,0.4444444444444444,0.8888888888888888,0.0,0.42105263157894735,0.4444444444444444,0.8888888888888888,0.0,0.47368421052631576,0.5,1.0,0.0
3625,3,1,1,0,200,0.3333333333333333,1.0,1.0,,0.3333333333333333,1.0,1.0,,0.3333333333333333,1.0,1.0,
85210,2,2,1,1,200,1.0,1.0,1.0,1.0,1.0,1.0,1.0,1.0,1.0,1.0,1.0,1.0
99069,19,19,16,3,200,0.6842105263157895,0.6842105263157895,0.8125,0.0,0.8947368421052632,0.8947368421052632,1.0,0.3333333333333333,0.8947368421052632,0.8947368421052632,1.0,0.3333333333333333
40979,9,9,7,2,200,0.7777777777777778,0.7777777777777778,1.0,0.0,0.7777777777777778,0.7777777777777778,1.0,0.0,0.7777777777777778,0.7777777777777778,1.0,0.0
27740,4,4,3,1,200,0.75,0.75,1.0,0.0,0.75,0.75,1.0,0.0,0.75,0.75,1.0,0.0
21518,2,2,0,2,200,0.0,0.0,,0.0,0.0,0.0,,0.0,0.0,0.0,,0.0
98083,11,11,10,1,200,1.0,1.0,1.0,1.0,1.0,1.0,1.0,1.0,1.0,1.0,1.0,1.0
43757,10,10,8,2,200,0.8,0.8,1.0,0.0,0.9,0.9,1.0,0.5,0.9,0.9,1.0,0.5
34826,1,1,1,0,200,1.0,1.0,1.0,,1.0,1.0,1.0,,1.0,1.0,1.0,
3209,1,1,0,1,200,1.0,1.0,,1.0,1.0,1.0,,1.0,1.0,1.0,,1.0
60274,1,1,0,1,200,1.0,1.0,,1.0,1.0,1.0,,1.0,1.0,1.0,,1.0
30473,11,11,7,4,200,0.5454545454545454,0.5454545454545454,0.8571428571428571,0.0,0.7272727272727273,0.7272727272727273,1.0,0.25,0.8181818181818182,0.8181818181818182,1.0,0.5
79449,1,1,1,0,200,1.0,1.0,1.0,,1.0,1.0,1.0,,1.0,1.0,1.0,
55924,11,8,0,8,200,0.09090909090909091,0.125,,0.125,0.09090909090909091,0.125,,0.125,0.2727272727272727,0.375,,0.375
9175,4,4,1,3,200,0.25,0.25,1.0,0.0,0.25,0.25,1.0,0.0,0.25,0.25,1.0,0.0
55367,2,2,2,0,200,1.0,1.0,1.0,,1.0,1.0,1.0,,1.0,1.0,1.0,
56561,12,12,2,10,200,0.16666666666666666,0.16666666666666666,1.0,0.0,0.25,0.25,1.0,0.1,0.3333333333333333,0.3333333333333333,1.0,0.2
63462,3,3,1,2,200,0.3333333333333333,0.3333333333333333,1.0,0.0,0.3333333333333333,0.3333333333333333,1.0,0.0,0.3333333333333333,0.3333333333333333,1.0,0.0
57479,2,2,0,2,200,0.0,0.0,,0.0,0.0,0.0,,0.0,0.0,0.0,,0.0
76483,1,1,1,0,200,1.0,1.0,1.0,,1.0,1.0,1.0,,1.0,1.0,1.0,
8052,3,3,1,2,200,0.6666666666666666,0.6666666666666666,1.0,0.5,0.6666666666666666,0.6666666666666666,1.0,0.5,0.6666666666666666,0.6666666666666666,1.0,0.5
56552,6,6,3,3,200,1.0,1.0,1.0,1.0,1.0,1.0,1.0,1.0,1.0,1.0,1.0,1.0
85401,1,1,1,0,200,1.0,1.0,1.0,,1.0,1.0,1.0,,1.0,1.0,1.0,
47170,1,1,1,0,200,1.0,1.0,1.0,,1.0,1.0,1.0,,1.0,1.0,1.0,
65407,3,3,1,2,200,0.3333333333333333,0.3333333333333333,1.0,0.0,0.3333333333333333,0.3333333333333333,1.0,0.0,0.3333333333333333,0.3333333333333333,1.0,0.0
66818,1,1,0,1,200,0.0,0.0,,0.0,0.0,0.0,,0.0,0.0,0.0,,0.0
99994,2,2,2,0,200,1.0,1.0,1.0,,1.0,1.0,1.0,,1.0,1.0,1.0,
11550,1,1,1,0,200,1.0,1.0,1.0,,1.0,1.0,1.0,,1.0,1.0,1.0,
24537,1,1,1,0,200,1.0,1.0,1.0,,1.0,1.0,1.0,,1.0,1.0,1.0,
14131,4,4,4,0,200,1.0,1.0,1.0,,1.0,1.0,1.0,,1.0,1.0,1.0,
3912,3,3,1,2,200,0.3333333333333333,0.3333333333333333,1.0,0.0,0.3333333333333333,0.3333333333333333,1.0,0.0,0.6666666666666666,0.6666666666666666,1.0,0.5
56916,14,13,6,7,200,0.2857142857142857,0.3076923076923077,0.6666666666666666,0.0,0.5,0.5384615384615384,1.0,0.14285714285714285,0.5,0.5384615384615384,1.0,0.14285714285714285
50594,4,4,3,1,200,0.75,0.75,1.0,0.0,0.75,0.75,1.0,0.0,0.75,0.75,1.0,0.0
45944,2,2,2,0,200,1.0,1.0,1.0,,1.0,1.0,1.0,,1.0,1.0,1.0,
55580,3,3,2,1,200,0.6666666666666666,0.6666666666666666,1.0,0.0,0.6666666666666666,0.6666666666666666,1.0,0.0,1.0,1.0,1.0,1.0
78061,4,4,2,2,200,1.0,1.0,1.0,1.0,1.0,1.0,1.0,1.0,1.0,1.0,1.0,1.0
27819,4,3,3,0,200,0.75,1.0,1.0,,0.75,1.0,1.0,,0.75,1.0,1.0,
70485,1,1,1,0,200,1.0,1.0,1.0,,1.0,1.0,1.0,,1.0,1.0,1.0,
47224,3,3,2,1,200,0.6666666666666666,0.6666666666666666,1.0,0.0,1.0,1.0,1.0,1.0,1.0,1.0,1.0,1.0
66489,13,13,11,2,200,0.8461538461538461,0.8461538461538461,1.0,0.0,0.9230769230769231,0.9230769230769231,1.0,0.5,0.9230769230769231,0.9230769230769231,1.0,0.5
78036,6,6,4,2,200,0.6666666666666666,0.6666666666666666,1.0,0.0,0.6666666666666666,0.6666666666666666,1.0,0.0,0.8333333333333334,0.8333333333333334,1.0,0.5
78706,1,1,1,0,200,1.0,1.0,1.0,,1.0,1.0,1.0,,1.0,1.0,1.0,
79672,1,1,1,0,200,1.0,1.0,1.0,,1.0,1.0,1.0,,1.0,1.0,1.0,
804,22,20,5,15,200,0.22727272727272727,0.25,1.0,0.0,0.22727272727272727,0.25,1.0,0.0,0.4090909090909091,0.45,1.0,0.26666666666666666
99867,1,1,0,1,200,1.0,1.0,,1.0,1.0,1.0,,1.0,1.0,1.0,,1.0
20072,7,7,4,3,200,0.5714285714285714,0.5714285714285714,1.0,0.0,0.8571428571428571,0.8571428571428571,1.0,0.6666666666666666,1.0,1.0,1.0,1.0
83228,11,10,6,4,200,0.6363636363636364,0.7,1.0,0.25,0.6363636363636364,0.7,1.0,0.25,0.6363636363636364,0.7,1.0,0.25
14130,2,2,2,0,200,1.0,1.0,1.0,,1.0,1.0,1.0,,1.0,1.0,1.0,
63702,4,4,0,4,200,0.0,0.0,,0.0,0.0,0.0,,0.0,0.0,0.0,,0.0
68233,4,3,1,2,200,0.25,0.3333333333333333,1.0,0.0,0.25,0.3333333333333333,1.0,0.0,0.25,0.3333333333333333,1.0,0.0
23953,1,1,1,0,200,1.0,1.0,1.0,,1.0,1.0,1.0,,1.0,1.0,1.0,
28948,4,4,2,2,200,0.5,0.5,1.0,0.0,0.5,0.5,1.0,0.0,0.75,0.75,1.0,0.5
89697,4,4,2,2,200,0.75,0.75,1.0,0.5,1.0,1.0,1.0,1.0,1.0,1.0,1.0,1.0
38870,6,6,1,5,200,0.16666666666666666,0.16666666666666666,1.0,0.0,0.16666666666666666,0.16666666666666666,1.0,0.0,0.3333333333333333,0.3333333333333333,1.0,0.2
84118,3,3,3,0,200,1.0,1.0,1.0,,1.0,1.0,1.0,,1.0,1.0,1.0,
80451,2,2,1,1,200,1.0,1.0,1.0,1.0,1.0,1.0,1.0,1.0,1.0,1.0,1.0,1.0
43639,9,9,2,7,200,0.6666666666666666,0.6666666666666666,1.0,0.5714285714285714,0.7777777777777778,0.7777777777777778,1.0,0.7142857142857143,0.8888888888888888,0.8888888888888888,1.0,0.8571428571428571
83191,6,6,3,3,200,0.5,0.5,1.0,0.0,0.5,0.5,1.0,0.0,0.5,0.5,1.0,0.0
76811,3,3,2,1,200,0.6666666666666666,0.6666666666666666,1.0,0.0,0.6666666666666666,0.6666666666666666,1.0,0.0,0.6666666666666666,0.6666666666666666,1.0,0.0
31372,3,3,2,1,200,0.6666666666666666,0.6666666666666666,1.0,0.0,0.6666666666666666,0.6666666666666666,1.0,0.0,0.6666666666666666,0.6666666666666666,1.0,0.0
9827,5,5,2,3,200,0.4,0.4,1.0,0.0,0.4,0.4,1.0,0.0,0.4,0.4,1.0,0.0
70008,9,8,4,4,200,0.5555555555555556,0.625,1.0,0.25,0.5555555555555556,0.625,1.0,0.25,0.5555555555555556,0.625,1.0,0.25
63005,3,3,3,0,200,1.0,1.0,1.0,,1.0,1.0,1.0,,1.0,1.0,1.0,
83246,5,5,1,4,200,0.2,0.2,1.0,0.0,0.2,0.2,1.0,0.0,0.2,0.2,1.0,0.0
16202,9,9,6,3,200,0.7777777777777778,0.7777777777777778,1.0,0.3333333333333333,1.0,1.0,1.0,1.0,1.0,1.0,1.0,1.0
43841,1,1,0,1,200,1.0,1.0,,1.0,1.0,1.0,,1.0,1.0,1.0,,1.0
93939,2,2,2,0,200,1.0,1.0,1.0,,1.0,1.0,1.0,,1.0,1.0,1.0,
66994,1,1,1,0,200,1.0,1.0,1.0,,1.0,1.0,1.0,,1.0,1.0,1.0,
56518,11,9,2,7,200,0.18181818181818182,0.2222222222222222,1.0,0.0,0.18181818181818182,0.2222222222222222,1.0,0.0,0.18181818181818182,0.2222222222222222,1.0,0.0
22708,7,7,1,6,200,0.14285714285714285,0.14285714285714285,1.0,0.0,0.14285714285714285,0.14285714285714285,1.0,0.0,0.14285714285714285,0.14285714285714285,1.0,0.0
33136,3,3,1,2,200,0.6666666666666666,0.6666666666666666,1.0,0.5,1.0,1.0,1.0,1.0,1.0,1.0,1.0,1.0
47641,3,3,3,0,200,1.0,1.0,1.0,,1.0,1.0,1.0,,1.0,1.0,1.0,
68638,3,3,1,2,200,0.3333333333333333,0.3333333333333333,1.0,0.0,0.3333333333333333,0.3333333333333333,1.0,0.0,0.3333333333333333,0.3333333333333333,1.0,0.0
13120,7,7,4,3,200,0.7142857142857143,0.7142857142857143,1.0,0.3333333333333333,0.7142857142857143,0.7142857142857143,1.0,0.3333333333333333,0.7142857142857143,0.7142857142857143,1.0,0.3333333333333333
46389,12,11,7,4,200,0.5833333333333334,0.6363636363636364,1.0,0.0,0.6666666666666666,0.7272727272727273,1.0,0.25,0.6666666666666666,0.7272727272727273,1.0,0.25
19030,15,14,10,4,200,0.6,0.6428571428571429,0.9,0.0,0.6666666666666666,0.7142857142857143,1.0,0.0,0.7333333333333333,0.7857142857142857,1.0,0.25
79604,4,2,1,1,200,0.25,0.5,1.0,0.0,0.5,1.0,1.0,1.0,0.5,1.0,1.0,1.0
47059,4,4,1,3,200,0.5,0.5,1.0,0.3333333333333333,0.5,0.5,1.0,0.3333333333333333,0.5,0.5,1.0,0.3333333333333333
7785,2,2,1,1,200,0.5,0.5,1.0,0.0,1.0,1.0,1.0,1.0,1.0,1.0,1.0,1.0
37145,11,11,4,7,200,0.7272727272727273,0.7272727272727273,1.0,0.5714285714285714,0.8181818181818182,0.8181818181818182,1.0,0.7142857142857143,0.8181818181818182,0.8181818181818182,1.0,0.7142857142857143
90507,5,5,1,4,200,0.2,0.2,1.0,0.0,0.2,0.2,1.0,0.0,0.2,0.2,1.0,0.0
32700,2,2,2,0,200,1.0,1.0,1.0,,1.0,1.0,1.0,,1.0,1.0,1.0,
41262,1,1,1,0,200,1.0,1.0,1.0,,1.0,1.0,1.0,,1.0,1.0,1.0,
96628,1,1,1,0,200,1.0,1.0,1.0,,1.0,1.0,1.0,,1.0,1.0,1.0,
36774,1,1,1,0,200,1.0,1.0,1.0,,1.0,1.0,1.0,,1.0,1.0,1.0,
74477,2,2,2,0,200,1.0,1.0,1.0,,1.0,1.0,1.0,,1.0,1.0,1.0,
92243,1,1,1,0,200,1.0,1.0,1.0,,1.0,1.0,1.0,,1.0,1.0,1.0,
68327,6,6,6,0,200,1.0,1.0,1.0,,1.0,1.0,1.0,,1.0,1.0,1.0,
74351,16,16,13,3,200,0.75,0.75,0.9230769230769231,0.0,0.8125,0.8125,0.9230769230769231,0.3333333333333333,0.875,0.875,1.0,0.3333333333333333
15582,8,8,7,1,200,0.875,0.875,1.0,0.0,0.875,0.875,1.0,0.0,0.875,0.875,1.0,0.0
54726,5,5,2,3,200,0.6,0.6,1.0,0.3333333333333333,0.8,0.8,1.0,0.6666666666666666,1.0,1.0,1.0,1.0
4594,1,1,0,1,200,0.0,0.0,,0.0,0.0,0.0,,0.0,0.0,0.0,,0.0
49853,4,0,0,0,200,0.0,,,,0.0,,,,0.0,,,
46779,13,13,9,4,200,0.7692307692307693,0.7692307692307693,1.0,0.25,0.7692307692307693,0.7692307692307693,1.0,0.25,0.8461538461538461,0.8461538461538461,1.0,0.5
36507,2,2,0,2,200,0.5,0.5,,0.5,0.5,0.5,,0.5,0.5,0.5,,0.5
19563,1,1,0,1,200,0.0,0.0,,0.0,0.0,0.0,,0.0,0.0,0.0,,0.0
76042,7,7,5,2,200,0.8571428571428571,0.8571428571428571,1.0,0.5,1.0,1.0,1.0,1.0,1.0,1.0,1.0,1.0
77904,1,1,1,0,200,1.0,1.0,1.0,,1.0,1.0,1.0,,1.0,1.0,1.0,
67832,13,12,8,4,200,0.6153846153846154,0.6666666666666666,1.0,0.0,0.6153846153846154,0.6666666666666666,1.0,0.0,0.6153846153846154,0.6666666666666666,1.0,0.0
89240,1,1,1,0,200,1.0,1.0,1.0,,1.0,1.0,1.0,,1.0,1.0,1.0,
44694,1,1,1,0,200,1.0,1.0,1.0,,1.0,1.0,1.0,,1.0,1.0,1.0,
96988,2,2,0,2,200,0.0,0.0,,0.0,0.0,0.0,,0.0,0.0,0.0,,0.0
6980,6,6,4,2,200,0.6666666666666666,0.6666666666666666,1.0,0.0,0.6666666666666666,0.6666666666666666,1.0,0.0,0.6666666666666666,0.6666666666666666,1.0,0.0
35576,5,5,4,1,200,1.0,1.0,1.0,1.0,1.0,1.0,1.0,1.0,1.0,1.0,1.0,1.0
70071,8,8,2,6,200,0.25,0.25,1.0,0.0,0.25,0.25,1.0,0.0,0.375,0.375,1.0,0.16666666666666666
75867,3,3,1,2,200,0.6666666666666666,0.6666666666666666,1.0,0.5,0.6666666666666666,0.6666666666666666,1.0,0.5,0.6666666666666666,0.6666666666666666,1.0,0.5
16640,2,2,0,2,200,0.0,0.0,,0.0,0.0,0.0,,0.0,0.5,0.5,,0.5
63249,3,3,1,2,200,0.6666666666666666,0.6666666666666666,1.0,0.5,0.6666666666666666,0.6666666666666666,1.0,0.5,0.6666666666666666,0.6666666666666666,1.0,0.5
27806,1,1,1,0,200,1.0,1.0,1.0,,1.0,1.0,1.0,,1.0,1.0,1.0,
82774,8,8,5,3,200,0.625,0.625,1.0,0.0,0.625,0.625,1.0,0.0,0.625,0.625,1.0,0.0
85856,3,3,2,1,200,0.6666666666666666,0.6666666666666666,1.0,0.0,1.0,1.0,1.0,1.0,1.0,1.0,1.0,1.0
6566,2,2,1,1,200,1.0,1.0,1.0,1.0,1.0,1.0,1.0,1.0,1.0,1.0,1.0,1.0
88743,8,8,4,4,200,0.375,0.375,0.75,0.0,0.375,0.375,0.75,0.0,0.5,0.5,1.0,0.0
55544,6,6,2,4,200,0.3333333333333333,0.3333333333333333,1.0,0.0,0.5,0.5,1.0,0.25,0.8333333333333334,0.8333333333333334,1.0,0.75
9339,5,5,5,0,200,1.0,1.0,1.0,,1.0,1.0,1.0,,1.0,1.0,1.0,
22752,7,7,5,2,200,0.7142857142857143,0.7142857142857143,1.0,0.0,0.7142857142857143,0.7142857142857143,1.0,0.0,0.7142857142857143,0.7142857142857143,1.0,0.0
99967,1,1,1,0,200,1.0,1.0,1.0,,1.0,1.0,1.0,,1.0,1.0,1.0,
44472,1,1,1,0,200,1.0,1.0,1.0,,1.0,1.0,1.0,,1.0,1.0,1.0,
54636,2,2,1,1,200,0.5,0.5,1.0,0.0,0.5,0.5,1.0,0.0,0.5,0.5,1.0,0.0
82295,8,7,5,2,200,0.625,0.7142857142857143,1.0,0.0,0.625,0.7142857142857143,1.0,0.0,0.625,0.7142857142857143,1.0,0.0
40437,1,1,0,1,200,1.0,1.0,,1.0,1.0,1.0,,1.0,1.0,1.0,,1.0
64474,5,5,4,1,200,0.8,0.8,1.0,0.0,0.8,0.8,1.0,0.0,0.8,0.8,1.0,0.0
78250,1,1,0,1,200,1.0,1.0,,1.0,1.0,1.0,,1.0,1.0,1.0,,1.0
92693,3,3,3,0,200,1.0,1.0,1.0,,1.0,1.0,1.0,,1.0,1.0,1.0,
18338,1,1,1,0,200,1.0,1.0,1.0,,1.0,1.0,1.0,,1.0,1.0,1.0,
37206,6,6,4,2,200,0.6666666666666666,0.6666666666666666,1.0,0.0,1.0,1.0,1.0,1.0,1.0,1.0,1.0,1.0
50141,5,3,1,2,200,0.4,0.6666666666666666,1.0,0.5,0.6,1.0,1.0,1.0,0.6,1.0,1.0,1.0
45170,10,10,6,4,200,0.7,0.7,1.0,0.25,0.9,0.9,1.0,0.75,0.9,0.9,1.0,0.75
84020,15,15,7,8,200,0.7333333333333333,0.7333333333333333,1.0,0.5,0.7333333333333333,0.7333333333333333,1.0,0.5,0.7333333333333333,0.7333333333333333,1.0,0.5
12955,6,5,5,0,200,0.8333333333333334,1.0,1.0,,0.8333333333333334,1.0,1.0,,0.8333333333333334,1.0,1.0,
51433,1,1,1,0,200,1.0,1.0,1.0,,1.0,1.0,1.0,,1.0,1.0,1.0,
78719,2,1,0,1,200,0.0,0.0,,0.0,0.0,0.0,,0.0,0.0,0.0,,0.0
71802,3,3,2,1,200,1.0,1.0,1.0,1.0,1.0,1.0,1.0,1.0,1.0,1.0,1.0,1.0
76214,1,1,0,1,200,0.0,0.0,,0.0,0.0,0.0,,0.0,0.0,0.0,,0.0
73635,2,2,2,0,200,1.0,1.0,1.0,,1.0,1.0,1.0,,1.0,1.0,1.0,
97546,7,5,4,1,200,0.5714285714285714,0.8,1.0,0.0,0.5714285714285714,0.8,1.0,0.0,0.5714285714285714,0.8,1.0,0.0
52748,4,4,4,0,200,1.0,1.0,1.0,,1.0,1.0,1.0,,1.0,1.0,1.0,
9551,2,2,2,0,200,1.0,1.0,1.0,,1.0,1.0,1.0,,1.0,1.0,1.0,
20253,4,4,4,0,200,1.0,1.0,1.0,,1.0,1.0,1.0,,1.0,1.0,1.0,
69792,9,9,5,4,200,0.5555555555555556,0.5555555555555556,1.0,0.0,0.5555555555555556,0.5555555555555556,1.0,0.0,0.5555555555555556,0.5555555555555556,1.0,0.0
8721,4,4,3,1,200,0.75,0.75,1.0,0.0,0.75,0.75,1.0,0.0,0.75,0.75,1.0,0.0
85929,6,6,0,6,200,0.0,0.0,,0.0,0.0,0.0,,0.0,0.0,0.0,,0.0
43479,9,9,7,2,200,0.8888888888888888,0.8888888888888888,1.0,0.5,0.8888888888888888,0.8888888888888888,1.0,0.5,0.8888888888888888,0.8888888888888888,1.0,0.5
44069,2,2,1,1,200,0.5,0.5,1.0,0.0,0.5,0.5,1.0,0.0,0.5,0.5,1.0,0.0
65528,7,5,1,4,200,0.2857142857142857,0.4,1.0,0.25,0.2857142857142857,0.4,1.0,0.25,0.2857142857142857,0.4,1.0,0.25
77514,2,2,1,1,200,1.0,1.0,1.0,1.0,1.0,1.0,1.0,1.0,1.0,1.0,1.0,1.0
9065,2,1,0,1,200,0.0,0.0,,0.0,0.0,0.0,,0.0,0.0,0.0,,0.0
