user_id,positive_streamers,candidate_count,hits@50,recall@50,hits@100,recall@100,hits@200,recall@200
30,5,120,0,0.0,0,0.0,0,0.0
32,6,120,1,0.16666666666666666,1,0.16666666666666666,1,0.16666666666666666
69,2,120,1,0.5,1,0.5,1,0.5
100,2,120,0,0.0,0,0.0,0,0.0
120,9,120,0,0.0,0,0.0,0,0.0
122,2,120,1,0.5,1,0.5,1,0.5
126,20,120,2,0.1,3,0.15,3,0.15
144,5,162,3,0.6,3,0.6,4,0.8
165,5,120,0,0.0,1,0.2,1,0.2
197,1,120,0,0.0,0,0.0,1,1.0
252,3,120,0,0.0,0,0.0,0,0.0
256,3,120,0,0.0,0,0.0,0,0.0
301,2,120,0,0.0,0,0.0,0,0.0
310,3,171,2,0.6666666666666666,2,0.6666666666666666,2,0.6666666666666666
342,1,120,0,0.0,0,0.0,0,0.0
392,7,120,0,0.0,0,0.0,0,0.0
420,3,120,0,0.0,0,0.0,0,0.0
424,15,147,5,0.3333333333333333,6,0.4,6,0.4
450,1,120,0,0.0,0,0.0,0,0.0
472,3,120,1,0.3333333333333333,1,0.3333333333333333,1,0.3333333333333333
487,2,122,2,1.0,2,1.0,2,1.0
490,8,120,0,0.0,1,0.125,1,0.125
499,1,156,1,1.0,1,1.0,1,1.0
506,4,120,2,0.5,2,0.5,2,0.5
535,2,120,0,0.0,0,0.0,0,0.0
572,1,120,0,0.0,0,0.0,0,0.0
579,4,120,0,0.0,0,0.0,1,0.25
582,1,120,0,0.0,0,0.0,0,0.0
587,14,200,10,0.7142857142857143,10,0.7142857142857143,11,0.7857142857142857
629,2,120,0,0.0,0,0.0,0,0.0
655,10,120,4,0.4,6,0.6,6,0.6
675,1,120,0,0.0,0,0.0,0,0.0
682,7,134,2,0.2857142857142857,2,0.2857142857142857,2,0.2857142857142857
691,20,153,10,0.5,11,0.55,11,0.55
711,3,120,0,0.0,0,0.0,0,0.0
748,10,200,5,0.5,6,0.6,6,0.6
751,4,120,2,0.5,2,0.5,2,0.5
757,8,120,0,0.0,0,0.0,0,0.0
766,1,120,0,0.0,0,0.0,0,0.0
782,6,120,0,0.0,0,0.0,0,0.0
833,1,120,0,0.0,0,0.0,0,0.0
845,14,166,7,0.5,8,0.5714285714285714,8,0.5714285714285714
851,1,120,0,0.0,0,0.0,0,0.0
890,5,120,1,0.2,1,0.2,1,0.2
926,1,120,0,0.0,0,0.0,0,0.0
971,4,147,1,0.25,1,0.25,1,0.25
987,4,140,1,0.25,1,0.25,1,0.25
1026,11,138,4,0.36363636363636365,4,0.36363636363636365,4,0.36363636363636365
1052,15,120,0,0.0,2,0.13333333333333333,3,0.2
1068,2,120,0,0.0,0,0.0,0,0.0
1091,1,120,0,0.0,0,0.0,0,0.0
1098,3,120,1,0.3333333333333333,1,0.3333333333333333,1,0.3333333333333333
1108,10,120,3,0.3,3,0.3,3,0.3
1111,5,120,0,0.0,0,0.0,0,0.0
1113,4,120,0,0.0,0,0.0,0,0.0
1129,1,120,0,0.0,0,0.0,0,0.0
1167,12,120,0,0.0,0,0.0,0,0.0
1171,1,120,0,0.0,0,0.0,0,0.0
1188,2,161,2,1.0,2,1.0,2,1.0
1195,2,120,0,0.0,0,0.0,0,0.0
1230,2,120,1,0.5,1,0.5,1,0.5
1265,4,120,0,0.0,0,0.0,0,0.0
1302,1,120,1,1.0,1,1.0,1,1.0
1333,8,129,7,0.875,7,0.875,7,0.875
1337,1,120,1,1.0,1,1.0,1,1.0
1338,3,120,2,0.6666666666666666,2,0.6666666666666666,2,0.6666666666666666
1395,8,120,0,0.0,0,0.0,0,0.0
1401,4,120,3,0.75,3,0.75,3,0.75
1405,5,145,2,0.4,2,0.4,2,0.4
1441,1,120,1,1.0,1,1.0,1,1.0
1472,3,120,0,0.0,0,0.0,0,0.0
1475,8,152,5,0.625,6,0.75,6,0.75
1476,2,120,0,0.0,0,0.0,0,0.0
1489,7,158,3,0.42857142857142855,3,0.42857142857142855,4,0.5714285714285714
1499,5,120,0,0.0,0,0.0,0,0.0
1509,6,120,0,0.0,1,0.16666666666666666,1,0.16666666666666666
1592,2,120,0,0.0,0,0.0,0,0.0
1613,6,120,2,0.3333333333333333,2,0.3333333333333333,2,0.3333333333333333
1655,9,120,0,0.0,0,0.0,0,0.0
1722,2,120,0,0.0,0,0.0,0,0.0
1742,3,155,2,0.6666666666666666,2,0.6666666666666666,2,0.6666666666666666
1805,3,120,1,0.3333333333333333,1,0.3333333333333333,1,0.3333333333333333
1809,3,120,1,0.3333333333333333,1,0.3333333333333333,1,0.3333333333333333
1813,2,120,0,0.0,0,0.0,0,0.0
1815,4,120,0,0.0,0,0.0,0,0.0
1830,20,179,12,0.6,12,0.6,12,0.6
1843,4,158,3,0.75,3,0.75,4,1.0
1853,5,120,2,0.4,2,0.4,3,0.6
1876,9,120,7,0.7777777777777778,7,0.7777777777777778,7,0.7777777777777778
1880,4,120,0,0.0,0,0.0,0,0.0
1900,2,120,0,0.0,0,0.0,0,0.0
1901,1,120,1,1.0,1,1.0,1,1.0
1918,3,120,0,0.0,0,0.0,0,0.0
1929,6,120,1,0.16666666666666666,3,0.5,4,0.6666666666666666
1938,1,120,0,0.0,0,0.0,0,0.0
1953,3,120,1,0.3333333333333333,1,0.3333333333333333,1,0.3333333333333333
1984,5,120,2,0.4,2,0.4,2,0.4
2006,29,120,10,0.3448275862068966,11,0.3793103448275862,11,0.3793103448275862
2027,6,137,2,0.3333333333333333,2,0.3333333333333333,2,0.3333333333333333
2035,4,120,0,0.0,1,0.25,1,0.25
2043,1,136,1,1.0,1,1.0,1,1.0
2068,17,120,0,0.0,0,0.0,0,0.0
2105,4,120,1,0.25,2,0.5,2,0.5
2129,4,120,0,0.0,0,0.0,0,0.0
2189,14,120,2,0.14285714285714285,2,0.14285714285714285,2,0.14285714285714285
2204,4,120,0,0.0,1,0.25,1,0.25
2210,14,120,1,0.07142857142857142,1,0.07142857142857142,1,0.07142857142857142
2226,6,120,0,0.0,0,0.0,0,0.0
2238,10,120,8,0.8,9,0.9,9,0.9
2249,2,120,0,0.0,0,0.0,0,0.0
2276,3,120,0,0.0,0,0.0,0,0.0
2277,2,120,0,0.0,0,0.0,0,0.0
2280,15,120,0,0.0,0,0.0,0,0.0
2353,5,120,0,0.0,0,0.0,0,0.0
2354,1,123,1,1.0,1,1.0,1,1.0
2355,5,160,4,0.8,4,0.8,4,0.8
2380,1,123,0,0.0,0,0.0,0,0.0
2390,8,120,0,0.0,0,0.0,0,0.0
2396,6,145,0,0.0,0,0.0,1,0.16666666666666666
2403,5,120,4,0.8,4,0.8,4,0.8
2419,2,120,0,0.0,1,0.5,1,0.5
2434,1,120,1,1.0,1,1.0,1,1.0
2504,4,120,1,0.25,1,0.25,1,0.25
2516,4,120,2,0.5,2,0.5,2,0.5
2524,21,120,0,0.0,1,0.047619047619047616,1,0.047619047619047616
2531,14,120,3,0.21428571428571427,3,0.21428571428571427,3,0.21428571428571427
2543,2,127,2,1.0,2,1.0,2,1.0
2602,7,120,0,0.0,1,0.14285714285714285,1,0.14285714285714285
2614,2,120,0,0.0,2,1.0,2,1.0
2621,4,120,0,0.0,0,0.0,0,0.0
2622,12,120,0,0.0,1,0.08333333333333333,1,0.08333333333333333
2643,2,142,1,0.5,1,0.5,1,0.5
2668,3,120,2,0.6666666666666666,2,0.6666666666666666,2,0.6666666666666666
2675,1,120,1,1.0,1,1.0,1,1.0
2719,14,120,1,0.07142857142857142,3,0.21428571428571427,4,0.2857142857142857
2754,5,120,1,0.2,1,0.2,1,0.2
2766,2,120,0,0.0,0,0.0,0,0.0
2800,3,138,1,0.3333333333333333,1,0.3333333333333333,1,0.3333333333333333
2810,3,120,2,0.6666666666666666,2,0.6666666666666666,2,0.6666666666666666
2825,1,120,0,0.0,0,0.0,0,0.0
2834,3,120,3,1.0,3,1.0,3,1.0
2850,4,154,3,0.75,3,0.75,3,0.75
2877,2,120,0,0.0,0,0.0,0,0.0
2904,2,120,0,0.0,0,0.0,0,0.0
2909,15,120,1,0.06666666666666667,4,0.26666666666666666,6,0.4
2918,7,135,4,0.5714285714285714,5,0.7142857142857143,5,0.7142857142857143
2984,18,184,6,0.3333333333333333,6,0.3333333333333333,6,0.3333333333333333
2992,1,120,0,0.0,0,0.0,0,0.0
3001,9,120,1,0.1111111111111111,1,0.1111111111111111,1,0.1111111111111111
3015,1,120,0,0.0,0,0.0,0,0.0
3025,4,120,1,0.25,1,0.25,1,0.25
3053,3,120,1,0.3333333333333333,2,0.6666666666666666,2,0.6666666666666666
3107,5,120,1,0.2,2,0.4,2,0.4
3117,1,120,0,0.0,0,0.0,0,0.0
3137,7,120,0,0.0,1,0.14285714285714285,2,0.2857142857142857
3160,17,120,1,0.058823529411764705,2,0.11764705882352941,2,0.11764705882352941
3179,1,120,0,0.0,0,0.0,1,1.0
3201,2,120,2,1.0,2,1.0,2,1.0
3204,4,120,1,0.25,2,0.5,2,0.5
3254,1,120,0,0.0,0,0.0,0,0.0
3256,1,120,0,0.0,0,0.0,0,0.0
3282,1,120,0,0.0,0,0.0,0,0.0
3288,5,120,2,0.4,4,0.8,4,0.8
3306,1,146,1,1.0,1,1.0,1,1.0
3325,3,120,0,0.0,1,0.3333333333333333,1,0.3333333333333333
3385,13,171,13,1.0,13,1.0,13,1.0
3401,7,120,1,0.14285714285714285,1,0.14285714285714285,1,0.14285714285714285
3482,3,120,2,0.6666666666666666,2,0.6666666666666666,2,0.6666666666666666
3494,2,120,0,0.0,0,0.0,1,0.5
3521,5,120,0,0.0,0,0.0,0,0.0
3533,2,120,0,0.0,0,0.0,0,0.0
3564,10,138,4,0.4,5,0.5,5,0.5
3643,9,120,0,0.0,1,0.1111111111111111,1,0.1111111111111111
3672,9,120,1,0.1111111111111111,2,0.2222222222222222,2,0.2222222222222222
3706,9,120,0,0.0,1,0.1111111111111111,1,0.1111111111111111
3709,1,120,0,0.0,0,0.0,0,0.0
3751,12,120,5,0.4166666666666667,6,0.5,6,0.5
3771,4,120,1,0.25,1,0.25,1,0.25
3775,1,120,0,0.0,0,0.0,0,0.0
3776,1,120,0,0.0,0,0.0,0,0.0
3786,6,120,0,0.0,1,0.16666666666666666,1,0.16666666666666666
3809,1,120,0,0.0,0,0.0,0,0.0
3830,8,120,0,0.0,1,0.125,1,0.125
3837,2,120,0,0.0,1,0.5,1,0.5
3852,1,137,0,0.0,0,0.0,0,0.0
3861,1,137,1,1.0,1,1.0,1,1.0
3865,1,120,0,0.0,0,0.0,0,0.0
3892,11,120,0,0.0,1,0.09090909090909091,1,0.09090909090909091
3895,6,120,1,0.16666666666666666,1,0.16666666666666666,2,0.3333333333333333
3956,9,120,2,0.2222222222222222,2,0.2222222222222222,2,0.2222222222222222
3973,9,120,0,0.0,0,0.0,0,0.0
3981,3,120,1,0.3333333333333333,1,0.3333333333333333,1,0.3333333333333333
4005,4,120,2,0.5,2,0.5,2,0.5
4018,1,120,0,0.0,0,0.0,0,0.0
4049,11,120,1,0.09090909090909091,1,0.09090909090909091,1,0.09090909090909091
4075,3,120,1,0.3333333333333333,2,0.6666666666666666,2,0.6666666666666666
4133,9,120,3,0.3333333333333333,3,0.3333333333333333,3,0.3333333333333333
4136,1,120,0,0.0,0,0.0,0,0.0
4182,3,120,1,0.3333333333333333,2,0.6666666666666666,2,0.6666666666666666
4229,4,120,4,1.0,4,1.0,4,1.0
4241,1,120,0,0.0,0,0.0,0,0.0
4249,8,120,0,0.0,1,0.125,1,0.125
4254,2,120,0,0.0,0,0.0,0,0.0
4261,19,120,2,0.10526315789473684,2,0.10526315789473684,2,0.10526315789473684
4302,4,120,0,0.0,2,0.5,2,0.5
4307,1,120,0,0.0,0,0.0,0,0.0
4349,15,158,10,0.6666666666666666,10,0.6666666666666666,10,0.6666666666666666
4383,1,120,0,0.0,0,0.0,0,0.0
4437,3,120,0,0.0,0,0.0,0,0.0
4446,1,120,0,0.0,0,0.0,0,0.0
4454,1,120,0,0.0,0,0.0,0,0.0
4478,10,136,4,0.4,6,0.6,6,0.6
4486,4,161,2,0.5,2,0.5,2,0.5
4505,4,120,0,0.0,0,0.0,0,0.0
4506,5,120,0,0.0,0,0.0,0,0.0
4518,1,120,1,1.0,1,1.0,1,1.0
4554,5,120,1,0.2,1,0.2,1,0.2
4564,21,120,0,0.0,0,0.0,0,0.0
4580,3,120,1,0.3333333333333333,2,0.6666666666666666,3,1.0
4594,1,120,0,0.0,0,0.0,0,0.0
4625,1,120,0,0.0,0,0.0,0,0.0
4629,7,120,0,0.0,0,0.0,0,0.0
4645,2,120,0,0.0,0,0.0,0,0.0
4651,4,120,0,0.0,0,0.0,0,0.0
4655,1,120,1,1.0,1,1.0,1,1.0
4666,4,120,0,0.0,0,0.0,0,0.0
4672,10,120,0,0.0,0,0.0,0,0.0
4677,7,146,3,0.42857142857142855,3,0.42857142857142855,3,0.42857142857142855
4693,3,120,0,0.0,1,0.3333333333333333,1,0.3333333333333333
4694,4,120,0,0.0,0,0.0,0,0.0
4720,2,122,1,0.5,1,0.5,1,0.5
4724,1,138,0,0.0,0,0.0,0,0.0
4725,2,120,2,1.0,2,1.0,2,1.0
4733,2,120,1,0.5,1,0.5,1,0.5
4744,1,120,0,0.0,0,0.0,0,0.0
4754,13,120,0,0.0,1,0.07692307692307693,2,0.15384615384615385
4787,5,120,0,0.0,0,0.0,0,0.0
4794,1,120,0,0.0,0,0.0,0,0.0
4829,5,152,5,1.0,5,1.0,5,1.0
4849,1,120,0,0.0,0,0.0,0,0.0
4854,3,135,3,1.0,3,1.0,3,1.0
4891,2,120,0,0.0,0,0.0,0,0.0
4900,1,120,0,0.0,0,0.0,0,0.0
4915,4,120,0,0.0,0,0.0,0,0.0
4935,2,120,0,0.0,1,0.5,1,0.5
4937,1,120,0,0.0,0,0.0,0,0.0
4946,9,186,7,0.7777777777777778,8,0.8888888888888888,8,0.8888888888888888
4959,13,120,0,0.0,0,0.0,0,0.0
4998,8,146,3,0.375,3,0.375,3,0.375
5004,1,120,0,0.0,0,0.0,0,0.0
5013,4,120,4,1.0,4,1.0,4,1.0
5055,19,120,1,0.05263157894736842,1,0.05263157894736842,1,0.05263157894736842
5069,3,120,0,0.0,0,0.0,0,0.0
5093,6,120,0,0.0,0,0.0,0,0.0
5110,3,120,2,0.6666666666666666,2,0.6666666666666666,2,0.6666666666666666
5163,4,120,3,0.75,3,0.75,3,0.75
5165,8,120,1,0.125,1,0.125,2,0.25
5185,1,120,0,0.0,0,0.0,0,0.0
5188,3,120,1,0.3333333333333333,1,0.3333333333333333,2,0.6666666666666666
5195,3,120,0,0.0,0,0.0,1,0.3333333333333333
5210,7,120,4,0.5714285714285714,4,0.5714285714285714,4,0.5714285714285714
5215,1,120,1,1.0,1,1.0,1,1.0
5268,7,135,5,0.7142857142857143,5,0.7142857142857143,5,0.7142857142857143
5278,1,120,0,0.0,0,0.0,0,0.0
5291,8,120,1,0.125,2,0.25,2,0.25
5361,1,120,0,0.0,0,0.0,0,0.0
5362,2,120,0,0.0,0,0.0,0,0.0
5379,5,120,1,0.2,1,0.2,1,0.2
5383,1,120,0,0.0,0,0.0,0,0.0
5419,1,120,0,0.0,0,0.0,0,0.0
5460,3,120,0,0.0,0,0.0,0,0.0
5517,4,120,3,0.75,3,0.75,3,0.75
5558,1,120,0,0.0,0,0.0,0,0.0
5570,2,120,0,0.0,1,0.5,1,0.5
5594,2,143,1,0.5,1,0.5,1,0.5
5616,11,143,4,0.36363636363636365,4,0.36363636363636365,4,0.36363636363636365
5617,2,120,1,0.5,2,1.0,2,1.0
5627,2,120,1,0.5,1,0.5,1,0.5
5655,10,120,0,0.0,0,0.0,0,0.0
5667,1,120,0,0.0,0,0.0,0,0.0
5689,16,120,0,0.0,1,0.0625,4,0.25
5691,3,166,2,0.6666666666666666,2,0.6666666666666666,2,0.6666666666666666
5705,1,120,0,0.0,0,0.0,0,0.0
5713,1,148,1,1.0,1,1.0,1,1.0
5734,1,120,0,0.0,0,0.0,0,0.0
5759,6,120,0,0.0,0,0.0,0,0.0
5790,1,123,1,1.0,1,1.0,1,1.0
5806,1,120,0,0.0,0,0.0,0,0.0
5810,1,120,0,0.0,0,0.0,0,0.0
5816,11,120,0,0.0,0,0.0,0,0.0
5821,2,120,0,0.0,0,0.0,0,0.0
5822,3,122,3,1.0,3,1.0,3,1.0
5891,3,120,1,0.3333333333333333,3,1.0,3,1.0
5982,14,191,10,0.7142857142857143,10,0.7142857142857143,11,0.7857142857142857
6024,1,120,0,0.0,0,0.0,0,0.0
6058,5,120,0,0.0,0,0.0,0,0.0
6130,1,120,0,0.0,0,0.0,0,0.0
6145,6,120,5,0.8333333333333334,6,1.0,6,1.0
6156,2,120,0,0.0,0,0.0,0,0.0
6197,18,120,6,0.3333333333333333,8,0.4444444444444444,9,0.5
6233,7,120,1,0.14285714285714285,1,0.14285714285714285,1,0.14285714285714285
6236,2,121,1,0.5,1,0.5,1,0.5
6238,8,140,1,0.125,2,0.25,2,0.25
6245,2,140,2,1.0,2,1.0,2,1.0
6272,8,141,2,0.25,2,0.25,2,0.25
6273,8,120,0,0.0,2,0.25,2,0.25
6308,4,120,0,0.0,0,0.0,0,0.0
6322,2,120,0,0.0,1,0.5,1,0.5
6326,2,120,0,0.0,0,0.0,0,0.0
6353,8,120,0,0.0,0,0.0,0,0.0
6356,12,138,10,0.8333333333333334,10,0.8333333333333334,10,0.8333333333333334
6372,3,120,0,0.0,0,0.0,0,0.0
6384,1,120,0,0.0,0,0.0,0,0.0
6393,3,120,0,0.0,0,0.0,0,0.0
6423,3,120,0,0.0,0,0.0,0,0.0
6426,2,137,0,0.0,0,0.0,0,0.0
6429,2,120,0,0.0,1,0.5,1,0.5
6438,6,120,0,0.0,0,0.0,0,0.0
6449,1,120,0,0.0,0,0.0,0,0.0
6465,3,143,1,0.3333333333333333,1,0.3333333333333333,1,0.3333333333333333
6468,6,124,0,0.0,0,0.0,0,0.0
6501,3,120,1,0.3333333333333333,2,0.6666666666666666,2,0.6666666666666666
6504,6,123,5,0.8333333333333334,5,0.8333333333333334,5,0.8333333333333334
6515,4,120,0,0.0,0,0.0,0,0.0
6535,16,120,0,0.0,0,0.0,2,0.125
6537,3,120,0,0.0,1,0.3333333333333333,1,0.3333333333333333
6543,11,120,1,0.09090909090909091,1,0.09090909090909091,1,0.09090909090909091
6592,1,120,0,0.0,0,0.0,0,0.0
6600,1,120,0,0.0,0,0.0,0,0.0
6607,3,132,2,0.6666666666666666,2,0.6666666666666666,2,0.6666666666666666
6626,7,133,3,0.42857142857142855,3,0.42857142857142855,3,0.42857142857142855
6630,2,133,2,1.0,2,1.0,2,1.0
6637,1,120,0,0.0,0,0.0,0,0.0
6688,2,120,1,0.5,1,0.5,1,0.5
6695,34,120,0,0.0,0,0.0,0,0.0
6715,13,120,0,0.0,0,0.0,0,0.0
6734,6,141,5,0.8333333333333334,5,0.8333333333333334,5,0.8333333333333334
6752,4,120,0,0.0,1,0.25,1,0.25
6760,5,120,0,0.0,0,0.0,0,0.0
6808,16,120,0,0.0,0,0.0,0,0.0
6816,8,120,3,0.375,4,0.5,4,0.5
6865,1,120,0,0.0,0,0.0,0,0.0
6870,3,120,0,0.0,1,0.3333333333333333,1,0.3333333333333333
6873,1,120,0,0.0,1,1.0,1,1.0
6909,10,120,2,0.2,6,0.6,6,0.6
6947,2,120,0,0.0,0,0.0,0,0.0
6964,1,120,0,0.0,0,0.0,0,0.0
6976,7,120,1,0.14285714285714285,2,0.2857142857142857,2,0.2857142857142857
6993,1,120,0,0.0,0,0.0,0,0.0
7009,13,120,3,0.23076923076923078,4,0.3076923076923077,4,0.3076923076923077
7045,12,120,0,0.0,2,0.16666666666666666,2,0.16666666666666666
7056,2,124,2,1.0,2,1.0,2,1.0
7082,10,120,2,0.2,3,0.3,3,0.3
7101,4,120,2,0.5,2,0.5,2,0.5
7119,1,120,1,1.0,1,1.0,1,1.0
7124,12,187,8,0.6666666666666666,8,0.6666666666666666,9,0.75
7144,8,120,0,0.0,1,0.125,1,0.125
7152,6,120,0,0.0,0,0.0,0,0.0
7157,4,120,0,0.0,0,0.0,0,0.0
7160,2,120,0,0.0,0,0.0,0,0.0
7164,1,120,0,0.0,0,0.0,0,0.0
7206,15,120,5,0.3333333333333333,6,0.4,6,0.4
7215,1,120,0,0.0,0,0.0,0,0.0
7222,2,120,0,0.0,0,0.0,0,0.0
7254,4,120,0,0.0,0,0.0,0,0.0
7263,7,127,1,0.14285714285714285,1,0.14285714285714285,1,0.14285714285714285
7264,1,120,0,0.0,0,0.0,0,0.0
7277,3,120,2,0.6666666666666666,2,0.6666666666666666,2,0.6666666666666666
7318,1,120,0,0.0,0,0.0,0,0.0
7352,30,120,2,0.06666666666666667,2,0.06666666666666667,2,0.06666666666666667
7368,1,120,0,0.0,0,0.0,0,0.0
7400,1,120,0,0.0,0,0.0,0,0.0
7430,12,120,1,0.08333333333333333,2,0.16666666666666666,2,0.16666666666666666
7432,1,120,0,0.0,0,0.0,0,0.0
7447,1,142,1,1.0,1,1.0,1,1.0
7466,2,120,0,0.0,0,0.0,0,0.0
7472,1,120,0,0.0,0,0.0,0,0.0
7481,8,120,0,0.0,0,0.0,0,0.0
7483,8,120,3,0.375,4,0.5,4,0.5
7493,10,120,2,0.2,2,0.2,3,0.3
7533,5,120,1,0.2,1,0.2,2,0.4
7569,2,148,2,1.0,2,1.0,2,1.0
7570,2,120,0,0.0,1,0.5,1,0.5
7573,2,120,2,1.0,2,1.0,2,1.0
7588,1,120,0,0.0,0,0.0,0,0.0
7589,3,120,0,0.0,0,0.0,0,0.0
7629,3,120,1,0.3333333333333333,1,0.3333333333333333,1,0.3333333333333333
7654,9,120,0,0.0,0,0.0,0,0.0
7670,7,120,1,0.14285714285714285,1,0.14285714285714285,1,0.14285714285714285
7677,3,120,0,0.0,0,0.0,0,0.0
7684,1,120,1,1.0,1,1.0,1,1.0
7702,2,120,0,0.0,0,0.0,0,0.0
7710,6,120,0,0.0,0,0.0,0,0.0
7748,10,120,2,0.2,3,0.3,3,0.3
7760,2,120,0,0.0,0,0.0,0,0.0
7776,4,120,0,0.0,0,0.0,0,0.0
7846,10,130,2,0.2,2,0.2,3,0.3
7857,3,142,2,0.6666666666666666,2,0.6666666666666666,2,0.6666666666666666
7870,1,120,0,0.0,0,0.0,0,0.0
7878,2,120,1,0.5,1,0.5,1,0.5
7880,3,159,3,1.0,3,1.0,3,1.0
7887,14,149,4,0.2857142857142857,4,0.2857142857142857,4,0.2857142857142857
7903,3,120,0,0.0,0,0.0,0,0.0
7943,1,120,0,0.0,0,0.0,0,0.0
7974,7,181,3,0.42857142857142855,3,0.42857142857142855,3,0.42857142857142855
7991,4,120,3,0.75,3,0.75,3,0.75
8005,1,120,1,1.0,1,1.0,1,1.0
8059,6,120,0,0.0,0,0.0,0,0.0
8077,9,120,1,0.1111111111111111,3,0.3333333333333333,3,0.3333333333333333
8140,1,120,0,0.0,0,0.0,0,0.0
8181,1,120,0,0.0,0,0.0,0,0.0
8188,1,120,0,0.0,0,0.0,0,0.0
8250,1,128,1,1.0,1,1.0,1,1.0
8251,1,144,1,1.0,1,1.0,1,1.0
8276,2,120,0,0.0,0,0.0,0,0.0
8289,5,120,1,0.2,2,0.4,2,0.4
8292,2,120,0,0.0,1,0.5,1,0.5
8344,1,120,0,0.0,1,1.0,1,1.0
8347,5,120,0,0.0,0,0.0,0,0.0
8353,4,120,0,0.0,0,0.0,0,0.0
8358,2,120,1,0.5,1,0.5,1,0.5
8362,1,120,1,1.0,1,1.0,1,1.0
8397,1,120,0,0.0,0,0.0,0,0.0
8509,1,122,1,1.0,1,1.0,1,1.0
8512,1,120,0,0.0,0,0.0,0,0.0
8517,1,120,0,0.0,1,1.0,1,1.0
8558,2,120,0,0.0,0,0.0,0,0.0
8633,1,139,1,1.0,1,1.0,1,1.0
8644,2,120,0,0.0,0,0.0,0,0.0
8703,1,120,0,0.0,0,0.0,0,0.0
8736,1,120,0,0.0,0,0.0,0,0.0
8751,9,160,7,0.7777777777777778,7,0.7777777777777778,7,0.7777777777777778
8791,17,120,2,0.11764705882352941,3,0.17647058823529413,4,0.23529411764705882
8824,4,120,2,0.5,2,0.5,2,0.5
8831,1,127,1,1.0,1,1.0,1,1.0
8838,4,120,0,0.0,1,0.25,1,0.25
8876,8,120,0,0.0,1,0.125,1,0.125
8882,3,120,0,0.0,0,0.0,0,0.0
8885,3,120,0,0.0,1,0.3333333333333333,1,0.3333333333333333
8904,3,120,2,0.6666666666666666,2,0.6666666666666666,2,0.6666666666666666
8908,6,120,2,0.3333333333333333,3,0.5,3,0.5
8920,3,127,0,0.0,0,0.0,0,0.0
8934,6,120,0,0.0,0,0.0,0,0.0
8940,1,120,0,0.0,0,0.0,0,0.0
8950,7,120,1,0.14285714285714285,2,0.2857142857142857,4,0.5714285714285714
8983,3,120,2,0.6666666666666666,2,0.6666666666666666,2,0.6666666666666666
8985,2,137,2,1.0,2,1.0,2,1.0
9051,6,120,2,0.3333333333333333,2,0.3333333333333333,3,0.5
9062,8,120,6,0.75,7,0.875,7,0.875
9072,2,120,0,0.0,0,0.0,0,0.0
9091,6,175,4,0.6666666666666666,4,0.6666666666666666,4,0.6666666666666666
9103,5,120,0,0.0,0,0.0,0,0.0
9137,1,120,1,1.0,1,1.0,1,1.0
9144,7,120,0,0.0,0,0.0,0,0.0
9145,1,141,1,1.0,1,1.0,1,1.0
9163,1,120,1,1.0,1,1.0,1,1.0
9194,1,120,1,1.0,1,1.0,1,1.0
9209,5,120,3,0.6,3,0.6,3,0.6
9211,4,120,0,0.0,0,0.0,0,0.0
9230,6,121,1,0.16666666666666666,1,0.16666666666666666,1,0.16666666666666666
9235,10,120,3,0.3,3,0.3,3,0.3
9237,16,180,4,0.25,5,0.3125,6,0.375
9248,1,120,0,0.0,0,0.0,0,0.0
9265,2,133,1,0.5,1,0.5,1,0.5
9278,1,120,1,1.0,1,1.0,1,1.0
9285,15,120,0,0.0,0,0.0,0,0.0
9295,2,120,0,0.0,0,0.0,0,0.0
9301,3,120,0,0.0,0,0.0,0,0.0
9328,8,145,4,0.5,4,0.5,4,0.5
9370,3,120,1,0.3333333333333333,2,0.6666666666666666,2,0.6666666666666666
9404,7,137,4,0.5714285714285714,4,0.5714285714285714,5,0.7142857142857143
9413,6,120,1,0.16666666666666666,1,0.16666666666666666,1,0.16666666666666666
9454,6,155,5,0.8333333333333334,5,0.8333333333333334,5,0.8333333333333334
9470,5,120,0,0.0,0,0.0,0,0.0
9539,4,152,3,0.75,3,0.75,3,0.75
9589,9,120,0,0.0,0,0.0,0,0.0
9592,5,120,0,0.0,1,0.2,1,0.2
9594,2,120,2,1.0,2,1.0,2,1.0
9606,5,120,0,0.0,0,0.0,0,0.0
9612,3,141,1,0.3333333333333333,1,0.3333333333333333,1,0.3333333333333333
9622,4,120,1,0.25,1,0.25,1,0.25
9637,1,120,0,0.0,0,0.0,0,0.0
9653,8,126,5,0.625,6,0.75,6,0.75
9655,2,123,2,1.0,2,1.0,2,1.0
9660,6,120,0,0.0,0,0.0,0,0.0
9678,1,120,0,0.0,0,0.0,0,0.0
9736,8,120,1,0.125,1,0.125,1,0.125
9758,16,120,1,0.0625,3,0.1875,3,0.1875
9760,6,120,0,0.0,0,0.0,0,0.0
9793,2,120,0,0.0,0,0.0,0,0.0
9855,3,120,0,0.0,0,0.0,0,0.0
9857,4,120,0,0.0,0,0.0,0,0.0
9866,10,120,1,0.1,2,0.2,2,0.2
9887,1,124,1,1.0,1,1.0,1,1.0
9891,5,120,0,0.0,0,0.0,0,0.0
9900,2,120,1,0.5,1,0.5,1,0.5
9919,1,120,1,1.0,1,1.0,1,1.0
9955,7,120,0,0.0,0,0.0,0,0.0
9957,1,120,1,1.0,1,1.0,1,1.0
9958,2,128,1,0.5,1,0.5,1,0.5
9970,17,120,6,0.35294117647058826,7,0.4117647058823529,9,0.5294117647058824
9979,2,120,0,0.0,0,0.0,0,0.0
9991,6,120,0,0.0,0,0.0,0,0.0
10002,13,120,0,0.0,0,0.0,0,0.0
10005,9,120,2,0.2222222222222222,5,0.5555555555555556,5,0.5555555555555556
10017,1,120,0,0.0,0,0.0,0,0.0
10032,3,175,2,0.6666666666666666,2,0.6666666666666666,2,0.6666666666666666
10087,1,120,0,0.0,0,0.0,0,0.0
10110,2,120,0,0.0,0,0.0,0,0.0
10124,1,120,0,0.0,0,0.0,0,0.0
10169,4,120,1,0.25,3,0.75,3,0.75
10170,2,120,1,0.5,1,0.5,1,0.5
10186,3,143,1,0.3333333333333333,1,0.3333333333333333,1,0.3333333333333333
10189,8,120,0,0.0,0,0.0,0,0.0
10202,5,153,5,1.0,5,1.0,5,1.0
10221,1,120,0,0.0,0,0.0,0,0.0
10227,1,120,0,0.0,0,0.0,0,0.0
10245,2,144,1,0.5,1,0.5,1,0.5
10309,4,121,1,0.25,1,0.25,1,0.25
10406,14,120,3,0.21428571428571427,4,0.2857142857142857,4,0.2857142857142857
10415,4,120,0,0.0,0,0.0,0,0.0
10421,1,120,0,0.0,0,0.0,0,0.0
10448,5,120,1,0.2,1,0.2,1,0.2
10459,1,120,0,0.0,0,0.0,0,0.0
10464,3,121,1,0.3333333333333333,1,0.3333333333333333,1,0.3333333333333333
10479,10,120,0,0.0,1,0.1,2,0.2
10523,4,120,3,0.75,3,0.75,3,0.75
10533,2,138,0,0.0,0,0.0,1,0.5
10535,3,120,2,0.6666666666666666,2,0.6666666666666666,2,0.6666666666666666
10536,1,120,1,1.0,1,1.0,1,1.0
10545,7,120,0,0.0,0,0.0,1,0.14285714285714285
10547,2,164,2,1.0,2,1.0,2,1.0
10602,1,120,1,1.0,1,1.0,1,1.0
10606,3,120,0,0.0,0,0.0,0,0.0
10663,4,122,0,0.0,0,0.0,0,0.0
10665,7,120,2,0.2857142857142857,2,0.2857142857142857,2,0.2857142857142857
10670,4,120,2,0.5,2,0.5,2,0.5
10685,8,163,7,0.875,7,0.875,7,0.875
10687,3,121,0,0.0,0,0.0,1,0.3333333333333333
10711,8,120,2,0.25,2,0.25,2,0.25
10738,3,177,2,0.6666666666666666,3,1.0,3,1.0
10741,4,120,0,0.0,0,0.0,0,0.0
10744,2,132,1,0.5,1,0.5,1,0.5
10778,6,186,2,0.3333333333333333,2,0.3333333333333333,2,0.3333333333333333
10779,2,120,0,0.0,0,0.0,0,0.0
10790,8,120,0,0.0,0,0.0,1,0.125
10793,1,120,1,1.0,1,1.0,1,1.0
10802,3,120,1,0.3333333333333333,1,0.3333333333333333,2,0.6666666666666666
10844,6,120,0,0.0,0,0.0,0,0.0
10867,9,120,0,0.0,0,0.0,0,0.0
10881,4,120,2,0.5,2,0.5,2,0.5
10891,10,120,1,0.1,1,0.1,1,0.1
10895,1,120,0,0.0,0,0.0,0,0.0
10929,2,120,1,0.5,2,1.0,2,1.0
10939,5,120,0,0.0,0,0.0,0,0.0
10959,3,120,1,0.3333333333333333,1,0.3333333333333333,1,0.3333333333333333
10960,1,120,0,0.0,0,0.0,0,0.0
10972,13,120,10,0.7692307692307693,10,0.7692307692307693,10,0.7692307692307693
10983,1,120,1,1.0,1,1.0,1,1.0
11000,1,120,1,1.0,1,1.0,1,1.0
11001,6,155,4,0.6666666666666666,4,0.6666666666666666,4,0.6666666666666666
11003,2,120,0,0.0,0,0.0,0,0.0
11026,3,120,1,0.3333333333333333,2,0.6666666666666666,2,0.6666666666666666
11030,1,120,0,0.0,0,0.0,0,0.0
11117,7,120,1,0.14285714285714285,2,0.2857142857142857,2,0.2857142857142857
11159,3,120,0,0.0,0,0.0,0,0.0
11191,1,120,0,0.0,0,0.0,0,0.0
11202,2,120,0,0.0,2,1.0,2,1.0
11220,3,140,1,0.3333333333333333,1,0.3333333333333333,1,0.3333333333333333
11222,9,120,6,0.6666666666666666,6,0.6666666666666666,6,0.6666666666666666
11236,4,120,0,0.0,1,0.25,1,0.25
11286,1,120,0,0.0,0,0.0,0,0.0
11323,3,120,0,0.0,0,0.0,0,0.0
11328,3,163,2,0.6666666666666666,2,0.6666666666666666,2,0.6666666666666666
11344,7,120,2,0.2857142857142857,2,0.2857142857142857,2,0.2857142857142857
11353,1,120,0,0.0,0,0.0,0,0.0
11372,3,120,0,0.0,0,0.0,0,0.0
11380,6,120,1,0.16666666666666666,2,0.3333333333333333,2,0.3333333333333333
11415,1,133,0,0.0,0,0.0,0,0.0
11432,3,120,0,0.0,1,0.3333333333333333,1,0.3333333333333333
11513,3,120,1,0.3333333333333333,1,0.3333333333333333,1,0.3333333333333333
11585,4,120,1,0.25,2,0.5,2,0.5
11597,1,120,0,0.0,0,0.0,0,0.0
11619,8,120,2,0.25,2,0.25,2,0.25
11622,2,121,0,0.0,0,0.0,0,0.0
11629,6,120,3,0.5,3,0.5,3,0.5
11643,3,120,2,0.6666666666666666,2,0.6666666666666666,2,0.6666666666666666
11701,2,120,0,0.0,0,0.0,0,0.0
11714,3,143,3,1.0,3,1.0,3,1.0
11734,6,120,0,0.0,0,0.0,0,0.0
11762,5,120,0,0.0,0,0.0,0,0.0
11775,12,143,7,0.5833333333333334,7,0.5833333333333334,7,0.5833333333333334
11848,4,124,2,0.5,2,0.5,2,0.5
11850,3,120,0,0.0,0,0.0,0,0.0
11861,1,120,0,0.0,0,0.0,0,0.0
11947,2,120,1,0.5,1,0.5,1,0.5
11957,3,120,0,0.0,0,0.0,0,0.0
11975,1,130,0,0.0,0,0.0,0,0.0
11979,4,120,0,0.0,0,0.0,0,0.0
11991,1,135,1,1.0,1,1.0,1,1.0
11999,3,120,1,0.3333333333333333,1,0.3333333333333333,1,0.3333333333333333
12040,1,120,0,0.0,0,0.0,0,0.0
12053,3,120,0,0.0,0,0.0,0,0.0
12065,3,120,0,0.0,0,0.0,0,0.0
12079,7,120,3,0.42857142857142855,5,0.7142857142857143,5,0.7142857142857143
12108,4,120,0,0.0,1,0.25,1,0.25
12109,1,120,0,0.0,0,0.0,0,0.0
12134,2,120,0,0.0,0,0.0,0,0.0
12146,2,120,0,0.0,1,0.5,1,0.5
12157,7,120,3,0.42857142857142855,3,0.42857142857142855,3,0.42857142857142855
12185,2,120,0,0.0,0,0.0,0,0.0
12227,10,120,0,0.0,0,0.0,0,0.0
12275,4,120,0,0.0,0,0.0,0,0.0
12283,3,120,1,0.3333333333333333,1,0.3333333333333333,1,0.3333333333333333
12291,1,120,0,0.0,1,1.0,1,1.0
12325,2,141,2,1.0,2,1.0,2,1.0
12363,2,151,1,0.5,1,0.5,1,0.5
12404,3,131,2,0.6666666666666666,2,0.6666666666666666,2,0.6666666666666666
12428,1,120,0,0.0,0,0.0,0,0.0
12466,6,120,3,0.5,4,0.6666666666666666,4,0.6666666666666666
12468,2,120,0,0.0,1,0.5,1,0.5
12479,27,185,11,0.4074074074074074,15,0.5555555555555556,15,0.5555555555555556
12491,3,120,0,0.0,0,0.0,0,0.0
12524,10,120,1,0.1,4,0.4,5,0.5
12528,2,120,0,0.0,0,0.0,0,0.0
12582,2,120,1,0.5,1,0.5,1,0.5
12588,5,149,5,1.0,5,1.0,5,1.0
12642,4,120,1,0.25,1,0.25,1,0.25
12658,2,155,2,1.0,2,1.0,2,1.0
12732,20,120,4,0.2,5,0.25,5,0.25
12744,7,120,0,0.0,4,0.5714285714285714,4,0.5714285714285714
12751,1,120,0,0.0,1,1.0,1,1.0
12755,3,120,1,0.3333333333333333,2,0.6666666666666666,2,0.6666666666666666
12767,11,120,2,0.18181818181818182,4,0.36363636363636365,4,0.36363636363636365
12794,4,120,0,0.0,0,0.0,0,0.0
12844,5,120,0,0.0,0,0.0,0,0.0
12864,4,153,3,0.75,3,0.75,3,0.75
12865,2,120,1,0.5,1,0.5,1,0.5
12887,6,128,5,0.8333333333333334,6,1.0,6,1.0
12907,1,120,1,1.0,1,1.0,1,1.0
12933,5,120,0,0.0,0,0.0,0,0.0
12966,12,120,0,0.0,0,0.0,0,0.0
12989,7,120,0,0.0,0,0.0,0,0.0
13000,4,120,2,0.5,2,0.5,2,0.5
13016,8,178,3,0.375,3,0.375,3,0.375
13021,4,120,2,0.5,2,0.5,2,0.5
13033,1,120,0,0.0,0,0.0,0,0.0
13130,8,120,1,0.125,2,0.25,3,0.375
13131,4,120,1,0.25,1,0.25,1,0.25
13143,3,120,1,0.3333333333333333,2,0.6666666666666666,2,0.6666666666666666
13174,25,167,10,0.4,14,0.56,14,0.56
13226,1,120,0,0.0,0,0.0,0,0.0
13289,3,120,1,0.3333333333333333,1,0.3333333333333333,1,0.3333333333333333
13315,4,120,3,0.75,4,1.0,4,1.0
13352,3,120,3,1.0,3,1.0,3,1.0
13355,3,120,1,0.3333333333333333,1,0.3333333333333333,1,0.3333333333333333
13382,7,120,0,0.0,0,0.0,0,0.0
13394,5,120,0,0.0,0,0.0,0,0.0
13428,1,120,0,0.0,0,0.0,0,0.0
13510,2,120,2,1.0,2,1.0,2,1.0
13514,8,176,6,0.75,6,0.75,6,0.75
13534,2,120,0,0.0,0,0.0,0,0.0
13547,1,120,0,0.0,0,0.0,0,0.0
13552,13,120,1,0.07692307692307693,2,0.15384615384615385,2,0.15384615384615385
13557,11,120,1,0.09090909090909091,2,0.18181818181818182,2,0.18181818181818182
13559,2,120,0,0.0,0,0.0,0,0.0
13569,3,120,1,0.3333333333333333,2,0.6666666666666666,2,0.6666666666666666
13619,2,122,1,0.5,1,0.5,1,0.5
13658,3,120,0,0.0,0,0.0,0,0.0
13659,3,120,0,0.0,0,0.0,0,0.0
13664,20,120,0,0.0,0,0.0,0,0.0
13692,2,120,0,0.0,0,0.0,0,0.0
13721,2,120,0,0.0,1,0.5,1,0.5
13752,1,120,1,1.0,1,1.0,1,1.0
13774,3,120,2,0.6666666666666666,3,1.0,3,1.0
13779,4,120,2,0.5,3,0.75,3,0.75
13786,1,120,0,0.0,0,0.0,1,1.0
13816,1,120,0,0.0,0,0.0,0,0.0
13827,5,120,0,0.0,0,0.0,1,0.2
13885,3,140,2,0.6666666666666666,2,0.6666666666666666,2,0.6666666666666666
13891,1,120,0,0.0,0,0.0,0,0.0
13898,4,120,1,0.25,1,0.25,1,0.25
13921,1,120,0,0.0,0,0.0,0,0.0
13923,1,135,1,1.0,1,1.0,1,1.0
13926,3,147,1,0.3333333333333333,1,0.3333333333333333,1,0.3333333333333333
13957,5,120,0,0.0,1,0.2,1,0.2
13983,2,120,2,1.0,2,1.0,2,1.0
14019,7,120,0,0.0,0,0.0,0,0.0
14035,15,120,0,0.0,2,0.13333333333333333,2,0.13333333333333333
14058,8,193,3,0.375,3,0.375,3,0.375
14104,10,120,1,0.1,2,0.2,2,0.2
14141,12,120,4,0.3333333333333333,6,0.5,6,0.5
14192,2,120,1,0.5,1,0.5,1,0.5
14207,1,120,0,0.0,0,0.0,0,0.0
14240,2,120,0,0.0,1,0.5,1,0.5
14245,14,120,1,0.07142857142857142,1,0.07142857142857142,1,0.07142857142857142
14254,4,120,2,0.5,2,0.5,3,0.75
14274,3,120,1,0.3333333333333333,2,0.6666666666666666,2,0.6666666666666666
14278,1,120,0,0.0,0,0.0,0,0.0
14280,1,131,1,1.0,1,1.0,1,1.0
14291,2,120,0,0.0,0,0.0,0,0.0
14305,2,120,0,0.0,0,0.0,0,0.0
14306,9,120,0,0.0,2,0.2222222222222222,2,0.2222222222222222
14332,6,136,5,0.8333333333333334,5,0.8333333333333334,5,0.8333333333333334
14341,12,120,0,0.0,0,0.0,0,0.0
14370,1,138,1,1.0,1,1.0,1,1.0
14474,3,120,0,0.0,0,0.0,0,0.0
14481,7,120,0,0.0,0,0.0,0,0.0
14493,1,120,0,0.0,0,0.0,0,0.0
14494,4,120,1,0.25,1,0.25,1,0.25
14495,8,121,0,0.0,0,0.0,0,0.0
14522,4,120,0,0.0,0,0.0,0,0.0
14527,1,120,0,0.0,0,0.0,0,0.0
14534,11,120,1,0.09090909090909091,2,0.18181818181818182,3,0.2727272727272727
14542,3,120,0,0.0,0,0.0,0,0.0
14551,10,120,2,0.2,2,0.2,2,0.2
14553,3,120,0,0.0,0,0.0,0,0.0
14568,8,120,0,0.0,0,0.0,1,0.125
14579,8,120,1,0.125,1,0.125,2,0.25
14588,3,120,3,1.0,3,1.0,3,1.0
14606,7,120,3,0.42857142857142855,3,0.42857142857142855,4,0.5714285714285714
14607,13,120,3,0.23076923076923078,3,0.23076923076923078,3,0.23076923076923078
14636,16,120,0,0.0,2,0.125,2,0.125
14655,4,120,0,0.0,0,0.0,0,0.0
14678,2,120,1,0.5,1,0.5,1,0.5
14723,4,137,3,0.75,3,0.75,3,0.75
14788,1,120,0,0.0,0,0.0,0,0.0
14789,15,120,0,0.0,0,0.0,0,0.0
14800,6,120,3,0.5,3,0.5,3,0.5
14806,1,120,0,0.0,0,0.0,0,0.0
14822,1,120,0,0.0,0,0.0,0,0.0
14846,8,120,0,0.0,0,0.0,0,0.0
14856,1,120,0,0.0,0,0.0,0,0.0
14871,20,166,16,0.8,16,0.8,16,0.8
14953,6,135,4,0.6666666666666666,4,0.6666666666666666,4,0.6666666666666666
14965,2,120,1,0.5,2,1.0,2,1.0
14966,5,120,0,0.0,1,0.2,1,0.2
14967,16,200,9,0.5625,11,0.6875,11,0.6875
14981,12,120,2,0.16666666666666666,3,0.25,3,0.25
14997,3,120,0,0.0,0,0.0,0,0.0
15000,2,120,0,0.0,0,0.0,0,0.0
15032,2,120,0,0.0,0,0.0,0,0.0
15041,1,120,0,0.0,0,0.0,0,0.0
15091,13,120,1,0.07692307692307693,1,0.07692307692307693,1,0.07692307692307693
15105,12,168,5,0.4166666666666667,5,0.4166666666666667,5,0.4166666666666667
15155,4,120,2,0.5,3,0.75,3,0.75
15156,7,159,4,0.5714285714285714,4,0.5714285714285714,4,0.5714285714285714
15160,4,120,0,0.0,0,0.0,0,0.0
15186,1,132,0,0.0,0,0.0,0,0.0
15189,4,120,0,0.0,0,0.0,0,0.0
15200,5,163,2,0.4,2,0.4,2,0.4
15246,2,120,1,0.5,1,0.5,1,0.5
15260,5,120,0,0.0,0,0.0,0,0.0
15276,5,120,2,0.4,3,0.6,3,0.6
15314,1,120,0,0.0,0,0.0,0,0.0
15330,1,120,0,0.0,0,0.0,0,0.0
15363,1,139,1,1.0,1,1.0,1,1.0
15378,9,120,0,0.0,0,0.0,0,0.0
15391,4,151,3,0.75,3,0.75,3,0.75
15474,6,120,1,0.16666666666666666,1,0.16666666666666666,1,0.16666666666666666
15539,1,120,0,0.0,0,0.0,0,0.0
15577,1,141,1,1.0,1,1.0,1,1.0
15597,3,120,1,0.3333333333333333,1,0.3333333333333333,2,0.6666666666666666
15658,9,120,1,0.1111111111111111,3,0.3333333333333333,3,0.3333333333333333
15663,3,161,1,0.3333333333333333,1,0.3333333333333333,1,0.3333333333333333
15680,8,120,1,0.125,1,0.125,1,0.125
15731,7,120,2,0.2857142857142857,2,0.2857142857142857,2,0.2857142857142857
15735,3,120,2,0.6666666666666666,2,0.6666666666666666,2,0.6666666666666666
15746,3,120,0,0.0,0,0.0,0,0.0
15748,7,120,0,0.0,0,0.0,0,0.0
15753,3,120,0,0.0,0,0.0,0,0.0
15829,3,120,0,0.0,0,0.0,0,0.0
15845,4,120,0,0.0,1,0.25,2,0.5
15865,1,120,0,0.0,0,0.0,0,0.0
15881,5,159,3,0.6,3,0.6,3,0.6
15903,2,120,1,0.5,1,0.5,1,0.5
15904,5,120,5,1.0,5,1.0,5,1.0
15910,6,120,0,0.0,0,0.0,0,0.0
15932,2,120,0,0.0,0,0.0,0,0.0
15944,2,120,0,0.0,0,0.0,0,0.0
15967,9,120,0,0.0,2,0.2222222222222222,2,0.2222222222222222
15977,4,120,0,0.0,0,0.0,0,0.0
16001,9,120,3,0.3333333333333333,5,0.5555555555555556,5,0.5555555555555556
16004,1,120,0,0.0,0,0.0,0,0.0
16020,1,120,0,0.0,1,1.0,1,1.0
16026,2,144,0,0.0,0,0.0,0,0.0
16031,6,120,5,0.8333333333333334,5,0.8333333333333334,5,0.8333333333333334
16036,3,120,0,0.0,0,0.0,0,0.0
16038,24,120,1,0.041666666666666664,3,0.125,3,0.125
16039,6,152,4,0.6666666666666666,4,0.6666666666666666,4,0.6666666666666666
16073,7,153,1,0.14285714285714285,1,0.14285714285714285,1,0.14285714285714285
16078,2,120,0,0.0,0,0.0,1,0.5
16098,1,120,0,0.0,0,0.0,0,0.0
16101,25,120,7,0.28,8,0.32,8,0.32
16130,1,120,0,0.0,0,0.0,0,0.0
16140,6,166,5,0.8333333333333334,5,0.8333333333333334,5,0.8333333333333334
16141,9,120,4,0.4444444444444444,5,0.5555555555555556,6,0.6666666666666666
16171,9,120,0,0.0,1,0.1111111111111111,1,0.1111111111111111
16181,1,120,1,1.0,1,1.0,1,1.0
16185,5,120,1,0.2,2,0.4,3,0.6
16215,1,120,1,1.0,1,1.0,1,1.0
16238,2,142,2,1.0,2,1.0,2,1.0
16267,5,146,0,0.0,0,0.0,0,0.0
16279,1,142,1,1.0,1,1.0,1,1.0
16283,2,120,1,0.5,1,0.5,1,0.5
16286,2,120,0,0.0,0,0.0,0,0.0
16289,1,120,1,1.0,1,1.0,1,1.0
16291,19,120,6,0.3157894736842105,7,0.3684210526315789,8,0.42105263157894735
16363,16,120,0,0.0,0,0.0,0,0.0
16397,2,120,0,0.0,0,0.0,0,0.0
16399,2,120,1,0.5,2,1.0,2,1.0
16425,1,124,0,0.0,0,0.0,0,0.0
16437,5,120,0,0.0,0,0.0,0,0.0
16438,1,120,0,0.0,0,0.0,0,0.0
16540,3,120,0,0.0,0,0.0,0,0.0
16547,11,160,3,0.2727272727272727,4,0.36363636363636365,4,0.36363636363636365
16573,3,120,0,0.0,0,0.0,0,0.0
16581,5,120,0,0.0,0,0.0,0,0.0
16587,3,120,0,0.0,0,0.0,0,0.0
16609,1,120,0,0.0,0,0.0,0,0.0
16610,26,120,1,0.038461538461538464,2,0.07692307692307693,2,0.07692307692307693
16630,1,142,1,1.0,1,1.0,1,1.0
16646,1,120,0,0.0,0,0.0,0,0.0
16650,1,120,1,1.0,1,1.0,1,1.0
16655,1,120,0,0.0,0,0.0,0,0.0
16669,2,120,0,0.0,0,0.0,0,0.0
16675,8,120,0,0.0,0,0.0,0,0.0
16683,4,120,0,0.0,0,0.0,0,0.0
16686,4,120,0,0.0,0,0.0,0,0.0
16714,3,120,2,0.6666666666666666,2,0.6666666666666666,2,0.6666666666666666
16717,1,120,0,0.0,1,1.0,1,1.0
16746,1,120,0,0.0,0,0.0,0,0.0
16758,1,120,0,0.0,0,0.0,0,0.0
16827,2,120,0,0.0,0,0.0,0,0.0
16837,11,120,4,0.36363636363636365,4,0.36363636363636365,4,0.36363636363636365
16845,2,120,0,0.0,0,0.0,0,0.0
16902,22,120,3,0.13636363636363635,4,0.18181818181818182,4,0.18181818181818182
16910,6,120,0,0.0,0,0.0,0,0.0
16930,3,144,1,0.3333333333333333,1,0.3333333333333333,1,0.3333333333333333
16963,4,120,1,0.25,1,0.25,1,0.25
16984,1,120,0,0.0,0,0.0,0,0.0
17016,1,120,0,0.0,0,0.0,0,0.0
17025,4,120,1,0.25,1,0.25,1,0.25
17031,8,176,4,0.5,4,0.5,4,0.5
17037,11,120,0,0.0,2,0.18181818181818182,2,0.18181818181818182
17039,4,120,0,0.0,0,0.0,0,0.0
17046,2,120,1,0.5,1,0.5,1,0.5
17061,1,120,0,0.0,0,0.0,0,0.0
17065,1,120,0,0.0,0,0.0,0,0.0
17111,3,120,0,0.0,0,0.0,0,0.0
17112,5,133,2,0.4,2,0.4,2,0.4
17118,15,186,9,0.6,9,0.6,9,0.6
17120,4,120,0,0.0,0,0.0,0,0.0
17125,1,120,0,0.0,0,0.0,0,0.0
17146,5,120,0,0.0,0,0.0,0,0.0
17170,4,157,3,0.75,3,0.75,3,0.75
17180,1,120,0,0.0,0,0.0,0,0.0
17185,11,120,2,0.18181818181818182,2,0.18181818181818182,2,0.18181818181818182
17190,7,120,2,0.2857142857142857,2,0.2857142857142857,2,0.2857142857142857
17235,14,120,0,0.0,0,0.0,0,0.0
17260,1,123,1,1.0,1,1.0,1,1.0
17302,1,132,1,1.0,1,1.0,1,1.0
17331,1,120,0,0.0,0,0.0,0,0.0
17376,6,120,2,0.3333333333333333,3,0.5,4,0.6666666666666666
17387,4,120,2,0.5,3,0.75,3,0.75
17392,6,120,0,0.0,0,0.0,0,0.0
17403,1,120,0,0.0,0,0.0,0,0.0
17427,1,146,0,0.0,0,0.0,0,0.0
17429,3,120,0,0.0,0,0.0,0,0.0
17455,1,120,0,0.0,0,0.0,0,0.0
17496,6,120,0,0.0,1,0.16666666666666666,1,0.16666666666666666
17505,3,121,1,0.3333333333333333,1,0.3333333333333333,1,0.3333333333333333
17551,5,120,4,0.8,4,0.8,4,0.8
17555,4,120,0,0.0,0,0.0,0,0.0
17583,1,120,0,0.0,0,0.0,0,0.0
17612,6,120,0,0.0,0,0.0,0,0.0
17621,7,129,3,0.42857142857142855,3,0.42857142857142855,3,0.42857142857142855
17623,1,120,0,0.0,0,0.0,0,0.0
17642,6,120,1,0.16666666666666666,1,0.16666666666666666,1,0.16666666666666666
17644,6,120,1,0.16666666666666666,1,0.16666666666666666,1,0.16666666666666666
17666,3,120,0,0.0,0,0.0,0,0.0
17685,2,120,0,0.0,0,0.0,0,0.0
17702,1,120,1,1.0,1,1.0,1,1.0
17725,1,120,0,0.0,0,0.0,0,0.0
17743,1,120,0,0.0,1,1.0,1,1.0
17796,5,120,1,0.2,2,0.4,2,0.4
17861,1,120,0,0.0,0,0.0,0,0.0
17901,1,120,0,0.0,0,0.0,0,0.0
17970,2,121,0,0.0,0,0.0,0,0.0
17978,1,120,1,1.0,1,1.0,1,1.0
17985,5,174,4,0.8,5,1.0,5,1.0
17990,4,140,0,0.0,0,0.0,0,0.0
17996,2,120,0,0.0,0,0.0,0,0.0
18005,25,120,0,0.0,0,0.0,0,0.0
18008,1,120,0,0.0,0,0.0,0,0.0
18045,17,120,1,0.058823529411764705,2,0.11764705882352941,2,0.11764705882352941
18049,2,120,0,0.0,0,0.0,0,0.0
18107,3,120,0,0.0,0,0.0,0,0.0
18135,3,120,0,0.0,0,0.0,0,0.0
18139,15,120,1,0.06666666666666667,2,0.13333333333333333,4,0.26666666666666666
18150,9,128,2,0.2222222222222222,2,0.2222222222222222,2,0.2222222222222222
18168,7,120,0,0.0,0,0.0,0,0.0
18190,1,120,0,0.0,0,0.0,0,0.0
18199,6,133,4,0.6666666666666666,4,0.6666666666666666,4,0.6666666666666666
18208,4,120,0,0.0,0,0.0,0,0.0
18215,12,120,3,0.25,3,0.25,3,0.25
18235,2,120,0,0.0,0,0.0,0,0.0
18241,8,120,1,0.125,1,0.125,1,0.125
18254,1,120,1,1.0,1,1.0,1,1.0
18273,1,120,1,1.0,1,1.0,1,1.0
18325,6,120,3,0.5,3,0.5,3,0.5
18328,10,120,6,0.6,6,0.6,6,0.6
18332,1,120,0,0.0,0,0.0,0,0.0
18336,2,120,2,1.0,2,1.0,2,1.0
18371,1,120,1,1.0,1,1.0,1,1.0
18386,2,120,1,0.5,1,0.5,1,0.5
18390,4,120,0,0.0,0,0.0,0,0.0
18435,1,152,0,0.0,0,0.0,0,0.0
18545,2,122,1,0.5,1,0.5,1,0.5
18563,1,120,0,0.0,0,0.0,0,0.0
18592,1,120,0,0.0,0,0.0,0,0.0
18608,3,120,0,0.0,0,0.0,0,0.0
18627,12,200,9,0.75,10,0.8333333333333334,10,0.8333333333333334
18628,2,120,1,0.5,2,1.0,2,1.0
18639,6,120,2,0.3333333333333333,2,0.3333333333333333,2,0.3333333333333333
18665,3,120,0,0.0,1,0.3333333333333333,1,0.3333333333333333
18676,3,143,1,0.3333333333333333,1,0.3333333333333333,1,0.3333333333333333
18713,1,120,0,0.0,0,0.0,0,0.0
18718,2,120,1,0.5,1,0.5,1,0.5
18730,6,120,2,0.3333333333333333,2,0.3333333333333333,2,0.3333333333333333
18737,1,120,0,0.0,0,0.0,0,0.0
18757,10,120,0,0.0,0,0.0,0,0.0
18786,18,120,0,0.0,0,0.0,0,0.0
18788,6,143,4,0.6666666666666666,4,0.6666666666666666,4,0.6666666666666666
18800,6,171,5,0.8333333333333334,5,0.8333333333333334,5,0.8333333333333334
18801,7,149,6,0.8571428571428571,6,0.8571428571428571,6,0.8571428571428571
18820,1,121,1,1.0,1,1.0,1,1.0
18832,1,120,0,0.0,0,0.0,0,0.0
18861,3,120,0,0.0,0,0.0,0,0.0
18866,8,120,0,0.0,0,0.0,1,0.125
18880,7,142,2,0.2857142857142857,3,0.42857142857142855,3,0.42857142857142855
18883,3,120,1,0.3333333333333333,2,0.6666666666666666,2,0.6666666666666666
18884,2,120,1,0.5,1,0.5,1,0.5
18887,1,120,0,0.0,0,0.0,0,0.0
18889,1,120,0,0.0,0,0.0,0,0.0
18905,7,120,1,0.14285714285714285,1,0.14285714285714285,1,0.14285714285714285
18947,16,148,4,0.25,4,0.25,4,0.25
18960,11,151,2,0.18181818181818182,2,0.18181818181818182,2,0.18181818181818182
18961,3,120,0,0.0,0,0.0,0,0.0
18972,1,138,1,1.0,1,1.0,1,1.0
19036,6,120,1,0.16666666666666666,1,0.16666666666666666,1,0.16666666666666666
19045,5,120,1,0.2,2,0.4,2,0.4
19047,1,156,1,1.0,1,1.0,1,1.0
19080,5,175,2,0.4,2,0.4,2,0.4
19104,6,120,3,0.5,3,0.5,3,0.5
19108,11,120,3,0.2727272727272727,3,0.2727272727272727,3,0.2727272727272727
19163,3,120,1,0.3333333333333333,1,0.3333333333333333,2,0.6666666666666666
19168,1,120,1,1.0,1,1.0,1,1.0
19278,2,120,0,0.0,0,0.0,0,0.0
19307,15,120,8,0.5333333333333333,10,0.6666666666666666,10,0.6666666666666666
19310,2,120,0,0.0,0,0.0,0,0.0
19358,1,120,0,0.0,1,1.0,1,1.0
19365,1,120,0,0.0,1,1.0,1,1.0
19415,2,120,0,0.0,1,0.5,1,0.5
19452,13,120,2,0.15384615384615385,2,0.15384615384615385,2,0.15384615384615385
19540,17,189,11,0.6470588235294118,12,0.7058823529411765,12,0.7058823529411765
19563,1,120,0,0.0,0,0.0,0,0.0
19566,3,120,0,0.0,0,0.0,0,0.0
19577,4,120,2,0.5,2,0.5,2,0.5
19584,8,120,0,0.0,1,0.125,1,0.125
19615,1,120,1,1.0,1,1.0,1,1.0
19618,1,120,0,0.0,0,0.0,0,0.0
19636,3,120,2,0.6666666666666666,2,0.6666666666666666,2,0.6666666666666666
19639,2,120,1,0.5,1,0.5,2,1.0
19640,8,120,0,0.0,0,0.0,0,0.0
19720,1,120,0,0.0,0,0.0,0,0.0
19730,1,120,0,0.0,0,0.0,0,0.0
19731,1,120,0,0.0,0,0.0,0,0.0
19736,2,120,2,1.0,2,1.0,2,1.0
19764,9,120,1,0.1111111111111111,1,0.1111111111111111,1,0.1111111111111111
19775,5,143,1,0.2,1,0.2,1,0.2
19782,1,120,1,1.0,1,1.0,1,1.0
19785,6,120,2,0.3333333333333333,2,0.3333333333333333,2,0.3333333333333333
19828,3,120,1,0.3333333333333333,1,0.3333333333333333,1,0.3333333333333333
19846,4,120,0,0.0,1,0.25,1,0.25
19858,1,120,0,0.0,0,0.0,0,0.0
19891,6,130,1,0.16666666666666666,1,0.16666666666666666,1,0.16666666666666666
19950,2,139,0,0.0,0,0.0,0,0.0
19987,6,120,1,0.16666666666666666,2,0.3333333333333333,2,0.3333333333333333
19995,2,120,0,0.0,0,0.0,0,0.0
20005,3,120,1,0.3333333333333333,1,0.3333333333333333,1,0.3333333333333333
20008,4,144,3,0.75,3,0.75,3,0.75
20023,1,120,1,1.0,1,1.0,1,1.0
20038,19,120,7,0.3684210526315789,9,0.47368421052631576,9,0.47368421052631576
20072,7,120,0,0.0,0,0.0,0,0.0
20165,4,150,1,0.25,1,0.25,1,0.25
20184,2,120,0,0.0,2,1.0,2,1.0
20209,1,120,0,0.0,0,0.0,0,0.0
20211,1,120,0,0.0,1,1.0,1,1.0
20240,2,120,1,0.5,1,0.5,1,0.5
20243,5,120,0,0.0,0,0.0,0,0.0
20245,3,120,1,0.3333333333333333,1,0.3333333333333333,1,0.3333333333333333
20255,1,120,0,0.0,0,0.0,0,0.0
20273,9,120,6,0.6666666666666666,7,0.7777777777777778,7,0.7777777777777778
20311,1,122,1,1.0,1,1.0,1,1.0
20329,13,120,0,0.0,0,0.0,0,0.0
20336,4,120,1,0.25,1,0.25,1,0.25
20401,2,120,0,0.0,0,0.0,0,0.0
20405,1,120,0,0.0,0,0.0,0,0.0
20427,13,120,3,0.23076923076923078,4,0.3076923076923077,4,0.3076923076923077
20428,2,120,0,0.0,0,0.0,0,0.0
20439,1,120,0,0.0,0,0.0,0,0.0
20469,2,120,1,0.5,2,1.0,2,1.0
20529,4,120,0,0.0,1,0.25,1,0.25
20541,2,142,1,0.5,1,0.5,1,0.5
20566,1,120,0,0.0,0,0.0,0,0.0
20570,14,120,4,0.2857142857142857,4,0.2857142857142857,4,0.2857142857142857
20578,2,120,1,0.5,2,1.0,2,1.0
20603,12,120,3,0.25,4,0.3333333333333333,5,0.4166666666666667
20628,1,120,0,0.0,0,0.0,0,0.0
20643,1,120,0,0.0,0,0.0,0,0.0
20650,4,120,3,0.75,4,1.0,4,1.0
20671,1,120,0,0.0,0,0.0,0,0.0
20693,1,120,0,0.0,0,0.0,0,0.0
20695,16,120,0,0.0,0,0.0,0,0.0
20700,8,120,0,0.0,1,0.125,1,0.125
20713,1,120,0,0.0,0,0.0,0,0.0
20721,6,124,1,0.16666666666666666,1,0.16666666666666666,1,0.16666666666666666
20744,1,120,0,0.0,0,0.0,0,0.0
20750,1,120,0,0.0,0,0.0,0,0.0
20840,2,120,0,0.0,0,0.0,0,0.0
20857,6,164,3,0.5,3,0.5,3,0.5
20858,3,120,3,1.0,3,1.0,3,1.0
20870,6,120,1,0.16666666666666666,1,0.16666666666666666,1,0.16666666666666666
20888,1,120,0,0.0,0,0.0,0,0.0
20894,8,139,2,0.25,2,0.25,2,0.25
20896,2,120,0,0.0,0,0.0,0,0.0
20897,2,145,1,0.5,1,0.5,1,0.5
20926,3,136,3,1.0,3,1.0,3,1.0
21008,6,120,0,0.0,1,0.16666666666666666,1,0.16666666666666666
21021,1,120,0,0.0,0,0.0,0,0.0
21035,2,120,1,0.5,1,0.5,1,0.5
21036,12,120,0,0.0,0,0.0,0,0.0
21045,4,120,0,0.0,0,0.0,0,0.0
21052,14,120,0,0.0,1,0.07142857142857142,1,0.07142857142857142
21073,5,120,0,0.0,0,0.0,0,0.0
21081,2,120,0,0.0,0,0.0,0,0.0
21249,5,120,1,0.2,3,0.6,3,0.6
21258,3,145,2,0.6666666666666666,2,0.6666666666666666,2,0.6666666666666666
21282,7,149,3,0.42857142857142855,3,0.42857142857142855,3,0.42857142857142855
21287,2,120,0,0.0,0,0.0,0,0.0
21349,1,120,1,1.0,1,1.0,1,1.0
21395,3,120,0,0.0,0,0.0,0,0.0
21418,3,120,2,0.6666666666666666,2,0.6666666666666666,2,0.6666666666666666
21431,8,120,1,0.125,3,0.375,3,0.375
21455,4,120,2,0.5,2,0.5,3,0.75
21469,1,120,0,0.0,0,0.0,0,0.0
21551,8,120,1,0.125,3,0.375,3,0.375
21589,8,120,0,0.0,0,0.0,0,0.0
21614,2,120,0,0.0,1,0.5,1,0.5
21618,4,120,2,0.5,3,0.75,3,0.75
21740,7,121,0,0.0,0,0.0,0,0.0
21769,4,120,2,0.5,3,0.75,4,1.0
21778,1,120,0,0.0,0,0.0,0,0.0
21781,7,120,2,0.2857142857142857,2,0.2857142857142857,2,0.2857142857142857
21794,4,120,0,0.0,1,0.25,1,0.25
21803,1,120,0,0.0,0,0.0,0,0.0
21813,1,120,0,0.0,0,0.0,0,0.0
21819,4,121,0,0.0,0,0.0,1,0.25
21834,2,120,1,0.5,1,0.5,1,0.5
21855,1,120,1,1.0,1,1.0,1,1.0
21888,1,122,1,1.0,1,1.0,1,1.0
21893,3,120,2,0.6666666666666666,2,0.6666666666666666,3,1.0
21908,1,120,0,0.0,1,1.0,1,1.0
21927,4,120,0,0.0,0,0.0,0,0.0
21954,1,120,0,0.0,0,0.0,0,0.0
21955,8,159,4,0.5,4,0.5,4,0.5
21975,1,120,0,0.0,0,0.0,0,0.0
21976,1,120,0,0.0,0,0.0,0,0.0
21985,8,120,3,0.375,3,0.375,3,0.375
21998,11,120,3,0.2727272727272727,4,0.36363636363636365,6,0.5454545454545454
22017,1,120,0,0.0,0,0.0,0,0.0
22022,16,163,4,0.25,4,0.25,5,0.3125
22027,1,120,0,0.0,0,0.0,0,0.0
22039,5,120,0,0.0,0,0.0,0,0.0
22043,3,120,0,0.0,1,0.3333333333333333,1,0.3333333333333333
22052,27,120,0,0.0,2,0.07407407407407407,2,0.07407407407407407
22053,1,120,0,0.0,0,0.0,0,0.0
22100,3,120,1,0.3333333333333333,1,0.3333333333333333,1,0.3333333333333333
22124,14,120,0,0.0,3,0.21428571428571427,3,0.21428571428571427
22126,2,120,0,0.0,0,0.0,0,0.0
22140,7,120,0,0.0,1,0.14285714285714285,1,0.14285714285714285
22145,10,120,3,0.3,3,0.3,3,0.3
22153,4,120,0,0.0,1,0.25,1,0.25
22171,11,120,1,0.09090909090909091,1,0.09090909090909091,1,0.09090909090909091
22173,2,120,0,0.0,1,0.5,1,0.5
22210,1,120,0,0.0,0,0.0,0,0.0
22222,6,120,0,0.0,0,0.0,0,0.0
22247,2,138,1,0.5,1,0.5,1,0.5
22253,10,142,9,0.9,9,0.9,9,0.9
22264,1,120,0,0.0,0,0.0,0,0.0
22285,4,120,0,0.0,0,0.0,0,0.0
22301,3,120,0,0.0,0,0.0,0,0.0
22356,18,120,0,0.0,0,0.0,0,0.0
22378,1,120,0,0.0,1,1.0,1,1.0
22384,4,120,3,0.75,3,0.75,3,0.75
22387,5,120,1,0.2,1,0.2,1,0.2
22440,5,120,2,0.4,2,0.4,2,0.4
22459,3,120,3,1.0,3,1.0,3,1.0
22462,14,120,1,0.07142857142857142,2,0.14285714285714285,2,0.14285714285714285
22466,4,120,1,0.25,1,0.25,1,0.25
22514,3,120,0,0.0,0,0.0,0,0.0
22519,1,120,0,0.0,0,0.0,0,0.0
22536,3,120,0,0.0,0,0.0,0,0.0
22553,1,142,1,1.0,1,1.0,1,1.0
22556,1,120,1,1.0,1,1.0,1,1.0
22579,2,120,0,0.0,0,0.0,0,0.0
22614,2,120,0,0.0,1,0.5,1,0.5
22623,3,120,0,0.0,0,0.0,0,0.0
22638,2,120,2,1.0,2,1.0,2,1.0
22708,7,120,0,0.0,0,0.0,0,0.0
22717,5,154,4,0.8,4,0.8,4,0.8
22722,6,125,5,0.8333333333333334,5,0.8333333333333334,5,0.8333333333333334
22732,1,173,1,1.0,1,1.0,1,1.0
22736,3,120,1,0.3333333333333333,1,0.3333333333333333,1,0.3333333333333333
22769,2,120,0,0.0,0,0.0,0,0.0
22786,7,120,0,0.0,2,0.2857142857142857,2,0.2857142857142857
22794,2,120,0,0.0,0,0.0,0,0.0
22821,1,120,0,0.0,0,0.0,0,0.0
22850,9,135,3,0.3333333333333333,3,0.3333333333333333,3,0.3333333333333333
22870,2,120,1,0.5,1,0.5,1,0.5
22881,5,120,0,0.0,0,0.0,0,0.0
22891,5,169,3,0.6,3,0.6,3,0.6
22898,1,120,0,0.0,0,0.0,0,0.0
22958,16,122,3,0.1875,3,0.1875,3,0.1875
22962,2,120,0,0.0,0,0.0,1,0.5
22977,1,120,0,0.0,0,0.0,0,0.0
22980,6,120,1,0.16666666666666666,2,0.3333333333333333,2,0.3333333333333333
22993,3,120,0,0.0,0,0.0,0,0.0
23048,1,120,0,0.0,0,0.0,0,0.0
23128,1,120,1,1.0,1,1.0,1,1.0
23162,1,124,1,1.0,1,1.0,1,1.0
23174,14,120,2,0.14285714285714285,2,0.14285714285714285,3,0.21428571428571427
23203,5,120,0,0.0,1,0.2,1,0.2
23207,7,120,1,0.14285714285714285,1,0.14285714285714285,1,0.14285714285714285
23224,4,120,1,0.25,1,0.25,1,0.25
23241,2,120,0,0.0,0,0.0,0,0.0
23243,4,120,1,0.25,3,0.75,3,0.75
23249,1,120,0,0.0,0,0.0,0,0.0
23280,3,120,1,0.3333333333333333,1,0.3333333333333333,1,0.3333333333333333
23305,8,120,3,0.375,3,0.375,3,0.375
23307,1,120,0,0.0,1,1.0,1,1.0
23311,3,120,1,0.3333333333333333,1,0.3333333333333333,1,0.3333333333333333
23324,1,120,0,0.0,0,0.0,0,0.0
23344,8,120,5,0.625,5,0.625,5,0.625
23417,1,120,0,0.0,0,0.0,0,0.0
23427,1,120,0,0.0,0,0.0,0,0.0
23429,1,120,0,0.0,0,0.0,0,0.0
23466,4,120,0,0.0,0,0.0,0,0.0
23480,10,120,0,0.0,0,0.0,0,0.0
23489,1,120,1,1.0,1,1.0,1,1.0
23514,8,120,2,0.25,3,0.375,3,0.375
23560,1,120,0,0.0,0,0.0,0,0.0
23579,3,120,0,0.0,0,0.0,0,0.0
23588,1,120,0,0.0,1,1.0,1,1.0
23594,1,120,0,0.0,0,0.0,0,0.0
23601,2,135,2,1.0,2,1.0,2,1.0
23607,7,134,5,0.7142857142857143,5,0.7142857142857143,5,0.7142857142857143
23616,3,120,1,0.3333333333333333,2,0.6666666666666666,2,0.6666666666666666
23620,1,120,0,0.0,0,0.0,0,0.0
23640,4,175,3,0.75,4,1.0,4,1.0
23659,2,120,1,0.5,1,0.5,1,0.5
23677,4,120,1,0.25,1,0.25,1,0.25
23681,4,120,2,0.5,3,0.75,3,0.75
23721,3,120,0,0.0,0,0.0,0,0.0
23742,7,120,0,0.0,0,0.0,0,0.0
23745,4,120,1,0.25,1,0.25,1,0.25
23840,9,120,1,0.1111111111111111,2,0.2222222222222222,2,0.2222222222222222
23919,1,120,0,0.0,0,0.0,0,0.0
23920,2,120,0,0.0,0,0.0,0,0.0
23983,9,120,2,0.2222222222222222,2,0.2222222222222222,3,0.3333333333333333
24003,3,120,2,0.6666666666666666,2,0.6666666666666666,2,0.6666666666666666
24022,6,120,0,0.0,0,0.0,2,0.3333333333333333
24025,7,185,4,0.5714285714285714,4,0.5714285714285714,4,0.5714285714285714
24029,8,120,0,0.0,2,0.25,2,0.25
24048,1,120,0,0.0,0,0.0,0,0.0
24064,2,120,0,0.0,0,0.0,1,0.5
24065,4,120,1,0.25,2,0.5,2,0.5
24071,2,179,2,1.0,2,1.0,2,1.0
24081,4,120,0,0.0,0,0.0,0,0.0
24103,2,120,2,1.0,2,1.0,2,1.0
24154,3,120,2,0.6666666666666666,2,0.6666666666666666,2,0.6666666666666666
24178,8,120,0,0.0,0,0.0,0,0.0
24194,10,171,3,0.3,3,0.3,3,0.3
24222,1,120,0,0.0,0,0.0,0,0.0
24230,1,120,0,0.0,0,0.0,0,0.0
24238,9,120,2,0.2222222222222222,2,0.2222222222222222,2,0.2222222222222222
24247,2,120,1,0.5,1,0.5,1,0.5
24251,14,120,0,0.0,0,0.0,0,0.0
24262,1,120,0,0.0,0,0.0,0,0.0
24292,3,120,1,0.3333333333333333,2,0.6666666666666666,2,0.6666666666666666
24299,5,120,0,0.0,1,0.2,1,0.2
24305,15,133,5,0.3333333333333333,5,0.3333333333333333,5,0.3333333333333333
24314,7,120,5,0.7142857142857143,6,0.8571428571428571,7,1.0
24315,1,120,0,0.0,0,0.0,0,0.0
24325,9,120,0,0.0,0,0.0,0,0.0
24337,1,120,0,0.0,0,0.0,0,0.0
24364,5,120,0,0.0,0,0.0,0,0.0
24423,10,120,3,0.3,3,0.3,3,0.3
24472,4,120,1,0.25,1,0.25,1,0.25
24531,2,120,0,0.0,0,0.0,0,0.0
24541,1,141,0,0.0,0,0.0,0,0.0
24550,2,120,0,0.0,0,0.0,0,0.0
24553,3,151,1,0.3333333333333333,1,0.3333333333333333,1,0.3333333333333333
24560,5,120,1,0.2,1,0.2,1,0.2
24584,2,124,0,0.0,0,0.0,0,0.0
24600,1,120,1,1.0,1,1.0,1,1.0
24620,1,120,0,0.0,0,0.0,0,0.0
24647,2,120,0,0.0,0,0.0,0,0.0
24662,2,120,0,0.0,0,0.0,0,0.0
24664,9,121,1,0.1111111111111111,1,0.1111111111111111,1,0.1111111111111111
24720,1,127,1,1.0,1,1.0,1,1.0
24721,5,120,0,0.0,0,0.0,0,0.0
24729,3,120,0,0.0,0,0.0,0,0.0
24791,2,120,0,0.0,1,0.5,1,0.5
24807,7,120,2,0.2857142857142857,2,0.2857142857142857,2,0.2857142857142857
24845,2,120,1,0.5,1,0.5,2,1.0
24869,3,145,1,0.3333333333333333,1,0.3333333333333333,1,0.3333333333333333
24887,11,120,0,0.0,1,0.09090909090909091,1,0.09090909090909091
24922,2,120,1,0.5,1,0.5,1,0.5
24960,3,120,1,0.3333333333333333,1,0.3333333333333333,1,0.3333333333333333
24966,3,120,1,0.3333333333333333,1,0.3333333333333333,1,0.3333333333333333
24968,1,120,0,0.0,0,0.0,0,0.0
25014,5,120,0,0.0,0,0.0,0,0.0
25019,1,120,0,0.0,1,1.0,1,1.0
25032,1,120,0,0.0,0,0.0,0,0.0
25078,2,134,2,1.0,2,1.0,2,1.0
25093,4,120,4,1.0,4,1.0,4,1.0
25108,1,120,0,0.0,0,0.0,0,0.0
25155,12,120,2,0.16666666666666666,4,0.3333333333333333,5,0.4166666666666667
25163,1,120,0,0.0,0,0.0,0,0.0
25166,5,120,0,0.0,0,0.0,0,0.0
25208,9,120,0,0.0,0,0.0,0,0.0
25235,16,120,0,0.0,0,0.0,0,0.0
25258,1,120,1,1.0,1,1.0,1,1.0
25278,1,120,1,1.0,1,1.0,1,1.0
25308,1,120,0,0.0,0,0.0,1,1.0
25319,2,120,0,0.0,0,0.0,0,0.0
25377,13,120,0,0.0,0,0.0,0,0.0
25388,2,120,1,0.5,1,0.5,1,0.5
25419,1,140,1,1.0,1,1.0,1,1.0
25445,6,120,2,0.3333333333333333,2,0.3333333333333333,2,0.3333333333333333
25480,1,120,0,0.0,0,0.0,0,0.0
25490,1,120,0,0.0,0,0.0,0,0.0
25493,4,120,0,0.0,0,0.0,1,0.25
25503,3,120,3,1.0,3,1.0,3,1.0
25529,2,120,1,0.5,1,0.5,1,0.5
25564,1,120,0,0.0,0,0.0,0,0.0
25598,12,120,1,0.08333333333333333,1,0.08333333333333333,2,0.16666666666666666
25599,4,120,0,0.0,0,0.0,0,0.0
25609,2,120,0,0.0,0,0.0,0,0.0
25635,1,120,0,0.0,1,1.0,1,1.0
25659,8,200,4,0.5,4,0.5,5,0.625
25670,7,143,4,0.5714285714285714,4,0.5714285714285714,4,0.5714285714285714
25675,4,120,0,0.0,0,0.0,0,0.0
25676,7,120,0,0.0,1,0.14285714285714285,1,0.14285714285714285
25686,4,120,2,0.5,2,0.5,2,0.5
25720,9,120,2,0.2222222222222222,3,0.3333333333333333,3,0.3333333333333333
25734,2,120,0,0.0,0,0.0,0,0.0
25746,8,120,0,0.0,0,0.0,0,0.0
25747,1,120,1,1.0,1,1.0,1,1.0
25751,1,120,1,1.0,1,1.0,1,1.0
25755,4,120,0,0.0,0,0.0,0,0.0
25779,15,120,0,0.0,0,0.0,1,0.06666666666666667
25802,3,120,1,0.3333333333333333,1,0.3333333333333333,1,0.3333333333333333
25813,3,120,0,0.0,0,0.0,0,0.0
25818,1,120,0,0.0,0,0.0,0,0.0
25883,5,120,1,0.2,1,0.2,1,0.2
25896,2,120,1,0.5,1,0.5,1,0.5
25918,3,155,3,1.0,3,1.0,3,1.0
25924,2,120,0,0.0,0,0.0,0,0.0
25930,7,120,1,0.14285714285714285,1,0.14285714285714285,1,0.14285714285714285
25967,3,120,0,0.0,0,0.0,0,0.0
25987,3,120,2,0.6666666666666666,2,0.6666666666666666,2,0.6666666666666666
25989,4,126,1,0.25,1,0.25,1,0.25
25993,12,120,0,0.0,0,0.0,0,0.0
26016,6,120,0,0.0,0,0.0,0,0.0
26043,3,120,0,0.0,0,0.0,0,0.0
26049,18,120,1,0.05555555555555555,2,0.1111111111111111,3,0.16666666666666666
26061,5,120,0,0.0,0,0.0,0,0.0
26064,5,120,2,0.4,2,0.4,2,0.4
26077,9,120,0,0.0,3,0.3333333333333333,3,0.3333333333333333
26089,3,120,1,0.3333333333333333,1,0.3333333333333333,1,0.3333333333333333
26090,5,120,0,0.0,1,0.2,1,0.2
26112,2,120,0,0.0,0,0.0,0,0.0
26131,1,127,1,1.0,1,1.0,1,1.0
26140,4,121,1,0.25,1,0.25,1,0.25
26160,2,120,0,0.0,2,1.0,2,1.0
26210,3,120,1,0.3333333333333333,1,0.3333333333333333,1,0.3333333333333333
26220,9,144,8,0.8888888888888888,8,0.8888888888888888,8,0.8888888888888888
26244,7,142,1,0.14285714285714285,1,0.14285714285714285,1,0.14285714285714285
26252,8,120,2,0.25,2,0.25,3,0.375
26262,3,120,0,0.0,0,0.0,0,0.0
26289,1,120,0,0.0,0,0.0,0,0.0
26291,4,120,0,0.0,0,0.0,0,0.0
26358,3,120,0,0.0,0,0.0,0,0.0
26368,16,120,1,0.0625,2,0.125,3,0.1875
26439,2,120,0,0.0,0,0.0,0,0.0
26486,12,149,5,0.4166666666666667,5,0.4166666666666667,5,0.4166666666666667
26546,3,120,0,0.0,0,0.0,0,0.0
26550,1,158,1,1.0,1,1.0,1,1.0
26572,9,120,4,0.4444444444444444,6,0.6666666666666666,7,0.7777777777777778
26590,3,120,0,0.0,0,0.0,0,0.0
26627,4,120,1,0.25,2,0.5,2,0.5
26653,1,133,1,1.0,1,1.0,1,1.0
26657,33,163,23,0.696969696969697,24,0.7272727272727273,24,0.7272727272727273
26662,2,129,2,1.0,2,1.0,2,1.0
26668,8,120,2,0.25,2,0.25,3,0.375
26701,4,120,0,0.0,1,0.25,1,0.25
26727,3,120,2,0.6666666666666666,3,1.0,3,1.0
26730,2,120,0,0.0,0,0.0,0,0.0
26780,2,120,0,0.0,0,0.0,0,0.0
26796,1,120,0,0.0,0,0.0,0,0.0
26818,3,120,1,0.3333333333333333,2,0.6666666666666666,2,0.6666666666666666
26829,4,120,0,0.0,0,0.0,0,0.0
26833,1,120,0,0.0,0,0.0,0,0.0
26860,2,167,1,0.5,1,0.5,1,0.5
26872,14,120,0,0.0,0,0.0,0,0.0
26918,5,120,0,0.0,1,0.2,1,0.2
26920,16,120,8,0.5,9,0.5625,9,0.5625
26948,3,120,0,0.0,0,0.0,1,0.3333333333333333
26952,1,120,0,0.0,0,0.0,0,0.0
26981,6,120,0,0.0,2,0.3333333333333333,3,0.5
26992,7,120,0,0.0,0,0.0,0,0.0
27016,5,120,0,0.0,0,0.0,0,0.0
27166,1,120,0,0.0,0,0.0,0,0.0
27192,2,120,0,0.0,1,0.5,1,0.5
27193,1,120,0,0.0,0,0.0,0,0.0
27240,5,134,2,0.4,2,0.4,2,0.4
27243,9,171,5,0.5555555555555556,7,0.7777777777777778,7,0.7777777777777778
27266,1,120,0,0.0,0,0.0,0,0.0
27294,8,169,6,0.75,6,0.75,6,0.75
27411,5,151,3,0.6,3,0.6,3,0.6
27439,2,120,0,0.0,0,0.0,0,0.0
27440,4,120,0,0.0,0,0.0,0,0.0
27445,5,120,0,0.0,0,0.0,0,0.0
27448,3,120,2,0.6666666666666666,3,1.0,3,1.0
27519,1,120,0,0.0,1,1.0,1,1.0
27538,13,182,6,0.46153846153846156,7,0.5384615384615384,7,0.5384615384615384
27549,2,140,2,1.0,2,1.0,2,1.0
27610,2,120,1,0.5,1,0.5,1,0.5
27618,5,140,4,0.8,5,1.0,5,1.0
27640,1,121,1,1.0,1,1.0,1,1.0
27664,4,120,1,0.25,1,0.25,1,0.25
27676,1,120,0,0.0,0,0.0,0,0.0
27727,1,143,1,1.0,1,1.0,1,1.0
27750,1,120,0,0.0,0,0.0,0,0.0
27780,5,120,4,0.8,4,0.8,5,1.0
27792,3,133,2,0.6666666666666666,2,0.6666666666666666,2,0.6666666666666666
27856,8,120,0,0.0,0,0.0,1,0.125
27873,14,154,6,0.42857142857142855,7,0.5,7,0.5
27889,1,120,0,0.0,0,0.0,0,0.0
27895,1,120,0,0.0,0,0.0,0,0.0
27905,8,120,1,0.125,1,0.125,1,0.125
27906,14,120,2,0.14285714285714285,3,0.21428571428571427,4,0.2857142857142857
27929,2,124,1,0.5,1,0.5,1,0.5
27934,1,120,0,0.0,0,0.0,1,1.0
27942,10,163,4,0.4,4,0.4,4,0.4
27973,1,120,1,1.0,1,1.0,1,1.0
27975,5,120,0,0.0,0,0.0,0,0.0
27983,3,120,0,0.0,0,0.0,0,0.0
27990,2,120,0,0.0,0,0.0,1,0.5
27994,1,120,0,0.0,0,0.0,0,0.0
27999,3,120,0,0.0,0,0.0,0,0.0
28015,15,120,0,0.0,1,0.06666666666666667,1,0.06666666666666667
28080,2,136,0,0.0,0,0.0,0,0.0
28088,7,159,7,1.0,7,1.0,7,1.0
28102,3,129,1,0.3333333333333333,1,0.3333333333333333,1,0.3333333333333333
28103,4,120,0,0.0,0,0.0,0,0.0
28110,3,120,2,0.6666666666666666,2,0.6666666666666666,2,0.6666666666666666
28140,6,141,4,0.6666666666666666,4,0.6666666666666666,4,0.6666666666666666
28164,15,120,1,0.06666666666666667,1,0.06666666666666667,1,0.06666666666666667
28207,1,120,0,0.0,0,0.0,0,0.0
28213,1,120,0,0.0,0,0.0,0,0.0
28214,1,120,0,0.0,0,0.0,0,0.0
28219,1,120,0,0.0,0,0.0,0,0.0
28222,1,120,0,0.0,0,0.0,0,0.0
28229,3,120,0,0.0,0,0.0,0,0.0
28244,10,120,5,0.5,6,0.6,6,0.6
28293,1,120,0,0.0,0,0.0,0,0.0
28321,2,120,0,0.0,0,0.0,0,0.0
28323,9,120,0,0.0,0,0.0,0,0.0
28370,5,120,0,0.0,0,0.0,0,0.0
28408,7,120,1,0.14285714285714285,1,0.14285714285714285,1,0.14285714285714285
28427,4,120,0,0.0,0,0.0,1,0.25
28449,5,120,0,0.0,0,0.0,0,0.0
28469,4,120,0,0.0,1,0.25,1,0.25
28483,1,120,0,0.0,0,0.0,0,0.0
28488,4,120,0,0.0,0,0.0,0,0.0
28497,13,120,1,0.07692307692307693,1,0.07692307692307693,1,0.07692307692307693
28539,1,120,0,0.0,0,0.0,0,0.0
28554,3,120,0,0.0,0,0.0,0,0.0
28555,1,120,0,0.0,0,0.0,0,0.0
28564,4,120,0,0.0,0,0.0,1,0.25
28579,3,159,1,0.3333333333333333,1,0.3333333333333333,1,0.3333333333333333
28583,6,130,0,0.0,0,0.0,0,0.0
28598,2,120,0,0.0,2,1.0,2,1.0
28603,1,120,0,0.0,0,0.0,0,0.0
28612,4,121,1,0.25,1,0.25,1,0.25
28670,3,120,1,0.3333333333333333,1,0.3333333333333333,1,0.3333333333333333
28680,9,177,5,0.5555555555555556,5,0.5555555555555556,5,0.5555555555555556
28692,2,147,1,0.5,1,0.5,1,0.5
28700,3,120,1,0.3333333333333333,1,0.3333333333333333,1,0.3333333333333333
28701,1,120,0,0.0,0,0.0,0,0.0
28713,5,120,4,0.8,4,0.8,4,0.8
28730,2,120,1,0.5,1,0.5,1,0.5
28733,13,200,5,0.38461538461538464,6,0.46153846153846156,7,0.5384615384615384
28799,12,120,1,0.08333333333333333,1,0.08333333333333333,1,0.08333333333333333
28801,1,121,1,1.0,1,1.0,1,1.0
28803,1,120,0,0.0,0,0.0,0,0.0
28811,7,120,1,0.14285714285714285,2,0.2857142857142857,2,0.2857142857142857
28813,7,120,0,0.0,0,0.0,0,0.0
28816,19,181,5,0.2631578947368421,6,0.3157894736842105,6,0.3157894736842105
28826,4,199,2,0.5,2,0.5,2,0.5
28839,2,120,2,1.0,2,1.0,2,1.0
28854,16,180,7,0.4375,7,0.4375,7,0.4375
28869,2,120,0,0.0,0,0.0,0,0.0
28873,1,120,1,1.0,1,1.0,1,1.0
28874,8,142,2,0.25,4,0.5,4,0.5
28893,18,120,0,0.0,3,0.16666666666666666,3,0.16666666666666666
28900,2,120,0,0.0,0,0.0,0,0.0
28904,9,120,5,0.5555555555555556,6,0.6666666666666666,6,0.6666666666666666
28982,2,120,0,0.0,0,0.0,0,0.0
28996,4,120,0,0.0,1,0.25,1,0.25
29015,5,120,1,0.2,1,0.2,1,0.2
29039,3,126,0,0.0,0,0.0,0,0.0
29063,10,139,3,0.3,5,0.5,5,0.5
29088,13,120,6,0.46153846153846156,7,0.5384615384615384,7,0.5384615384615384
29113,2,120,0,0.0,0,0.0,0,0.0
29118,3,120,0,0.0,1,0.3333333333333333,2,0.6666666666666666
29121,2,120,2,1.0,2,1.0,2,1.0
29149,3,120,3,1.0,3,1.0,3,1.0
29165,1,120,0,0.0,0,0.0,0,0.0
29219,2,120,1,0.5,1,0.5,1,0.5
29230,2,120,0,0.0,0,0.0,0,0.0
29233,1,120,0,0.0,0,0.0,0,0.0
29253,5,120,0,0.0,2,0.4,2,0.4
29257,1,120,0,0.0,0,0.0,0,0.0
29268,1,120,0,0.0,0,0.0,0,0.0
29319,3,120,0,0.0,0,0.0,0,0.0
29322,8,146,5,0.625,5,0.625,5,0.625
29336,1,121,1,1.0,1,1.0,1,1.0
29349,1,120,0,0.0,0,0.0,0,0.0
29385,2,120,0,0.0,0,0.0,0,0.0
29389,2,121,0,0.0,0,0.0,0,0.0
29394,6,120,0,0.0,0,0.0,0,0.0
29401,2,120,2,1.0,2,1.0,2,1.0
29474,1,160,1,1.0,1,1.0,1,1.0
29481,8,120,3,0.375,3,0.375,3,0.375
29486,1,120,1,1.0,1,1.0,1,1.0
29499,4,122,0,0.0,0,0.0,0,0.0
29511,2,120,0,0.0,0,0.0,0,0.0
29544,8,120,0,0.0,0,0.0,0,0.0
29553,1,129,0,0.0,0,0.0,0,0.0
29610,6,120,0,0.0,0,0.0,1,0.16666666666666666
29672,11,120,0,0.0,0,0.0,0,0.0
29675,1,135,0,0.0,0,0.0,0,0.0
29711,13,162,8,0.6153846153846154,8,0.6153846153846154,8,0.6153846153846154
29747,12,120,5,0.4166666666666667,5,0.4166666666666667,5,0.4166666666666667
29762,2,120,1,0.5,1,0.5,1,0.5
29779,4,153,3,0.75,3,0.75,3,0.75
29799,1,120,1,1.0,1,1.0,1,1.0
29824,6,120,2,0.3333333333333333,2,0.3333333333333333,2,0.3333333333333333
29854,15,120,6,0.4,7,0.4666666666666667,8,0.5333333333333333
29856,1,120,0,0.0,0,0.0,0,0.0
29861,5,120,0,0.0,0,0.0,0,0.0
29910,1,120,0,0.0,0,0.0,0,0.0
29962,2,120,0,0.0,0,0.0,0,0.0
29963,11,120,4,0.36363636363636365,5,0.45454545454545453,5,0.45454545454545453
30002,1,120,0,0.0,0,0.0,0,0.0
30059,1,120,0,0.0,1,1.0,1,1.0
30062,1,120,0,0.0,0,0.0,0,0.0
30083,1,120,0,0.0,0,0.0,0,0.0
30089,1,120,0,0.0,0,0.0,0,0.0
30099,1,120,0,0.0,0,0.0,0,0.0
30101,2,120,0,0.0,0,0.0,0,0.0
30156,2,120,1,0.5,1,0.5,1,0.5
30165,12,177,5,0.4166666666666667,7,0.5833333333333334,7,0.5833333333333334
30221,5,120,1,0.2,1,0.2,1,0.2
30223,3,120,0,0.0,0,0.0,0,0.0
30224,4,122,0,0.0,0,0.0,0,0.0
30226,20,120,9,0.45,12,0.6,13,0.65
30249,1,120,0,0.0,0,0.0,0,0.0
30250,6,182,1,0.16666666666666666,2,0.3333333333333333,2,0.3333333333333333
30272,1,120,1,1.0,1,1.0,1,1.0
30273,2,120,0,0.0,0,0.0,0,0.0
30290,11,120,3,0.2727272727272727,4,0.36363636363636365,4,0.36363636363636365
30291,3,120,1,0.3333333333333333,1,0.3333333333333333,1,0.3333333333333333
30299,1,120,1,1.0,1,1.0,1,1.0
30316,1,139,0,0.0,0,0.0,0,0.0
30330,7,120,0,0.0,0,0.0,0,0.0
30342,1,120,0,0.0,0,0.0,0,0.0
30377,5,120,0,0.0,0,0.0,0,0.0
30409,5,149,1,0.2,1,0.2,1,0.2
30424,2,120,1,0.5,1,0.5,1,0.5
30499,13,120,3,0.23076923076923078,7,0.5384615384615384,7,0.5384615384615384
30500,3,120,1,0.3333333333333333,2,0.6666666666666666,2,0.6666666666666666
30503,9,132,0,0.0,0,0.0,0,0.0
30522,3,145,1,0.3333333333333333,1,0.3333333333333333,1,0.3333333333333333
30554,4,120,0,0.0,0,0.0,0,0.0
30573,13,120,0,0.0,0,0.0,0,0.0
30597,1,120,0,0.0,0,0.0,0,0.0
30598,5,120,1,0.2,2,0.4,2,0.4
30600,4,120,2,0.5,2,0.5,2,0.5
30610,1,120,0,0.0,0,0.0,0,0.0
30627,2,120,0,0.0,0,0.0,0,0.0
30649,6,120,0,0.0,1,0.16666666666666666,1,0.16666666666666666
30663,16,196,6,0.375,7,0.4375,7,0.4375
30675,3,120,1,0.3333333333333333,1,0.3333333333333333,1,0.3333333333333333
30716,1,120,0,0.0,1,1.0,1,1.0
30760,8,120,0,0.0,1,0.125,1,0.125
30795,1,120,0,0.0,0,0.0,0,0.0
30808,1,120,0,0.0,1,1.0,1,1.0
30873,1,120,0,0.0,0,0.0,0,0.0
30898,4,120,0,0.0,0,0.0,0,0.0
30899,3,120,0,0.0,0,0.0,0,0.0
30901,2,120,0,0.0,0,0.0,0,0.0
30909,2,120,0,0.0,0,0.0,0,0.0
30910,2,120,0,0.0,0,0.0,0,0.0
30916,1,120,0,0.0,0,0.0,0,0.0
30921,1,120,0,0.0,0,0.0,0,0.0
30958,5,162,4,0.8,4,0.8,4,0.8
30959,2,120,2,1.0,2,1.0,2,1.0
30988,1,120,0,0.0,0,0.0,0,0.0
30997,2,137,1,0.5,1,0.5,1,0.5
31019,4,120,1,0.25,1,0.25,1,0.25
31029,2,120,0,0.0,0,0.0,0,0.0
31050,12,151,5,0.4166666666666667,6,0.5,6,0.5
31068,1,120,1,1.0,1,1.0,1,1.0
31072,3,120,0,0.0,0,0.0,0,0.0
31086,7,120,2,0.2857142857142857,2,0.2857142857142857,2,0.2857142857142857
31136,1,120,0,0.0,0,0.0,0,0.0
31166,2,120,0,0.0,0,0.0,0,0.0
31176,1,142,0,0.0,0,0.0,0,0.0
31181,2,120,0,0.0,0,0.0,0,0.0
31211,2,120,0,0.0,0,0.0,0,0.0
31223,3,120,0,0.0,0,0.0,0,0.0
31227,2,120,1,0.5,1,0.5,1,0.5
31231,3,120,0,0.0,0,0.0,0,0.0
31243,4,120,0,0.0,0,0.0,0,0.0
31257,1,120,1,1.0,1,1.0,1,1.0
31281,3,120,0,0.0,0,0.0,0,0.0
31308,18,120,0,0.0,0,0.0,0,0.0
31358,8,151,6,0.75,7,0.875,7,0.875
31377,3,143,1,0.3333333333333333,1,0.3333333333333333,1,0.3333333333333333
31386,3,120,0,0.0,0,0.0,0,0.0
31394,16,120,2,0.125,4,0.25,4,0.25
31398,3,120,0,0.0,0,0.0,0,0.0
31415,16,161,6,0.375,6,0.375,6,0.375
31464,4,132,3,0.75,3,0.75,3,0.75
31466,10,196,6,0.6,6,0.6,7,0.7
31522,2,120,0,0.0,0,0.0,0,0.0
31532,3,120,0,0.0,0,0.0,0,0.0
31541,2,120,0,0.0,0,0.0,0,0.0
31574,3,120,0,0.0,0,0.0,0,0.0
31615,1,120,0,0.0,0,0.0,0,0.0
31627,3,120,1,0.3333333333333333,1,0.3333333333333333,1,0.3333333333333333
31638,17,120,2,0.11764705882352941,4,0.23529411764705882,4,0.23529411764705882
31660,9,120,4,0.4444444444444444,4,0.4444444444444444,4,0.4444444444444444
31690,9,120,0,0.0,0,0.0,1,0.1111111111111111
31691,6,120,0,0.0,0,0.0,0,0.0
31711,25,120,0,0.0,5,0.2,5,0.2
31730,3,120,2,0.6666666666666666,2,0.6666666666666666,2,0.6666666666666666
31732,7,120,1,0.14285714285714285,2,0.2857142857142857,2,0.2857142857142857
31740,1,120,0,0.0,0,0.0,0,0.0
31745,2,120,0,0.0,1,0.5,1,0.5
31807,11,172,5,0.45454545454545453,5,0.45454545454545453,5,0.45454545454545453
31813,2,120,0,0.0,0,0.0,0,0.0
31831,8,120,0,0.0,0,0.0,0,0.0
31838,7,120,1,0.14285714285714285,3,0.42857142857142855,3,0.42857142857142855
31848,2,120,0,0.0,0,0.0,0,0.0
31850,5,139,2,0.4,2,0.4,2,0.4
31855,4,120,1,0.25,1,0.25,1,0.25
31892,3,120,0,0.0,0,0.0,0,0.0
31928,1,120,1,1.0,1,1.0,1,1.0
31942,2,172,2,1.0,2,1.0,2,1.0
31954,2,141,0,0.0,0,0.0,0,0.0
31974,1,120,0,0.0,0,0.0,0,0.0
32019,4,142,3,0.75,3,0.75,3,0.75
32024,3,120,0,0.0,0,0.0,0,0.0
32038,5,120,0,0.0,0,0.0,0,0.0
32057,9,120,0,0.0,2,0.2222222222222222,3,0.3333333333333333
32058,1,120,0,0.0,0,0.0,0,0.0
32080,3,120,0,0.0,0,0.0,0,0.0
32084,1,120,0,0.0,0,0.0,0,0.0
32093,1,120,0,0.0,0,0.0,0,0.0
32105,16,120,5,0.3125,5,0.3125,6,0.375
32110,5,165,2,0.4,2,0.4,2,0.4
32128,1,120,0,0.0,0,0.0,0,0.0
32142,4,120,1,0.25,2,0.5,2,0.5
32150,3,120,2,0.6666666666666666,2,0.6666666666666666,2,0.6666666666666666
32161,1,120,0,0.0,0,0.0,0,0.0
32186,5,120,0,0.0,0,0.0,0,0.0
32188,6,120,0,0.0,0,0.0,0,0.0
32194,2,120,0,0.0,0,0.0,0,0.0
32239,6,120,3,0.5,4,0.6666666666666666,4,0.6666666666666666
32243,2,137,1,0.5,1,0.5,1,0.5
32269,4,120,0,0.0,3,0.75,3,0.75
32296,8,120,0,0.0,2,0.25,2,0.25
32308,2,157,2,1.0,2,1.0,2,1.0
32319,1,120,0,0.0,0,0.0,0,0.0
32325,7,120,2,0.2857142857142857,3,0.42857142857142855,3,0.42857142857142855
32337,7,120,0,0.0,0,0.0,0,0.0
32342,7,120,0,0.0,0,0.0,0,0.0
32375,1,120,0,0.0,0,0.0,0,0.0
32377,8,120,2,0.25,2,0.25,2,0.25
32381,5,120,1,0.2,1,0.2,1,0.2
32391,1,120,0,0.0,0,0.0,0,0.0
32402,8,120,1,0.125,2,0.25,2,0.25
32419,1,120,1,1.0,1,1.0,1,1.0
32428,1,120,0,0.0,0,0.0,0,0.0
32441,3,120,0,0.0,0,0.0,0,0.0
32443,12,120,3,0.25,3,0.25,5,0.4166666666666667
32466,1,120,0,0.0,0,0.0,0,0.0
32491,3,120,1,0.3333333333333333,1,0.3333333333333333,1,0.3333333333333333
32517,1,120,0,0.0,0,0.0,0,0.0
32521,1,142,1,1.0,1,1.0,1,1.0
32576,2,145,2,1.0,2,1.0,2,1.0
32609,1,120,0,0.0,0,0.0,0,0.0
32610,8,120,0,0.0,0,0.0,0,0.0
32612,5,120,1,0.2,1,0.2,1,0.2
32637,3,120,0,0.0,0,0.0,0,0.0
32672,6,120,0,0.0,0,0.0,0,0.0
32705,6,120,0,0.0,0,0.0,0,0.0
32765,1,120,0,0.0,0,0.0,0,0.0
32772,3,120,0,0.0,2,0.6666666666666666,2,0.6666666666666666
32779,4,120,0,0.0,0,0.0,1,0.25
32784,1,120,0,0.0,0,0.0,0,0.0
32808,1,120,0,0.0,0,0.0,0,0.0
32835,1,120,0,0.0,0,0.0,0,0.0
32866,6,120,3,0.5,4,0.6666666666666666,5,0.8333333333333334
32867,2,120,0,0.0,0,0.0,0,0.0
32872,20,120,2,0.1,3,0.15,4,0.2
32888,1,120,0,0.0,0,0.0,0,0.0
32901,2,120,2,1.0,2,1.0,2,1.0
32908,2,120,0,0.0,0,0.0,0,0.0
32921,7,120,2,0.2857142857142857,4,0.5714285714285714,4,0.5714285714285714
32949,3,120,0,0.0,0,0.0,0,0.0
32952,1,120,0,0.0,0,0.0,0,0.0
32976,3,120,0,0.0,0,0.0,0,0.0
32981,9,148,7,0.7777777777777778,7,0.7777777777777778,7,0.7777777777777778
32983,4,160,2,0.5,2,0.5,2,0.5
33006,2,120,0,0.0,0,0.0,0,0.0
33010,2,120,0,0.0,1,0.5,1,0.5
33020,4,120,0,0.0,0,0.0,0,0.0
33043,1,120,0,0.0,0,0.0,0,0.0
33101,7,120,0,0.0,0,0.0,0,0.0
33117,3,120,1,0.3333333333333333,2,0.6666666666666666,2,0.6666666666666666
33134,2,120,0,0.0,0,0.0,0,0.0
33201,14,120,2,0.14285714285714285,2,0.14285714285714285,2,0.14285714285714285
33206,5,120,0,0.0,0,0.0,0,0.0
33209,7,120,3,0.42857142857142855,3,0.42857142857142855,3,0.42857142857142855
33240,2,120,1,0.5,1,0.5,1,0.5
33306,7,120,0,0.0,2,0.2857142857142857,2,0.2857142857142857
33335,1,120,1,1.0,1,1.0,1,1.0
33341,6,120,4,0.6666666666666666,5,0.8333333333333334,5,0.8333333333333334
33351,5,120,0,0.0,0,0.0,0,0.0
33365,2,120,0,0.0,0,0.0,0,0.0
33366,2,134,1,0.5,1,0.5,1,0.5
33373,9,120,2,0.2222222222222222,2,0.2222222222222222,4,0.4444444444444444
33385,4,120,2,0.5,2,0.5,2,0.5
33388,4,120,0,0.0,0,0.0,0,0.0
33403,23,177,8,0.34782608695652173,10,0.43478260869565216,11,0.4782608695652174
33405,1,120,0,0.0,0,0.0,0,0.0
33417,3,120,0,0.0,0,0.0,0,0.0
33433,2,120,2,1.0,2,1.0,2,1.0
33457,16,120,1,0.0625,2,0.125,2,0.125
33459,1,120,0,0.0,0,0.0,0,0.0
33507,4,120,2,0.5,2,0.5,2,0.5
33521,2,120,0,0.0,0,0.0,0,0.0
33565,12,178,4,0.3333333333333333,4,0.3333333333333333,5,0.4166666666666667
33597,1,120,0,0.0,0,0.0,0,0.0
33636,4,120,0,0.0,0,0.0,0,0.0
33644,1,120,0,0.0,0,0.0,0,0.0
33647,1,120,0,0.0,0,0.0,0,0.0
33676,2,120,1,0.5,1,0.5,1,0.5
33696,5,120,3,0.6,3,0.6,3,0.6
33705,2,120,0,0.0,0,0.0,0,0.0
33723,2,120,0,0.0,0,0.0,0,0.0
33724,5,120,0,0.0,0,0.0,0,0.0
33763,2,120,2,1.0,2,1.0,2,1.0
33797,2,120,0,0.0,0,0.0,0,0.0
33804,1,120,1,1.0,1,1.0,1,1.0
33821,1,120,0,0.0,0,0.0,0,0.0
33825,2,120,0,0.0,0,0.0,0,0.0
33826,10,130,1,0.1,1,0.1,1,0.1
33854,1,120,0,0.0,0,0.0,0,0.0
33859,3,120,0,0.0,0,0.0,1,0.3333333333333333
33892,3,120,3,1.0,3,1.0,3,1.0
33893,9,139,0,0.0,1,0.1111111111111111,1,0.1111111111111111
33908,2,120,2,1.0,2,1.0,2,1.0
33916,2,120,0,0.0,1,0.5,1,0.5
33918,8,120,0,0.0,0,0.0,0,0.0
33934,10,143,2,0.2,3,0.3,3,0.3
33940,6,120,0,0.0,1,0.16666666666666666,1,0.16666666666666666
33951,4,120,1,0.25,1,0.25,1,0.25
33981,2,120,1,0.5,1,0.5,1,0.5
33982,3,120,0,0.0,0,0.0,0,0.0
33991,2,120,0,0.0,1,0.5,1,0.5
33996,2,120,0,0.0,0,0.0,0,0.0
34039,5,120,0,0.0,1,0.2,2,0.4
34040,5,120,2,0.4,3,0.6,3,0.6
34062,3,120,1,0.3333333333333333,1,0.3333333333333333,1,0.3333333333333333
34084,2,120,0,0.0,0,0.0,0,0.0
34098,9,120,1,0.1111111111111111,1,0.1111111111111111,1,0.1111111111111111
34204,1,120,0,0.0,0,0.0,0,0.0
34222,6,200,4,0.6666666666666666,5,0.8333333333333334,5,0.8333333333333334
34239,1,120,0,0.0,0,0.0,0,0.0
34246,1,120,0,0.0,0,0.0,0,0.0
34272,1,120,0,0.0,0,0.0,0,0.0
34291,3,200,3,1.0,3,1.0,3,1.0
34314,24,183,8,0.3333333333333333,8,0.3333333333333333,8,0.3333333333333333
34333,2,120,1,0.5,2,1.0,2,1.0
34334,3,120,2,0.6666666666666666,2,0.6666666666666666,2,0.6666666666666666
34375,8,120,0,0.0,0,0.0,0,0.0
34388,9,120,5,0.5555555555555556,5,0.5555555555555556,5,0.5555555555555556
34389,12,156,7,0.5833333333333334,9,0.75,9,0.75
34398,1,120,0,0.0,1,1.0,1,1.0
34415,1,120,0,0.0,0,0.0,0,0.0
34433,14,120,5,0.35714285714285715,6,0.42857142857142855,6,0.42857142857142855
34436,4,120,0,0.0,0,0.0,0,0.0
34487,11,120,1,0.09090909090909091,1,0.09090909090909091,1,0.09090909090909091
34508,3,142,1,0.3333333333333333,1,0.3333333333333333,1,0.3333333333333333
34523,4,120,0,0.0,1,0.25,1,0.25
34538,2,120,0,0.0,1,0.5,1,0.5
34544,8,120,0,0.0,0,0.0,0,0.0
34545,9,120,0,0.0,1,0.1111111111111111,1,0.1111111111111111
34573,4,120,3,0.75,4,1.0,4,1.0
34587,1,120,0,0.0,0,0.0,0,0.0
34590,12,120,1,0.08333333333333333,4,0.3333333333333333,5,0.4166666666666667
34646,4,120,1,0.25,2,0.5,2,0.5
34656,15,120,0,0.0,0,0.0,1,0.06666666666666667
34657,15,173,6,0.4,6,0.4,7,0.4666666666666667
34681,2,120,0,0.0,2,1.0,2,1.0
34690,2,120,1,0.5,1,0.5,1,0.5
34712,1,120,0,0.0,0,0.0,0,0.0
34716,1,120,0,0.0,0,0.0,0,0.0
34742,4,120,0,0.0,0,0.0,0,0.0
34763,3,120,1,0.3333333333333333,1,0.3333333333333333,1,0.3333333333333333
34764,1,120,0,0.0,1,1.0,1,1.0
34789,2,120,0,0.0,0,0.0,0,0.0
34799,1,120,0,0.0,0,0.0,0,0.0
34842,1,120,0,0.0,1,1.0,1,1.0
34856,1,120,0,0.0,0,0.0,0,0.0
34868,7,140,3,0.42857142857142855,3,0.42857142857142855,3,0.42857142857142855
34884,1,120,0,0.0,1,1.0,1,1.0
34935,4,120,0,0.0,0,0.0,0,0.0
34949,1,120,0,0.0,0,0.0,0,0.0
34961,1,120,0,0.0,1,1.0,1,1.0
35022,9,120,2,0.2222222222222222,2,0.2222222222222222,2,0.2222222222222222
35037,10,120,1,0.1,3,0.3,4,0.4
35126,1,120,1,1.0,1,1.0,1,1.0
35128,3,120,0,0.0,0,0.0,0,0.0
35147,6,120,3,0.5,3,0.5,3,0.5
35151,2,120,2,1.0,2,1.0,2,1.0
35156,1,120,0,0.0,0,0.0,0,0.0
35158,1,120,0,0.0,0,0.0,0,0.0
35187,1,120,1,1.0,1,1.0,1,1.0
35198,1,120,0,0.0,0,0.0,0,0.0
35203,1,120,0,0.0,0,0.0,0,0.0
35239,3,120,0,0.0,0,0.0,1,0.3333333333333333
35248,7,120,0,0.0,1,0.14285714285714285,1,0.14285714285714285
35250,3,165,2,0.6666666666666666,2,0.6666666666666666,2,0.6666666666666666
35308,1,120,0,0.0,0,0.0,0,0.0
35317,7,120,2,0.2857142857142857,2,0.2857142857142857,2,0.2857142857142857
35342,1,120,0,0.0,0,0.0,0,0.0
35363,4,120,0,0.0,0,0.0,1,0.25
35398,13,120,6,0.46153846153846156,7,0.5384615384615384,8,0.6153846153846154
35399,3,120,0,0.0,0,0.0,0,0.0
35400,1,120,1,1.0,1,1.0,1,1.0
35407,8,120,0,0.0,1,0.125,2,0.25
35417,6,120,4,0.6666666666666666,4,0.6666666666666666,5,0.8333333333333334
35467,1,120,0,0.0,0,0.0,0,0.0
35473,10,120,0,0.0,0,0.0,0,0.0
35537,4,120,0,0.0,0,0.0,0,0.0
35548,7,120,3,0.42857142857142855,3,0.42857142857142855,3,0.42857142857142855
35588,3,124,2,0.6666666666666666,2,0.6666666666666666,2,0.6666666666666666
35594,1,120,0,0.0,0,0.0,0,0.0
35596,10,165,6,0.6,6,0.6,6,0.6
35675,1,120,0,0.0,0,0.0,0,0.0
35698,4,120,0,0.0,0,0.0,0,0.0
35707,4,120,1,0.25,3,0.75,3,0.75
35739,4,120,2,0.5,2,0.5,2,0.5
35753,6,120,0,0.0,0,0.0,0,0.0
35777,10,139,3,0.3,4,0.4,5,0.5
35780,14,138,3,0.21428571428571427,3,0.21428571428571427,5,0.35714285714285715
35866,7,120,0,0.0,0,0.0,0,0.0
35868,7,120,1,0.14285714285714285,1,0.14285714285714285,1,0.14285714285714285
35876,2,120,2,1.0,2,1.0,2,1.0
35906,1,120,0,0.0,0,0.0,0,0.0
35916,9,120,0,0.0,0,0.0,0,0.0
35918,6,120,2,0.3333333333333333,2,0.3333333333333333,2,0.3333333333333333
35943,1,120,0,0.0,0,0.0,0,0.0
35955,9,120,0,0.0,0,0.0,0,0.0
35982,6,147,5,0.8333333333333334,6,1.0,6,1.0
35995,8,120,1,0.125,1,0.125,1,0.125
36015,2,120,1,0.5,1,0.5,1,0.5
36038,14,193,6,0.42857142857142855,6,0.42857142857142855,6,0.42857142857142855
36060,3,120,0,0.0,0,0.0,0,0.0
36099,5,120,0,0.0,0,0.0,0,0.0
36106,1,120,0,0.0,0,0.0,0,0.0
36107,8,120,1,0.125,2,0.25,2,0.25
36113,1,120,0,0.0,0,0.0,0,0.0
36123,2,120,0,0.0,0,0.0,0,0.0
36147,1,124,1,1.0,1,1.0,1,1.0
36149,1,120,0,0.0,0,0.0,0,0.0
36150,2,120,0,0.0,0,0.0,0,0.0
36155,7,120,0,0.0,1,0.14285714285714285,1,0.14285714285714285
36222,24,120,2,0.08333333333333333,2,0.08333333333333333,2,0.08333333333333333
36245,9,120,3,0.3333333333333333,4,0.4444444444444444,4,0.4444444444444444
36253,5,120,1,0.2,2,0.4,2,0.4
36256,7,120,0,0.0,0,0.0,0,0.0
36265,2,120,0,0.0,0,0.0,0,0.0
36267,2,120,0,0.0,0,0.0,0,0.0
36275,9,120,0,0.0,0,0.0,0,0.0
36282,7,120,0,0.0,0,0.0,0,0.0
36300,7,120,2,0.2857142857142857,2,0.2857142857142857,3,0.42857142857142855
36310,1,120,0,0.0,0,0.0,0,0.0
36315,13,126,3,0.23076923076923078,3,0.23076923076923078,3,0.23076923076923078
36323,5,120,1,0.2,2,0.4,2,0.4
36350,1,120,0,0.0,0,0.0,0,0.0
36351,2,120,0,0.0,0,0.0,0,0.0
36381,1,120,0,0.0,0,0.0,0,0.0
36384,1,120,0,0.0,0,0.0,0,0.0
36415,6,120,0,0.0,1,0.16666666666666666,1,0.16666666666666666
36426,6,120,2,0.3333333333333333,2,0.3333333333333333,3,0.5
36429,15,120,0,0.0,3,0.2,4,0.26666666666666666
36444,5,120,0,0.0,0,0.0,0,0.0
36461,2,120,1,0.5,1,0.5,1,0.5
36472,7,122,1,0.14285714285714285,1,0.14285714285714285,1,0.14285714285714285
36475,1,153,1,1.0,1,1.0,1,1.0
36508,5,120,2,0.4,4,0.8,4,0.8
36551,12,129,10,0.8333333333333334,10,0.8333333333333334,10,0.8333333333333334
36569,6,120,2,0.3333333333333333,3,0.5,3,0.5
36649,1,120,0,0.0,0,0.0,0,0.0
36665,3,120,0,0.0,0,0.0,0,0.0
36671,2,139,0,0.0,0,0.0,0,0.0
36749,3,120,3,1.0,3,1.0,3,1.0
36797,2,120,0,0.0,0,0.0,0,0.0
36799,16,120,7,0.4375,8,0.5,8,0.5
36803,6,120,0,0.0,1,0.16666666666666666,1,0.16666666666666666
36844,3,120,1,0.3333333333333333,1,0.3333333333333333,1,0.3333333333333333
36856,11,124,3,0.2727272727272727,3,0.2727272727272727,3,0.2727272727272727
36880,4,120,0,0.0,0,0.0,0,0.0
36882,9,120,0,0.0,1,0.1111111111111111,1,0.1111111111111111
36901,5,120,0,0.0,0,0.0,0,0.0
36944,1,120,0,0.0,0,0.0,0,0.0
36959,3,120,2,0.6666666666666666,2,0.6666666666666666,2,0.6666666666666666
36991,5,120,0,0.0,0,0.0,0,0.0
37081,17,186,6,0.35294117647058826,6,0.35294117647058826,7,0.4117647058823529
37106,1,120,0,0.0,0,0.0,0,0.0
37151,5,120,0,0.0,0,0.0,0,0.0
37159,5,120,1,0.2,1,0.2,1,0.2
37203,2,120,0,0.0,0,0.0,0,0.0
37284,2,134,0,0.0,0,0.0,0,0.0
37307,1,120,1,1.0,1,1.0,1,1.0
37333,4,120,1,0.25,1,0.25,1,0.25
37334,2,120,0,0.0,0,0.0,0,0.0
37340,4,120,0,0.0,0,0.0,0,0.0
37365,1,151,1,1.0,1,1.0,1,1.0
37369,7,120,0,0.0,0,0.0,0,0.0
37401,3,120,0,0.0,0,0.0,0,0.0
37421,2,120,0,0.0,2,1.0,2,1.0
37432,44,120,0,0.0,0,0.0,0,0.0
37469,7,120,0,0.0,0,0.0,0,0.0
37526,6,138,3,0.5,3,0.5,5,0.8333333333333334
37539,3,122,3,1.0,3,1.0,3,1.0
37556,4,120,3,0.75,3,0.75,3,0.75
37558,4,120,0,0.0,0,0.0,0,0.0
37598,1,120,0,0.0,0,0.0,0,0.0
37611,5,120,2,0.4,2,0.4,2,0.4
37619,5,144,2,0.4,2,0.4,2,0.4
37630,1,120,0,0.0,0,0.0,0,0.0
37633,1,120,0,0.0,0,0.0,0,0.0
37684,3,142,1,0.3333333333333333,1,0.3333333333333333,1,0.3333333333333333
37721,4,120,3,0.75,3,0.75,3,0.75
37823,5,120,0,0.0,0,0.0,0,0.0
37830,6,144,4,0.6666666666666666,4,0.6666666666666666,4,0.6666666666666666
37845,2,120,0,0.0,0,0.0,0,0.0
37901,3,120,0,0.0,1,0.3333333333333333,1,0.3333333333333333
37943,3,120,3,1.0,3,1.0,3,1.0
37958,7,120,1,0.14285714285714285,1,0.14285714285714285,1,0.14285714285714285
38024,7,172,5,0.7142857142857143,5,0.7142857142857143,5,0.7142857142857143
38040,3,120,0,0.0,1,0.3333333333333333,1,0.3333333333333333
38067,2,120,0,0.0,0,0.0,0,0.0
38080,7,120,2,0.2857142857142857,3,0.42857142857142855,3,0.42857142857142855
38086,1,120,0,0.0,0,0.0,0,0.0
38089,2,120,0,0.0,0,0.0,0,0.0
38100,1,141,1,1.0,1,1.0,1,1.0
38101,2,141,1,0.5,1,0.5,1,0.5
38133,1,120,0,0.0,0,0.0,0,0.0
38155,9,120,1,0.1111111111111111,2,0.2222222222222222,2,0.2222222222222222
38157,25,120,1,0.04,1,0.04,1,0.04
38188,4,120,0,0.0,1,0.25,1,0.25
38192,1,120,0,0.0,0,0.0,0,0.0
38211,1,120,0,0.0,0,0.0,0,0.0
38219,5,120,0,0.0,0,0.0,0,0.0
38246,2,120,0,0.0,1,0.5,1,0.5
38291,1,120,0,0.0,0,0.0,0,0.0
38302,2,120,0,0.0,0,0.0,0,0.0
38308,2,120,0,0.0,0,0.0,0,0.0
38310,4,144,2,0.5,2,0.5,2,0.5
38314,10,120,2,0.2,3,0.3,4,0.4
38326,2,120,0,0.0,1,0.5,1,0.5
38339,5,120,0,0.0,0,0.0,0,0.0
38366,7,120,0,0.0,0,0.0,0,0.0
38385,6,148,4,0.6666666666666666,4,0.6666666666666666,4,0.6666666666666666
38394,4,166,1,0.25,2,0.5,2,0.5
38398,3,120,2,0.6666666666666666,3,1.0,3,1.0
38459,8,198,4,0.5,5,0.625,5,0.625
38469,4,120,0,0.0,0,0.0,0,0.0
38501,14,158,11,0.7857142857142857,12,0.8571428571428571,12,0.8571428571428571
38530,7,161,3,0.42857142857142855,3,0.42857142857142855,3,0.42857142857142855
38534,34,164,11,0.3235294117647059,17,0.5,18,0.5294117647058824
38553,11,120,9,0.8181818181818182,10,0.9090909090909091,10,0.9090909090909091
38558,7,142,3,0.42857142857142855,3,0.42857142857142855,3,0.42857142857142855
38560,5,120,1,0.2,3,0.6,3,0.6
38565,7,120,2,0.2857142857142857,2,0.2857142857142857,2,0.2857142857142857
38573,1,126,0,0.0,0,0.0,0,0.0
38587,4,120,2,0.5,2,0.5,2,0.5
38646,5,120,3,0.6,3,0.6,3,0.6
38659,3,120,0,0.0,0,0.0,0,0.0
38723,2,120,0,0.0,0,0.0,0,0.0
38766,3,120,0,0.0,1,0.3333333333333333,1,0.3333333333333333
38767,2,120,0,0.0,0,0.0,0,0.0
38802,2,120,1,0.5,1,0.5,1,0.5
38818,2,138,1,0.5,1,0.5,1,0.5
38827,2,120,0,0.0,0,0.0,0,0.0
38833,4,120,0,0.0,2,0.5,3,0.75
38872,8,120,3,0.375,4,0.5,5,0.625
38900,4,163,4,1.0,4,1.0,4,1.0
38936,1,120,0,0.0,0,0.0,0,0.0
38941,14,121,2,0.14285714285714285,2,0.14285714285714285,2,0.14285714285714285
38966,2,120,0,0.0,0,0.0,0,0.0
38986,2,148,2,1.0,2,1.0,2,1.0
39007,6,120,0,0.0,3,0.5,4,0.6666666666666666
39022,1,120,0,0.0,0,0.0,0,0.0
39024,2,120,0,0.0,0,0.0,0,0.0
39032,9,120,3,0.3333333333333333,5,0.5555555555555556,5,0.5555555555555556
39070,4,120,2,0.5,2,0.5,2,0.5
39079,3,172,2,0.6666666666666666,2,0.6666666666666666,2,0.6666666666666666
39082,5,120,0,0.0,0,0.0,0,0.0
39096,1,120,1,1.0,1,1.0,1,1.0
39148,9,120,2,0.2222222222222222,2,0.2222222222222222,2,0.2222222222222222
39237,1,120,0,0.0,0,0.0,0,0.0
39262,9,127,3,0.3333333333333333,3,0.3333333333333333,4,0.4444444444444444
39277,3,120,0,0.0,2,0.6666666666666666,2,0.6666666666666666
39293,2,120,0,0.0,0,0.0,0,0.0
39299,2,120,0,0.0,0,0.0,0,0.0
39335,1,120,0,0.0,0,0.0,0,0.0
39336,2,120,1,0.5,1,0.5,1,0.5
39352,1,120,0,0.0,0,0.0,0,0.0
39379,2,120,0,0.0,0,0.0,0,0.0
39390,2,120,0,0.0,0,0.0,0,0.0
39432,18,120,1,0.05555555555555555,1,0.05555555555555555,1,0.05555555555555555
39436,13,163,7,0.5384615384615384,7,0.5384615384615384,7,0.5384615384615384
39442,13,120,0,0.0,0,0.0,0,0.0
39461,6,120,1,0.16666666666666666,1,0.16666666666666666,1,0.16666666666666666
39463,6,120,1,0.16666666666666666,2,0.3333333333333333,2,0.3333333333333333
39502,1,120,1,1.0,1,1.0,1,1.0
39509,23,120,4,0.17391304347826086,5,0.21739130434782608,5,0.21739130434782608
39545,4,120,1,0.25,2,0.5,2,0.5
39565,9,147,7,0.7777777777777778,8,0.8888888888888888,8,0.8888888888888888
39571,2,120,0,0.0,0,0.0,0,0.0
39584,11,120,6,0.5454545454545454,7,0.6363636363636364,7,0.6363636363636364
39605,2,120,1,0.5,2,1.0,2,1.0
39611,12,120,0,0.0,0,0.0,0,0.0
39622,2,120,0,0.0,0,0.0,0,0.0
39664,21,167,7,0.3333333333333333,8,0.38095238095238093,8,0.38095238095238093
39666,4,120,0,0.0,0,0.0,0,0.0
39674,3,120,1,0.3333333333333333,2,0.6666666666666666,2,0.6666666666666666
39679,3,120,2,0.6666666666666666,3,1.0,3,1.0
39695,1,120,0,0.0,0,0.0,0,0.0
39697,1,120,0,0.0,1,1.0,1,1.0
39724,4,120,0,0.0,1,0.25,1,0.25
39737,5,120,2,0.4,2,0.4,2,0.4
39758,4,120,0,0.0,0,0.0,0,0.0
39786,1,120,0,0.0,0,0.0,0,0.0
39816,8,152,5,0.625,5,0.625,5,0.625
39831,19,168,7,0.3684210526315789,8,0.42105263157894735,8,0.42105263157894735
39860,4,120,1,0.25,1,0.25,1,0.25
39896,2,120,2,1.0,2,1.0,2,1.0
39904,3,120,1,0.3333333333333333,1,0.3333333333333333,1,0.3333333333333333
39916,10,120,2,0.2,2,0.2,2,0.2
39959,5,120,1,0.2,1,0.2,1,0.2
39967,2,120,0,0.0,0,0.0,0,0.0
39993,2,120,0,0.0,2,1.0,2,1.0
40029,1,120,1,1.0,1,1.0,1,1.0
40079,1,120,0,0.0,0,0.0,0,0.0
40107,1,120,0,0.0,0,0.0,0,0.0
40120,1,132,1,1.0,1,1.0,1,1.0
40147,2,120,0,0.0,0,0.0,0,0.0
40173,13,120,0,0.0,3,0.23076923076923078,3,0.23076923076923078
40186,11,120,0,0.0,0,0.0,0,0.0
40188,1,120,1,1.0,1,1.0,1,1.0
40202,19,120,2,0.10526315789473684,3,0.15789473684210525,3,0.15789473684210525
40205,4,120,2,0.5,3,0.75,3,0.75
40210,1,120,1,1.0,1,1.0,1,1.0
40263,2,125,2,1.0,2,1.0,2,1.0
40269,1,120,0,0.0,0,0.0,0,0.0
40289,2,120,0,0.0,0,0.0,0,0.0
40290,4,120,0,0.0,0,0.0,1,0.25
40312,2,120,0,0.0,0,0.0,0,0.0
40395,3,120,0,0.0,2,0.6666666666666666,2,0.6666666666666666
40425,2,120,0,0.0,0,0.0,0,0.0
40447,2,134,0,0.0,1,0.5,1,0.5
40449,12,158,3,0.25,4,0.3333333333333333,4,0.3333333333333333
40456,5,120,1,0.2,1,0.2,1,0.2
40482,10,120,1,0.1,1,0.1,3,0.3
40494,9,120,1,0.1111111111111111,2,0.2222222222222222,2,0.2222222222222222
40529,4,120,3,0.75,3,0.75,3,0.75
40531,1,120,1,1.0,1,1.0,1,1.0
40534,4,122,2,0.5,2,0.5,2,0.5
40536,1,144,1,1.0,1,1.0,1,1.0
40541,1,120,0,0.0,0,0.0,0,0.0
40564,3,120,0,0.0,0,0.0,0,0.0
40569,1,120,0,0.0,0,0.0,0,0.0
40582,2,121,1,0.5,1,0.5,1,0.5
40627,4,120,2,0.5,2,0.5,3,0.75
40633,13,120,1,0.07692307692307693,1,0.07692307692307693,2,0.15384615384615385
40640,5,120,4,0.8,4,0.8,4,0.8
40676,2,120,2,1.0,2,1.0,2,1.0
40692,2,120,0,0.0,0,0.0,0,0.0
40698,4,120,0,0.0,0,0.0,0,0.0
40744,23,120,1,0.043478260869565216,1,0.043478260869565216,1,0.043478260869565216
40775,12,120,2,0.16666666666666666,2,0.16666666666666666,2,0.16666666666666666
40811,11,120,1,0.09090909090909091,1,0.09090909090909091,2,0.18181818181818182
40819,8,120,1,0.125,1,0.125,1,0.125
40825,5,120,0,0.0,0,0.0,0,0.0
40839,1,120,1,1.0,1,1.0,1,1.0
40865,14,120,5,0.35714285714285715,6,0.42857142857142855,7,0.5
40874,1,120,0,0.0,0,0.0,0,0.0
40938,6,120,4,0.6666666666666666,4,0.6666666666666666,4,0.6666666666666666
40948,8,120,3,0.375,4,0.5,4,0.5
40969,1,141,1,1.0,1,1.0,1,1.0
40979,9,120,0,0.0,1,0.1111111111111111,1,0.1111111111111111
41004,3,120,0,0.0,0,0.0,0,0.0
41013,1,120,0,0.0,0,0.0,0,0.0
41032,5,120,2,0.4,2,0.4,2,0.4
41071,1,120,0,0.0,0,0.0,0,0.0
41113,2,120,0,0.0,0,0.0,0,0.0
41196,11,200,7,0.6363636363636364,7,0.6363636363636364,7,0.6363636363636364
41244,9,120,0,0.0,0,0.0,0,0.0
41260,1,120,0,0.0,0,0.0,0,0.0
41282,4,120,2,0.5,2,0.5,2,0.5
41283,7,155,5,0.7142857142857143,6,0.8571428571428571,6,0.8571428571428571
41285,19,125,6,0.3157894736842105,6,0.3157894736842105,6,0.3157894736842105
41293,14,120,7,0.5,7,0.5,7,0.5
41295,9,120,1,0.1111111111111111,1,0.1111111111111111,1,0.1111111111111111
41318,3,152,0,0.0,0,0.0,0,0.0
41329,7,120,5,0.7142857142857143,5,0.7142857142857143,5,0.7142857142857143
41334,3,120,0,0.0,1,0.3333333333333333,1,0.3333333333333333
41373,2,120,1,0.5,2,1.0,2,1.0
41378,2,120,0,0.0,0,0.0,0,0.0
41399,2,120,0,0.0,0,0.0,0,0.0
41416,2,120,0,0.0,0,0.0,0,0.0
41421,1,120,0,0.0,0,0.0,0,0.0
41423,3,120,1,0.3333333333333333,1,0.3333333333333333,1,0.3333333333333333
41433,11,157,8,0.7272727272727273,8,0.7272727272727273,8,0.7272727272727273
41453,1,120,0,0.0,0,0.0,0,0.0
41471,1,120,1,1.0,1,1.0,1,1.0
41522,7,120,2,0.2857142857142857,3,0.42857142857142855,3,0.42857142857142855
41565,4,120,0,0.0,0,0.0,0,0.0
41574,2,120,0,0.0,0,0.0,0,0.0
41608,7,120,0,0.0,1,0.14285714285714285,1,0.14285714285714285
41621,2,120,0,0.0,0,0.0,0,0.0
41628,2,120,0,0.0,0,0.0,0,0.0
41638,2,121,1,0.5,1,0.5,2,1.0
41657,1,120,0,0.0,0,0.0,0,0.0
41680,8,120,0,0.0,0,0.0,0,0.0
41687,4,152,3,0.75,3,0.75,3,0.75
41692,4,124,2,0.5,2,0.5,2,0.5
41732,11,120,0,0.0,1,0.09090909090909091,1,0.09090909090909091
41789,3,120,0,0.0,1,0.3333333333333333,1,0.3333333333333333
41794,2,120,1,0.5,1,0.5,1,0.5
41798,7,163,4,0.5714285714285714,4,0.5714285714285714,4,0.5714285714285714
41836,2,120,1,0.5,1,0.5,1,0.5
41846,3,120,0,0.0,0,0.0,0,0.0
41855,1,120,0,0.0,0,0.0,0,0.0
41871,2,145,1,0.5,1,0.5,1,0.5
41874,18,120,0,0.0,0,0.0,0,0.0
41906,17,193,7,0.4117647058823529,10,0.5882352941176471,11,0.6470588235294118
41920,3,120,0,0.0,1,0.3333333333333333,2,0.6666666666666666
41929,33,185,17,0.5151515151515151,18,0.5454545454545454,19,0.5757575757575758
41959,2,120,2,1.0,2,1.0,2,1.0
41971,1,120,0,0.0,0,0.0,0,0.0
41984,1,120,0,0.0,0,0.0,0,0.0
41992,8,120,0,0.0,0,0.0,0,0.0
42045,8,124,3,0.375,3,0.375,4,0.5
42066,5,123,4,0.8,4,0.8,4,0.8
42130,5,120,1,0.2,1,0.2,1,0.2
42145,7,164,5,0.7142857142857143,5,0.7142857142857143,5,0.7142857142857143
42163,5,143,2,0.4,2,0.4,2,0.4
42166,6,120,1,0.16666666666666666,2,0.3333333333333333,2,0.3333333333333333
42215,3,120,0,0.0,0,0.0,0,0.0
42240,1,120,0,0.0,0,0.0,0,0.0
42297,3,120,0,0.0,0,0.0,0,0.0
42304,1,120,0,0.0,0,0.0,0,0.0
42307,3,135,1,0.3333333333333333,1,0.3333333333333333,1,0.3333333333333333
42322,16,120,0,0.0,0,0.0,0,0.0
42340,4,121,2,0.5,2,0.5,2,0.5
42348,1,120,0,0.0,0,0.0,0,0.0
42353,1,154,1,1.0,1,1.0,1,1.0
42364,1,120,0,0.0,0,0.0,0,0.0
42390,2,120,2,1.0,2,1.0,2,1.0
42412,2,120,2,1.0,2,1.0,2,1.0
42447,12,152,4,0.3333333333333333,6,0.5,6,0.5
42462,16,120,1,0.0625,1,0.0625,1,0.0625
42479,10,120,0,0.0,3,0.3,3,0.3
42482,2,120,0,0.0,0,0.0,0,0.0
42526,4,120,0,0.0,0,0.0,0,0.0
42540,3,120,0,0.0,0,0.0,0,0.0
42554,1,120,1,1.0,1,1.0,1,1.0
42556,11,120,9,0.8181818181818182,9,0.8181818181818182,9,0.8181818181818182
42582,3,120,0,0.0,0,0.0,0,0.0
42606,4,120,2,0.5,2,0.5,2,0.5
42675,1,120,0,0.0,0,0.0,0,0.0
42707,8,120,1,0.125,3,0.375,4,0.5
42711,4,120,0,0.0,0,0.0,0,0.0
42725,14,120,2,0.14285714285714285,2,0.14285714285714285,2,0.14285714285714285
42772,2,120,0,0.0,0,0.0,0,0.0
42800,6,159,4,0.6666666666666666,4,0.6666666666666666,4,0.6666666666666666
42804,5,120,4,0.8,4,0.8,4,0.8
42816,1,135,0,0.0,0,0.0,0,0.0
42834,6,120,2,0.3333333333333333,4,0.6666666666666666,5,0.8333333333333334
42851,2,120,0,0.0,1,0.5,1,0.5
42866,4,125,2,0.5,2,0.5,2,0.5
42912,10,130,1,0.1,1,0.1,1,0.1
42942,1,120,0,0.0,0,0.0,0,0.0
42954,1,120,0,0.0,0,0.0,0,0.0
42961,1,120,0,0.0,0,0.0,0,0.0
43020,2,120,0,0.0,0,0.0,0,0.0
43034,2,122,1,0.5,1,0.5,1,0.5
43052,4,120,4,1.0,4,1.0,4,1.0
43060,1,120,0,0.0,0,0.0,0,0.0
43062,3,120,0,0.0,0,0.0,0,0.0
43076,1,120,0,0.0,1,1.0,1,1.0
43108,16,120,1,0.0625,3,0.1875,3,0.1875
43123,11,120,2,0.18181818181818182,4,0.36363636363636365,5,0.45454545454545453
43138,2,120,1,0.5,1,0.5,1,0.5
43153,2,120,0,0.0,0,0.0,0,0.0
43157,3,120,0,0.0,1,0.3333333333333333,2,0.6666666666666666
43158,1,120,0,0.0,1,1.0,1,1.0
43183,1,120,0,0.0,0,0.0,0,0.0
43188,1,120,0,0.0,0,0.0,0,0.0
43192,1,120,0,0.0,0,0.0,0,0.0
43194,1,120,0,0.0,0,0.0,0,0.0
43250,4,120,0,0.0,0,0.0,0,0.0
43270,1,120,1,1.0,1,1.0,1,1.0
43288,2,122,1,0.5,1,0.5,1,0.5
43297,5,120,1,0.2,1,0.2,1,0.2
43307,1,120,0,0.0,0,0.0,0,0.0
43330,1,120,0,0.0,0,0.0,0,0.0
43384,5,120,1,0.2,1,0.2,1,0.2
43405,2,120,0,0.0,0,0.0,0,0.0
43440,1,120,0,0.0,1,1.0,1,1.0
43448,3,120,0,0.0,0,0.0,0,0.0
43507,11,120,0,0.0,1,0.09090909090909091,1,0.09090909090909091
43508,2,120,1,0.5,1,0.5,1,0.5
43547,15,120,0,0.0,3,0.2,3,0.2
43551,1,120,1,1.0,1,1.0,1,1.0
43573,4,120,0,0.0,0,0.0,0,0.0
43583,3,120,1,0.3333333333333333,1,0.3333333333333333,1,0.3333333333333333
43637,1,120,0,0.0,0,0.0,0,0.0
43646,1,121,1,1.0,1,1.0,1,1.0
43670,5,120,2,0.4,2,0.4,2,0.4
43679,1,120,0,0.0,0,0.0,0,0.0
43732,1,137,1,1.0,1,1.0,1,1.0
43736,5,120,3,0.6,3,0.6,3,0.6
43792,4,141,3,0.75,3,0.75,3,0.75
43808,2,126,2,1.0,2,1.0,2,1.0
43837,6,120,1,0.16666666666666666,1,0.16666666666666666,1,0.16666666666666666
43840,16,120,0,0.0,1,0.0625,1,0.0625
43875,2,120,1,0.5,1,0.5,1,0.5
43912,9,120,6,0.6666666666666666,7,0.7777777777777778,7,0.7777777777777778
43920,3,120,0,0.0,0,0.0,0,0.0
43921,10,120,3,0.3,3,0.3,3,0.3
43962,1,120,0,0.0,0,0.0,0,0.0
44116,7,120,5,0.7142857142857143,6,0.8571428571428571,6,0.8571428571428571
44137,6,120,0,0.0,0,0.0,0,0.0
44164,2,120,0,0.0,0,0.0,0,0.0
44177,10,120,0,0.0,0,0.0,0,0.0
44182,5,120,1,0.2,1,0.2,1,0.2
44205,4,144,3,0.75,3,0.75,3,0.75
44228,3,120,2,0.6666666666666666,2,0.6666666666666666,3,1.0
44246,1,146,1,1.0,1,1.0,1,1.0
44251,1,120,0,0.0,0,0.0,0,0.0
44306,1,120,1,1.0,1,1.0,1,1.0
44311,5,175,3,0.6,3,0.6,3,0.6
44385,1,120,0,0.0,1,1.0,1,1.0
44414,1,160,1,1.0,1,1.0,1,1.0
44440,5,169,4,0.8,4,0.8,4,0.8
44443,3,120,1,0.3333333333333333,1,0.3333333333333333,1,0.3333333333333333
44460,11,120,3,0.2727272727272727,3,0.2727272727272727,3,0.2727272727272727
44465,3,141,2,0.6666666666666666,2,0.6666666666666666,2,0.6666666666666666
44469,2,120,0,0.0,0,0.0,0,0.0
44472,1,120,1,1.0,1,1.0,1,1.0
44510,1,120,0,0.0,1,1.0,1,1.0
44537,1,120,0,0.0,0,0.0,0,0.0
44548,5,120,0,0.0,0,0.0,0,0.0
44571,2,120,0,0.0,0,0.0,0,0.0
44576,1,120,0,0.0,0,0.0,0,0.0
44587,5,120,2,0.4,2,0.4,2,0.4
44605,5,120,1,0.2,1,0.2,2,0.4
44611,3,120,0,0.0,1,0.3333333333333333,3,1.0
44621,6,123,1,0.16666666666666666,1,0.16666666666666666,2,0.3333333333333333
44634,1,120,1,1.0,1,1.0,1,1.0
44659,4,120,1,0.25,1,0.25,1,0.25
44698,9,121,3,0.3333333333333333,5,0.5555555555555556,5,0.5555555555555556
44724,3,120,0,0.0,0,0.0,0,0.0
44733,9,120,2,0.2222222222222222,4,0.4444444444444444,4,0.4444444444444444
44745,3,120,0,0.0,0,0.0,0,0.0
44816,7,200,6,0.8571428571428571,6,0.8571428571428571,6,0.8571428571428571
44842,10,120,3,0.3,4,0.4,4,0.4
44855,6,120,4,0.6666666666666666,4,0.6666666666666666,4,0.6666666666666666
45030,6,120,0,0.0,1,0.16666666666666666,1,0.16666666666666666
45031,4,120,0,0.0,0,0.0,0,0.0
45056,5,126,3,0.6,3,0.6,3,0.6
45060,5,188,4,0.8,5,1.0,5,1.0
45068,4,120,1,0.25,2,0.5,2,0.5
45070,2,120,0,0.0,0,0.0,0,0.0
45072,12,120,0,0.0,0,0.0,0,0.0
45114,3,129,1,0.3333333333333333,1,0.3333333333333333,1,0.3333333333333333
45142,2,120,0,0.0,0,0.0,0,0.0
45174,2,143,1,0.5,1,0.5,1,0.5
45190,4,161,1,0.25,1,0.25,1,0.25
45233,5,120,2,0.4,2,0.4,2,0.4
45246,6,120,0,0.0,0,0.0,0,0.0
45270,1,120,0,0.0,0,0.0,0,0.0
45281,2,120,0,0.0,0,0.0,1,0.5
45349,1,120,0,0.0,0,0.0,0,0.0
45367,3,120,0,0.0,0,0.0,0,0.0
45373,12,120,2,0.16666666666666666,2,0.16666666666666666,2,0.16666666666666666
45410,1,121,1,1.0,1,1.0,1,1.0
45427,1,120,0,0.0,0,0.0,0,0.0
45437,2,120,0,0.0,0,0.0,0,0.0
45447,3,120,0,0.0,1,0.3333333333333333,2,0.6666666666666666
45527,2,148,1,0.5,1,0.5,1,0.5
45533,2,120,0,0.0,0,0.0,0,0.0
45542,3,120,0,0.0,0,0.0,1,0.3333333333333333
45546,2,120,0,0.0,2,1.0,2,1.0
45556,5,120,0,0.0,0,0.0,0,0.0
45559,1,120,0,0.0,0,0.0,0,0.0
45564,7,120,4,0.5714285714285714,4,0.5714285714285714,4,0.5714285714285714
45578,1,120,0,0.0,0,0.0,0,0.0
45585,1,174,1,1.0,1,1.0,1,1.0
45594,1,122,1,1.0,1,1.0,1,1.0
45623,20,200,7,0.35,13,0.65,14,0.7
45633,2,144,1,0.5,1,0.5,1,0.5
45665,2,120,0,0.0,0,0.0,0,0.0
45677,4,120,3,0.75,3,0.75,4,1.0
45701,1,120,0,0.0,0,0.0,0,0.0
45734,5,141,1,0.2,1,0.2,1,0.2
45749,17,120,2,0.11764705882352941,5,0.29411764705882354,6,0.35294117647058826
45751,11,120,1,0.09090909090909091,1,0.09090909090909091,1,0.09090909090909091
45773,7,124,0,0.0,0,0.0,0,0.0
45775,4,120,0,0.0,0,0.0,1,0.25
45779,6,120,0,0.0,0,0.0,0,0.0
45782,24,120,8,0.3333333333333333,14,0.5833333333333334,15,0.625
45795,3,120,0,0.0,1,0.3333333333333333,1,0.3333333333333333
45824,1,120,0,0.0,0,0.0,0,0.0
45864,4,120,0,0.0,1,0.25,1,0.25
45868,4,120,4,1.0,4,1.0,4,1.0
45895,3,120,2,0.6666666666666666,2,0.6666666666666666,2,0.6666666666666666
45898,27,120,1,0.037037037037037035,3,0.1111111111111111,3,0.1111111111111111
45899,2,120,0,0.0,1,0.5,1,0.5
45924,1,120,1,1.0,1,1.0,1,1.0
45956,7,178,6,0.8571428571428571,7,1.0,7,1.0
45982,2,120,1,0.5,1,0.5,1,0.5
46001,5,120,1,0.2,1,0.2,1,0.2
46032,6,161,3,0.5,4,0.6666666666666666,4,0.6666666666666666
46034,7,120,0,0.0,0,0.0,0,0.0
46037,1,120,1,1.0,1,1.0,1,1.0
46066,1,120,0,0.0,0,0.0,0,0.0
46081,2,120,0,0.0,1,0.5,1,0.5
46110,1,120,1,1.0,1,1.0,1,1.0
46118,1,120,0,0.0,0,0.0,0,0.0
46205,2,120,0,0.0,0,0.0,1,0.5
46226,4,120,0,0.0,2,0.5,2,0.5
46243,3,120,0,0.0,1,0.3333333333333333,1,0.3333333333333333
46268,3,120,0,0.0,0,0.0,0,0.0
46309,4,120,0,0.0,1,0.25,1,0.25
46325,3,162,3,1.0,3,1.0,3,1.0
46347,2,120,0,0.0,0,0.0,0,0.0
46369,2,120,1,0.5,1,0.5,1,0.5
46397,1,133,1,1.0,1,1.0,1,1.0
46404,1,120,0,0.0,0,0.0,0,0.0
46476,9,120,0,0.0,0,0.0,0,0.0
46507,5,120,1,0.2,2,0.4,2,0.4
46518,9,120,0,0.0,0,0.0,0,0.0
46541,1,120,0,0.0,0,0.0,0,0.0
46550,1,120,0,0.0,0,0.0,0,0.0
46558,3,120,0,0.0,0,0.0,0,0.0
46595,2,120,1,0.5,1,0.5,1,0.5
46598,2,120,0,0.0,0,0.0,0,0.0
46600,1,120,1,1.0,1,1.0,1,1.0
46620,6,120,2,0.3333333333333333,2,0.3333333333333333,2,0.3333333333333333
46639,11,191,7,0.6363636363636364,8,0.7272727272727273,8,0.7272727272727273
46667,2,120,1,0.5,1,0.5,1,0.5
46672,11,120,0,0.0,2,0.18181818181818182,2,0.18181818181818182
46691,10,147,1,0.1,1,0.1,1,0.1
46711,1,120,0,0.0,0,0.0,0,0.0
46730,6,120,2,0.3333333333333333,2,0.3333333333333333,2,0.3333333333333333
46750,2,120,0,0.0,1,0.5,1,0.5
46752,1,120,1,1.0,1,1.0,1,1.0
46767,8,165,3,0.375,3,0.375,3,0.375
46775,3,120,0,0.0,0,0.0,0,0.0
46791,5,141,2,0.4,2,0.4,2,0.4
46841,6,120,5,0.8333333333333334,5,0.8333333333333334,5,0.8333333333333334
46860,2,120,1,0.5,1,0.5,1,0.5
46889,7,171,5,0.7142857142857143,5,0.7142857142857143,5,0.7142857142857143
46986,1,120,0,0.0,0,0.0,0,0.0
46991,1,120,1,1.0,1,1.0,1,1.0
47008,9,131,4,0.4444444444444444,4,0.4444444444444444,4,0.4444444444444444
47014,3,120,0,0.0,0,0.0,0,0.0
47032,2,120,0,0.0,0,0.0,1,0.5
47045,6,120,0,0.0,1,0.16666666666666666,1,0.16666666666666666
47068,4,120,1,0.25,1,0.25,1,0.25
47098,1,120,0,0.0,0,0.0,0,0.0
47100,4,120,0,0.0,0,0.0,0,0.0
47106,5,120,1,0.2,1,0.2,1,0.2
47142,2,120,0,0.0,1,0.5,1,0.5
47152,3,120,0,0.0,1,0.3333333333333333,1,0.3333333333333333
47198,1,120,0,0.0,0,0.0,0,0.0
47239,3,120,0,0.0,0,0.0,1,0.3333333333333333
47241,1,120,0,0.0,0,0.0,0,0.0
47290,2,120,0,0.0,0,0.0,0,0.0
47314,2,120,0,0.0,0,0.0,0,0.0
47330,4,120,0,0.0,1,0.25,1,0.25
47344,16,120,1,0.0625,1,0.0625,1,0.0625
47350,3,120,3,1.0,3,1.0,3,1.0
47367,1,120,1,1.0,1,1.0,1,1.0
47372,8,120,0,0.0,0,0.0,0,0.0
47396,1,120,0,0.0,0,0.0,0,0.0
47428,1,120,0,0.0,0,0.0,0,0.0
47440,4,137,4,1.0,4,1.0,4,1.0
47443,1,120,0,0.0,1,1.0,1,1.0
47482,1,120,0,0.0,0,0.0,0,0.0
47501,1,120,1,1.0,1,1.0,1,1.0
47515,2,122,2,1.0,2,1.0,2,1.0
47523,6,120,0,0.0,1,0.16666666666666666,1,0.16666666666666666
47534,2,120,0,0.0,0,0.0,0,0.0
47564,2,120,0,0.0,0,0.0,0,0.0
47570,1,120,0,0.0,0,0.0,0,0.0
47572,10,120,0,0.0,0,0.0,0,0.0
47596,7,120,0,0.0,2,0.2857142857142857,2,0.2857142857142857
47638,1,141,1,1.0,1,1.0,1,1.0
47646,2,120,0,0.0,0,0.0,0,0.0
47699,2,120,0,0.0,0,0.0,0,0.0
47784,2,120,1,0.5,1,0.5,1,0.5
47841,1,142,0,0.0,0,0.0,0,0.0
47874,1,120,0,0.0,0,0.0,0,0.0
47878,3,120,0,0.0,0,0.0,0,0.0
47883,14,120,1,0.07142857142857142,1,0.07142857142857142,1,0.07142857142857142
47912,2,120,0,0.0,0,0.0,0,0.0
47921,2,120,0,0.0,0,0.0,0,0.0
47932,12,120,1,0.08333333333333333,2,0.16666666666666666,2,0.16666666666666666
47933,17,120,1,0.058823529411764705,1,0.058823529411764705,1,0.058823529411764705
47982,1,145,1,1.0,1,1.0,1,1.0
47997,7,120,0,0.0,0,0.0,0,0.0
47998,3,120,0,0.0,0,0.0,0,0.0
48005,1,140,1,1.0,1,1.0,1,1.0
48014,3,120,0,0.0,1,0.3333333333333333,1,0.3333333333333333
48015,10,120,3,0.3,4,0.4,5,0.5
48131,3,120,0,0.0,0,0.0,0,0.0
48140,2,120,0,0.0,0,0.0,0,0.0
48149,5,120,0,0.0,1,0.2,1,0.2
48180,3,142,2,0.6666666666666666,2,0.6666666666666666,2,0.6666666666666666
48190,2,120,2,1.0,2,1.0,2,1.0
48216,1,120,0,0.0,0,0.0,0,0.0
48255,1,150,1,1.0,1,1.0,1,1.0
48257,12,120,2,0.16666666666666666,2,0.16666666666666666,2,0.16666666666666666
48271,8,173,6,0.75,6,0.75,6,0.75
48281,2,120,0,0.0,1,0.5,1,0.5
48290,4,149,4,1.0,4,1.0,4,1.0
48305,2,120,0,0.0,0,0.0,0,0.0
48310,3,120,0,0.0,0,0.0,0,0.0
48338,1,120,0,0.0,0,0.0,0,0.0
48397,1,120,0,0.0,0,0.0,0,0.0
48431,1,120,0,0.0,0,0.0,0,0.0
48448,2,120,2,1.0,2,1.0,2,1.0
48470,3,120,0,0.0,0,0.0,1,0.3333333333333333
48484,1,121,0,0.0,0,0.0,0,0.0
48499,4,120,1,0.25,1,0.25,2,0.5
48528,3,120,0,0.0,0,0.0,0,0.0
48554,3,120,0,0.0,0,0.0,0,0.0
48556,1,120,0,0.0,0,0.0,0,0.0
48560,1,120,0,0.0,0,0.0,0,0.0
48605,1,120,1,1.0,1,1.0,1,1.0
48618,1,120,1,1.0,1,1.0,1,1.0
48655,5,120,0,0.0,1,0.2,1,0.2
48698,3,120,3,1.0,3,1.0,3,1.0
48710,8,120,2,0.25,2,0.25,2,0.25
48721,1,120,0,0.0,0,0.0,0,0.0
48828,3,120,1,0.3333333333333333,3,1.0,3,1.0
48831,4,120,2,0.5,2,0.5,2,0.5
48867,5,120,0,0.0,1,0.2,1,0.2
48875,1,120,0,0.0,0,0.0,0,0.0
48881,4,141,4,1.0,4,1.0,4,1.0
48894,8,120,0,0.0,0,0.0,0,0.0
48920,6,120,0,0.0,0,0.0,0,0.0
49018,3,127,0,0.0,1,0.3333333333333333,1,0.3333333333333333
49070,3,120,0,0.0,0,0.0,0,0.0
49074,9,169,7,0.7777777777777778,7,0.7777777777777778,7,0.7777777777777778
49101,2,120,0,0.0,0,0.0,0,0.0
49115,1,120,0,0.0,0,0.0,0,0.0
49128,1,155,1,1.0,1,1.0,1,1.0
49130,6,120,1,0.16666666666666666,2,0.3333333333333333,2,0.3333333333333333
49140,11,120,0,0.0,0,0.0,0,0.0
49156,3,120,2,0.6666666666666666,2,0.6666666666666666,2,0.6666666666666666
49167,1,120,1,1.0,1,1.0,1,1.0
49172,7,120,0,0.0,1,0.14285714285714285,1,0.14285714285714285
49193,1,120,0,0.0,0,0.0,0,0.0
49210,12,120,0,0.0,0,0.0,0,0.0
49232,1,120,0,0.0,0,0.0,0,0.0
49244,4,120,0,0.0,1,0.25,1,0.25
49248,6,120,0,0.0,1,0.16666666666666666,1,0.16666666666666666
49250,1,120,0,0.0,0,0.0,0,0.0
49286,1,120,0,0.0,1,1.0,1,1.0
49315,7,120,2,0.2857142857142857,2,0.2857142857142857,2,0.2857142857142857
49353,4,120,3,0.75,3,0.75,3,0.75
49372,10,120,2,0.2,5,0.5,5,0.5
49400,4,120,0,0.0,0,0.0,0,0.0
49416,23,155,14,0.6086956521739131,16,0.6956521739130435,16,0.6956521739130435
49419,1,120,0,0.0,0,0.0,0,0.0
49445,1,121,1,1.0,1,1.0,1,1.0
49466,8,200,5,0.625,6,0.75,6,0.75
49528,14,120,3,0.21428571428571427,3,0.21428571428571427,3,0.21428571428571427
49533,6,120,4,0.6666666666666666,5,0.8333333333333334,5,0.8333333333333334
49550,13,185,10,0.7692307692307693,10,0.7692307692307693,11,0.8461538461538461
49568,10,120,0,0.0,1,0.1,1,0.1
49603,1,120,0,0.0,0,0.0,0,0.0
49617,11,120,0,0.0,0,0.0,0,0.0
49700,8,120,1,0.125,3,0.375,3,0.375
49713,4,177,2,0.5,3,0.75,3,0.75
49736,1,120,1,1.0,1,1.0,1,1.0
49750,2,120,1,0.5,1,0.5,1,0.5
49781,21,120,7,0.3333333333333333,8,0.38095238095238093,9,0.42857142857142855
49791,1,120,0,0.0,0,0.0,0,0.0
49813,22,120,1,0.045454545454545456,3,0.13636363636363635,3,0.13636363636363635
49830,3,157,2,0.6666666666666666,2,0.6666666666666666,2,0.6666666666666666
49835,1,120,1,1.0,1,1.0,1,1.0
49841,9,159,6,0.6666666666666666,6,0.6666666666666666,6,0.6666666666666666
49845,3,120,1,0.3333333333333333,1,0.3333333333333333,1,0.3333333333333333
49872,1,120,0,0.0,0,0.0,0,0.0
49952,2,120,0,0.0,0,0.0,0,0.0
49960,3,120,0,0.0,1,0.3333333333333333,1,0.3333333333333333
49990,8,120,5,0.625,7,0.875,7,0.875
50010,1,120,0,0.0,1,1.0,1,1.0
50018,11,120,3,0.2727272727272727,3,0.2727272727272727,3,0.2727272727272727
50030,1,120,0,0.0,0,0.0,0,0.0
50033,7,174,3,0.42857142857142855,3,0.42857142857142855,4,0.5714285714285714
50062,2,120,0,0.0,0,0.0,0,0.0
50071,5,120,2,0.4,2,0.4,2,0.4
50086,2,120,0,0.0,0,0.0,0,0.0
50098,8,120,0,0.0,0,0.0,0,0.0
50113,11,120,0,0.0,0,0.0,1,0.09090909090909091
50166,2,121,0,0.0,0,0.0,0,0.0
50212,3,175,1,0.3333333333333333,1,0.3333333333333333,1,0.3333333333333333
50241,3,120,0,0.0,0,0.0,0,0.0
50261,10,121,3,0.3,4,0.4,4,0.4
50263,2,131,0,0.0,0,0.0,0,0.0
50269,11,120,4,0.36363636363636365,4,0.36363636363636365,4,0.36363636363636365
50271,6,120,1,0.16666666666666666,1,0.16666666666666666,1,0.16666666666666666
50281,3,120,0,0.0,0,0.0,0,0.0
50285,7,120,1,0.14285714285714285,6,0.8571428571428571,6,0.8571428571428571
50286,16,130,4,0.25,4,0.25,4,0.25
50296,12,120,7,0.5833333333333334,8,0.6666666666666666,9,0.75
50312,4,120,3,0.75,4,1.0,4,1.0
50322,2,129,0,0.0,1,0.5,1,0.5
50362,1,120,1,1.0,1,1.0,1,1.0
50376,5,120,2,0.4,2,0.4,4,0.8
50387,3,140,1,0.3333333333333333,1,0.3333333333333333,1,0.3333333333333333
50445,2,120,0,0.0,0,0.0,0,0.0
50454,5,120,0,0.0,0,0.0,0,0.0
50482,3,128,1,0.3333333333333333,1,0.3333333333333333,1,0.3333333333333333
50484,3,146,3,1.0,3,1.0,3,1.0
50504,1,120,0,0.0,0,0.0,0,0.0
50506,1,140,0,0.0,0,0.0,0,0.0
50519,4,120,0,0.0,0,0.0,0,0.0
50522,12,132,3,0.25,3,0.25,3,0.25
50561,11,120,1,0.09090909090909091,1,0.09090909090909091,1,0.09090909090909091
50599,10,120,0,0.0,0,0.0,0,0.0
50600,3,120,0,0.0,0,0.0,0,0.0
50615,3,120,0,0.0,0,0.0,0,0.0
50627,1,122,1,1.0,1,1.0,1,1.0
50650,7,120,0,0.0,0,0.0,0,0.0
50663,5,120,0,0.0,0,0.0,0,0.0
50695,6,120,1,0.16666666666666666,1,0.16666666666666666,1,0.16666666666666666
50706,5,153,3,0.6,3,0.6,4,0.8
50727,4,120,1,0.25,1,0.25,2,0.5
50750,18,120,0,0.0,1,0.05555555555555555,1,0.05555555555555555
50776,4,120,3,0.75,3,0.75,3,0.75
50786,12,200,7,0.5833333333333334,9,0.75,9,0.75
50833,5,120,1,0.2,1,0.2,1,0.2
50849,5,120,0,0.0,1,0.2,1,0.2
50892,1,120,0,0.0,0,0.0,0,0.0
50895,1,120,0,0.0,0,0.0,0,0.0
50935,25,120,2,0.08,2,0.08,2,0.08
50938,3,120,0,0.0,0,0.0,0,0.0
50951,1,120,1,1.0,1,1.0,1,1.0
50953,6,120,4,0.6666666666666666,6,1.0,6,1.0
50976,2,120,0,0.0,0,0.0,0,0.0
51007,11,120,6,0.5454545454545454,7,0.6363636363636364,7,0.6363636363636364
51012,2,120,0,0.0,0,0.0,0,0.0
51033,2,120,0,0.0,0,0.0,0,0.0
51040,13,120,1,0.07692307692307693,1,0.07692307692307693,1,0.07692307692307693
51090,4,120,1,0.25,1,0.25,2,0.5
51097,2,120,0,0.0,0,0.0,0,0.0
51109,6,146,3,0.5,3,0.5,3,0.5
51162,3,120,2,0.6666666666666666,2,0.6666666666666666,2,0.6666666666666666
51185,3,120,0,0.0,0,0.0,0,0.0
51208,2,120,0,0.0,0,0.0,0,0.0
51220,4,121,1,0.25,1,0.25,1,0.25
51227,3,120,1,0.3333333333333333,1,0.3333333333333333,1,0.3333333333333333
51236,1,120,0,0.0,0,0.0,0,0.0
51251,7,120,0,0.0,2,0.2857142857142857,2,0.2857142857142857
51264,11,136,7,0.6363636363636364,7,0.6363636363636364,7,0.6363636363636364
51265,2,120,0,0.0,0,0.0,0,0.0
51274,2,120,0,0.0,0,0.0,0,0.0
51277,2,120,2,1.0,2,1.0,2,1.0
51295,7,122,7,1.0,7,1.0,7,1.0
51303,2,122,2,1.0,2,1.0,2,1.0
51309,3,120,0,0.0,0,0.0,1,0.3333333333333333
51331,6,151,3,0.5,3,0.5,3,0.5
51352,3,120,0,0.0,0,0.0,0,0.0
51402,22,120,0,0.0,1,0.045454545454545456,1,0.045454545454545456
51407,1,120,1,1.0,1,1.0,1,1.0
51502,16,159,4,0.25,5,0.3125,5,0.3125
51509,1,120,0,0.0,0,0.0,0,0.0
51520,5,120,1,0.2,1,0.2,1,0.2
51548,9,120,0,0.0,2,0.2222222222222222,2,0.2222222222222222
51571,1,120,0,0.0,0,0.0,0,0.0
51578,4,120,3,0.75,3,0.75,3,0.75
51594,3,120,0,0.0,0,0.0,0,0.0
51616,1,120,0,0.0,0,0.0,0,0.0
51618,4,120,0,0.0,0,0.0,0,0.0
51639,1,120,0,0.0,0,0.0,0,0.0
51646,1,120,0,0.0,0,0.0,0,0.0
51648,2,159,1,0.5,1,0.5,1,0.5
51660,2,120,0,0.0,0,0.0,0,0.0
51661,1,120,0,0.0,0,0.0,0,0.0
51697,1,120,0,0.0,0,0.0,0,0.0
51703,10,120,4,0.4,6,0.6,6,0.6
51707,1,142,1,1.0,1,1.0,1,1.0
51757,5,120,0,0.0,0,0.0,0,0.0
51769,7,141,4,0.5714285714285714,5,0.7142857142857143,5,0.7142857142857143
51772,6,120,0,0.0,1,0.16666666666666666,1,0.16666666666666666
51783,1,120,0,0.0,0,0.0,0,0.0
51794,1,120,0,0.0,0,0.0,0,0.0
51837,3,120,0,0.0,1,0.3333333333333333,2,0.6666666666666666
51846,10,120,0,0.0,2,0.2,2,0.2
51868,1,120,0,0.0,0,0.0,0,0.0
51890,1,121,1,1.0,1,1.0,1,1.0
51930,9,120,1,0.1111111111111111,2,0.2222222222222222,2,0.2222222222222222
51938,5,120,1,0.2,1,0.2,1,0.2
51940,3,120,0,0.0,0,0.0,0,0.0
51942,7,126,2,0.2857142857142857,2,0.2857142857142857,2,0.2857142857142857
51948,5,145,2,0.4,2,0.4,2,0.4
51990,2,120,1,0.5,1,0.5,1,0.5
51994,2,120,0,0.0,0,0.0,0,0.0
52000,1,120,0,0.0,0,0.0,0,0.0
52006,10,120,0,0.0,0,0.0,0,0.0
52051,1,120,0,0.0,0,0.0,0,0.0
52065,4,120,4,1.0,4,1.0,4,1.0
52128,7,120,2,0.2857142857142857,2,0.2857142857142857,2,0.2857142857142857
52137,1,120,0,0.0,1,1.0,1,1.0
52147,10,120,1,0.1,2,0.2,2,0.2
52149,1,120,0,0.0,0,0.0,0,0.0
52162,2,120,2,1.0,2,1.0,2,1.0
52180,14,120,0,0.0,1,0.07142857142857142,1,0.07142857142857142
52181,4,120,0,0.0,0,0.0,1,0.25
52184,2,120,0,0.0,0,0.0,0,0.0
52193,4,120,1,0.25,1,0.25,1,0.25
52207,3,146,3,1.0,3,1.0,3,1.0
52225,8,141,6,0.75,7,0.875,7,0.875
52227,2,120,2,1.0,2,1.0,2,1.0
52228,1,120,0,0.0,0,0.0,0,0.0
52232,1,120,0,0.0,0,0.0,0,0.0
52235,3,120,1,0.3333333333333333,1,0.3333333333333333,1,0.3333333333333333
52252,1,120,0,0.0,0,0.0,0,0.0
52350,3,120,3,1.0,3,1.0,3,1.0
52361,6,141,4,0.6666666666666666,4,0.6666666666666666,4,0.6666666666666666
52362,8,120,0,0.0,0,0.0,0,0.0
52366,1,120,0,0.0,0,0.0,0,0.0
52372,3,133,2,0.6666666666666666,2,0.6666666666666666,2,0.6666666666666666
52381,2,120,1,0.5,1,0.5,1,0.5
52436,4,120,0,0.0,0,0.0,0,0.0
52482,1,120,0,0.0,0,0.0,0,0.0
52502,4,120,1,0.25,1,0.25,1,0.25
52555,15,120,0,0.0,0,0.0,0,0.0
52602,7,120,0,0.0,0,0.0,1,0.14285714285714285
52612,3,120,0,0.0,0,0.0,0,0.0
52626,2,120,0,0.0,1,0.5,1,0.5
52629,15,200,7,0.4666666666666667,11,0.7333333333333333,12,0.8
52699,10,120,2,0.2,2,0.2,2,0.2
52702,5,120,3,0.6,3,0.6,3,0.6
52729,2,123,2,1.0,2,1.0,2,1.0
52745,1,120,1,1.0,1,1.0,1,1.0
52754,3,120,0,0.0,0,0.0,0,0.0
52757,3,120,1,0.3333333333333333,1,0.3333333333333333,1,0.3333333333333333
52766,4,122,1,0.25,1,0.25,1,0.25
52783,1,120,0,0.0,0,0.0,0,0.0
52785,12,120,0,0.0,0,0.0,0,0.0
52855,7,139,3,0.42857142857142855,4,0.5714285714285714,4,0.5714285714285714
52882,3,120,0,0.0,0,0.0,0,0.0
52900,10,120,2,0.2,3,0.3,3,0.3
52915,8,120,1,0.125,2,0.25,4,0.5
52947,2,120,0,0.0,0,0.0,0,0.0
52956,5,120,0,0.0,0,0.0,0,0.0
52967,2,120,0,0.0,2,1.0,2,1.0
52987,6,140,2,0.3333333333333333,2,0.3333333333333333,2,0.3333333333333333
53021,4,120,1,0.25,2,0.5,2,0.5
53049,3,120,0,0.0,0,0.0,0,0.0
53061,2,120,1,0.5,1,0.5,1,0.5
53083,3,120,0,0.0,0,0.0,1,0.3333333333333333
53090,3,120,0,0.0,0,0.0,0,0.0
53153,9,120,0,0.0,1,0.1111111111111111,2,0.2222222222222222
53175,10,154,3,0.3,3,0.3,3,0.3
53191,4,160,3,0.75,3,0.75,3,0.75
53196,2,120,0,0.0,0,0.0,0,0.0
53221,1,120,0,0.0,1,1.0,1,1.0
53229,3,120,0,0.0,0,0.0,0,0.0
53266,14,120,4,0.2857142857142857,5,0.35714285714285715,6,0.42857142857142855
53330,9,129,2,0.2222222222222222,2,0.2222222222222222,2,0.2222222222222222
53401,5,120,1,0.2,1,0.2,1,0.2
53465,1,120,0,0.0,0,0.0,0,0.0
53473,2,120,0,0.0,0,0.0,0,0.0
53528,5,120,0,0.0,0,0.0,0,0.0
53529,14,120,3,0.21428571428571427,3,0.21428571428571427,3,0.21428571428571427
53530,9,120,1,0.1111111111111111,1,0.1111111111111111,1,0.1111111111111111
53552,8,120,0,0.0,1,0.125,1,0.125
53575,5,120,0,0.0,0,0.0,0,0.0
53586,6,120,1,0.16666666666666666,2,0.3333333333333333,2,0.3333333333333333
53599,1,120,0,0.0,0,0.0,0,0.0
53668,10,120,1,0.1,2,0.2,3,0.3
53669,5,120,2,0.4,3,0.6,3,0.6
53704,2,120,1,0.5,1,0.5,1,0.5
53715,3,129,0,0.0,0,0.0,0,0.0
53731,4,138,4,1.0,4,1.0,4,1.0
53749,16,120,1,0.0625,1,0.0625,2,0.125
53763,12,120,3,0.25,7,0.5833333333333334,7,0.5833333333333334
53795,2,120,0,0.0,0,0.0,0,0.0
53805,19,120,0,0.0,0,0.0,0,0.0
53818,8,167,4,0.5,4,0.5,4,0.5
53820,4,120,0,0.0,0,0.0,0,0.0
53823,8,120,0,0.0,0,0.0,0,0.0
53829,15,157,8,0.5333333333333333,8,0.5333333333333333,8,0.5333333333333333
53837,1,120,0,0.0,0,0.0,1,1.0
53843,1,122,1,1.0,1,1.0,1,1.0
53848,1,120,0,0.0,0,0.0,0,0.0
53867,7,120,0,0.0,0,0.0,0,0.0
53897,10,120,1,0.1,3,0.3,3,0.3
53901,18,120,6,0.3333333333333333,6,0.3333333333333333,7,0.3888888888888889
53907,3,120,0,0.0,0,0.0,0,0.0
53950,2,120,0,0.0,0,0.0,0,0.0
53977,10,180,2,0.2,3,0.3,5,0.5
53988,3,120,0,0.0,0,0.0,0,0.0
54050,4,120,0,0.0,0,0.0,1,0.25
54112,16,120,1,0.0625,2,0.125,5,0.3125
54117,17,120,6,0.35294117647058826,7,0.4117647058823529,7,0.4117647058823529
54165,1,120,0,0.0,0,0.0,0,0.0
54170,9,120,1,0.1111111111111111,1,0.1111111111111111,1,0.1111111111111111
54183,1,120,1,1.0,1,1.0,1,1.0
54190,6,120,0,0.0,0,0.0,0,0.0
54212,1,120,0,0.0,0,0.0,0,0.0
54230,1,126,0,0.0,0,0.0,0,0.0
54243,2,134,2,1.0,2,1.0,2,1.0
54247,7,120,2,0.2857142857142857,4,0.5714285714285714,5,0.7142857142857143
54249,9,167,4,0.4444444444444444,4,0.4444444444444444,4,0.4444444444444444
54271,9,188,4,0.4444444444444444,5,0.5555555555555556,6,0.6666666666666666
54272,1,120,0,0.0,0,0.0,0,0.0
54290,1,120,1,1.0,1,1.0,1,1.0
54306,1,120,0,0.0,0,0.0,0,0.0
54310,6,120,0,0.0,0,0.0,0,0.0
54351,4,120,0,0.0,0,0.0,0,0.0
54365,1,120,1,1.0,1,1.0,1,1.0
54378,2,120,0,0.0,2,1.0,2,1.0
54385,1,121,1,1.0,1,1.0,1,1.0
54398,1,120,0,0.0,0,0.0,0,0.0
54416,1,120,0,0.0,0,0.0,0,0.0
54432,3,123,3,1.0,3,1.0,3,1.0
54450,6,120,0,0.0,0,0.0,0,0.0
54475,2,120,0,0.0,0,0.0,0,0.0
54476,3,156,3,1.0,3,1.0,3,1.0
54516,2,168,2,1.0,2,1.0,2,1.0
54521,3,120,0,0.0,0,0.0,0,0.0
54540,1,134,0,0.0,0,0.0,0,0.0
54552,1,120,0,0.0,0,0.0,0,0.0
54581,2,182,1,0.5,1,0.5,1,0.5
54609,10,120,0,0.0,0,0.0,0,0.0
54635,4,120,0,0.0,0,0.0,0,0.0
54688,1,145,1,1.0,1,1.0,1,1.0
54699,2,120,0,0.0,0,0.0,0,0.0
54721,1,120,0,0.0,0,0.0,0,0.0
54767,15,120,3,0.2,6,0.4,8,0.5333333333333333
54789,4,141,1,0.25,1,0.25,1,0.25
54797,6,120,0,0.0,0,0.0,0,0.0
54825,1,120,0,0.0,0,0.0,0,0.0
54884,5,120,4,0.8,5,1.0,5,1.0
54890,15,177,9,0.6,10,0.6666666666666666,10,0.6666666666666666
54936,1,136,1,1.0,1,1.0,1,1.0
54984,3,120,0,0.0,0,0.0,0,0.0
54991,1,120,0,0.0,0,0.0,0,0.0
54998,2,120,0,0.0,0,0.0,0,0.0
55005,11,120,0,0.0,0,0.0,0,0.0
55029,24,171,9,0.375,9,0.375,9,0.375
55034,1,120,0,0.0,0,0.0,0,0.0
55076,5,120,0,0.0,0,0.0,0,0.0
55082,3,120,0,0.0,0,0.0,0,0.0
55089,2,175,2,1.0,2,1.0,2,1.0
55092,1,121,0,0.0,0,0.0,0,0.0
55157,2,120,0,0.0,0,0.0,0,0.0
55177,1,120,1,1.0,1,1.0,1,1.0
55180,16,120,1,0.0625,1,0.0625,1,0.0625
55186,25,120,8,0.32,10,0.4,10,0.4
55190,1,120,0,0.0,0,0.0,0,0.0
55292,2,139,1,0.5,1,0.5,1,0.5
55293,4,120,0,0.0,0,0.0,0,0.0
55314,3,120,0,0.0,0,0.0,0,0.0
55317,8,120,0,0.0,0,0.0,2,0.25
55380,2,153,2,1.0,2,1.0,2,1.0
55424,5,120,3,0.6,3,0.6,3,0.6
55431,5,120,0,0.0,0,0.0,0,0.0
55435,3,120,0,0.0,0,0.0,0,0.0
55490,15,120,1,0.06666666666666667,2,0.13333333333333333,2,0.13333333333333333
55493,1,120,1,1.0,1,1.0,1,1.0
55507,8,174,6,0.75,6,0.75,6,0.75
55511,1,120,0,0.0,0,0.0,0,0.0
55521,1,120,0,0.0,0,0.0,0,0.0
55524,2,120,0,0.0,0,0.0,0,0.0
55552,9,172,6,0.6666666666666666,6,0.6666666666666666,6,0.6666666666666666
55590,1,120,0,0.0,0,0.0,0,0.0
55609,7,120,5,0.7142857142857143,6,0.8571428571428571,6,0.8571428571428571
55640,1,120,0,0.0,0,0.0,0,0.0
55644,1,120,0,0.0,0,0.0,0,0.0
55667,9,120,0,0.0,0,0.0,0,0.0
55674,4,120,3,0.75,3,0.75,3,0.75
55696,7,120,1,0.14285714285714285,1,0.14285714285714285,1,0.14285714285714285
55712,9,120,3,0.3333333333333333,4,0.4444444444444444,4,0.4444444444444444
55727,2,139,1,0.5,1,0.5,1,0.5
55742,2,120,0,0.0,0,0.0,1,0.5
55743,7,120,0,0.0,0,0.0,0,0.0
55773,18,120,2,0.1111111111111111,3,0.16666666666666666,4,0.2222222222222222
55837,9,144,7,0.7777777777777778,7,0.7777777777777778,7,0.7777777777777778
55882,3,120,0,0.0,0,0.0,0,0.0
55911,17,144,5,0.29411764705882354,5,0.29411764705882354,5,0.29411764705882354
55923,2,120,0,0.0,0,0.0,0,0.0
55929,1,120,1,1.0,1,1.0,1,1.0
55940,2,120,1,0.5,1,0.5,1,0.5
55960,2,120,0,0.0,0,0.0,1,0.5
55981,1,120,0,0.0,0,0.0,0,0.0
55991,1,120,0,0.0,0,0.0,0,0.0
56016,10,120,0,0.0,1,0.1,1,0.1
56025,6,120,1,0.16666666666666666,1,0.16666666666666666,1,0.16666666666666666
56036,5,120,0,0.0,0,0.0,0,0.0
56067,6,120,0,0.0,0,0.0,0,0.0
56072,1,141,0,0.0,0,0.0,0,0.0
56114,4,120,0,0.0,0,0.0,0,0.0
56125,4,120,0,0.0,0,0.0,0,0.0
56174,2,120,2,1.0,2,1.0,2,1.0
56179,6,120,3,0.5,3,0.5,3,0.5
56191,4,120,0,0.0,0,0.0,0,0.0
56231,19,120,1,0.05263157894736842,1,0.05263157894736842,2,0.10526315789473684
56312,3,120,0,0.0,0,0.0,0,0.0
56337,7,120,2,0.2857142857142857,2,0.2857142857142857,2,0.2857142857142857
56345,3,120,0,0.0,0,0.0,0,0.0
56390,6,120,0,0.0,1,0.16666666666666666,1,0.16666666666666666
56393,1,120,1,1.0,1,1.0,1,1.0
56426,2,120,2,1.0,2,1.0,2,1.0
56462,9,120,5,0.5555555555555556,5,0.5555555555555556,5,0.5555555555555556
56502,9,120,0,0.0,0,0.0,0,0.0
56520,1,144,0,0.0,0,0.0,0,0.0
56603,8,155,2,0.25,3,0.375,3,0.375
56611,4,120,4,1.0,4,1.0,4,1.0
56620,1,123,0,0.0,0,0.0,0,0.0
56626,17,128,3,0.17647058823529413,3,0.17647058823529413,3,0.17647058823529413
56627,3,120,0,0.0,1,0.3333333333333333,1,0.3333333333333333
56635,1,120,0,0.0,0,0.0,0,0.0
56681,4,120,3,0.75,3,0.75,3,0.75
56738,4,120,3,0.75,3,0.75,3,0.75
56760,30,123,1,0.03333333333333333,1,0.03333333333333333,1,0.03333333333333333
56773,12,120,0,0.0,3,0.25,5,0.4166666666666667
56778,1,120,0,0.0,0,0.0,0,0.0
56801,1,120,0,0.0,0,0.0,0,0.0
56822,1,120,1,1.0,1,1.0,1,1.0
56861,1,120,0,0.0,0,0.0,1,1.0
56875,1,120,1,1.0,1,1.0,1,1.0
56881,3,120,0,0.0,0,0.0,0,0.0
56916,14,120,0,0.0,0,0.0,0,0.0
56922,2,120,0,0.0,1,0.5,1,0.5
56955,3,145,1,0.3333333333333333,1,0.3333333333333333,1,0.3333333333333333
56961,1,120,0,0.0,0,0.0,0,0.0
56962,3,120,1,0.3333333333333333,2,0.6666666666666666,2,0.6666666666666666
57013,3,120,1,0.3333333333333333,1,0.3333333333333333,1,0.3333333333333333
57030,3,133,2,0.6666666666666666,2,0.6666666666666666,2,0.6666666666666666
57093,13,120,0,0.0,1,0.07692307692307693,1,0.07692307692307693
57162,1,120,0,0.0,0,0.0,0,0.0
57167,6,139,3,0.5,3,0.5,3,0.5
57174,1,120,0,0.0,0,0.0,0,0.0
57210,2,120,1,0.5,1,0.5,1,0.5
57227,1,120,1,1.0,1,1.0,1,1.0
57232,5,120,1,0.2,1,0.2,1,0.2
57245,6,169,5,0.8333333333333334,5,0.8333333333333334,6,1.0
57258,3,120,0,0.0,0,0.0,0,0.0
57264,1,120,0,0.0,1,1.0,1,1.0
57275,12,185,5,0.4166666666666667,6,0.5,6,0.5
57305,5,162,4,0.8,4,0.8,4,0.8
57314,3,199,2,0.6666666666666666,2,0.6666666666666666,2,0.6666666666666666
57324,1,120,0,0.0,1,1.0,1,1.0
57327,1,120,1,1.0,1,1.0,1,1.0
57348,16,120,0,0.0,2,0.125,2,0.125
57364,2,120,0,0.0,0,0.0,0,0.0
57381,9,120,2,0.2222222222222222,2,0.2222222222222222,2,0.2222222222222222
57385,10,120,0,0.0,1,0.1,1,0.1
57409,1,120,0,0.0,0,0.0,0,0.0
57412,7,120,4,0.5714285714285714,4,0.5714285714285714,4,0.5714285714285714
57435,5,120,0,0.0,0,0.0,0,0.0
57461,2,120,0,0.0,0,0.0,0,0.0
57469,2,120,1,0.5,1,0.5,1,0.5
57476,2,120,1,0.5,2,1.0,2,1.0
57482,3,141,1,0.3333333333333333,1,0.3333333333333333,1,0.3333333333333333
57493,10,120,2,0.2,2,0.2,2,0.2
57511,6,120,0,0.0,0,0.0,0,0.0
57541,1,120,0,0.0,0,0.0,0,0.0
57569,4,120,1,0.25,1,0.25,1,0.25
57583,14,120,2,0.14285714285714285,3,0.21428571428571427,3,0.21428571428571427
57647,2,120,1,0.5,1,0.5,1,0.5
57705,1,120,0,0.0,0,0.0,0,0.0
57723,21,191,9,0.42857142857142855,11,0.5238095238095238,11,0.5238095238095238
57725,1,120,0,0.0,0,0.0,0,0.0
57740,17,179,11,0.6470588235294118,11,0.6470588235294118,11,0.6470588235294118
57745,2,120,0,0.0,0,0.0,0,0.0
57753,5,120,1,0.2,2,0.4,2,0.4
57773,16,120,0,0.0,0,0.0,0,0.0
57831,3,169,2,0.6666666666666666,3,1.0,3,1.0
57837,2,134,0,0.0,0,0.0,0,0.0
57845,6,120,3,0.5,4,0.6666666666666666,4,0.6666666666666666
57849,1,120,1,1.0,1,1.0,1,1.0
57910,1,142,1,1.0,1,1.0,1,1.0
57956,5,123,0,0.0,0,0.0,0,0.0
57972,1,120,0,0.0,0,0.0,0,0.0
57974,2,120,0,0.0,1,0.5,1,0.5
57995,1,120,0,0.0,0,0.0,0,0.0
58018,2,120,0,0.0,2,1.0,2,1.0
58031,1,120,0,0.0,0,0.0,0,0.0
58036,2,120,0,0.0,0,0.0,0,0.0
58040,8,120,0,0.0,3,0.375,3,0.375
58048,15,120,0,0.0,0,0.0,0,0.0
58078,2,120,0,0.0,0,0.0,0,0.0
58099,9,120,0,0.0,0,0.0,0,0.0
58116,12,120,0,0.0,2,0.16666666666666666,2,0.16666666666666666
58155,12,120,0,0.0,0,0.0,1,0.08333333333333333
58186,1,120,0,0.0,0,0.0,0,0.0
58268,11,120,0,0.0,4,0.36363636363636365,5,0.45454545454545453
58292,2,120,0,0.0,0,0.0,0,0.0
58305,2,120,0,0.0,1,0.5,1,0.5
58339,4,141,1,0.25,1,0.25,1,0.25
58348,1,120,0,0.0,0,0.0,0,0.0
58361,2,139,1,0.5,1,0.5,1,0.5
58365,3,120,1,0.3333333333333333,1,0.3333333333333333,1,0.3333333333333333
58398,2,120,0,0.0,1,0.5,1,0.5
58402,1,135,1,1.0,1,1.0,1,1.0
58404,2,120,0,0.0,1,0.5,1,0.5
58413,4,141,4,1.0,4,1.0,4,1.0
58479,1,120,0,0.0,0,0.0,0,0.0
58499,23,153,9,0.391304347826087,10,0.43478260869565216,11,0.4782608695652174
58508,2,120,0,0.0,0,0.0,0,0.0
58537,11,169,9,0.8181818181818182,9,0.8181818181818182,9,0.8181818181818182
58555,3,120,1,0.3333333333333333,1,0.3333333333333333,1,0.3333333333333333
58556,3,120,2,0.6666666666666666,2,0.6666666666666666,2,0.6666666666666666
58557,9,120,4,0.4444444444444444,5,0.5555555555555556,5,0.5555555555555556
58569,7,120,5,0.7142857142857143,5,0.7142857142857143,5,0.7142857142857143
58591,5,120,0,0.0,0,0.0,0,0.0
58597,2,120,1,0.5,1,0.5,1,0.5
58611,2,120,1,0.5,1,0.5,1,0.5
58614,6,120,1,0.16666666666666666,3,0.5,3,0.5
58631,7,120,1,0.14285714285714285,3,0.42857142857142855,3,0.42857142857142855
58642,2,126,2,1.0,2,1.0,2,1.0
58655,1,120,0,0.0,0,0.0,0,0.0
58665,3,120,0,0.0,0,0.0,0,0.0
58673,1,132,0,0.0,0,0.0,0,0.0
58747,10,120,0,0.0,2,0.2,2,0.2
58761,5,120,1,0.2,1,0.2,1,0.2
58762,9,120,2,0.2222222222222222,2,0.2222222222222222,2,0.2222222222222222
58763,6,120,1,0.16666666666666666,1,0.16666666666666666,1,0.16666666666666666
58776,1,120,0,0.0,0,0.0,0,0.0
58782,4,120,0,0.0,0,0.0,0,0.0
58784,4,120,0,0.0,0,0.0,0,0.0
58787,9,120,6,0.6666666666666666,7,0.7777777777777778,7,0.7777777777777778
58801,1,120,0,0.0,0,0.0,0,0.0
58834,1,168,1,1.0,1,1.0,1,1.0
58901,2,120,0,0.0,0,0.0,0,0.0
58918,2,120,0,0.0,0,0.0,0,0.0
58925,1,144,1,1.0,1,1.0,1,1.0
58939,3,120,1,0.3333333333333333,1,0.3333333333333333,1,0.3333333333333333
58943,6,153,2,0.3333333333333333,2,0.3333333333333333,2,0.3333333333333333
58961,1,120,0,0.0,0,0.0,0,0.0
58997,4,120,1,0.25,1,0.25,1,0.25
59014,1,120,0,0.0,0,0.0,0,0.0
59035,3,120,0,0.0,0,0.0,0,0.0
59041,1,121,1,1.0,1,1.0,1,1.0
59042,2,120,0,0.0,0,0.0,0,0.0
59099,1,120,0,0.0,0,0.0,0,0.0
59118,1,120,0,0.0,0,0.0,0,0.0
59124,2,120,0,0.0,0,0.0,0,0.0
59150,2,120,0,0.0,1,0.5,1,0.5
59176,1,120,0,0.0,0,0.0,0,0.0
59192,7,160,7,1.0,7,1.0,7,1.0
59193,3,154,1,0.3333333333333333,1,0.3333333333333333,1,0.3333333333333333
59208,9,120,5,0.5555555555555556,5,0.5555555555555556,6,0.6666666666666666
59210,11,120,2,0.18181818181818182,3,0.2727272727272727,4,0.36363636363636365
59224,3,120,0,0.0,0,0.0,0,0.0
59262,1,120,0,0.0,0,0.0,0,0.0
59273,5,129,3,0.6,3,0.6,3,0.6
59275,2,143,2,1.0,2,1.0,2,1.0
59304,1,120,0,0.0,0,0.0,0,0.0
59317,3,120,0,0.0,0,0.0,0,0.0
59337,7,162,3,0.42857142857142855,3,0.42857142857142855,3,0.42857142857142855
59360,1,120,0,0.0,0,0.0,0,0.0
59383,17,120,1,0.058823529411764705,1,0.058823529411764705,1,0.058823529411764705
59386,1,120,0,0.0,0,0.0,0,0.0
59389,9,120,0,0.0,0,0.0,0,0.0
59400,4,144,4,1.0,4,1.0,4,1.0
59404,4,120,1,0.25,1,0.25,1,0.25
59409,4,120,1,0.25,1,0.25,1,0.25
59517,2,120,0,0.0,0,0.0,0,0.0
59518,3,120,0,0.0,0,0.0,1,0.3333333333333333
59525,6,120,1,0.16666666666666666,1,0.16666666666666666,1,0.16666666666666666
59530,3,154,2,0.6666666666666666,2,0.6666666666666666,2,0.6666666666666666
59578,4,120,1,0.25,1,0.25,1,0.25
59595,2,120,1,0.5,1,0.5,2,1.0
59667,2,120,0,0.0,0,0.0,0,0.0
59697,1,120,0,0.0,0,0.0,0,0.0
59725,8,120,1,0.125,1,0.125,1,0.125
59738,1,120,1,1.0,1,1.0,1,1.0
59741,1,120,0,0.0,0,0.0,0,0.0
59752,2,120,0,0.0,0,0.0,0,0.0
59770,1,120,0,0.0,0,0.0,0,0.0
59778,11,120,0,0.0,0,0.0,0,0.0
59785,12,153,8,0.6666666666666666,9,0.75,9,0.75
59787,2,158,2,1.0,2,1.0,2,1.0
59838,12,120,0,0.0,1,0.08333333333333333,1,0.08333333333333333
59911,4,120,0,0.0,0,0.0,0,0.0
59944,13,120,2,0.15384615384615385,2,0.15384615384615385,2,0.15384615384615385
59967,3,120,0,0.0,1,0.3333333333333333,1,0.3333333333333333
59969,9,120,1,0.1111111111111111,3,0.3333333333333333,3,0.3333333333333333
59970,4,120,0,0.0,0,0.0,0,0.0
60003,2,120,0,0.0,0,0.0,0,0.0
60004,5,120,1,0.2,1,0.2,1,0.2
60014,6,120,0,0.0,0,0.0,0,0.0
60029,1,120,0,0.0,0,0.0,0,0.0
60031,6,120,0,0.0,0,0.0,0,0.0
60042,2,120,1,0.5,1,0.5,1,0.5
60061,4,178,1,0.25,1,0.25,1,0.25
60119,1,120,0,0.0,0,0.0,0,0.0
60120,3,130,0,0.0,0,0.0,0,0.0
60121,2,137,2,1.0,2,1.0,2,1.0
60128,3,120,0,0.0,0,0.0,0,0.0
60147,2,120,0,0.0,1,0.5,1,0.5
60169,3,120,0,0.0,0,0.0,0,0.0
60233,13,120,4,0.3076923076923077,5,0.38461538461538464,5,0.38461538461538464
60239,2,120,0,0.0,0,0.0,0,0.0
60245,4,120,1,0.25,1,0.25,1,0.25
60275,7,171,3,0.42857142857142855,3,0.42857142857142855,4,0.5714285714285714
60318,17,164,4,0.23529411764705882,5,0.29411764705882354,5,0.29411764705882354
60358,1,120,0,0.0,0,0.0,0,0.0
60372,1,120,0,0.0,0,0.0,0,0.0
60397,4,120,3,0.75,3,0.75,3,0.75
60462,11,120,0,0.0,1,0.09090909090909091,1,0.09090909090909091
60520,1,120,0,0.0,0,0.0,0,0.0
60556,12,176,8,0.6666666666666666,9,0.75,9,0.75
60572,1,120,0,0.0,0,0.0,0,0.0
60582,1,120,0,0.0,0,0.0,0,0.0
60583,1,120,0,0.0,0,0.0,0,0.0
60600,1,120,0,0.0,0,0.0,0,0.0
60610,3,140,3,1.0,3,1.0,3,1.0
60614,3,142,1,0.3333333333333333,2,0.6666666666666666,2,0.6666666666666666
60664,1,120,0,0.0,1,1.0,1,1.0
60665,2,137,2,1.0,2,1.0,2,1.0
60699,3,120,2,0.6666666666666666,3,1.0,3,1.0
60718,1,120,0,0.0,0,0.0,0,0.0
60731,1,120,0,0.0,0,0.0,0,0.0
60780,1,120,0,0.0,0,0.0,0,0.0
60782,1,122,0,0.0,0,0.0,0,0.0
60789,1,120,0,0.0,0,0.0,0,0.0
60814,6,120,0,0.0,0,0.0,0,0.0
60819,1,144,1,1.0,1,1.0,1,1.0
60822,2,120,0,0.0,0,0.0,0,0.0
60829,1,120,0,0.0,0,0.0,0,0.0
60847,3,120,1,0.3333333333333333,2,0.6666666666666666,2,0.6666666666666666
60883,4,152,3,0.75,3,0.75,3,0.75
60885,4,120,0,0.0,1,0.25,1,0.25
60905,5,120,0,0.0,3,0.6,3,0.6
60953,1,120,0,0.0,0,0.0,0,0.0
60960,1,162,1,1.0,1,1.0,1,1.0
60961,1,120,0,0.0,1,1.0,1,1.0
60978,1,120,0,0.0,0,0.0,0,0.0
60985,2,124,2,1.0,2,1.0,2,1.0
60987,4,120,1,0.25,1,0.25,1,0.25
60991,6,120,0,0.0,1,0.16666666666666666,1,0.16666666666666666
60997,1,120,0,0.0,1,1.0,1,1.0
61079,4,142,4,1.0,4,1.0,4,1.0
61090,2,120,1,0.5,1,0.5,1,0.5
61136,4,120,2,0.5,2,0.5,2,0.5
61145,23,120,0,0.0,0,0.0,0,0.0
61150,1,120,0,0.0,0,0.0,0,0.0
61170,5,120,0,0.0,0,0.0,0,0.0
61182,4,120,0,0.0,0,0.0,0,0.0
61188,12,145,3,0.25,3,0.25,3,0.25
61204,4,120,0,0.0,0,0.0,0,0.0
61218,1,120,0,0.0,0,0.0,0,0.0
61278,4,120,0,0.0,0,0.0,0,0.0
61286,3,120,0,0.0,0,0.0,0,0.0
61301,6,120,0,0.0,0,0.0,0,0.0
61305,3,120,0,0.0,0,0.0,0,0.0
61312,1,120,0,0.0,0,0.0,0,0.0
61367,2,120,0,0.0,0,0.0,0,0.0
61372,1,120,0,0.0,0,0.0,0,0.0
61396,2,120,0,0.0,0,0.0,0,0.0
61419,4,120,0,0.0,0,0.0,0,0.0
61422,1,120,0,0.0,0,0.0,0,0.0
61435,1,120,0,0.0,0,0.0,0,0.0
61436,2,145,0,0.0,0,0.0,0,0.0
61441,1,120,0,0.0,1,1.0,1,1.0
61450,3,120,0,0.0,0,0.0,0,0.0
61472,2,120,0,0.0,0,0.0,0,0.0
61509,2,120,0,0.0,0,0.0,0,0.0
61535,2,120,1,0.5,1,0.5,1,0.5
61557,8,140,2,0.25,3,0.375,3,0.375
61558,13,120,5,0.38461538461538464,5,0.38461538461538464,6,0.46153846153846156
61562,1,120,0,0.0,0,0.0,0,0.0
61589,6,130,4,0.6666666666666666,4,0.6666666666666666,4,0.6666666666666666
61596,11,200,5,0.45454545454545453,6,0.5454545454545454,6,0.5454545454545454
61599,1,120,0,0.0,0,0.0,0,0.0
61643,5,120,1,0.2,1,0.2,2,0.4
61670,1,120,0,0.0,0,0.0,0,0.0
61681,2,120,1,0.5,1,0.5,1,0.5
61683,1,135,1,1.0,1,1.0,1,1.0
61777,1,120,1,1.0,1,1.0,1,1.0
61807,7,120,1,0.14285714285714285,2,0.2857142857142857,2,0.2857142857142857
61815,1,120,1,1.0,1,1.0,1,1.0
61832,6,120,1,0.16666666666666666,1,0.16666666666666666,1,0.16666666666666666
61925,1,120,0,0.0,0,0.0,0,0.0
61935,13,167,11,0.8461538461538461,11,0.8461538461538461,11,0.8461538461538461
61938,2,120,0,0.0,0,0.0,0,0.0
61974,4,120,0,0.0,0,0.0,0,0.0
61975,1,120,0,0.0,0,0.0,0,0.0
61992,3,120,0,0.0,0,0.0,0,0.0
62015,7,144,5,0.7142857142857143,5,0.7142857142857143,5,0.7142857142857143
62056,2,120,1,0.5,1,0.5,1,0.5
62059,1,120,0,0.0,1,1.0,1,1.0
62071,6,120,4,0.6666666666666666,4,0.6666666666666666,4,0.6666666666666666
62072,1,120,0,0.0,1,1.0,1,1.0
62085,6,120,0,0.0,0,0.0,0,0.0
62097,14,120,3,0.21428571428571427,5,0.35714285714285715,5,0.35714285714285715
62098,10,120,0,0.0,0,0.0,0,0.0
62100,5,120,0,0.0,0,0.0,0,0.0
62132,3,120,0,0.0,0,0.0,0,0.0
62158,15,120,4,0.26666666666666666,5,0.3333333333333333,5,0.3333333333333333
62182,5,162,3,0.6,3,0.6,3,0.6
62205,8,120,0,0.0,0,0.0,0,0.0
62236,1,135,0,0.0,1,1.0,1,1.0
62250,3,120,0,0.0,0,0.0,0,0.0
62271,1,120,0,0.0,0,0.0,0,0.0
62287,9,120,0,0.0,0,0.0,1,0.1111111111111111
62311,1,120,0,0.0,0,0.0,0,0.0
62323,1,120,0,0.0,0,0.0,0,0.0
62343,3,122,2,0.6666666666666666,2,0.6666666666666666,2,0.6666666666666666
62353,2,120,0,0.0,0,0.0,0,0.0
62359,5,120,0,0.0,0,0.0,0,0.0
62390,3,120,1,0.3333333333333333,1,0.3333333333333333,1,0.3333333333333333
62413,12,120,0,0.0,0,0.0,0,0.0
62435,5,144,2,0.4,3,0.6,3,0.6
62446,3,120,0,0.0,0,0.0,0,0.0
62493,12,120,0,0.0,0,0.0,0,0.0
62518,3,120,2,0.6666666666666666,2,0.6666666666666666,2,0.6666666666666666
62554,2,149,1,0.5,1,0.5,1,0.5
62566,5,144,3,0.6,3,0.6,3,0.6
62573,12,120,6,0.5,7,0.5833333333333334,7,0.5833333333333334
62601,2,120,0,0.0,2,1.0,2,1.0
62611,14,120,1,0.07142857142857142,1,0.07142857142857142,1,0.07142857142857142
62621,1,120,0,0.0,0,0.0,0,0.0
62631,1,120,0,0.0,0,0.0,0,0.0
62669,1,120,0,0.0,0,0.0,0,0.0
62677,3,120,1,0.3333333333333333,1,0.3333333333333333,1,0.3333333333333333
62683,5,120,0,0.0,0,0.0,0,0.0
62697,13,120,0,0.0,0,0.0,0,0.0
62699,2,120,0,0.0,0,0.0,0,0.0
62713,5,120,0,0.0,2,0.4,2,0.4
62754,1,120,0,0.0,0,0.0,0,0.0
62786,2,120,1,0.5,1,0.5,1,0.5
62789,2,120,0,0.0,0,0.0,0,0.0
62806,2,185,1,0.5,1,0.5,1,0.5
62828,2,120,0,0.0,1,0.5,1,0.5
62860,2,145,2,1.0,2,1.0,2,1.0
62897,1,120,0,0.0,0,0.0,0,0.0
62922,2,120,1,0.5,1,0.5,1,0.5
62924,2,120,2,1.0,2,1.0,2,1.0
62926,7,120,0,0.0,0,0.0,0,0.0
62950,7,120,2,0.2857142857142857,2,0.2857142857142857,2,0.2857142857142857
62952,1,120,1,1.0,1,1.0,1,1.0
62970,1,120,1,1.0,1,1.0,1,1.0
62983,14,120,1,0.07142857142857142,1,0.07142857142857142,1,0.07142857142857142
62991,11,120,0,0.0,0,0.0,0,0.0
63032,15,120,3,0.2,3,0.2,4,0.26666666666666666
63043,1,120,0,0.0,0,0.0,0,0.0
63059,1,120,0,0.0,1,1.0,1,1.0
63061,2,120,0,0.0,0,0.0,0,0.0
63098,7,167,6,0.8571428571428571,6,0.8571428571428571,6,0.8571428571428571
63109,2,120,2,1.0,2,1.0,2,1.0
63161,2,120,0,0.0,1,0.5,1,0.5
63180,6,120,2,0.3333333333333333,3,0.5,3,0.5
63193,2,120,0,0.0,0,0.0,0,0.0
63202,8,120,3,0.375,4,0.5,4,0.5
63203,1,120,0,0.0,0,0.0,0,0.0
63215,3,120,0,0.0,0,0.0,1,0.3333333333333333
63224,2,120,0,0.0,0,0.0,0,0.0
63226,3,120,2,0.6666666666666666,3,1.0,3,1.0
63254,3,120,3,1.0,3,1.0,3,1.0
63286,5,120,0,0.0,0,0.0,0,0.0
63336,5,120,0,0.0,0,0.0,0,0.0
63346,3,120,0,0.0,0,0.0,0,0.0
63366,2,120,0,0.0,0,0.0,0,0.0
63398,6,120,0,0.0,0,0.0,0,0.0
63401,5,120,0,0.0,0,0.0,0,0.0
63417,4,126,4,1.0,4,1.0,4,1.0
63418,12,120,0,0.0,1,0.08333333333333333,2,0.16666666666666666
63424,1,120,0,0.0,0,0.0,0,0.0
63504,7,120,2,0.2857142857142857,2,0.2857142857142857,2,0.2857142857142857
63506,7,120,0,0.0,0,0.0,0,0.0
63555,4,120,2,0.5,3,0.75,3,0.75
63564,8,146,2,0.25,3,0.375,3,0.375
63596,14,120,5,0.35714285714285715,5,0.35714285714285715,6,0.42857142857142855
63605,1,120,1,1.0,1,1.0,1,1.0
63632,1,145,1,1.0,1,1.0,1,1.0
63723,2,120,0,0.0,0,0.0,0,0.0
63735,1,120,0,0.0,0,0.0,0,0.0
63744,1,120,0,0.0,0,0.0,0,0.0
63768,4,120,1,0.25,2,0.5,2,0.5
63772,4,120,0,0.0,1,0.25,1,0.25
63781,5,122,1,0.2,1,0.2,1,0.2
63799,30,120,0,0.0,0,0.0,0,0.0
63853,2,120,0,0.0,0,0.0,0,0.0
63862,3,135,1,0.3333333333333333,1,0.3333333333333333,1,0.3333333333333333
63866,8,120,1,0.125,2,0.25,2,0.25
63877,6,167,4,0.6666666666666666,4,0.6666666666666666,4,0.6666666666666666
63888,1,120,0,0.0,0,0.0,0,0.0
63939,22,120,1,0.045454545454545456,1,0.045454545454545456,1,0.045454545454545456
63942,1,121,1,1.0,1,1.0,1,1.0
63963,1,120,0,0.0,0,0.0,0,0.0
63980,5,133,4,0.8,4,0.8,4,0.8
63991,4,138,1,0.25,1,0.25,1,0.25
64029,1,120,0,0.0,0,0.0,0,0.0
64034,11,120,2,0.18181818181818182,2,0.18181818181818182,2,0.18181818181818182
64046,1,120,1,1.0,1,1.0,1,1.0
64070,3,120,1,0.3333333333333333,2,0.6666666666666666,2,0.6666666666666666
64124,5,170,3,0.6,4,0.8,5,1.0
64154,1,120,0,0.0,0,0.0,0,0.0
64190,4,120,1,0.25,1,0.25,1,0.25
64213,1,120,0,0.0,0,0.0,0,0.0
64321,2,120,0,0.0,0,0.0,0,0.0
64327,1,120,0,0.0,0,0.0,0,0.0
64338,4,120,0,0.0,1,0.25,1,0.25
64350,2,120,1,0.5,1,0.5,1,0.5
64356,1,122,0,0.0,0,0.0,0,0.0
64362,2,120,0,0.0,0,0.0,0,0.0
64396,1,120,0,0.0,0,0.0,0,0.0
64405,12,120,2,0.16666666666666666,2,0.16666666666666666,2,0.16666666666666666
64419,1,120,0,0.0,0,0.0,0,0.0
64422,1,120,0,0.0,0,0.0,0,0.0
64439,12,120,0,0.0,1,0.08333333333333333,1,0.08333333333333333
64446,10,120,0,0.0,0,0.0,0,0.0
64455,4,120,0,0.0,0,0.0,0,0.0
64492,3,120,0,0.0,0,0.0,0,0.0
64498,3,120,0,0.0,0,0.0,0,0.0
64518,11,120,1,0.09090909090909091,2,0.18181818181818182,2,0.18181818181818182
64552,3,120,1,0.3333333333333333,1,0.3333333333333333,1,0.3333333333333333
64559,1,120,0,0.0,0,0.0,0,0.0
64574,2,137,0,0.0,0,0.0,0,0.0
64592,3,120,1,0.3333333333333333,1,0.3333333333333333,1,0.3333333333333333
64621,2,120,0,0.0,0,0.0,0,0.0
64625,1,120,0,0.0,0,0.0,0,0.0
64646,2,120,0,0.0,0,0.0,0,0.0
64700,2,120,1,0.5,1,0.5,1,0.5
64701,4,120,0,0.0,0,0.0,0,0.0
64722,3,120,0,0.0,1,0.3333333333333333,1,0.3333333333333333
64732,11,120,1,0.09090909090909091,1,0.09090909090909091,1,0.09090909090909091
64772,3,120,0,0.0,0,0.0,0,0.0
64794,3,120,0,0.0,0,0.0,0,0.0
64838,2,120,0,0.0,0,0.0,0,0.0
64860,6,120,0,0.0,0,0.0,0,0.0
64934,14,120,0,0.0,2,0.14285714285714285,2,0.14285714285714285
64947,3,120,2,0.6666666666666666,2,0.6666666666666666,2,0.6666666666666666
64951,17,120,1,0.058823529411764705,1,0.058823529411764705,1,0.058823529411764705
64989,1,120,0,0.0,0,0.0,0,0.0
65019,3,120,0,0.0,0,0.0,0,0.0
65020,3,122,0,0.0,0,0.0,0,0.0
65040,9,120,6,0.6666666666666666,6,0.6666666666666666,6,0.6666666666666666
65052,2,120,0,0.0,0,0.0,0,0.0
65069,2,120,0,0.0,1,0.5,1,0.5
65144,5,120,0,0.0,0,0.0,0,0.0
65151,9,120,3,0.3333333333333333,3,0.3333333333333333,3,0.3333333333333333
65164,4,120,1,0.25,1,0.25,1,0.25
65193,3,120,0,0.0,0,0.0,0,0.0
65198,17,144,6,0.35294117647058826,6,0.35294117647058826,6,0.35294117647058826
65209,7,120,0,0.0,0,0.0,1,0.14285714285714285
65257,5,120,0,0.0,0,0.0,0,0.0
65259,6,121,4,0.6666666666666666,5,0.8333333333333334,5,0.8333333333333334
65267,2,120,0,0.0,1,0.5,1,0.5
65270,2,120,0,0.0,0,0.0,0,0.0
65302,11,120,4,0.36363636363636365,5,0.45454545454545453,5,0.45454545454545453
65357,4,120,0,0.0,0,0.0,0,0.0
65375,3,120,0,0.0,0,0.0,0,0.0
65397,1,135,0,0.0,0,0.0,0,0.0
65408,4,120,0,0.0,1,0.25,1,0.25
65429,13,176,8,0.6153846153846154,8,0.6153846153846154,8,0.6153846153846154
65445,5,120,0,0.0,0,0.0,0,0.0
65448,3,120,0,0.0,0,0.0,0,0.0
65460,2,120,1,0.5,1,0.5,1,0.5
65493,9,120,2,0.2222222222222222,2,0.2222222222222222,2,0.2222222222222222
65498,5,120,0,0.0,0,0.0,0,0.0
65547,6,130,1,0.16666666666666666,1,0.16666666666666666,1,0.16666666666666666
65606,1,120,1,1.0,1,1.0,1,1.0
65627,18,120,0,0.0,1,0.05555555555555555,1,0.05555555555555555
65636,1,120,0,0.0,0,0.0,0,0.0
65642,15,120,0,0.0,1,0.06666666666666667,1,0.06666666666666667
65654,3,165,3,1.0,3,1.0,3,1.0
65657,1,120,0,0.0,0,0.0,0,0.0
65681,15,120,0,0.0,1,0.06666666666666667,1,0.06666666666666667
65682,20,127,7,0.35,8,0.4,8,0.4
65704,12,120,0,0.0,0,0.0,0,0.0
65706,1,120,0,0.0,0,0.0,0,0.0
65721,2,120,1,0.5,1,0.5,1,0.5
65729,1,144,0,0.0,0,0.0,0,0.0
65744,2,120,1,0.5,2,1.0,2,1.0
65764,2,120,0,0.0,0,0.0,0,0.0
65785,1,120,0,0.0,0,0.0,0,0.0
65795,6,120,0,0.0,0,0.0,0,0.0
65805,2,120,0,0.0,0,0.0,0,0.0
65814,1,120,1,1.0,1,1.0,1,1.0
65847,3,120,0,0.0,0,0.0,0,0.0
65904,2,120,0,0.0,0,0.0,0,0.0
65906,9,192,6,0.6666666666666666,6,0.6666666666666666,7,0.7777777777777778
65925,1,120,0,0.0,0,0.0,0,0.0
65930,1,120,1,1.0,1,1.0,1,1.0
65934,3,120,0,0.0,0,0.0,0,0.0
65952,2,120,0,0.0,0,0.0,0,0.0
65976,4,120,2,0.5,2,0.5,3,0.75
65977,9,120,1,0.1111111111111111,1,0.1111111111111111,1,0.1111111111111111
65992,4,136,3,0.75,3,0.75,4,1.0
65995,7,120,0,0.0,0,0.0,0,0.0
66004,4,120,0,0.0,0,0.0,1,0.25
66006,2,120,0,0.0,0,0.0,1,0.5
66024,3,120,0,0.0,1,0.3333333333333333,1,0.3333333333333333
66037,1,120,1,1.0,1,1.0,1,1.0
66050,2,120,0,0.0,0,0.0,0,0.0
66081,3,120,1,0.3333333333333333,1,0.3333333333333333,1,0.3333333333333333
66085,4,120,3,0.75,3,0.75,3,0.75
66090,13,120,0,0.0,0,0.0,0,0.0
66101,1,120,0,0.0,0,0.0,0,0.0
66120,16,120,0,0.0,0,0.0,0,0.0
66209,3,120,0,0.0,1,0.3333333333333333,1,0.3333333333333333
66239,10,120,1,0.1,1,0.1,1,0.1
66257,7,161,6,0.8571428571428571,6,0.8571428571428571,6,0.8571428571428571
66258,1,120,0,0.0,0,0.0,0,0.0
66278,1,120,0,0.0,0,0.0,0,0.0
66318,16,120,0,0.0,0,0.0,0,0.0
66347,14,120,0,0.0,0,0.0,0,0.0
66375,17,120,2,0.11764705882352941,3,0.17647058823529413,3,0.17647058823529413
66385,2,120,0,0.0,0,0.0,0,0.0
66395,8,120,0,0.0,0,0.0,0,0.0
66412,7,148,5,0.7142857142857143,5,0.7142857142857143,6,0.8571428571428571
66447,3,120,1,0.3333333333333333,1,0.3333333333333333,1,0.3333333333333333
66448,6,120,1,0.16666666666666666,1,0.16666666666666666,1,0.16666666666666666
66461,2,137,1,0.5,1,0.5,1,0.5
66515,2,120,0,0.0,1,0.5,1,0.5
66517,3,122,2,0.6666666666666666,2,0.6666666666666666,2,0.6666666666666666
66542,9,120,0,0.0,0,0.0,0,0.0
66549,1,120,0,0.0,1,1.0,1,1.0
66560,10,147,5,0.5,5,0.5,5,0.5
66576,1,120,0,0.0,1,1.0,1,1.0
66594,1,120,0,0.0,0,0.0,0,0.0
66598,2,120,0,0.0,0,0.0,0,0.0
66609,1,120,0,0.0,0,0.0,0,0.0
66610,6,120,0,0.0,0,0.0,0,0.0
66647,2,120,0,0.0,0,0.0,0,0.0
66684,5,120,1,0.2,3,0.6,3,0.6
66703,1,120,0,0.0,0,0.0,0,0.0
66710,1,120,0,0.0,0,0.0,0,0.0
66741,2,120,0,0.0,1,0.5,1,0.5
66769,1,120,0,0.0,0,0.0,0,0.0
66796,7,120,2,0.2857142857142857,2,0.2857142857142857,2,0.2857142857142857
66832,1,120,0,0.0,0,0.0,0,0.0
66916,3,120,0,0.0,0,0.0,0,0.0
66929,1,120,0,0.0,0,0.0,0,0.0
66948,1,120,0,0.0,0,0.0,0,0.0
66968,3,120,1,0.3333333333333333,1,0.3333333333333333,1,0.3333333333333333
66977,2,120,0,0.0,0,0.0,0,0.0
66990,5,156,2,0.4,3,0.6,3,0.6
66998,1,120,0,0.0,0,0.0,0,0.0
67008,1,120,1,1.0,1,1.0,1,1.0
67011,3,120,0,0.0,0,0.0,0,0.0
67018,5,120,0,0.0,2,0.4,2,0.4
67034,1,120,0,0.0,0,0.0,0,0.0
67060,3,120,0,0.0,0,0.0,0,0.0
67085,1,120,1,1.0,1,1.0,1,1.0
67112,2,120,0,0.0,0,0.0,0,0.0
67125,3,120,3,1.0,3,1.0,3,1.0
67126,2,133,2,1.0,2,1.0,2,1.0
67148,9,120,5,0.5555555555555556,5,0.5555555555555556,6,0.6666666666666666
67184,28,141,1,0.03571428571428571,1,0.03571428571428571,1,0.03571428571428571
67198,2,120,0,0.0,0,0.0,0,0.0
67214,5,134,2,0.4,2,0.4,3,0.6
67221,2,132,1,0.5,1,0.5,2,1.0
67237,1,120,1,1.0,1,1.0,1,1.0
67280,4,146,1,0.25,1,0.25,1,0.25
67289,9,120,0,0.0,1,0.1111111111111111,1,0.1111111111111111
67296,5,141,5,1.0,5,1.0,5,1.0
67319,3,120,0,0.0,0,0.0,0,0.0
67347,5,120,0,0.0,0,0.0,0,0.0
67370,5,120,0,0.0,1,0.2,1,0.2
67384,7,120,0,0.0,0,0.0,0,0.0
67392,2,120,1,0.5,1,0.5,1,0.5
67400,2,120,0,0.0,0,0.0,1,0.5
67448,11,120,1,0.09090909090909091,4,0.36363636363636365,6,0.5454545454545454
67488,17,120,3,0.17647058823529413,3,0.17647058823529413,3,0.17647058823529413
67539,3,120,0,0.0,0,0.0,0,0.0
67551,10,120,2,0.2,2,0.2,2,0.2
67562,1,120,0,0.0,1,1.0,1,1.0
67612,3,120,0,0.0,0,0.0,0,0.0
67624,4,120,1,0.25,1,0.25,2,0.5
67626,6,120,1,0.16666666666666666,1,0.16666666666666666,1,0.16666666666666666
67629,5,120,1,0.2,2,0.4,2,0.4
67643,8,129,3,0.375,3,0.375,3,0.375
67650,5,133,4,0.8,4,0.8,4,0.8
67662,2,120,1,0.5,1,0.5,1,0.5
67672,3,120,0,0.0,0,0.0,0,0.0
67696,1,120,0,0.0,0,0.0,0,0.0
67700,13,120,1,0.07692307692307693,2,0.15384615384615385,2,0.15384615384615385
67709,4,158,2,0.5,2,0.5,2,0.5
67736,9,145,3,0.3333333333333333,3,0.3333333333333333,3,0.3333333333333333
67764,4,120,0,0.0,0,0.0,0,0.0
67775,5,120,4,0.8,5,1.0,5,1.0
67784,3,120,0,0.0,0,0.0,0,0.0
67792,1,175,1,1.0,1,1.0,1,1.0
67801,4,120,0,0.0,0,0.0,0,0.0
67807,2,120,0,0.0,1,0.5,1,0.5
67811,15,120,3,0.2,3,0.2,4,0.26666666666666666
67815,10,120,0,0.0,1,0.1,1,0.1
67818,14,120,3,0.21428571428571427,3,0.21428571428571427,3,0.21428571428571427
67837,2,145,1,0.5,1,0.5,1,0.5
67839,6,120,0,0.0,1,0.16666666666666666,1,0.16666666666666666
67857,2,120,0,0.0,0,0.0,0,0.0
67862,1,120,0,0.0,0,0.0,0,0.0
67885,2,120,1,0.5,2,1.0,2,1.0
67953,5,160,2,0.4,2,0.4,2,0.4
68010,4,120,1,0.25,2,0.5,2,0.5
68038,2,120,0,0.0,0,0.0,0,0.0
68043,9,120,3,0.3333333333333333,3,0.3333333333333333,3,0.3333333333333333
68061,9,120,2,0.2222222222222222,3,0.3333333333333333,4,0.4444444444444444
68092,2,153,1,0.5,1,0.5,1,0.5
68130,1,120,0,0.0,1,1.0,1,1.0
68136,1,120,0,0.0,0,0.0,0,0.0
68137,1,120,0,0.0,0,0.0,0,0.0
68141,13,120,3,0.23076923076923078,3,0.23076923076923078,3,0.23076923076923078
68170,2,120,0,0.0,0,0.0,0,0.0
68180,1,120,0,0.0,0,0.0,0,0.0
68191,3,120,0,0.0,0,0.0,0,0.0
68195,7,124,1,0.14285714285714285,1,0.14285714285714285,1,0.14285714285714285
68202,4,171,0,0.0,0,0.0,0,0.0
68232,2,120,0,0.0,0,0.0,0,0.0
68234,1,120,1,1.0,1,1.0,1,1.0
68239,2,120,0,0.0,0,0.0,0,0.0
68274,5,173,2,0.4,2,0.4,2,0.4
68284,4,120,1,0.25,1,0.25,2,0.5
68296,1,120,0,0.0,0,0.0,0,0.0
68312,9,120,0,0.0,0,0.0,0,0.0
68336,15,131,5,0.3333333333333333,5,0.3333333333333333,5,0.3333333333333333
68358,4,120,1,0.25,2,0.5,2,0.5
68364,2,120,0,0.0,1,0.5,1,0.5
68412,2,120,0,0.0,0,0.0,0,0.0
68420,6,120,1,0.16666666666666666,1,0.16666666666666666,2,0.3333333333333333
68424,3,120,0,0.0,0,0.0,0,0.0
68446,1,144,0,0.0,0,0.0,0,0.0
68458,1,142,0,0.0,0,0.0,0,0.0
68472,3,120,0,0.0,1,0.3333333333333333,1,0.3333333333333333
68475,1,120,0,0.0,0,0.0,0,0.0
68482,15,120,0,0.0,0,0.0,0,0.0
68495,9,124,3,0.3333333333333333,4,0.4444444444444444,4,0.4444444444444444
68524,2,120,0,0.0,0,0.0,0,0.0
68526,5,120,0,0.0,0,0.0,0,0.0
68542,1,120,0,0.0,0,0.0,0,0.0
68543,8,176,4,0.5,5,0.625,5,0.625
68544,1,120,0,0.0,0,0.0,0,0.0
68549,6,120,0,0.0,0,0.0,0,0.0
68599,4,120,1,0.25,1,0.25,1,0.25
68612,1,120,1,1.0,1,1.0,1,1.0
68627,7,120,0,0.0,0,0.0,0,0.0
68629,4,120,1,0.25,2,0.5,2,0.5
68680,1,120,0,0.0,0,0.0,0,0.0
68773,1,120,0,0.0,0,0.0,0,0.0
68774,5,120,0,0.0,0,0.0,0,0.0
68780,2,120,1,0.5,1,0.5,1,0.5
68794,1,167,0,0.0,0,0.0,0,0.0
68808,1,140,1,1.0,1,1.0,1,1.0
68845,2,120,0,0.0,0,0.0,0,0.0
68851,1,120,0,0.0,0,0.0,0,0.0
68858,1,120,1,1.0,1,1.0,1,1.0
68866,7,120,0,0.0,0,0.0,1,0.14285714285714285
68926,5,120,0,0.0,0,0.0,1,0.2
68983,5,120,0,0.0,1,0.2,1,0.2
69001,6,120,1,0.16666666666666666,1,0.16666666666666666,1,0.16666666666666666
69048,4,120,1,0.25,1,0.25,1,0.25
69065,3,120,0,0.0,0,0.0,0,0.0
69066,2,120,0,0.0,0,0.0,0,0.0
69069,1,156,1,1.0,1,1.0,1,1.0
69071,1,120,0,0.0,0,0.0,0,0.0
69079,5,172,3,0.6,3,0.6,3,0.6
69096,3,120,0,0.0,0,0.0,0,0.0
69100,13,120,3,0.23076923076923078,4,0.3076923076923077,4,0.3076923076923077
69118,1,120,0,0.0,0,0.0,0,0.0
69121,2,120,1,0.5,1,0.5,1,0.5
69136,9,120,1,0.1111111111111111,1,0.1111111111111111,1,0.1111111111111111
69149,3,135,1,0.3333333333333333,1,0.3333333333333333,2,0.6666666666666666
69205,1,120,1,1.0,1,1.0,1,1.0
69220,4,120,0,0.0,0,0.0,0,0.0
69275,1,121,1,1.0,1,1.0,1,1.0
69290,3,120,0,0.0,1,0.3333333333333333,1,0.3333333333333333
69292,1,120,0,0.0,1,1.0,1,1.0
69306,1,132,1,1.0,1,1.0,1,1.0
69319,1,120,0,0.0,0,0.0,0,0.0
69335,2,120,0,0.0,0,0.0,0,0.0
69371,6,120,4,0.6666666666666666,5,0.8333333333333334,5,0.8333333333333334
69377,11,120,1,0.09090909090909091,2,0.18181818181818182,2,0.18181818181818182
69384,1,120,0,0.0,0,0.0,0,0.0
69394,1,120,0,0.0,0,0.0,0,0.0
69397,8,120,2,0.25,3,0.375,3,0.375
69414,7,120,5,0.7142857142857143,5,0.7142857142857143,6,0.8571428571428571
69465,4,120,0,0.0,1,0.25,1,0.25
69480,7,120,0,0.0,0,0.0,0,0.0
69482,2,120,0,0.0,0,0.0,0,0.0
69489,1,120,0,0.0,1,1.0,1,1.0
69495,6,120,0,0.0,0,0.0,0,0.0
69500,19,120,0,0.0,0,0.0,0,0.0
69508,1,120,0,0.0,0,0.0,0,0.0
69524,2,120,0,0.0,0,0.0,0,0.0
69539,3,120,0,0.0,0,0.0,0,0.0
69546,11,120,0,0.0,0,0.0,0,0.0
69568,6,120,0,0.0,1,0.16666666666666666,1,0.16666666666666666
69622,18,143,5,0.2777777777777778,6,0.3333333333333333,6,0.3333333333333333
69631,4,120,4,1.0,4,1.0,4,1.0
69637,1,120,0,0.0,1,1.0,1,1.0
69654,18,120,5,0.2777777777777778,5,0.2777777777777778,5,0.2777777777777778
69670,2,121,1,0.5,1,0.5,1,0.5
69681,8,157,5,0.625,6,0.75,6,0.75
69682,5,125,3,0.6,3,0.6,3,0.6
69706,1,120,0,0.0,0,0.0,0,0.0
69708,12,120,1,0.08333333333333333,1,0.08333333333333333,1,0.08333333333333333
69714,5,120,0,0.0,0,0.0,0,0.0
69726,4,120,1,0.25,2,0.5,2,0.5
69749,3,120,0,0.0,0,0.0,0,0.0
69756,2,138,1,0.5,1,0.5,1,0.5
69779,1,150,0,0.0,0,0.0,0,0.0
69781,1,120,0,0.0,0,0.0,0,0.0
69818,1,120,0,0.0,0,0.0,0,0.0
69822,1,120,0,0.0,0,0.0,0,0.0
69835,3,144,2,0.6666666666666666,2,0.6666666666666666,2,0.6666666666666666
69836,1,120,0,0.0,0,0.0,0,0.0
69877,5,120,2,0.4,3,0.6,3,0.6
69888,5,120,1,0.2,1,0.2,2,0.4
69896,1,120,1,1.0,1,1.0,1,1.0
69908,3,120,0,0.0,0,0.0,0,0.0
69928,1,120,0,0.0,0,0.0,0,0.0
69933,2,120,0,0.0,0,0.0,0,0.0
69948,10,126,5,0.5,6,0.6,6,0.6
69960,5,140,1,0.2,1,0.2,1,0.2
69966,11,120,4,0.36363636363636365,5,0.45454545454545453,5,0.45454545454545453
69967,3,120,0,0.0,0,0.0,0,0.0
70001,5,156,4,0.8,4,0.8,4,0.8
70022,4,120,0,0.0,0,0.0,0,0.0
70084,2,151,1,0.5,1,0.5,1,0.5
70097,14,120,0,0.0,0,0.0,0,0.0
70142,11,120,1,0.09090909090909091,3,0.2727272727272727,3,0.2727272727272727
70203,2,121,1,0.5,1,0.5,1,0.5
70222,1,120,0,0.0,0,0.0,0,0.0
70234,5,120,2,0.4,2,0.4,2,0.4
70241,2,120,1,0.5,1,0.5,1,0.5
70309,1,120,1,1.0,1,1.0,1,1.0
70336,2,120,2,1.0,2,1.0,2,1.0
70341,1,120,0,0.0,0,0.0,0,0.0
70347,2,121,1,0.5,1,0.5,1,0.5
70403,1,120,0,0.0,1,1.0,1,1.0
70421,21,120,3,0.14285714285714285,3,0.14285714285714285,3,0.14285714285714285
70432,25,120,0,0.0,0,0.0,0,0.0
70448,2,120,0,0.0,0,0.0,0,0.0
70472,15,120,0,0.0,0,0.0,0,0.0
70500,3,120,0,0.0,0,0.0,0,0.0
70539,10,120,1,0.1,1,0.1,1,0.1
70541,1,120,0,0.0,1,1.0,1,1.0
70546,3,120,0,0.0,1,0.3333333333333333,1,0.3333333333333333
70554,9,120,0,0.0,0,0.0,0,0.0
70570,9,120,0,0.0,1,0.1111111111111111,1,0.1111111111111111
70574,2,120,0,0.0,0,0.0,0,0.0
70580,2,120,0,0.0,0,0.0,0,0.0
70590,1,120,0,0.0,0,0.0,0,0.0
70611,15,200,8,0.5333333333333333,9,0.6,11,0.7333333333333333
70709,2,120,1,0.5,1,0.5,1,0.5
70719,4,120,0,0.0,0,0.0,0,0.0
70722,1,120,1,1.0,1,1.0,1,1.0
70731,3,120,1,0.3333333333333333,1,0.3333333333333333,1,0.3333333333333333
70764,1,120,0,0.0,0,0.0,0,0.0
70780,1,124,1,1.0,1,1.0,1,1.0
70836,1,120,1,1.0,1,1.0,1,1.0
70842,16,120,9,0.5625,9,0.5625,9,0.5625
70847,4,120,0,0.0,0,0.0,0,0.0
70858,1,120,0,0.0,0,0.0,0,0.0
70931,6,120,1,0.16666666666666666,1,0.16666666666666666,1,0.16666666666666666
70957,3,120,1,0.3333333333333333,1,0.3333333333333333,1,0.3333333333333333
70970,2,120,0,0.0,1,0.5,1,0.5
70982,2,120,0,0.0,0,0.0,0,0.0
70987,7,120,0,0.0,1,0.14285714285714285,1,0.14285714285714285
71008,6,120,2,0.3333333333333333,3,0.5,3,0.5
71043,3,120,0,0.0,0,0.0,1,0.3333333333333333
71100,1,120,0,0.0,0,0.0,0,0.0
71123,2,120,0,0.0,0,0.0,0,0.0
71141,3,120,0,0.0,0,0.0,0,0.0
71161,5,120,1,0.2,3,0.6,3,0.6
71174,6,123,1,0.16666666666666666,1,0.16666666666666666,1,0.16666666666666666
71178,1,120,0,0.0,0,0.0,0,0.0
71179,4,120,0,0.0,0,0.0,0,0.0
71184,3,120,1,0.3333333333333333,1,0.3333333333333333,1,0.3333333333333333
71194,1,120,0,0.0,1,1.0,1,1.0
71213,2,120,0,0.0,0,0.0,0,0.0
71216,1,143,1,1.0,1,1.0,1,1.0
71248,4,123,0,0.0,0,0.0,0,0.0
71252,10,120,2,0.2,4,0.4,4,0.4
71257,19,120,2,0.10526315789473684,4,0.21052631578947367,5,0.2631578947368421
71295,2,121,0,0.0,0,0.0,0,0.0
71299,8,120,1,0.125,1,0.125,2,0.25
71316,2,120,1,0.5,1,0.5,1,0.5
71402,6,120,2,0.3333333333333333,3,0.5,3,0.5
71409,6,161,1,0.16666666666666666,1,0.16666666666666666,1,0.16666666666666666
71491,8,120,1,0.125,2,0.25,2,0.25
71492,1,120,0,0.0,0,0.0,0,0.0
71503,7,120,0,0.0,0,0.0,1,0.14285714285714285
71513,16,120,0,0.0,0,0.0,0,0.0
71523,1,120,0,0.0,0,0.0,0,0.0
71540,5,145,0,0.0,0,0.0,0,0.0
71551,3,120,0,0.0,0,0.0,0,0.0
71575,2,120,0,0.0,0,0.0,0,0.0
71620,1,142,0,0.0,0,0.0,0,0.0
71653,1,120,0,0.0,0,0.0,0,0.0
71726,2,200,1,0.5,2,1.0,2,1.0
71738,2,120,0,0.0,0,0.0,0,0.0
71764,1,120,0,0.0,0,0.0,0,0.0
71787,1,120,1,1.0,1,1.0,1,1.0
71833,5,120,0,0.0,0,0.0,0,0.0
71866,2,120,0,0.0,0,0.0,0,0.0
71881,2,120,1,0.5,1,0.5,1,0.5
71893,7,120,0,0.0,0,0.0,0,0.0
71901,7,120,1,0.14285714285714285,1,0.14285714285714285,1,0.14285714285714285
71916,1,121,1,1.0,1,1.0,1,1.0
71933,1,120,0,0.0,0,0.0,0,0.0
71938,1,120,0,0.0,1,1.0,1,1.0
71939,2,120,0,0.0,0,0.0,0,0.0
71946,5,120,0,0.0,0,0.0,0,0.0
71980,1,121,1,1.0,1,1.0,1,1.0
71999,5,130,0,0.0,0,0.0,0,0.0
72001,6,120,2,0.3333333333333333,2,0.3333333333333333,2,0.3333333333333333
72031,5,120,1,0.2,2,0.4,2,0.4
72044,2,120,0,0.0,0,0.0,0,0.0
72136,9,180,5,0.5555555555555556,6,0.6666666666666666,6,0.6666666666666666
72139,3,120,0,0.0,0,0.0,0,0.0
72165,5,120,0,0.0,0,0.0,0,0.0
72227,5,137,2,0.4,2,0.4,2,0.4
72231,3,129,2,0.6666666666666666,2,0.6666666666666666,2,0.6666666666666666
72235,10,120,4,0.4,4,0.4,4,0.4
72265,7,120,0,0.0,1,0.14285714285714285,1,0.14285714285714285
72269,11,120,1,0.09090909090909091,1,0.09090909090909091,1,0.09090909090909091
72350,1,120,0,0.0,0,0.0,0,0.0
72399,1,120,1,1.0,1,1.0,1,1.0
72419,3,120,0,0.0,0,0.0,0,0.0
72423,2,121,1,0.5,1,0.5,1,0.5
72428,1,120,0,0.0,1,1.0,1,1.0
72469,1,120,0,0.0,0,0.0,0,0.0
72482,5,120,2,0.4,2,0.4,2,0.4
72500,7,120,3,0.42857142857142855,3,0.42857142857142855,4,0.5714285714285714
72504,7,120,2,0.2857142857142857,2,0.2857142857142857,3,0.42857142857142855
72505,3,120,0,0.0,0,0.0,0,0.0
72509,3,156,3,1.0,3,1.0,3,1.0
72525,3,120,0,0.0,0,0.0,0,0.0
72527,2,139,1,0.5,1,0.5,1,0.5
72539,3,120,2,0.6666666666666666,2,0.6666666666666666,2,0.6666666666666666
72572,4,120,0,0.0,0,0.0,0,0.0
72575,1,120,0,0.0,0,0.0,0,0.0
72603,1,120,0,0.0,0,0.0,0,0.0
72614,2,120,0,0.0,0,0.0,0,0.0
72616,2,120,0,0.0,0,0.0,0,0.0
72620,3,120,0,0.0,0,0.0,0,0.0
72635,4,120,2,0.5,2,0.5,2,0.5
72697,1,120,0,0.0,0,0.0,0,0.0
72726,11,120,0,0.0,2,0.18181818181818182,4,0.36363636363636365
72733,2,120,1,0.5,1,0.5,1,0.5
72793,6,120,0,0.0,0,0.0,0,0.0
72829,3,133,1,0.3333333333333333,1,0.3333333333333333,1,0.3333333333333333
72852,6,120,0,0.0,0,0.0,0,0.0
72873,2,120,0,0.0,0,0.0,0,0.0
72894,2,120,1,0.5,1,0.5,1,0.5
72901,11,120,3,0.2727272727272727,3,0.2727272727272727,3,0.2727272727272727
72912,7,120,0,0.0,0,0.0,0,0.0
72917,3,144,2,0.6666666666666666,2,0.6666666666666666,2,0.6666666666666666
72989,1,120,1,1.0,1,1.0,1,1.0
72993,3,120,0,0.0,0,0.0,0,0.0
73002,2,120,1,0.5,1,0.5,1,0.5
73003,6,120,0,0.0,0,0.0,0,0.0
73012,1,120,0,0.0,0,0.0,0,0.0
73016,3,120,0,0.0,1,0.3333333333333333,1,0.3333333333333333
73056,9,120,4,0.4444444444444444,5,0.5555555555555556,5,0.5555555555555556
73063,9,120,4,0.4444444444444444,4,0.4444444444444444,4,0.4444444444444444
73085,2,120,1,0.5,1,0.5,1,0.5
73086,4,120,1,0.25,1,0.25,2,0.5
73088,11,120,1,0.09090909090909091,1,0.09090909090909091,1,0.09090909090909091
73091,9,120,0,0.0,0,0.0,0,0.0
73157,8,185,6,0.75,6,0.75,7,0.875
73159,2,120,0,0.0,0,0.0,0,0.0
73163,4,120,0,0.0,1,0.25,1,0.25
73171,1,120,0,0.0,0,0.0,0,0.0
73219,2,120,1,0.5,1,0.5,1,0.5
73226,9,120,0,0.0,0,0.0,0,0.0
73246,1,120,1,1.0,1,1.0,1,1.0
73249,12,120,2,0.16666666666666666,3,0.25,3,0.25
73263,2,142,1,0.5,1,0.5,1,0.5
73297,4,187,3,0.75,4,1.0,4,1.0
73303,15,120,1,0.06666666666666667,1,0.06666666666666667,1,0.06666666666666667
73315,8,120,0,0.0,0,0.0,0,0.0
73337,2,120,0,0.0,0,0.0,0,0.0
73352,17,120,0,0.0,0,0.0,0,0.0
73373,1,120,0,0.0,0,0.0,0,0.0
73383,2,120,1,0.5,1,0.5,1,0.5
73553,4,120,0,0.0,1,0.25,1,0.25
73609,7,148,3,0.42857142857142855,3,0.42857142857142855,3,0.42857142857142855
73625,3,120,0,0.0,0,0.0,0,0.0
73665,4,120,0,0.0,1,0.25,1,0.25
73668,12,120,1,0.08333333333333333,3,0.25,5,0.4166666666666667
73672,3,120,2,0.6666666666666666,2,0.6666666666666666,2,0.6666666666666666
73713,6,120,0,0.0,1,0.16666666666666666,1,0.16666666666666666
73730,14,163,7,0.5,7,0.5,7,0.5
73756,3,120,1,0.3333333333333333,1,0.3333333333333333,1,0.3333333333333333
73763,1,120,0,0.0,0,0.0,0,0.0
73826,9,120,1,0.1111111111111111,2,0.2222222222222222,2,0.2222222222222222
73862,2,138,1,0.5,1,0.5,1,0.5
73880,7,146,2,0.2857142857142857,2,0.2857142857142857,2,0.2857142857142857
73899,1,120,0,0.0,0,0.0,0,0.0
73905,6,120,2,0.3333333333333333,2,0.3333333333333333,2,0.3333333333333333
73914,4,120,1,0.25,1,0.25,1,0.25
73922,2,120,0,0.0,0,0.0,0,0.0
73945,1,120,1,1.0,1,1.0,1,1.0
73948,1,127,0,0.0,1,1.0,1,1.0
73951,1,120,0,0.0,0,0.0,0,0.0
73964,1,120,0,0.0,0,0.0,0,0.0
73982,5,196,4,0.8,4,0.8,4,0.8
73988,3,120,0,0.0,0,0.0,0,0.0
74010,1,120,0,0.0,0,0.0,0,0.0
74011,5,120,0,0.0,0,0.0,0,0.0
74061,1,120,0,0.0,0,0.0,0,0.0
74071,3,120,0,0.0,0,0.0,0,0.0
74075,2,120,1,0.5,1,0.5,1,0.5
74098,3,120,0,0.0,0,0.0,0,0.0
74125,5,120,0,0.0,0,0.0,0,0.0
74128,3,120,2,0.6666666666666666,3,1.0,3,1.0
74129,17,120,0,0.0,0,0.0,0,0.0
74142,4,120,1,0.25,1,0.25,1,0.25
74166,14,198,7,0.5,8,0.5714285714285714,8,0.5714285714285714
74176,2,120,1,0.5,1,0.5,1,0.5
74193,8,120,0,0.0,0,0.0,0,0.0
74216,4,120,1,0.25,2,0.5,3,0.75
74231,10,120,0,0.0,0,0.0,0,0.0
74234,3,120,0,0.0,0,0.0,1,0.3333333333333333
74240,1,152,1,1.0,1,1.0,1,1.0
74253,2,120,1,0.5,1,0.5,1,0.5
74265,1,120,0,0.0,1,1.0,1,1.0
74296,19,171,9,0.47368421052631576,9,0.47368421052631576,9,0.47368421052631576
74309,2,120,0,0.0,1,0.5,1,0.5
74324,5,120,0,0.0,0,0.0,0,0.0
74335,6,120,0,0.0,1,0.16666666666666666,1,0.16666666666666666
74356,8,120,1,0.125,3,0.375,3,0.375
74367,1,120,0,0.0,0,0.0,0,0.0
74378,1,172,0,0.0,0,0.0,0,0.0
74409,1,120,0,0.0,0,0.0,0,0.0
74420,3,120,0,0.0,0,0.0,0,0.0
74432,9,120,1,0.1111111111111111,2,0.2222222222222222,2,0.2222222222222222
74445,2,120,0,0.0,0,0.0,0,0.0
74455,1,120,1,1.0,1,1.0,1,1.0
74462,2,120,0,0.0,0,0.0,0,0.0
74463,7,120,0,0.0,2,0.2857142857142857,2,0.2857142857142857
74467,15,120,0,0.0,1,0.06666666666666667,2,0.13333333333333333
74482,3,120,1,0.3333333333333333,1,0.3333333333333333,1,0.3333333333333333
74519,11,120,6,0.5454545454545454,7,0.6363636363636364,7,0.6363636363636364
74532,1,120,1,1.0,1,1.0,1,1.0
74555,1,120,1,1.0,1,1.0,1,1.0
74561,1,120,0,0.0,0,0.0,0,0.0
74571,1,120,0,0.0,1,1.0,1,1.0
74575,2,120,1,0.5,1,0.5,1,0.5
74587,10,120,0,0.0,2,0.2,2,0.2
74601,23,187,10,0.43478260869565216,11,0.4782608695652174,11,0.4782608695652174
74612,3,120,0,0.0,0,0.0,0,0.0
74673,3,120,1,0.3333333333333333,1,0.3333333333333333,1,0.3333333333333333
74682,3,120,0,0.0,0,0.0,0,0.0
74719,2,120,0,0.0,0,0.0,0,0.0
74731,4,144,3,0.75,3,0.75,3,0.75
74743,1,126,0,0.0,0,0.0,0,0.0
74782,4,187,3,0.75,3,0.75,4,1.0
74788,1,120,0,0.0,0,0.0,1,1.0
74795,1,120,0,0.0,1,1.0,1,1.0
74797,2,120,0,0.0,0,0.0,0,0.0
74804,1,120,0,0.0,0,0.0,0,0.0
74823,5,120,1,0.2,3,0.6,3,0.6
74830,1,123,0,0.0,0,0.0,0,0.0
74844,1,120,0,0.0,0,0.0,0,0.0
74846,2,120,0,0.0,0,0.0,0,0.0
74866,2,120,0,0.0,0,0.0,0,0.0
74897,1,121,0,0.0,0,0.0,0,0.0
74904,2,120,0,0.0,0,0.0,0,0.0
74910,4,120,1,0.25,1,0.25,1,0.25
74912,12,120,1,0.08333333333333333,3,0.25,3,0.25
74921,2,120,0,0.0,0,0.0,0,0.0
74924,1,120,0,0.0,0,0.0,0,0.0
74959,4,120,0,0.0,0,0.0,0,0.0
74970,11,131,1,0.09090909090909091,1,0.09090909090909091,1,0.09090909090909091
75017,2,120,0,0.0,0,0.0,0,0.0
75061,3,120,1,0.3333333333333333,1,0.3333333333333333,1,0.3333333333333333
75070,5,120,0,0.0,0,0.0,0,0.0
75100,5,120,3,0.6,3,0.6,3,0.6
75137,1,120,0,0.0,0,0.0,0,0.0
75140,1,120,0,0.0,0,0.0,0,0.0
75215,11,120,1,0.09090909090909091,1,0.09090909090909091,1,0.09090909090909091
75221,1,120,0,0.0,0,0.0,0,0.0
75222,1,120,0,0.0,0,0.0,0,0.0
75241,3,120,0,0.0,0,0.0,0,0.0
75290,3,142,2,0.6666666666666666,2,0.6666666666666666,2,0.6666666666666666
75316,3,120,0,0.0,1,0.3333333333333333,1,0.3333333333333333
75329,3,120,1,0.3333333333333333,2,0.6666666666666666,2,0.6666666666666666
75345,3,120,0,0.0,0,0.0,0,0.0
75353,6,120,1,0.16666666666666666,1,0.16666666666666666,2,0.3333333333333333
75355,1,133,1,1.0,1,1.0,1,1.0
75367,2,120,0,0.0,0,0.0,0,0.0
75374,6,120,0,0.0,0,0.0,0,0.0
75375,2,120,0,0.0,0,0.0,0,0.0
75390,7,120,0,0.0,0,0.0,1,0.14285714285714285
75415,7,120,2,0.2857142857142857,2,0.2857142857142857,2,0.2857142857142857
75475,6,149,1,0.16666666666666666,1,0.16666666666666666,1,0.16666666666666666
75517,4,120,0,0.0,1,0.25,1,0.25
75520,4,120,0,0.0,0,0.0,0,0.0
75534,2,120,0,0.0,0,0.0,0,0.0
75565,2,120,0,0.0,0,0.0,0,0.0
75573,1,120,0,0.0,0,0.0,0,0.0
75577,3,120,0,0.0,1,0.3333333333333333,1,0.3333333333333333
75582,9,120,1,0.1111111111111111,2,0.2222222222222222,2,0.2222222222222222
75586,3,120,0,0.0,0,0.0,0,0.0
75647,13,138,8,0.6153846153846154,8,0.6153846153846154,8,0.6153846153846154
75656,1,120,0,0.0,0,0.0,0,0.0
75727,15,120,2,0.13333333333333333,2,0.13333333333333333,2,0.13333333333333333
75757,5,120,0,0.0,0,0.0,0,0.0
75763,6,146,4,0.6666666666666666,4,0.6666666666666666,4,0.6666666666666666
75770,1,120,0,0.0,0,0.0,0,0.0
75774,9,120,3,0.3333333333333333,5,0.5555555555555556,5,0.5555555555555556
75824,2,120,0,0.0,0,0.0,0,0.0
75839,1,120,0,0.0,0,0.0,0,0.0
75849,1,120,0,0.0,0,0.0,0,0.0
75850,18,120,0,0.0,0,0.0,1,0.05555555555555555
75857,3,125,2,0.6666666666666666,2,0.6666666666666666,2,0.6666666666666666
75903,11,120,3,0.2727272727272727,4,0.36363636363636365,4,0.36363636363636365
75907,8,120,4,0.5,4,0.5,4,0.5
75950,1,120,0,0.0,0,0.0,0,0.0
75954,1,120,0,0.0,0,0.0,0,0.0
75965,4,120,4,1.0,4,1.0,4,1.0
75967,21,120,0,0.0,0,0.0,1,0.047619047619047616
76129,6,151,1,0.16666666666666666,1,0.16666666666666666,1,0.16666666666666666
76175,3,120,0,0.0,0,0.0,0,0.0
76215,1,120,0,0.0,0,0.0,0,0.0
76236,1,120,0,0.0,0,0.0,0,0.0
76240,8,120,1,0.125,1,0.125,1,0.125
76249,4,120,1,0.25,1,0.25,1,0.25
76269,3,120,0,0.0,0,0.0,0,0.0
76270,1,120,0,0.0,1,1.0,1,1.0
76317,3,120,1,0.3333333333333333,1,0.3333333333333333,1,0.3333333333333333
76328,2,120,0,0.0,0,0.0,0,0.0
76399,1,120,0,0.0,0,0.0,0,0.0
76428,4,120,1,0.25,1,0.25,1,0.25
76433,1,120,0,0.0,0,0.0,0,0.0
76467,2,120,1,0.5,1,0.5,1,0.5
76478,7,148,3,0.42857142857142855,3,0.42857142857142855,3,0.42857142857142855
76485,2,135,0,0.0,0,0.0,0,0.0
76504,1,120,0,0.0,0,0.0,0,0.0
76537,3,120,2,0.6666666666666666,3,1.0,3,1.0
76560,5,120,4,0.8,4,0.8,4,0.8
76572,2,120,0,0.0,0,0.0,0,0.0
76598,1,120,0,0.0,0,0.0,0,0.0
76607,5,125,3,0.6,3,0.6,3,0.6
76621,1,120,0,0.0,0,0.0,0,0.0
76635,2,120,0,0.0,0,0.0,1,0.5
76645,7,183,5,0.7142857142857143,5,0.7142857142857143,5,0.7142857142857143
76671,3,120,1,0.3333333333333333,1,0.3333333333333333,1,0.3333333333333333
76688,4,120,0,0.0,1,0.25,1,0.25
76701,25,200,20,0.8,20,0.8,20,0.8
76703,2,120,0,0.0,0,0.0,0,0.0
76726,4,173,2,0.5,3,0.75,3,0.75
76739,1,148,1,1.0,1,1.0,1,1.0
76763,1,120,0,0.0,0,0.0,0,0.0
76770,4,133,2,0.5,2,0.5,2,0.5
76778,9,163,6,0.6666666666666666,6,0.6666666666666666,6,0.6666666666666666
76849,8,120,0,0.0,0,0.0,0,0.0
76859,12,120,3,0.25,5,0.4166666666666667,5,0.4166666666666667
76984,2,120,0,0.0,0,0.0,0,0.0
76989,15,120,3,0.2,3,0.2,3,0.2
77006,11,120,0,0.0,0,0.0,0,0.0
77017,10,120,0,0.0,0,0.0,0,0.0
77036,4,120,0,0.0,0,0.0,0,0.0
77062,3,120,0,0.0,0,0.0,0,0.0
77066,8,120,0,0.0,1,0.125,1,0.125
77103,3,120,0,0.0,0,0.0,0,0.0
77124,6,120,2,0.3333333333333333,3,0.5,3,0.5
77134,3,147,2,0.6666666666666666,2,0.6666666666666666,2,0.6666666666666666
77151,1,120,0,0.0,0,0.0,0,0.0
77156,2,141,1,0.5,1,0.5,1,0.5
77180,1,120,1,1.0,1,1.0,1,1.0
77202,4,120,0,0.0,0,0.0,0,0.0
77203,3,120,0,0.0,1,0.3333333333333333,1,0.3333333333333333
77209,1,120,0,0.0,0,0.0,0,0.0
77261,2,120,0,0.0,0,0.0,0,0.0
77283,1,145,1,1.0,1,1.0,1,1.0
77314,11,120,1,0.09090909090909091,1,0.09090909090909091,1,0.09090909090909091
77328,2,120,0,0.0,1,0.5,1,0.5
77345,1,141,1,1.0,1,1.0,1,1.0
77396,1,120,0,0.0,0,0.0,0,0.0
77400,1,120,0,0.0,0,0.0,0,0.0
77426,12,132,6,0.5,6,0.5,6,0.5
77432,7,120,2,0.2857142857142857,4,0.5714285714285714,4,0.5714285714285714
77438,12,120,4,0.3333333333333333,6,0.5,6,0.5
77469,19,120,4,0.21052631578947367,4,0.21052631578947367,4,0.21052631578947367
77489,3,120,0,0.0,0,0.0,0,0.0
77504,1,120,0,0.0,0,0.0,0,0.0
77511,13,120,0,0.0,0,0.0,0,0.0
77601,2,120,0,0.0,1,0.5,1,0.5
77616,5,120,1,0.2,2,0.4,2,0.4
77647,3,120,1,0.3333333333333333,1,0.3333333333333333,1,0.3333333333333333
77667,8,120,4,0.5,4,0.5,4,0.5
77695,1,120,0,0.0,0,0.0,0,0.0
77696,11,120,4,0.36363636363636365,5,0.45454545454545453,5,0.45454545454545453
77714,2,120,0,0.0,1,0.5,1,0.5
77722,6,140,5,0.8333333333333334,5,0.8333333333333334,5,0.8333333333333334
77723,4,120,1,0.25,1,0.25,1,0.25
77726,4,120,1,0.25,1,0.25,1,0.25
77747,3,120,0,0.0,0,0.0,0,0.0
77764,1,120,0,0.0,0,0.0,0,0.0
77790,7,120,0,0.0,0,0.0,0,0.0
77814,7,126,3,0.42857142857142855,3,0.42857142857142855,3,0.42857142857142855
77818,8,120,1,0.125,1,0.125,1,0.125
77886,6,120,0,0.0,0,0.0,0,0.0
77901,4,120,0,0.0,0,0.0,0,0.0
77902,1,120,1,1.0,1,1.0,1,1.0
77912,3,120,1,0.3333333333333333,1,0.3333333333333333,1,0.3333333333333333
77928,1,120,1,1.0,1,1.0,1,1.0
77934,1,120,0,0.0,0,0.0,0,0.0
77945,2,120,0,0.0,0,0.0,0,0.0
77956,2,120,0,0.0,0,0.0,0,0.0
78011,6,120,0,0.0,1,0.16666666666666666,1,0.16666666666666666
78026,1,144,1,1.0,1,1.0,1,1.0
78060,8,168,6,0.75,6,0.75,6,0.75
78065,2,120,1,0.5,1,0.5,1,0.5
78068,10,120,6,0.6,8,0.8,8,0.8
78069,7,120,0,0.0,0,0.0,0,0.0
78130,7,120,0,0.0,0,0.0,0,0.0
78134,2,120,0,0.0,0,0.0,0,0.0
78168,5,120,0,0.0,3,0.6,3,0.6
78183,10,120,2,0.2,3,0.3,3,0.3
78192,9,120,0,0.0,1,0.1111111111111111,2,0.2222222222222222
78194,5,140,2,0.4,2,0.4,2,0.4
78228,6,120,4,0.6666666666666666,4,0.6666666666666666,4,0.6666666666666666
78252,3,120,0,0.0,0,0.0,0,0.0
78267,1,120,1,1.0,1,1.0,1,1.0
78301,1,120,0,0.0,0,0.0,0,0.0
78316,8,120,2,0.25,3,0.375,4,0.5
78339,1,120,0,0.0,0,0.0,0,0.0
78354,14,120,1,0.07142857142857142,1,0.07142857142857142,1,0.07142857142857142
78364,7,120,2,0.2857142857142857,3,0.42857142857142855,3,0.42857142857142855
78368,2,120,1,0.5,2,1.0,2,1.0
78369,3,120,1,0.3333333333333333,2,0.6666666666666666,2,0.6666666666666666
78408,4,120,0,0.0,0,0.0,0,0.0
78453,4,120,0,0.0,0,0.0,0,0.0
78459,14,120,1,0.07142857142857142,1,0.07142857142857142,1,0.07142857142857142
78480,17,193,9,0.5294117647058824,14,0.8235294117647058,15,0.8823529411764706
78482,2,120,0,0.0,0,0.0,0,0.0
78497,1,120,0,0.0,0,0.0,0,0.0
78522,10,120,0,0.0,0,0.0,0,0.0
78525,3,120,0,0.0,0,0.0,0,0.0
78594,5,120,2,0.4,2,0.4,2,0.4
78617,12,147,7,0.5833333333333334,7,0.5833333333333334,7,0.5833333333333334
78650,1,120,0,0.0,0,0.0,0,0.0
78712,3,120,2,0.6666666666666666,2,0.6666666666666666,3,1.0
78753,3,120,0,0.0,0,0.0,0,0.0
78764,2,120,0,0.0,0,0.0,0,0.0
78810,2,120,0,0.0,1,0.5,1,0.5
78813,7,120,0,0.0,0,0.0,0,0.0
78850,1,120,0,0.0,0,0.0,0,0.0
78871,1,120,0,0.0,0,0.0,0,0.0
78920,1,120,0,0.0,1,1.0,1,1.0
78936,1,120,0,0.0,0,0.0,0,0.0
78948,12,120,4,0.3333333333333333,5,0.4166666666666667,5,0.4166666666666667
78972,11,164,7,0.6363636363636364,7,0.6363636363636364,7,0.6363636363636364
79005,30,120,9,0.3,11,0.36666666666666664,12,0.4
79006,53,120,0,0.0,0,0.0,0,0.0
79049,2,120,0,0.0,0,0.0,0,0.0
79058,1,120,0,0.0,0,0.0,0,0.0
79096,1,120,0,0.0,0,0.0,0,0.0
79128,3,152,2,0.6666666666666666,2,0.6666666666666666,2,0.6666666666666666
79140,1,156,1,1.0,1,1.0,1,1.0
79149,3,148,3,1.0,3,1.0,3,1.0
79190,1,120,0,0.0,0,0.0,0,0.0
79322,1,120,0,0.0,0,0.0,0,0.0
79342,1,120,1,1.0,1,1.0,1,1.0
79356,1,120,0,0.0,0,0.0,0,0.0
79385,5,120,1,0.2,1,0.2,1,0.2
79388,1,120,0,0.0,0,0.0,0,0.0
79411,2,120,0,0.0,0,0.0,0,0.0
79433,3,120,0,0.0,0,0.0,0,0.0
79436,1,120,0,0.0,0,0.0,0,0.0
79479,3,120,1,0.3333333333333333,2,0.6666666666666666,2,0.6666666666666666
79499,1,120,0,0.0,0,0.0,0,0.0
79513,3,120,0,0.0,0,0.0,0,0.0
79540,3,120,0,0.0,0,0.0,0,0.0
79543,1,133,1,1.0,1,1.0,1,1.0
79604,4,120,1,0.25,2,0.5,2,0.5
79623,1,120,1,1.0,1,1.0,1,1.0
79680,1,120,1,1.0,1,1.0,1,1.0
79698,2,120,0,0.0,0,0.0,0,0.0
79706,14,120,0,0.0,0,0.0,0,0.0
79708,1,120,0,0.0,0,0.0,0,0.0
79736,10,120,0,0.0,2,0.2,2,0.2
79771,9,120,0,0.0,0,0.0,0,0.0
79803,15,120,0,0.0,1,0.06666666666666667,1,0.06666666666666667
79812,6,120,0,0.0,0,0.0,0,0.0
79822,1,120,0,0.0,0,0.0,0,0.0
79831,2,120,0,0.0,0,0.0,0,0.0
79849,4,120,0,0.0,0,0.0,0,0.0
79852,6,120,0,0.0,2,0.3333333333333333,2,0.3333333333333333
79858,14,120,0,0.0,2,0.14285714285714285,2,0.14285714285714285
79872,2,120,0,0.0,0,0.0,0,0.0
79941,16,120,0,0.0,0,0.0,0,0.0
79957,3,120,2,0.6666666666666666,2,0.6666666666666666,2,0.6666666666666666
79972,2,120,2,1.0,2,1.0,2,1.0
80003,1,121,0,0.0,0,0.0,0,0.0
80016,1,120,0,0.0,0,0.0,0,0.0
80061,9,120,0,0.0,0,0.0,0,0.0
80104,11,120,2,0.18181818181818182,2,0.18181818181818182,2,0.18181818181818182
80112,5,120,0,0.0,0,0.0,0,0.0
80116,13,131,10,0.7692307692307693,11,0.8461538461538461,11,0.8461538461538461
80188,7,120,0,0.0,0,0.0,0,0.0
80196,29,120,4,0.13793103448275862,6,0.20689655172413793,7,0.2413793103448276
80205,2,120,0,0.0,1,0.5,1,0.5
80257,5,120,5,1.0,5,1.0,5,1.0
80297,10,129,3,0.3,4,0.4,4,0.4
80302,1,120,0,0.0,0,0.0,0,0.0
80303,8,120,0,0.0,0,0.0,0,0.0
80309,9,137,6,0.6666666666666666,6,0.6666666666666666,7,0.7777777777777778
80330,7,120,5,0.7142857142857143,5,0.7142857142857143,5,0.7142857142857143
80333,2,120,0,0.0,0,0.0,0,0.0
80334,3,120,0,0.0,0,0.0,0,0.0
80370,2,120,0,0.0,0,0.0,0,0.0
80392,16,192,8,0.5,9,0.5625,9,0.5625
80412,6,120,1,0.16666666666666666,1,0.16666666666666666,1,0.16666666666666666
80416,1,120,0,0.0,0,0.0,0,0.0
80418,8,120,6,0.75,7,0.875,7,0.875
80420,1,120,0,0.0,0,0.0,0,0.0
80446,2,120,0,0.0,1,0.5,1,0.5
80451,2,173,2,1.0,2,1.0,2,1.0
80459,2,120,2,1.0,2,1.0,2,1.0
80466,9,120,2,0.2222222222222222,2,0.2222222222222222,2,0.2222222222222222
80467,1,120,0,0.0,0,0.0,0,0.0
80549,5,120,1,0.2,1,0.2,1,0.2
80564,1,120,0,0.0,0,0.0,0,0.0
80570,3,120,1,0.3333333333333333,2,0.6666666666666666,2,0.6666666666666666
80579,8,120,1,0.125,1,0.125,1,0.125
80645,19,120,2,0.10526315789473684,2,0.10526315789473684,2,0.10526315789473684
80662,1,120,0,0.0,0,0.0,0,0.0
80663,1,139,1,1.0,1,1.0,1,1.0
80666,2,120,0,0.0,0,0.0,0,0.0
80667,1,120,0,0.0,0,0.0,1,1.0
80710,6,121,2,0.3333333333333333,2,0.3333333333333333,2,0.3333333333333333
80766,1,120,0,0.0,0,0.0,0,0.0
80786,4,120,0,0.0,0,0.0,0,0.0
80816,2,120,0,0.0,0,0.0,0,0.0
80846,1,120,0,0.0,0,0.0,0,0.0
80857,1,120,0,0.0,0,0.0,0,0.0
80864,4,120,0,0.0,0,0.0,0,0.0
80880,1,120,0,0.0,0,0.0,0,0.0
80885,5,149,4,0.8,4,0.8,4,0.8
80888,10,120,2,0.2,3,0.3,3,0.3
80934,3,120,1,0.3333333333333333,2,0.6666666666666666,2,0.6666666666666666
80935,5,120,0,0.0,0,0.0,0,0.0
81026,1,120,0,0.0,0,0.0,0,0.0
81056,2,120,1,0.5,1,0.5,1,0.5
81061,12,120,1,0.08333333333333333,1,0.08333333333333333,1,0.08333333333333333
81136,4,120,1,0.25,1,0.25,1,0.25
81142,1,120,0,0.0,0,0.0,0,0.0
81159,11,120,0,0.0,0,0.0,0,0.0
81171,1,120,0,0.0,0,0.0,0,0.0
81179,9,172,7,0.7777777777777778,8,0.8888888888888888,8,0.8888888888888888
81196,1,120,0,0.0,0,0.0,0,0.0
81214,6,120,2,0.3333333333333333,2,0.3333333333333333,2,0.3333333333333333
81260,5,152,3,0.6,3,0.6,3,0.6
81270,2,120,0,0.0,0,0.0,0,0.0
81271,3,120,0,0.0,0,0.0,0,0.0
81272,1,120,0,0.0,0,0.0,0,0.0
81290,18,120,0,0.0,2,0.1111111111111111,2,0.1111111111111111
81295,1,120,0,0.0,0,0.0,0,0.0
81310,16,120,0,0.0,0,0.0,0,0.0
81375,2,120,0,0.0,0,0.0,0,0.0
81380,2,120,0,0.0,0,0.0,0,0.0
81400,1,120,0,0.0,0,0.0,0,0.0
81431,6,120,0,0.0,0,0.0,0,0.0
81456,1,120,0,0.0,0,0.0,0,0.0
81472,3,120,1,0.3333333333333333,1,0.3333333333333333,1,0.3333333333333333
81486,8,126,2,0.25,2,0.25,2,0.25
81496,1,120,0,0.0,0,0.0,0,0.0
81499,1,122,1,1.0,1,1.0,1,1.0
81517,18,120,1,0.05555555555555555,1,0.05555555555555555,1,0.05555555555555555
81524,2,131,0,0.0,0,0.0,0,0.0
81553,3,120,0,0.0,0,0.0,0,0.0
81596,1,120,0,0.0,0,0.0,0,0.0
81628,1,120,0,0.0,0,0.0,0,0.0
81688,22,142,8,0.36363636363636365,10,0.45454545454545453,10,0.45454545454545453
81752,8,120,1,0.125,1,0.125,1,0.125
81761,13,120,0,0.0,0,0.0,0,0.0
81765,3,168,2,0.6666666666666666,2,0.6666666666666666,2,0.6666666666666666
81852,7,120,1,0.14285714285714285,1,0.14285714285714285,1,0.14285714285714285
81876,3,121,1,0.3333333333333333,1,0.3333333333333333,1,0.3333333333333333
81908,1,120,1,1.0,1,1.0,1,1.0
81913,3,120,0,0.0,0,0.0,0,0.0
81943,8,120,1,0.125,3,0.375,4,0.5
81958,2,120,0,0.0,1,0.5,1,0.5
81973,3,140,2,0.6666666666666666,2,0.6666666666666666,2,0.6666666666666666
81974,3,157,1,0.3333333333333333,1,0.3333333333333333,1,0.3333333333333333
81985,3,120,0,0.0,1,0.3333333333333333,1,0.3333333333333333
81997,3,120,0,0.0,0,0.0,0,0.0
82001,5,120,1,0.2,2,0.4,2,0.4
82010,1,120,0,0.0,0,0.0,0,0.0
82011,5,143,2,0.4,2,0.4,2,0.4
82050,1,141,0,0.0,0,0.0,0,0.0
82065,2,120,0,0.0,0,0.0,0,0.0
82076,2,120,0,0.0,0,0.0,0,0.0
82101,5,120,0,0.0,2,0.4,2,0.4
82111,7,120,0,0.0,0,0.0,0,0.0
82132,1,120,0,0.0,0,0.0,0,0.0
82141,8,120,0,0.0,0,0.0,0,0.0
82188,2,128,2,1.0,2,1.0,2,1.0
82211,5,120,0,0.0,0,0.0,0,0.0
82222,2,120,0,0.0,0,0.0,1,0.5
82240,1,120,0,0.0,1,1.0,1,1.0
82326,7,120,6,0.8571428571428571,6,0.8571428571428571,6,0.8571428571428571
82332,3,120,1,0.3333333333333333,1,0.3333333333333333,1,0.3333333333333333
82333,1,120,1,1.0,1,1.0,1,1.0
82334,3,120,0,0.0,0,0.0,0,0.0
82355,1,120,1,1.0,1,1.0,1,1.0
82377,1,120,1,1.0,1,1.0,1,1.0
82402,1,120,1,1.0,1,1.0,1,1.0
82428,2,120,1,0.5,2,1.0,2,1.0
82432,10,120,3,0.3,3,0.3,3,0.3
82477,9,120,0,0.0,1,0.1111111111111111,1,0.1111111111111111
82481,5,120,2,0.4,2,0.4,2,0.4
82491,1,120,1,1.0,1,1.0,1,1.0
82520,1,120,0,0.0,0,0.0,0,0.0
82531,5,120,4,0.8,4,0.8,4,0.8
82568,4,120,3,0.75,3,0.75,3,0.75
82586,4,120,1,0.25,1,0.25,1,0.25
82598,1,137,0,0.0,0,0.0,0,0.0
82606,2,122,1,0.5,1,0.5,1,0.5
82679,1,120,0,0.0,0,0.0,0,0.0
82687,5,120,0,0.0,0,0.0,0,0.0
82697,4,120,0,0.0,0,0.0,0,0.0
82706,3,120,0,0.0,1,0.3333333333333333,1,0.3333333333333333
82716,1,120,1,1.0,1,1.0,1,1.0
82783,16,120,0,0.0,1,0.0625,2,0.125
82784,5,120,0,0.0,0,0.0,0,0.0
82792,32,120,3,0.09375,3,0.09375,3,0.09375
82827,2,128,0,0.0,0,0.0,0,0.0
82842,6,120,1,0.16666666666666666,1,0.16666666666666666,1,0.16666666666666666
82844,2,120,1,0.5,1,0.5,1,0.5
82868,4,200,3,0.75,3,0.75,3,0.75
82897,1,120,0,0.0,0,0.0,0,0.0
82975,4,120,1,0.25,1,0.25,1,0.25
83002,1,131,0,0.0,0,0.0,0,0.0
83036,12,120,0,0.0,0,0.0,0,0.0
83040,1,120,0,0.0,0,0.0,0,0.0
83042,6,120,0,0.0,0,0.0,0,0.0
83051,11,120,0,0.0,2,0.18181818181818182,2,0.18181818181818182
83087,9,120,0,0.0,0,0.0,0,0.0
83116,15,120,4,0.26666666666666666,4,0.26666666666666666,5,0.3333333333333333
83119,2,120,0,0.0,1,0.5,1,0.5
83130,1,120,0,0.0,0,0.0,1,1.0
83173,6,149,5,0.8333333333333334,5,0.8333333333333334,5,0.8333333333333334
83175,3,120,0,0.0,0,0.0,0,0.0
83177,1,120,1,1.0,1,1.0,1,1.0
83184,1,120,0,0.0,0,0.0,0,0.0
83187,1,120,0,0.0,0,0.0,0,0.0
83197,6,120,2,0.3333333333333333,2,0.3333333333333333,2,0.3333333333333333
83202,3,120,0,0.0,0,0.0,0,0.0
83245,10,120,2,0.2,2,0.2,2,0.2
83273,9,120,7,0.7777777777777778,8,0.8888888888888888,8,0.8888888888888888
83280,1,120,0,0.0,0,0.0,0,0.0
83297,1,120,0,0.0,0,0.0,0,0.0
83316,2,120,0,0.0,0,0.0,1,0.5
83386,14,120,0,0.0,0,0.0,0,0.0
83400,7,120,0,0.0,0,0.0,0,0.0
83406,2,120,0,0.0,0,0.0,0,0.0
83413,1,120,0,0.0,0,0.0,0,0.0
83416,5,120,3,0.6,3,0.6,3,0.6
83432,7,120,0,0.0,0,0.0,0,0.0
83451,7,120,0,0.0,0,0.0,0,0.0
83457,5,120,1,0.2,1,0.2,1,0.2
83458,1,120,0,0.0,0,0.0,0,0.0
83464,6,120,2,0.3333333333333333,3,0.5,3,0.5
83502,1,120,0,0.0,0,0.0,0,0.0
83512,5,120,1,0.2,1,0.2,1,0.2
83547,2,120,0,0.0,0,0.0,0,0.0
83578,1,140,1,1.0,1,1.0,1,1.0
83592,5,120,0,0.0,1,0.2,1,0.2
83625,11,120,1,0.09090909090909091,1,0.09090909090909091,1,0.09090909090909091
83660,1,120,0,0.0,0,0.0,0,0.0
83706,2,120,2,1.0,2,1.0,2,1.0
83718,1,120,0,0.0,0,0.0,0,0.0
83722,4,120,0,0.0,0,0.0,0,0.0
83730,2,145,1,0.5,1,0.5,1,0.5
83731,1,120,0,0.0,1,1.0,1,1.0
83737,4,120,3,0.75,3,0.75,3,0.75
83754,3,142,3,1.0,3,1.0,3,1.0
83801,3,120,2,0.6666666666666666,2,0.6666666666666666,3,1.0
83810,12,120,3,0.25,4,0.3333333333333333,4,0.3333333333333333
83848,25,147,8,0.32,8,0.32,8,0.32
83852,2,120,2,1.0,2,1.0,2,1.0
83879,1,120,0,0.0,0,0.0,0,0.0
83912,14,120,0,0.0,0,0.0,0,0.0
83952,11,200,3,0.2727272727272727,5,0.45454545454545453,5,0.45454545454545453
83970,9,120,0,0.0,0,0.0,0,0.0
83977,2,129,0,0.0,0,0.0,0,0.0
83979,6,120,0,0.0,0,0.0,0,0.0
83996,1,120,1,1.0,1,1.0,1,1.0
84062,2,120,0,0.0,0,0.0,0,0.0
84096,1,120,0,0.0,0,0.0,0,0.0
84119,14,120,0,0.0,0,0.0,0,0.0
84122,1,120,0,0.0,0,0.0,0,0.0
84132,2,120,0,0.0,1,0.5,1,0.5
84152,2,120,0,0.0,0,0.0,0,0.0
84169,9,145,1,0.1111111111111111,1,0.1111111111111111,1,0.1111111111111111
84181,2,120,0,0.0,0,0.0,0,0.0
84186,1,144,1,1.0,1,1.0,1,1.0
84200,4,138,2,0.5,2,0.5,2,0.5
84211,12,120,1,0.08333333333333333,2,0.16666666666666666,2,0.16666666666666666
84264,3,120,1,0.3333333333333333,1,0.3333333333333333,1,0.3333333333333333
84320,3,121,1,0.3333333333333333,1,0.3333333333333333,1,0.3333333333333333
84380,1,120,0,0.0,0,0.0,0,0.0
84390,1,120,0,0.0,0,0.0,0,0.0
84404,9,192,6,0.6666666666666666,6,0.6666666666666666,6,0.6666666666666666
84414,6,150,4,0.6666666666666666,4,0.6666666666666666,4,0.6666666666666666
84440,8,122,2,0.25,2,0.25,2,0.25
84449,3,120,0,0.0,0,0.0,0,0.0
84477,4,120,0,0.0,0,0.0,0,0.0
84482,1,120,0,0.0,0,0.0,0,0.0
84488,6,157,5,0.8333333333333334,5,0.8333333333333334,5,0.8333333333333334
84533,1,120,0,0.0,0,0.0,0,0.0
84539,3,120,1,0.3333333333333333,1,0.3333333333333333,1,0.3333333333333333
84567,2,120,0,0.0,0,0.0,0,0.0
84605,17,176,7,0.4117647058823529,9,0.5294117647058824,9,0.5294117647058824
84673,4,120,0,0.0,0,0.0,0,0.0
84702,1,120,1,1.0,1,1.0,1,1.0
84759,3,137,0,0.0,0,0.0,0,0.0
84818,1,120,0,0.0,0,0.0,0,0.0
84841,1,120,0,0.0,0,0.0,0,0.0
84890,20,120,0,0.0,0,0.0,0,0.0
84916,1,120,0,0.0,0,0.0,0,0.0
84918,1,120,1,1.0,1,1.0,1,1.0
84937,2,120,0,0.0,0,0.0,0,0.0
84944,5,120,1,0.2,1,0.2,1,0.2
84958,2,120,0,0.0,0,0.0,0,0.0
84981,3,120,2,0.6666666666666666,2,0.6666666666666666,2,0.6666666666666666
85000,1,120,0,0.0,0,0.0,0,0.0
85024,12,120,4,0.3333333333333333,5,0.4166666666666667,5,0.4166666666666667
85049,2,120,0,0.0,0,0.0,0,0.0
85057,2,120,0,0.0,0,0.0,0,0.0
85075,13,120,2,0.15384615384615385,3,0.23076923076923078,3,0.23076923076923078
85098,5,152,2,0.4,2,0.4,2,0.4
85168,10,120,0,0.0,0,0.0,0,0.0
85176,7,120,0,0.0,0,0.0,0,0.0
85250,5,178,3,0.6,3,0.6,3,0.6
85267,4,135,4,1.0,4,1.0,4,1.0
85303,5,120,0,0.0,0,0.0,0,0.0
85309,5,120,2,0.4,3,0.6,4,0.8
85323,6,120,1,0.16666666666666666,2,0.3333333333333333,2,0.3333333333333333
85344,8,120,0,0.0,0,0.0,1,0.125
85354,1,120,0,0.0,0,0.0,0,0.0
85455,3,120,2,0.6666666666666666,2,0.6666666666666666,2,0.6666666666666666
85461,31,120,6,0.1935483870967742,9,0.2903225806451613,10,0.3225806451612903
85577,8,143,4,0.5,5,0.625,5,0.625
85618,1,120,0,0.0,0,0.0,0,0.0
85652,1,120,0,0.0,0,0.0,0,0.0
85686,3,120,0,0.0,0,0.0,0,0.0
85697,4,120,1,0.25,1,0.25,1,0.25
85699,7,120,0,0.0,0,0.0,0,0.0
85705,5,120,0,0.0,0,0.0,0,0.0
85717,8,165,6,0.75,6,0.75,6,0.75
85728,7,120,1,0.14285714285714285,1,0.14285714285714285,1,0.14285714285714285
85736,11,148,5,0.45454545454545453,5,0.45454545454545453,5,0.45454545454545453
85782,1,120,1,1.0,1,1.0,1,1.0
85786,3,120,1,0.3333333333333333,1,0.3333333333333333,1,0.3333333333333333
85789,5,120,2,0.4,3,0.6,3,0.6
85834,5,120,1,0.2,2,0.4,2,0.4
85872,1,120,1,1.0,1,1.0,1,1.0
85873,9,120,0,0.0,2,0.2222222222222222,2,0.2222222222222222
85879,9,120,0,0.0,0,0.0,0,0.0
85915,5,120,0,0.0,0,0.0,1,0.2
85949,5,120,1,0.2,2,0.4,2,0.4
85990,6,120,1,0.16666666666666666,1,0.16666666666666666,1,0.16666666666666666
85991,9,120,0,0.0,0,0.0,0,0.0
85992,6,120,0,0.0,0,0.0,0,0.0
85994,1,120,0,0.0,0,0.0,0,0.0
86000,14,122,0,0.0,0,0.0,0,0.0
86024,5,133,2,0.4,2,0.4,2,0.4
86061,1,120,1,1.0,1,1.0,1,1.0
86062,2,120,0,0.0,0,0.0,0,0.0
86073,1,120,1,1.0,1,1.0,1,1.0
86128,3,120,0,0.0,0,0.0,0,0.0
86171,1,120,1,1.0,1,1.0,1,1.0
86208,1,141,1,1.0,1,1.0,1,1.0
86219,16,120,1,0.0625,1,0.0625,1,0.0625
86253,1,120,0,0.0,0,0.0,0,0.0
86274,12,120,8,0.6666666666666666,10,0.8333333333333334,10,0.8333333333333334
86282,2,120,2,1.0,2,1.0,2,1.0
86295,3,120,2,0.6666666666666666,2,0.6666666666666666,2,0.6666666666666666
86298,7,159,4,0.5714285714285714,4,0.5714285714285714,5,0.7142857142857143
86306,9,120,0,0.0,1,0.1111111111111111,2,0.2222222222222222
86376,1,120,0,0.0,0,0.0,0,0.0
86392,4,120,2,0.5,2,0.5,2,0.5
86396,1,120,0,0.0,0,0.0,0,0.0
86400,7,137,4,0.5714285714285714,4,0.5714285714285714,4,0.5714285714285714
86415,1,120,1,1.0,1,1.0,1,1.0
86481,1,120,0,0.0,0,0.0,0,0.0
86487,2,120,0,0.0,0,0.0,0,0.0
86505,1,120,0,0.0,0,0.0,0,0.0
86529,1,138,0,0.0,0,0.0,0,0.0
86539,2,120,0,0.0,0,0.0,0,0.0
86546,4,120,0,0.0,0,0.0,0,0.0
86604,5,120,1,0.2,2,0.4,2,0.4
86613,2,120,0,0.0,0,0.0,0,0.0
86661,1,136,0,0.0,0,0.0,0,0.0
86667,7,120,0,0.0,0,0.0,0,0.0
86699,6,120,0,0.0,0,0.0,0,0.0
86711,6,120,0,0.0,0,0.0,0,0.0
86717,4,136,3,0.75,3,0.75,3,0.75
86730,1,142,1,1.0,1,1.0,1,1.0
86752,5,120,2,0.4,3,0.6,3,0.6
86753,7,130,4,0.5714285714285714,6,0.8571428571428571,6,0.8571428571428571
86761,2,152,1,0.5,1,0.5,1,0.5
86788,3,120,1,0.3333333333333333,1,0.3333333333333333,1,0.3333333333333333
86791,3,120,1,0.3333333333333333,1,0.3333333333333333,1,0.3333333333333333
86802,3,120,0,0.0,0,0.0,0,0.0
86805,9,165,4,0.4444444444444444,5,0.5555555555555556,5,0.5555555555555556
86820,4,120,1,0.25,2,0.5,2,0.5
86858,2,131,1,0.5,1,0.5,1,0.5
86879,6,120,1,0.16666666666666666,1,0.16666666666666666,2,0.3333333333333333
86883,1,120,0,0.0,0,0.0,0,0.0
86910,16,120,2,0.125,3,0.1875,3,0.1875
86927,7,121,3,0.42857142857142855,3,0.42857142857142855,3,0.42857142857142855
86929,5,120,2,0.4,2,0.4,2,0.4
86952,3,140,1,0.3333333333333333,1,0.3333333333333333,1,0.3333333333333333
86970,1,120,0,0.0,0,0.0,0,0.0
86975,1,120,0,0.0,0,0.0,0,0.0
86981,3,120,0,0.0,0,0.0,0,0.0
87003,3,135,3,1.0,3,1.0,3,1.0
87008,7,162,5,0.7142857142857143,5,0.7142857142857143,5,0.7142857142857143
87027,9,120,1,0.1111111111111111,2,0.2222222222222222,2,0.2222222222222222
87029,5,120,2,0.4,2,0.4,2,0.4
87033,1,120,0,0.0,0,0.0,0,0.0
87034,3,120,0,0.0,0,0.0,0,0.0
87055,1,120,0,0.0,0,0.0,0,0.0
87062,2,120,2,1.0,2,1.0,2,1.0
87082,2,170,2,1.0,2,1.0,2,1.0
87096,7,120,1,0.14285714285714285,1,0.14285714285714285,1,0.14285714285714285
87103,5,120,0,0.0,0,0.0,0,0.0
87123,6,168,6,1.0,6,1.0,6,1.0
87132,3,120,1,0.3333333333333333,1,0.3333333333333333,1,0.3333333333333333
87134,2,165,0,0.0,0,0.0,0,0.0
87144,1,120,0,0.0,0,0.0,0,0.0
87152,6,121,1,0.16666666666666666,1,0.16666666666666666,1,0.16666666666666666
87153,8,120,0,0.0,0,0.0,1,0.125
87167,3,147,2,0.6666666666666666,2,0.6666666666666666,2,0.6666666666666666
87173,6,120,1,0.16666666666666666,1,0.16666666666666666,1,0.16666666666666666
87175,3,127,1,0.3333333333333333,1,0.3333333333333333,1,0.3333333333333333
87189,1,120,0,0.0,0,0.0,0,0.0
87200,2,120,0,0.0,0,0.0,0,0.0
87201,19,120,1,0.05263157894736842,2,0.10526315789473684,2,0.10526315789473684
87207,4,120,1,0.25,1,0.25,1,0.25
87212,2,120,0,0.0,0,0.0,0,0.0
87259,2,121,0,0.0,0,0.0,0,0.0
87313,5,120,1,0.2,1,0.2,1,0.2
87318,19,127,5,0.2631578947368421,5,0.2631578947368421,5,0.2631578947368421
87324,6,164,2,0.3333333333333333,2,0.3333333333333333,2,0.3333333333333333
87342,3,120,0,0.0,0,0.0,0,0.0
87348,21,120,0,0.0,0,0.0,0,0.0
87353,1,120,1,1.0,1,1.0,1,1.0
87359,1,121,0,0.0,0,0.0,0,0.0
87381,3,144,0,0.0,0,0.0,0,0.0
87391,1,120,0,0.0,0,0.0,0,0.0
87430,13,163,6,0.46153846153846156,6,0.46153846153846156,6,0.46153846153846156
87437,8,120,0,0.0,1,0.125,1,0.125
87439,2,120,1,0.5,1,0.5,1,0.5
87475,11,120,1,0.09090909090909091,2,0.18181818181818182,2,0.18181818181818182
87490,8,120,0,0.0,0,0.0,0,0.0
87526,2,120,0,0.0,0,0.0,0,0.0
87537,1,120,0,0.0,0,0.0,0,0.0
87539,2,120,0,0.0,0,0.0,0,0.0
87553,17,120,1,0.058823529411764705,1,0.058823529411764705,2,0.11764705882352941
87577,2,120,1,0.5,2,1.0,2,1.0
87581,1,120,0,0.0,0,0.0,0,0.0
87586,2,120,0,0.0,0,0.0,0,0.0
87624,7,120,0,0.0,0,0.0,0,0.0
87628,2,120,0,0.0,0,0.0,0,0.0
87642,2,120,0,0.0,0,0.0,0,0.0
87646,16,120,4,0.25,6,0.375,6,0.375
87674,4,120,0,0.0,0,0.0,1,0.25
87707,2,120,0,0.0,0,0.0,0,0.0
87714,5,120,2,0.4,3,0.6,3,0.6
87722,4,120,3,0.75,3,0.75,4,1.0
87738,1,169,1,1.0,1,1.0,1,1.0
87759,3,120,1,0.3333333333333333,1,0.3333333333333333,1,0.3333333333333333
87765,7,120,0,0.0,0,0.0,0,0.0
87785,4,120,0,0.0,0,0.0,0,0.0
87792,1,120,0,0.0,0,0.0,0,0.0
87793,7,120,4,0.5714285714285714,4,0.5714285714285714,4,0.5714285714285714
87841,2,120,1,0.5,1,0.5,1,0.5
87853,5,130,3,0.6,3,0.6,3,0.6
87866,4,120,0,0.0,1,0.25,1,0.25
87868,10,120,0,0.0,1,0.1,1,0.1
87898,3,120,0,0.0,0,0.0,1,0.3333333333333333
87949,6,146,3,0.5,3,0.5,3,0.5
87954,4,120,4,1.0,4,1.0,4,1.0
87959,6,138,1,0.16666666666666666,2,0.3333333333333333,2,0.3333333333333333
87966,15,120,0,0.0,4,0.26666666666666666,4,0.26666666666666666
88016,3,120,1,0.3333333333333333,1,0.3333333333333333,1,0.3333333333333333
88084,2,120,0,0.0,0,0.0,0,0.0
88100,2,120,0,0.0,1,0.5,1,0.5
88105,2,120,0,0.0,0,0.0,0,0.0
88125,1,120,1,1.0,1,1.0,1,1.0
88148,6,120,3,0.5,6,1.0,6,1.0
88149,1,120,0,0.0,0,0.0,0,0.0
88170,9,120,1,0.1111111111111111,1,0.1111111111111111,1,0.1111111111111111
88188,13,171,8,0.6153846153846154,9,0.6923076923076923,9,0.6923076923076923
88195,1,120,1,1.0,1,1.0,1,1.0
88222,1,120,0,0.0,0,0.0,0,0.0
88259,20,120,2,0.1,3,0.15,3,0.15
88264,1,120,0,0.0,0,0.0,0,0.0
88265,3,120,1,0.3333333333333333,1,0.3333333333333333,1,0.3333333333333333
88276,10,121,1,0.1,2,0.2,3,0.3
88278,2,137,2,1.0,2,1.0,2,1.0
88307,6,120,0,0.0,0,0.0,0,0.0
88315,7,120,0,0.0,0,0.0,0,0.0
88378,6,120,1,0.16666666666666666,1,0.16666666666666666,2,0.3333333333333333
88383,1,120,1,1.0,1,1.0,1,1.0
88417,3,121,0,0.0,0,0.0,0,0.0
88419,14,158,10,0.7142857142857143,10,0.7142857142857143,10,0.7142857142857143
88450,5,120,0,0.0,0,0.0,0,0.0
88458,8,120,0,0.0,0,0.0,0,0.0
88465,5,120,0,0.0,2,0.4,2,0.4
88483,12,120,0,0.0,0,0.0,0,0.0
88532,1,120,0,0.0,0,0.0,0,0.0
88588,1,120,1,1.0,1,1.0,1,1.0
88589,4,157,4,1.0,4,1.0,4,1.0
88593,6,120,1,0.16666666666666666,2,0.3333333333333333,2,0.3333333333333333
88604,8,120,5,0.625,6,0.75,6,0.75
88610,5,120,5,1.0,5,1.0,5,1.0
88635,3,120,0,0.0,0,0.0,0,0.0
88639,5,120,0,0.0,1,0.2,1,0.2
88673,4,120,0,0.0,0,0.0,0,0.0
88682,1,120,0,0.0,0,0.0,0,0.0
88696,8,120,3,0.375,3,0.375,4,0.5
88711,10,120,1,0.1,3,0.3,3,0.3
88772,2,160,2,1.0,2,1.0,2,1.0
88779,5,120,1,0.2,1,0.2,1,0.2
88794,28,120,4,0.14285714285714285,4,0.14285714285714285,5,0.17857142857142858
88796,8,120,1,0.125,1,0.125,1,0.125
88810,1,120,0,0.0,0,0.0,0,0.0
88828,1,141,0,0.0,0,0.0,0,0.0
88831,7,120,4,0.5714285714285714,5,0.7142857142857143,5,0.7142857142857143
88902,14,120,6,0.42857142857142855,8,0.5714285714285714,8,0.5714285714285714
88922,3,120,0,0.0,0,0.0,0,0.0
88952,22,120,2,0.09090909090909091,2,0.09090909090909091,3,0.13636363636363635
88959,4,120,0,0.0,0,0.0,0,0.0
88964,1,120,0,0.0,0,0.0,0,0.0
88967,1,120,0,0.0,0,0.0,0,0.0
88971,2,120,1,0.5,1,0.5,1,0.5
89003,7,120,3,0.42857142857142855,5,0.7142857142857143,5,0.7142857142857143
89012,6,162,0,0.0,0,0.0,0,0.0
89051,7,120,0,0.0,0,0.0,1,0.14285714285714285
89076,2,120,0,0.0,0,0.0,0,0.0
89112,5,120,0,0.0,0,0.0,0,0.0
89141,1,136,1,1.0,1,1.0,1,1.0
89159,13,120,0,0.0,0,0.0,0,0.0
89200,1,120,1,1.0,1,1.0,1,1.0
89205,5,120,0,0.0,0,0.0,0,0.0
89247,11,120,2,0.18181818181818182,2,0.18181818181818182,2,0.18181818181818182
89262,5,120,2,0.4,2,0.4,2,0.4
89310,2,120,0,0.0,0,0.0,0,0.0
89334,1,120,1,1.0,1,1.0,1,1.0
89363,8,120,4,0.5,5,0.625,5,0.625
89381,4,121,1,0.25,1,0.25,1,0.25
89394,1,120,0,0.0,0,0.0,0,0.0
89396,18,152,7,0.3888888888888889,7,0.3888888888888889,7,0.3888888888888889
89409,2,120,0,0.0,0,0.0,0,0.0
89471,5,120,2,0.4,2,0.4,2,0.4
89472,14,198,9,0.6428571428571429,11,0.7857142857142857,11,0.7857142857142857
89501,1,120,0,0.0,0,0.0,0,0.0
89503,4,120,0,0.0,0,0.0,0,0.0
89522,2,120,0,0.0,0,0.0,0,0.0
89525,3,120,3,1.0,3,1.0,3,1.0
89558,1,120,1,1.0,1,1.0,1,1.0
89567,8,120,0,0.0,0,0.0,0,0.0
89590,5,120,1,0.2,2,0.4,3,0.6
89597,1,120,0,0.0,0,0.0,0,0.0
89606,9,120,0,0.0,0,0.0,0,0.0
89627,1,120,0,0.0,0,0.0,0,0.0
89632,5,120,3,0.6,4,0.8,4,0.8
89639,10,120,0,0.0,0,0.0,0,0.0
89667,2,120,1,0.5,2,1.0,2,1.0
89748,2,120,0,0.0,0,0.0,0,0.0
89778,5,120,0,0.0,0,0.0,0,0.0
89824,4,143,0,0.0,0,0.0,0,0.0
89842,1,120,1,1.0,1,1.0,1,1.0
89859,1,120,0,0.0,0,0.0,0,0.0
89866,5,120,0,0.0,0,0.0,0,0.0
89892,3,121,0,0.0,0,0.0,0,0.0
89956,4,120,2,0.5,2,0.5,2,0.5
89976,4,120,0,0.0,0,0.0,0,0.0
89986,7,120,0,0.0,1,0.14285714285714285,1,0.14285714285714285
89987,1,120,0,0.0,0,0.0,0,0.0
90001,8,142,4,0.5,4,0.5,4,0.5
90004,12,120,0,0.0,0,0.0,0,0.0
90006,13,159,5,0.38461538461538464,6,0.46153846153846156,6,0.46153846153846156
90009,1,120,0,0.0,0,0.0,0,0.0
90018,5,120,0,0.0,2,0.4,2,0.4
90032,3,120,0,0.0,0,0.0,0,0.0
90043,2,120,0,0.0,1,0.5,1,0.5
90060,2,121,1,0.5,1,0.5,1,0.5
90115,1,120,0,0.0,0,0.0,0,0.0
90171,1,120,0,0.0,1,1.0,1,1.0
90181,4,120,0,0.0,0,0.0,0,0.0
90194,5,120,1,0.2,1,0.2,1,0.2
90232,1,120,1,1.0,1,1.0,1,1.0
90248,3,120,0,0.0,0,0.0,0,0.0
90257,3,120,0,0.0,0,0.0,0,0.0
90267,5,120,1,0.2,2,0.4,2,0.4
90277,1,120,0,0.0,0,0.0,0,0.0
90281,1,120,0,0.0,0,0.0,0,0.0
90301,2,120,1,0.5,1,0.5,1,0.5
90338,4,120,1,0.25,1,0.25,1,0.25
90377,3,120,1,0.3333333333333333,1,0.3333333333333333,1,0.3333333333333333
90380,16,120,6,0.375,7,0.4375,7,0.4375
90424,4,185,4,1.0,4,1.0,4,1.0
90426,16,120,1,0.0625,1,0.0625,1,0.0625
90481,10,120,5,0.5,5,0.5,5,0.5
90488,1,120,0,0.0,0,0.0,0,0.0
90553,19,196,7,0.3684210526315789,11,0.5789473684210527,11,0.5789473684210527
90566,14,120,6,0.42857142857142855,6,0.42857142857142855,6,0.42857142857142855
90568,3,120,0,0.0,2,0.6666666666666666,2,0.6666666666666666
90592,11,120,0,0.0,0,0.0,0,0.0
90596,4,124,2,0.5,3,0.75,3,0.75
90601,5,120,1,0.2,1,0.2,1,0.2
90631,1,120,0,0.0,0,0.0,0,0.0
90636,5,120,1,0.2,1,0.2,1,0.2
90644,2,120,0,0.0,0,0.0,0,0.0
90646,4,120,0,0.0,2,0.5,2,0.5
90658,2,120,0,0.0,0,0.0,0,0.0
90695,5,120,0,0.0,2,0.4,3,0.6
90705,2,120,0,0.0,1,0.5,1,0.5
90713,1,120,0,0.0,0,0.0,0,0.0
90735,2,120,2,1.0,2,1.0,2,1.0
90745,1,120,0,0.0,0,0.0,0,0.0
90819,2,148,2,1.0,2,1.0,2,1.0
90832,3,120,1,0.3333333333333333,3,1.0,3,1.0
90849,1,120,0,0.0,0,0.0,0,0.0
90854,7,120,0,0.0,0,0.0,0,0.0
90879,2,120,0,0.0,0,0.0,0,0.0
90910,5,120,3,0.6,3,0.6,3,0.6
90923,3,120,0,0.0,0,0.0,0,0.0
90980,2,120,0,0.0,0,0.0,0,0.0
90999,3,120,1,0.3333333333333333,2,0.6666666666666666,2,0.6666666666666666
91009,5,120,0,0.0,0,0.0,0,0.0
91081,19,120,0,0.0,0,0.0,0,0.0
91113,7,120,0,0.0,0,0.0,0,0.0
91118,1,120,0,0.0,0,0.0,0,0.0
91121,8,157,2,0.25,2,0.25,2,0.25
91140,1,120,0,0.0,0,0.0,0,0.0
91149,3,144,2,0.6666666666666666,2,0.6666666666666666,2,0.6666666666666666
91175,4,120,0,0.0,0,0.0,0,0.0
91187,19,120,0,0.0,1,0.05263157894736842,1,0.05263157894736842
91216,3,128,2,0.6666666666666666,2,0.6666666666666666,2,0.6666666666666666
91223,8,188,7,0.875,7,0.875,7,0.875
91229,1,138,0,0.0,0,0.0,0,0.0
91235,5,120,0,0.0,1,0.2,1,0.2
91242,1,120,0,0.0,1,1.0,1,1.0
91284,15,130,10,0.6666666666666666,10,0.6666666666666666,10,0.6666666666666666
91315,2,120,0,0.0,0,0.0,0,0.0
91322,5,163,4,0.8,4,0.8,4,0.8
91324,3,120,0,0.0,1,0.3333333333333333,1,0.3333333333333333
91329,3,120,0,0.0,0,0.0,0,0.0
91338,3,120,1,0.3333333333333333,1,0.3333333333333333,1,0.3333333333333333
91395,2,120,1,0.5,1,0.5,1,0.5
91461,7,120,1,0.14285714285714285,3,0.42857142857142855,3,0.42857142857142855
91463,11,179,3,0.2727272727272727,8,0.7272727272727273,8,0.7272727272727273
91500,3,120,0,0.0,1,0.3333333333333333,1,0.3333333333333333
91602,1,120,0,0.0,0,0.0,0,0.0
91622,2,120,0,0.0,0,0.0,0,0.0
91638,1,120,0,0.0,0,0.0,0,0.0
91641,15,165,8,0.5333333333333333,8,0.5333333333333333,8,0.5333333333333333
91656,1,120,0,0.0,0,0.0,0,0.0
91674,23,200,5,0.21739130434782608,7,0.30434782608695654,9,0.391304347826087
91680,3,120,1,0.3333333333333333,2,0.6666666666666666,2,0.6666666666666666
91687,3,120,0,0.0,0,0.0,0,0.0
91690,3,120,2,0.6666666666666666,2,0.6666666666666666,2,0.6666666666666666
91720,1,135,1,1.0,1,1.0,1,1.0
91742,10,120,1,0.1,1,0.1,1,0.1
91756,7,120,0,0.0,1,0.14285714285714285,1,0.14285714285714285
91780,2,120,0,0.0,1,0.5,1,0.5
91788,18,120,3,0.16666666666666666,4,0.2222222222222222,4,0.2222222222222222
91823,1,120,0,0.0,0,0.0,0,0.0
91883,1,120,1,1.0,1,1.0,1,1.0
91896,5,120,0,0.0,2,0.4,2,0.4
91905,1,120,0,0.0,1,1.0,1,1.0
91917,1,120,0,0.0,0,0.0,0,0.0
91969,3,120,0,0.0,0,0.0,0,0.0
91971,9,120,2,0.2222222222222222,2,0.2222222222222222,4,0.4444444444444444
92016,10,153,8,0.8,8,0.8,8,0.8
92019,10,120,1,0.1,2,0.2,2,0.2
92038,9,120,0,0.0,0,0.0,0,0.0
92052,1,120,0,0.0,1,1.0,1,1.0
92087,3,120,0,0.0,0,0.0,0,0.0
92088,5,159,4,0.8,4,0.8,4,0.8
92146,1,120,0,0.0,0,0.0,0,0.0
92175,2,153,2,1.0,2,1.0,2,1.0
92182,2,120,0,0.0,0,0.0,0,0.0
92200,1,120,0,0.0,1,1.0,1,1.0
92224,6,120,0,0.0,0,0.0,0,0.0
92241,1,120,0,0.0,0,0.0,0,0.0
92242,1,121,1,1.0,1,1.0,1,1.0
92243,1,120,0,0.0,0,0.0,0,0.0
92265,3,172,3,1.0,3,1.0,3,1.0
92278,4,120,3,0.75,3,0.75,3,0.75
92286,7,120,3,0.42857142857142855,3,0.42857142857142855,3,0.42857142857142855
92294,1,120,0,0.0,0,0.0,0,0.0
92327,6,120,0,0.0,1,0.16666666666666666,2,0.3333333333333333
92354,3,120,1,0.3333333333333333,1,0.3333333333333333,1,0.3333333333333333
92358,2,120,0,0.0,0,0.0,0,0.0
92402,8,120,0,0.0,0,0.0,0,0.0
92448,6,120,0,0.0,0,0.0,0,0.0
92461,1,120,0,0.0,0,0.0,0,0.0
92462,7,120,1,0.14285714285714285,3,0.42857142857142855,3,0.42857142857142855
92466,2,120,0,0.0,0,0.0,0,0.0
92472,10,120,1,0.1,2,0.2,2,0.2
92483,11,120,2,0.18181818181818182,5,0.45454545454545453,5,0.45454545454545453
92485,9,150,6,0.6666666666666666,6,0.6666666666666666,6,0.6666666666666666
92505,3,120,1,0.3333333333333333,1,0.3333333333333333,1,0.3333333333333333
92513,1,138,0,0.0,0,0.0,0,0.0
92519,6,120,0,0.0,0,0.0,0,0.0
92566,1,120,0,0.0,0,0.0,0,0.0
92570,3,120,0,0.0,1,0.3333333333333333,1,0.3333333333333333
92582,13,120,0,0.0,2,0.15384615384615385,2,0.15384615384615385
92598,1,120,0,0.0,0,0.0,0,0.0
92606,11,120,1,0.09090909090909091,1,0.09090909090909091,1,0.09090909090909091
92613,13,120,0,0.0,0,0.0,0,0.0
92662,6,120,1,0.16666666666666666,1,0.16666666666666666,1,0.16666666666666666
92669,2,140,2,1.0,2,1.0,2,1.0
92697,1,120,0,0.0,0,0.0,0,0.0
92701,13,120,0,0.0,0,0.0,1,0.07692307692307693
92705,3,120,0,0.0,0,0.0,0,0.0
92743,3,120,1,0.3333333333333333,1,0.3333333333333333,1,0.3333333333333333
92760,4,120,0,0.0,1,0.25,1,0.25
92768,1,120,1,1.0,1,1.0,1,1.0
92776,1,120,0,0.0,0,0.0,0,0.0
92823,2,142,1,0.5,1,0.5,1,0.5
92843,7,120,2,0.2857142857142857,4,0.5714285714285714,4,0.5714285714285714
92865,1,120,1,1.0,1,1.0,1,1.0
92867,3,120,0,0.0,1,0.3333333333333333,1,0.3333333333333333
92892,5,120,5,1.0,5,1.0,5,1.0
92948,3,120,3,1.0,3,1.0,3,1.0
92973,1,120,0,0.0,0,0.0,0,0.0
93044,1,120,0,0.0,0,0.0,0,0.0
93094,6,124,2,0.3333333333333333,2,0.3333333333333333,2,0.3333333333333333
93145,28,120,0,0.0,1,0.03571428571428571,1,0.03571428571428571
93179,2,148,1,0.5,1,0.5,1,0.5
93183,2,120,1,0.5,1,0.5,1,0.5
93210,4,120,0,0.0,0,0.0,0,0.0
93332,19,120,1,0.05263157894736842,3,0.15789473684210525,3,0.15789473684210525
93337,4,120,1,0.25,1,0.25,2,0.5
93352,10,120,1,0.1,2,0.2,2,0.2
93379,10,120,3,0.3,3,0.3,3,0.3
93406,4,120,1,0.25,1,0.25,1,0.25
93411,11,120,0,0.0,0,0.0,0,0.0
93451,3,120,0,0.0,0,0.0,0,0.0
93475,5,120,0,0.0,0,0.0,0,0.0
93484,10,120,1,0.1,1,0.1,1,0.1
93526,5,120,2,0.4,2,0.4,2,0.4
93527,2,120,0,0.0,0,0.0,0,0.0
93534,4,120,1,0.25,1,0.25,1,0.25
93552,23,200,3,0.13043478260869565,4,0.17391304347826086,5,0.21739130434782608
93557,9,120,5,0.5555555555555556,6,0.6666666666666666,6,0.6666666666666666
93570,9,149,5,0.5555555555555556,5,0.5555555555555556,5,0.5555555555555556
93578,7,120,1,0.14285714285714285,1,0.14285714285714285,1,0.14285714285714285
93583,1,121,0,0.0,0,0.0,0,0.0
93597,5,120,1,0.2,1,0.2,1,0.2
93608,4,120,2,0.5,2,0.5,2,0.5
93613,2,120,1,0.5,2,1.0,2,1.0
93630,5,120,0,0.0,1,0.2,1,0.2
93648,10,164,7,0.7,7,0.7,7,0.7
93658,1,120,0,0.0,0,0.0,0,0.0
93676,2,131,0,0.0,0,0.0,0,0.0
93679,1,120,0,0.0,0,0.0,0,0.0
93706,5,120,0,0.0,0,0.0,0,0.0
93728,2,128,0,0.0,0,0.0,0,0.0
93731,1,120,0,0.0,0,0.0,0,0.0
93735,1,133,1,1.0,1,1.0,1,1.0
93743,19,120,3,0.15789473684210525,7,0.3684210526315789,8,0.42105263157894735
93747,5,131,1,0.2,1,0.2,1,0.2
93750,10,120,0,0.0,0,0.0,0,0.0
93758,2,120,1,0.5,1,0.5,1,0.5
93793,14,120,0,0.0,0,0.0,0,0.0
93818,8,120,2,0.25,4,0.5,4,0.5
93841,3,120,1,0.3333333333333333,2,0.6666666666666666,2,0.6666666666666666
93846,1,120,1,1.0,1,1.0,1,1.0
93865,2,137,0,0.0,0,0.0,0,0.0
93872,1,120,0,0.0,0,0.0,0,0.0
93906,3,120,0,0.0,0,0.0,0,0.0
93930,2,121,1,0.5,1,0.5,1,0.5
93939,2,120,1,0.5,1,0.5,1,0.5
93966,4,120,0,0.0,0,0.0,0,0.0
93974,4,131,0,0.0,1,0.25,1,0.25
94022,3,120,0,0.0,1,0.3333333333333333,1,0.3333333333333333
94112,1,120,1,1.0,1,1.0,1,1.0
94117,1,121,0,0.0,0,0.0,0,0.0
94130,3,120,1,0.3333333333333333,2,0.6666666666666666,2,0.6666666666666666
94168,5,120,2,0.4,2,0.4,2,0.4
94181,9,120,0,0.0,0,0.0,0,0.0
94187,7,120,1,0.14285714285714285,2,0.2857142857142857,2,0.2857142857142857
94194,1,120,1,1.0,1,1.0,1,1.0
94208,3,120,0,0.0,0,0.0,0,0.0
94217,4,120,0,0.0,0,0.0,0,0.0
94243,7,120,2,0.2857142857142857,3,0.42857142857142855,4,0.5714285714285714
94277,5,120,0,0.0,2,0.4,2,0.4
94282,2,121,0,0.0,0,0.0,0,0.0
94284,4,120,0,0.0,0,0.0,0,0.0
94303,6,120,2,0.3333333333333333,3,0.5,3,0.5
94306,18,120,0,0.0,0,0.0,0,0.0
94338,1,142,1,1.0,1,1.0,1,1.0
94360,2,120,0,0.0,0,0.0,0,0.0
94430,8,187,6,0.75,6,0.75,6,0.75
94433,5,120,0,0.0,1,0.2,1,0.2
94434,2,120,0,0.0,0,0.0,0,0.0
94441,9,120,0,0.0,0,0.0,0,0.0
94448,1,120,0,0.0,0,0.0,0,0.0
94450,2,120,0,0.0,0,0.0,0,0.0
94462,7,157,7,1.0,7,1.0,7,1.0
94471,6,120,0,0.0,0,0.0,0,0.0
94484,4,120,0,0.0,1,0.25,1,0.25
94486,1,120,0,0.0,0,0.0,0,0.0
94497,3,120,0,0.0,0,0.0,0,0.0
94500,6,120,0,0.0,0,0.0,0,0.0
94510,1,120,0,0.0,0,0.0,0,0.0
94513,1,120,0,0.0,0,0.0,0,0.0
94521,6,120,0,0.0,0,0.0,0,0.0
94531,1,120,0,0.0,0,0.0,0,0.0
94577,6,120,0,0.0,0,0.0,0,0.0
94609,1,120,0,0.0,0,0.0,0,0.0
94630,10,120,0,0.0,0,0.0,0,0.0
94635,2,122,1,0.5,1,0.5,1,0.5
94672,5,120,0,0.0,2,0.4,2,0.4
94719,2,121,0,0.0,0,0.0,0,0.0
94730,1,120,0,0.0,0,0.0,0,0.0
94742,3,120,1,0.3333333333333333,1,0.3333333333333333,1,0.3333333333333333
94745,3,120,0,0.0,0,0.0,0,0.0
94746,2,120,1,0.5,1,0.5,1,0.5
94756,15,120,0,0.0,3,0.2,3,0.2
94761,6,120,0,0.0,0,0.0,0,0.0
94784,8,120,1,0.125,2,0.25,2,0.25
94805,5,120,0,0.0,0,0.0,0,0.0
94830,11,120,4,0.36363636363636365,4,0.36363636363636365,5,0.45454545454545453
94852,7,120,0,0.0,0,0.0,0,0.0
94854,1,120,0,0.0,0,0.0,0,0.0
94856,1,120,0,0.0,0,0.0,0,0.0
94873,1,120,0,0.0,1,1.0,1,1.0
94875,2,120,1,0.5,1,0.5,1,0.5
94924,2,120,2,1.0,2,1.0,2,1.0
94946,3,147,3,1.0,3,1.0,3,1.0
94966,7,120,0,0.0,0,0.0,0,0.0
94975,2,134,1,0.5,1,0.5,1,0.5
94976,1,120,0,0.0,0,0.0,0,0.0
94985,10,120,1,0.1,2,0.2,2,0.2
95005,4,120,0,0.0,0,0.0,0,0.0
95013,2,120,0,0.0,0,0.0,0,0.0
95060,11,120,1,0.09090909090909091,3,0.2727272727272727,4,0.36363636363636365
95080,25,120,0,0.0,1,0.04,1,0.04
95095,5,120,0,0.0,0,0.0,0,0.0
95101,2,137,2,1.0,2,1.0,2,1.0
95106,2,120,0,0.0,0,0.0,0,0.0
95119,3,200,3,1.0,3,1.0,3,1.0
95156,4,120,0,0.0,0,0.0,0,0.0
95157,5,120,1,0.2,1,0.2,1,0.2
95162,4,120,1,0.25,1,0.25,1,0.25
95175,1,157,0,0.0,0,0.0,0,0.0
95195,3,120,2,0.6666666666666666,2,0.6666666666666666,2,0.6666666666666666
95220,10,120,0,0.0,0,0.0,2,0.2
95222,2,120,0,0.0,0,0.0,0,0.0
95236,5,189,3,0.6,3,0.6,4,0.8
95241,6,120,1,0.16666666666666666,1,0.16666666666666666,1,0.16666666666666666
95247,1,120,1,1.0,1,1.0,1,1.0
95264,1,121,1,1.0,1,1.0,1,1.0
95289,3,129,1,0.3333333333333333,1,0.3333333333333333,1,0.3333333333333333
95293,3,120,0,0.0,0,0.0,0,0.0
95304,1,120,0,0.0,0,0.0,0,0.0
95337,8,120,3,0.375,4,0.5,5,0.625
95357,3,120,0,0.0,0,0.0,0,0.0
95400,1,140,0,0.0,0,0.0,0,0.0
95425,1,120,0,0.0,0,0.0,0,0.0
95431,3,148,3,1.0,3,1.0,3,1.0
95434,1,120,1,1.0,1,1.0,1,1.0
95435,5,120,3,0.6,3,0.6,3,0.6
95451,2,120,0,0.0,0,0.0,0,0.0
95471,3,158,2,0.6666666666666666,2,0.6666666666666666,2,0.6666666666666666
95508,1,120,0,0.0,0,0.0,0,0.0
95517,3,122,2,0.6666666666666666,3,1.0,3,1.0
95527,7,120,0,0.0,0,0.0,0,0.0
95529,4,120,3,0.75,3,0.75,3,0.75
95558,13,120,0,0.0,0,0.0,0,0.0
95559,8,120,0,0.0,1,0.125,1,0.125
95608,24,200,10,0.4166666666666667,12,0.5,12,0.5
95614,9,155,4,0.4444444444444444,5,0.5555555555555556,5,0.5555555555555556
95630,8,120,1,0.125,1,0.125,1,0.125
95639,1,120,1,1.0,1,1.0,1,1.0
95644,7,120,2,0.2857142857142857,2,0.2857142857142857,2,0.2857142857142857
95645,3,120,0,0.0,1,0.3333333333333333,1,0.3333333333333333
95662,1,121,0,0.0,1,1.0,1,1.0
95663,7,120,0,0.0,2,0.2857142857142857,3,0.42857142857142855
95675,15,120,2,0.13333333333333333,3,0.2,3,0.2
95701,1,123,1,1.0,1,1.0,1,1.0
95722,12,120,8,0.6666666666666666,9,0.75,9,0.75
95738,2,120,1,0.5,2,1.0,2,1.0
95771,4,120,0,0.0,0,0.0,0,0.0
95831,2,150,2,1.0,2,1.0,2,1.0
95854,2,120,0,0.0,0,0.0,0,0.0
95869,5,120,0,0.0,0,0.0,0,0.0
95870,1,143,1,1.0,1,1.0,1,1.0
95874,1,174,1,1.0,1,1.0,1,1.0
95877,2,120,1,0.5,1,0.5,1,0.5
95880,11,120,8,0.7272727272727273,9,0.8181818181818182,9,0.8181818181818182
95883,1,120,0,0.0,1,1.0,1,1.0
95889,2,120,0,0.0,0,0.0,0,0.0
95899,11,120,1,0.09090909090909091,2,0.18181818181818182,2,0.18181818181818182
95919,1,120,1,1.0,1,1.0,1,1.0
95923,2,120,1,0.5,1,0.5,1,0.5
95934,1,120,0,0.0,0,0.0,0,0.0
95957,2,120,0,0.0,0,0.0,0,0.0
95976,1,120,0,0.0,0,0.0,0,0.0
95977,11,120,1,0.09090909090909091,1,0.09090909090909091,1,0.09090909090909091
95988,9,182,7,0.7777777777777778,7,0.7777777777777778,7,0.7777777777777778
96012,1,120,0,0.0,0,0.0,0,0.0
96023,16,152,7,0.4375,8,0.5,8,0.5
96050,5,152,3,0.6,3,0.6,3,0.6
96062,7,120,2,0.2857142857142857,2,0.2857142857142857,2,0.2857142857142857
96065,2,120,0,0.0,0,0.0,0,0.0
96072,2,120,0,0.0,0,0.0,0,0.0
96087,10,145,7,0.7,7,0.7,7,0.7
96094,1,121,1,1.0,1,1.0,1,1.0
96107,15,161,8,0.5333333333333333,8,0.5333333333333333,8,0.5333333333333333
96206,1,120,0,0.0,1,1.0,1,1.0
96230,2,120,1,0.5,1,0.5,1,0.5
96233,5,120,2,0.4,3,0.6,3,0.6
96307,3,120,2,0.6666666666666666,2,0.6666666666666666,2,0.6666666666666666
96320,3,120,0,0.0,0,0.0,0,0.0
96331,1,120,0,0.0,0,0.0,0,0.0
96337,4,120,0,0.0,0,0.0,0,0.0
96340,1,120,1,1.0,1,1.0,1,1.0
96341,1,120,1,1.0,1,1.0,1,1.0
96346,3,120,0,0.0,0,0.0,0,0.0
96349,4,120,3,0.75,3,0.75,3,0.75
96363,11,185,6,0.5454545454545454,7,0.6363636363636364,7,0.6363636363636364
96374,2,120,0,0.0,0,0.0,0,0.0
96375,1,120,0,0.0,0,0.0,0,0.0
96403,2,120,2,1.0,2,1.0,2,1.0
96429,18,124,2,0.1111111111111111,2,0.1111111111111111,2,0.1111111111111111
96431,5,121,1,0.2,1,0.2,1,0.2
96442,2,156,1,0.5,1,0.5,1,0.5
96454,7,120,6,0.8571428571428571,6,0.8571428571428571,6,0.8571428571428571
96471,11,146,6,0.5454545454545454,7,0.6363636363636364,7,0.6363636363636364
96480,17,120,4,0.23529411764705882,5,0.29411764705882354,5,0.29411764705882354
96488,1,120,1,1.0,1,1.0,1,1.0
96496,2,120,1,0.5,2,1.0,2,1.0
96560,8,120,1,0.125,3,0.375,3,0.375
96567,3,120,0,0.0,0,0.0,0,0.0
96582,1,120,0,0.0,0,0.0,0,0.0
96595,15,120,0,0.0,0,0.0,0,0.0
96636,5,120,3,0.6,4,0.8,4,0.8
96662,21,120,4,0.19047619047619047,4,0.19047619047619047,5,0.23809523809523808
96696,3,120,3,1.0,3,1.0,3,1.0
96711,13,120,3,0.23076923076923078,3,0.23076923076923078,4,0.3076923076923077
96722,1,120,1,1.0,1,1.0,1,1.0
96731,3,120,0,0.0,0,0.0,0,0.0
96759,2,120,0,0.0,1,0.5,1,0.5
96787,1,136,1,1.0,1,1.0,1,1.0
96791,7,120,0,0.0,2,0.2857142857142857,2,0.2857142857142857
96796,1,143,1,1.0,1,1.0,1,1.0
96815,6,128,6,1.0,6,1.0,6,1.0
96824,4,124,1,0.25,1,0.25,2,0.5
96827,3,120,0,0.0,0,0.0,0,0.0
96837,2,120,0,0.0,0,0.0,0,0.0
96846,5,120,0,0.0,0,0.0,0,0.0
96852,2,120,0,0.0,0,0.0,0,0.0
96913,4,120,0,0.0,3,0.75,4,1.0
96921,1,120,0,0.0,0,0.0,0,0.0
96937,9,120,0,0.0,0,0.0,0,0.0
97000,6,120,4,0.6666666666666666,4,0.6666666666666666,4,0.6666666666666666
97003,2,120,0,0.0,0,0.0,0,0.0
97023,6,146,5,0.8333333333333334,5,0.8333333333333334,6,1.0
97031,5,120,0,0.0,0,0.0,0,0.0
97057,5,120,0,0.0,0,0.0,1,0.2
97072,6,120,0,0.0,0,0.0,0,0.0
97085,3,159,3,1.0,3,1.0,3,1.0
97131,8,120,1,0.125,2,0.25,2,0.25
97141,3,120,1,0.3333333333333333,1,0.3333333333333333,1,0.3333333333333333
97158,1,120,0,0.0,0,0.0,0,0.0
97181,5,120,5,1.0,5,1.0,5,1.0
97215,5,120,1,0.2,1,0.2,1,0.2
97226,5,120,2,0.4,3,0.6,4,0.8
97288,3,120,0,0.0,0,0.0,0,0.0
97310,2,120,0,0.0,0,0.0,0,0.0
97326,1,120,0,0.0,1,1.0,1,1.0
97331,2,141,1,0.5,1,0.5,1,0.5
97377,26,120,0,0.0,2,0.07692307692307693,2,0.07692307692307693
97392,6,120,0,0.0,0,0.0,0,0.0
97414,3,139,3,1.0,3,1.0,3,1.0
97445,12,166,7,0.5833333333333334,7,0.5833333333333334,7,0.5833333333333334
97455,4,120,0,0.0,0,0.0,0,0.0
97501,8,168,5,0.625,5,0.625,5,0.625
97508,7,120,1,0.14285714285714285,2,0.2857142857142857,2,0.2857142857142857
97547,2,121,1,0.5,1,0.5,1,0.5
97560,4,120,0,0.0,0,0.0,0,0.0
97566,1,120,0,0.0,0,0.0,0,0.0
97567,6,120,1,0.16666666666666666,2,0.3333333333333333,2,0.3333333333333333
97570,5,120,0,0.0,0,0.0,1,0.2
97594,2,120,0,0.0,0,0.0,0,0.0
97602,1,120,0,0.0,0,0.0,0,0.0
97611,6,120,0,0.0,0,0.0,0,0.0
97617,3,120,0,0.0,0,0.0,0,0.0
97661,1,120,1,1.0,1,1.0,1,1.0
97667,4,120,4,1.0,4,1.0,4,1.0
97673,6,120,1,0.16666666666666666,2,0.3333333333333333,2,0.3333333333333333
97676,6,121,0,0.0,1,0.16666666666666666,1,0.16666666666666666
97732,3,120,1,0.3333333333333333,1,0.3333333333333333,1,0.3333333333333333
97795,2,120,0,0.0,0,0.0,0,0.0
97808,12,120,1,0.08333333333333333,1,0.08333333333333333,1,0.08333333333333333
97822,8,120,1,0.125,1,0.125,1,0.125
97861,2,120,1,0.5,2,1.0,2,1.0
97872,3,120,0,0.0,0,0.0,0,0.0
97875,3,120,0,0.0,0,0.0,0,0.0
97885,5,120,1,0.2,4,0.8,4,0.8
97908,5,120,3,0.6,3,0.6,3,0.6
97951,4,138,2,0.5,2,0.5,2,0.5
98008,1,120,0,0.0,0,0.0,0,0.0
98010,1,120,0,0.0,0,0.0,0,0.0
98013,3,120,1,0.3333333333333333,1,0.3333333333333333,1,0.3333333333333333
98016,6,120,0,0.0,0,0.0,0,0.0
98023,3,120,1,0.3333333333333333,1,0.3333333333333333,1,0.3333333333333333
98033,4,120,0,0.0,0,0.0,0,0.0
98055,1,121,0,0.0,0,0.0,0,0.0
98058,1,120,0,0.0,0,0.0,0,0.0
98104,2,120,0,0.0,1,0.5,1,0.5
98110,10,120,7,0.7,7,0.7,7,0.7
98140,13,120,3,0.23076923076923078,4,0.3076923076923077,4,0.3076923076923077
98162,2,120,1,0.5,1,0.5,1,0.5
98168,4,142,4,1.0,4,1.0,4,1.0
98171,14,120,1,0.07142857142857142,3,0.21428571428571427,3,0.21428571428571427
98180,3,120,1,0.3333333333333333,1,0.3333333333333333,1,0.3333333333333333
98194,1,120,0,0.0,1,1.0,1,1.0
98195,2,120,0,0.0,1,0.5,1,0.5
98209,2,120,0,0.0,0,0.0,0,0.0
98214,2,120,1,0.5,1,0.5,1,0.5
98215,2,120,1,0.5,1,0.5,1,0.5
98217,1,120,0,0.0,0,0.0,0,0.0
98221,16,120,1,0.0625,3,0.1875,3,0.1875
98295,1,120,0,0.0,0,0.0,0,0.0
98310,15,120,3,0.2,4,0.26666666666666666,4,0.26666666666666666
98335,2,120,2,1.0,2,1.0,2,1.0
98353,1,123,1,1.0,1,1.0,1,1.0
98375,1,120,0,0.0,0,0.0,0,0.0
98381,1,120,0,0.0,1,1.0,1,1.0
98383,1,120,0,0.0,0,0.0,0,0.0
98393,4,120,4,1.0,4,1.0,4,1.0
98399,3,120,1,0.3333333333333333,1,0.3333333333333333,2,0.6666666666666666
98416,4,149,1,0.25,1,0.25,1,0.25
98463,1,120,0,0.0,0,0.0,0,0.0
98504,1,120,0,0.0,0,0.0,0,0.0
98528,1,120,0,0.0,0,0.0,0,0.0
98548,2,120,1,0.5,1,0.5,2,1.0
98570,4,120,0,0.0,1,0.25,1,0.25
98572,4,143,1,0.25,1,0.25,1,0.25
98576,8,120,2,0.25,2,0.25,2,0.25
98601,12,120,6,0.5,6,0.5,6,0.5
98608,2,120,2,1.0,2,1.0,2,1.0
98643,2,120,0,0.0,1,0.5,1,0.5
98646,4,120,1,0.25,1,0.25,1,0.25
98701,2,120,0,0.0,0,0.0,0,0.0
98709,1,120,0,0.0,0,0.0,0,0.0
98710,3,144,3,1.0,3,1.0,3,1.0
98726,26,120,0,0.0,0,0.0,0,0.0
98755,1,120,0,0.0,1,1.0,1,1.0
98881,7,120,1,0.14285714285714285,1,0.14285714285714285,1,0.14285714285714285
98908,4,120,0,0.0,1,0.25,1,0.25
98915,1,120,1,1.0,1,1.0,1,1.0
98918,2,120,0,0.0,0,0.0,0,0.0
98929,2,120,0,0.0,0,0.0,0,0.0
98933,4,120,1,0.25,2,0.5,2,0.5
98962,4,120,0,0.0,1,0.25,1,0.25
98978,3,120,2,0.6666666666666666,2,0.6666666666666666,2,0.6666666666666666
98985,1,120,0,0.0,0,0.0,0,0.0
98997,7,144,1,0.14285714285714285,1,0.14285714285714285,1,0.14285714285714285
99012,5,120,0,0.0,0,0.0,0,0.0
99039,2,120,0,0.0,0,0.0,0,0.0
99058,1,120,0,0.0,0,0.0,0,0.0
99081,2,145,1,0.5,1,0.5,1,0.5
99083,2,120,0,0.0,0,0.0,0,0.0
99160,1,120,0,0.0,0,0.0,0,0.0
99186,3,120,0,0.0,0,0.0,0,0.0
99221,5,120,1,0.2,2,0.4,2,0.4
99244,9,199,3,0.3333333333333333,3,0.3333333333333333,3,0.3333333333333333
99254,1,120,0,0.0,0,0.0,0,0.0
99275,4,120,4,1.0,4,1.0,4,1.0
99283,4,120,1,0.25,1,0.25,1,0.25
99314,5,120,0,0.0,0,0.0,0,0.0
99316,1,126,1,1.0,1,1.0,1,1.0
99319,7,120,1,0.14285714285714285,2,0.2857142857142857,2,0.2857142857142857
99331,2,120,0,0.0,0,0.0,0,0.0
99350,5,120,0,0.0,0,0.0,0,0.0
99352,5,120,2,0.4,2,0.4,2,0.4
99375,11,144,4,0.36363636363636365,4,0.36363636363636365,4,0.36363636363636365
99404,3,120,0,0.0,0,0.0,0,0.0
99452,1,120,0,0.0,1,1.0,1,1.0
99456,4,120,0,0.0,2,0.5,3,0.75
99468,1,120,0,0.0,0,0.0,0,0.0
99498,2,164,1,0.5,2,1.0,2,1.0
99501,3,120,0,0.0,0,0.0,0,0.0
99503,7,120,0,0.0,0,0.0,0,0.0
99510,1,120,0,0.0,0,0.0,0,0.0
99515,2,120,0,0.0,1,0.5,1,0.5
99519,1,120,0,0.0,0,0.0,0,0.0
99523,5,120,0,0.0,0,0.0,1,0.2
99532,9,170,5,0.5555555555555556,5,0.5555555555555556,5,0.5555555555555556
99587,3,177,1,0.3333333333333333,1,0.3333333333333333,1,0.3333333333333333
99600,12,120,1,0.08333333333333333,2,0.16666666666666666,2,0.16666666666666666
99601,2,120,0,0.0,0,0.0,0,0.0
99604,4,120,1,0.25,1,0.25,1,0.25
99620,16,120,0,0.0,0,0.0,0,0.0
99644,1,120,1,1.0,1,1.0,1,1.0
99678,1,120,0,0.0,1,1.0,1,1.0
99681,10,131,4,0.4,5,0.5,5,0.5
99691,7,120,1,0.14285714285714285,3,0.42857142857142855,5,0.7142857142857143
99697,3,120,0,0.0,0,0.0,0,0.0
99700,2,120,1,0.5,2,1.0,2,1.0
99706,4,120,1,0.25,2,0.5,2,0.5
99759,6,120,0,0.0,0,0.0,0,0.0
99772,1,120,0,0.0,0,0.0,0,0.0
99797,5,120,0,0.0,0,0.0,0,0.0
99823,16,120,0,0.0,0,0.0,0,0.0
99834,4,120,1,0.25,1,0.25,1,0.25
99848,1,120,0,0.0,0,0.0,0,0.0
99871,1,154,1,1.0,1,1.0,1,1.0
99888,12,120,0,0.0,0,0.0,0,0.0
99891,2,120,2,1.0,2,1.0,2,1.0
99929,1,120,1,1.0,1,1.0,1,1.0
99945,3,164,2,0.6666666666666666,2,0.6666666666666666,2,0.6666666666666666
99954,1,120,0,0.0,0,0.0,0,0.0
99956,5,120,0,0.0,1,0.2,1,0.2
99968,6,120,3,0.5,3,0.5,3,0.5
99976,7,120,3,0.42857142857142855,3,0.42857142857142855,3,0.42857142857142855
99985,18,120,0,0.0,1,0.05555555555555555,1,0.05555555555555555
