user_id,0
42161,327
43043,319
17309,309
9308,305
99304,304
45796,298
67131,295
75466,292
83683,291
93772,290
17601,287
52169,281
65949,277
51818,276
88872,273
7735,269
58337,268
39593,263
79005,263
64507,262
16173,261
13411,259
42742,259
81280,257
82792,256
52858,255
60171,254
34668,253
97768,253
20009,252
6195,251
7741,250
12070,250
72402,249
30086,249
94685,249
71380,248
67227,247
22544,246
45342,245
38157,244
32622,244
2364,244
7269,244
87380,244
93143,243
93493,243
37583,243
53905,243
62409,242
96935,241
47792,241
77239,241
41091,241
95028,240
32733,240
80717,239
53002,239
65314,239
62128,239
49338,239
94575,238
58034,238
91685,238
22841,237
97818,237
20163,237
62371,236
45102,236
15521,236
60981,236
66493,236
65329,235
86509,235
45311,234
20362,234
58148,234
45898,234
39588,234
10545,234
34932,234
49738,234
73494,234
31865,234
22682,233
83019,233
93552,233
31356,233
89360,233
71321,232
99617,232
74697,231
88849,231
79264,231
41541,230
95025,230
98409,230
44476,229
2718,229
55591,228
63266,228
81867,228
70326,228
52501,227
80889,227
15595,227
60051,226
31153,226
89825,226
40184,225
11144,225
81014,225
22241,224
9161,224
46014,224
41923,224
26124,224
74589,223
79812,223
70848,223
95585,222
90257,222
60482,222
72296,222
63593,222
54990,221
13645,221
8376,221
47130,220
89332,220
95164,220
62497,220
5014,220
50084,220
54581,219
90175,219
29490,219
67694,219
95798,219
92868,218
89140,218
46470,218
89440,218
15145,218
52763,218
79669,218
39735,218
47151,217
15026,217
35497,217
47237,217
20582,217
72278,217
99466,217
91311,217
57341,217
87201,216
39229,216
68543,215
70840,215
14727,215
83004,215
77183,215
47625,215
15409,215
78512,214
99370,214
93550,214
22310,214
37199,214
36017,213
23756,213
52481,213
52744,213
29447,212
38254,212
61942,212
89052,212
19242,212
53803,212
201,212
65626,212
32658,212
95593,212
91505,212
31085,211
50368,211
43596,211
99821,211
91471,211
85003,211
46326,210
30307,210
25012,210
95084,210
15367,210
53056,210
69214,209
41929,209
64007,209
91013,209
24251,208
95023,208
63268,208
139,208
88935,208
81412,207
90799,207
95080,207
21347,207
19521,207
38959,207
63055,206
51869,206
68161,206
50354,206
90997,206
88952,206
10494,206
20927,205
42095,205
49484,205
38399,204
23337,204
18674,204
27031,204
19211,204
90553,204
77641,203
99776,203
50989,203
93616,203
11945,203
21770,203
13331,203
97916,203
16544,203
49271,203
69600,203
74969,202
80731,202
52638,202
99683,202
14911,202
17640,202
48978,202
30106,202
34464,201
14871,201
55461,201
17212,201
32661,201
32681,201
55029,201
63441,201
17144,201
75974,201
62091,201
24669,200
16522,200
44988,200
99069,200
46536,200
59608,200
88552,200
50131,200
52175,200
38226,200
2849,200
73442,200
44846,200
28071,200
690,199
12437,199
77830,199
47236,199
87698,199
686,199
94752,199
83848,199
40213,199
63924,199
27538,198
26195,198
92429,198
79498,198
5135,198
33403,198
65233,198
87010,198
7093,198
96333,197
15185,197
32006,197
43094,197
91187,197
3823,197
29828,197
64864,197
33462,197
55145,197
13151,197
67136,197
55,197
64659,196
25783,196
17944,196
28240,196
38225,196
44932,196
9277,196
71855,196
50954,196
28728,196
73728,196
49581,196
3943,196
56466,196
57723,196
96949,196
62516,196
6925,196
83748,196
66637,195
63101,195
55434,195
43819,194
94695,194
47766,194
51694,194
57012,194
26682,194
70487,194
90147,194
33713,194
92913,193
32904,193
82443,193
86247,193
16091,193
34248,193
91241,193
52599,193
21069,193
71780,193
8761,193
63621,192
79762,192
96209,192
55911,192
48340,192
98621,192
92185,192
59219,192
43708,192
13132,192
83776,192
72415,191
35178,191
70515,191
82135,191
33087,191
71225,191
76701,191
68046,191
94116,191
35244,191
47902,190
14060,190
90327,190
4657,190
18267,190
95457,190
88527,190
15878,190
24501,190
92633,190
2777,190
37794,190
22399,190
41874,190
80032,190
53971,190
88051,190
93799,189
17201,189
20313,189
99028,189
31680,189
23769,189
57565,189
44996,189
38005,189
2629,189
95319,189
15179,189
93392,189
77929,189
34543,188
87881,188
97121,188
93660,188
16194,188
74007,188
86357,188
331,188
21926,188
67724,187
88048,187
13818,187
51524,187
94509,187
95846,187
56279,187
38353,187
87551,187
18016,187
52082,187
72588,187
35183,187
49907,187
38716,187
95392,186
14772,186
80545,186
14956,186
53383,186
85187,186
6548,186
12090,186
33566,186
58009,186
87465,186
37450,186
20524,186
29947,186
26763,185
33618,185
34760,185
42256,185
1936,185
80980,185
86806,185
7645,185
96525,185
69316,185
67003,185
84947,185
17141,185
30052,185
75198,185
80645,185
84367,185
2006,185
42444,185
38344,184
65449,184
49140,184
30484,184
55912,184
8190,184
90694,184
94147,184
83148,184
27359,184
78283,184
67888,184
28480,184
68932,184
42067,184
27195,184
62141,184
37507,184
4662,184
85781,184
7490,184
61839,183
96283,183
949,183
48989,183
69450,183
27593,183
36934,183
18419,183
52136,183
2861,183
92473,183
5962,183
68688,183
69825,182
58633,182
12312,182
98232,182
64697,182
98302,182
74714,182
15778,182
25360,182
18153,182
60737,182
41462,182
54738,182
35010,182
4784,182
29131,182
12433,181
89959,181
67292,181
8321,181
72431,181
88492,181
94816,181
5785,181
81753,181
40788,181
73038,181
18045,181
8569,181
43463,181
95608,181
61495,181
39579,181
27443,181
72188,180
53360,180
68899,180
32932,180
87904,180
23800,180
91807,180
12168,180
92681,180
48489,180
53415,180
93793,180
14056,180
6502,180
18302,180
65141,180
42133,180
63395,179
88368,179
39856,179
50463,179
88259,179
47255,179
34808,179
19070,179
77214,179
76226,179
92363,179
32354,179
20102,179
6910,179
14599,179
61256,179
23083,179
54025,179
40704,179
4395,179
75850,179
97192,179
83366,179
36286,178
28550,178
43803,178
4782,178
64104,178
88079,178
80805,178
33679,178
51637,178
65629,178
71095,178
1851,178
32210,178
21882,178
86847,178
35286,178
10592,178
37695,177
31930,177
84323,177
94780,177
84890,177
32982,177
15129,177
35999,177
22148,177
63939,177
34110,177
34806,177
94731,177
81869,177
70613,176
4146,176
5055,176
77993,176
71814,176
80196,176
98829,176
46170,176
98814,176
54446,176
70633,176
19837,176
83107,176
94795,176
80626,176
49648,176
24959,176
72913,176
72157,176
29402,176
33512,176
59440,176
69329,176
80523,176
22337,176
39405,176
63895,175
99981,175
22948,175
93153,175
69914,175
27689,175
48280,175
90681,175
90866,175
86928,175
50425,175
77174,175
87244,175
93246,175
91141,175
8293,175
88809,175
43780,175
14386,175
46362,175
83248,175
64491,175
74601,175
54434,175
78641,175
85380,174
76454,174
26872,174
77091,174
13720,174
17790,174
10429,174
34284,174
7275,174
90803,174
93088,174
93989,174
15818,174
64511,174
79691,174
66219,174
24303,173
30334,173
88009,173
30343,173
65468,173
49770,173
74233,173
14035,173
17746,173
42261,173
14619,173
26003,173
64153,173
42805,173
44187,173
66605,173
2349,173
29458,173
14798,172
77485,172
14118,172
86092,172
12145,172
96480,172
2357,172
96363,172
50074,172
66734,172
86289,172
72054,172
52497,172
82732,172
8013,172
74812,172
88843,172
21925,172
38000,172
77241,172
92778,172
89048,172
93700,172
74237,172
49011,171
77863,171
17898,171
93007,171
50800,171
36900,171
80398,171
97775,171
15410,171
87060,171
49892,171
62406,171
99622,171
17464,171
12064,171
8325,171
78148,171
76993,171
30741,171
66244,171
46092,170
98413,170
33561,170
6197,170
92765,170
49407,170
39574,170
92881,170
18157,170
86321,170
37585,170
93296,170
18987,170
93607,170
81276,170
68863,170
50320,170
32611,170
6294,170
22239,170
22820,170
69651,170
86093,170
80094,170
94369,169
5243,169
77710,169
26609,169
7612,169
15602,169
96023,169
27919,169
18396,169
23862,169
20019,169
62961,169
1154,169
29704,169
60612,169
17191,169
94363,169
48087,169
69470,169
40,169
70038,169
51811,169
98507,169
93405,169
49850,169
31549,169
60854,169
74129,169
52213,169
99563,168
36932,168
83063,168
58957,168
39118,168
91291,168
66341,168
2418,168
30257,168
23469,168
45569,168
76859,168
6362,168
76475,168
14100,168
22284,167
13797,167
89232,167
95795,167
27667,167
96982,167
73934,167
77297,167
27599,167
41005,167
38317,167
78480,167
58919,167
75570,167
40364,167
40469,167
81167,167
43208,166
30256,166
94483,166
76577,166
79758,166
35553,166
81792,166
23734,166
37986,166
50743,166
71957,166
89396,166
24288,166
94767,166
93884,166
73326,166
12293,166
14538,166
1939,166
27730,166
88044,166
2786,166
85347,166
84605,166
81688,166
30963,166
47632,166
15480,166
58234,166
54175,165
58659,165
98604,165
93743,165
39509,165
72161,165
25836,165
53852,165
64527,165
16395,165
78608,165
83871,165
26392,165
1494,165
42196,165
3043,165
12474,165
71427,165
22157,165
90700,165
62097,165
66619,165
58601,165
43144,165
79489,165
27710,165
88741,165
8326,165
38602,165
61145,165
91605,165
47684,165
42544,164
4564,164
25342,164
20055,164
41059,164
32376,164
69204,164
55657,164
62764,164
8614,164
5373,164
77108,164
66313,164
18733,164
24418,164
10774,164
92470,164
79334,164
89852,164
11324,164
19546,164
57834,164
27153,164
59392,164
71765,164
44798,164
37302,164
7352,164
66566,164
63534,164
79925,163
59526,163
51632,163
90445,163
49813,163
20330,163
67016,163
99788,163
63922,163
66431,163
71455,163
10780,163
70931,163
13408,163
31119,163
7598,163
39924,163
20075,163
10185,163
85982,163
76998,163
4781,163
9907,163
16803,163
74072,163
49943,163
17037,162
95546,162
33765,162
32876,162
28419,162
16456,162
68350,162
90168,162
81517,162
45948,162
2078,162
19132,162
4313,162
98916,162
12172,162
39062,162
77551,162
92261,162
43083,162
93810,162
33843,162
23918,162
87048,162
88902,162
91538,162
72746,162
290,162
56626,162
7693,162
66887,162
50819,162
66636,162
10078,161
66504,161
10769,161
28516,161
22943,161
2154,161
97377,161
43949,161
83021,161
51131,161
53590,161
16134,161
51734,161
2210,161
50722,161
72486,161
6518,161
38712,161
78438,161
43301,161
7932,161
71803,161
42850,160
65802,160
96225,160
36817,160
33485,160
69702,160
42989,160
41527,160
12358,160
41020,160
1116,160
74145,160
36012,160
12835,160
34922,160
6029,160
39103,160
58499,160
33687,160
78426,160
98883,160
32920,160
6401,160
11486,160
54946,160
58894,160
27926,160
59476,160
23860,160
8881,160
46487,160
1826,160
33105,160
65147,160
43853,160
46495,160
77173,160
33038,160
38322,160
84108,160
4492,159
82663,159
32906,159
2869,159
57195,159
88616,159
53914,159
71404,159
83163,159
27238,159
17263,159
99795,159
83968,159
87196,159
28940,159
66917,159
14794,159
65184,159
68128,159
40713,159
82740,159
87622,159
19169,159
46997,159
97029,159
80745,159
78685,159
98524,159
20612,159
30560,159
78686,159
90808,159
57060,159
23377,158
36261,158
51771,158
33823,158
73760,158
74006,158
59012,158
46011,158
57348,158
6269,158
644,158
71042,158
60242,158
12823,158
99736,158
66027,158
96798,158
79706,158
41776,158
61726,158
80852,158
17051,158
27906,158
68007,158
42339,158
37001,157
87737,157
41008,157
89675,157
59138,157
47786,157
30777,157
91659,157
28644,157
40998,157
96750,157
66565,157
88449,157
82009,157
47327,157
11279,157
76657,157
25576,157
34433,157
49724,157
45836,157
57889,157
91268,157
25213,156
30828,156
28756,156
29196,156
85671,156
40693,156
91674,156
57580,156
16433,156
97149,156
99659,156
3319,156
6290,156
7723,156
80632,156
94954,156
70740,156
94362,156
23242,156
35538,156
56575,156
44962,156
69431,156
35080,156
46865,156
14543,156
66292,156
83664,156
45498,156
27778,156
23046,156
79125,156
85045,156
25301,156
99484,156
31013,156
89786,156
47992,155
70432,155
57332,155
8371,155
38913,155
35325,155
47592,155
80627,155
53482,155
66921,155
45502,155
38436,155
25800,155
41562,155
76488,155
52677,155
23777,155
94143,155
99050,155
30509,155
93555,155
73485,155
93450,155
95320,155
99620,155
45652,155
96028,155
48035,155
16029,155
6695,155
73266,155
65896,155
76619,155
44820,155
38775,155
87927,155
37553,155
48622,155
15169,155
22910,154
31264,154
57011,154
76174,154
17118,154
68321,154
64514,154
56757,154
38483,154
59148,154
88608,154
35517,154
69626,154
46508,154
40865,154
48840,154
13550,154
56535,154
66561,154
46521,154
16101,154
15084,154
75109,154
72196,154
55463,154
19786,154
24456,154
40593,154
73378,154
95219,154
93199,154
97531,154
50712,154
11464,154
82042,154
28062,154
94960,154
67137,154
98924,154
96942,154
35745,153
15615,153
53562,153
64584,153
41081,153
41683,153
80411,153
30181,153
6046,153
46754,153
44042,153
93808,153
54331,153
93503,153
25796,153
50935,153
21988,153
73616,153
93134,153
45866,153
1830,153
43814,153
13803,153
40347,153
61382,153
94340,153
26368,153
75115,153
55682,153
54785,153
59691,153
43849,153
66262,153
81744,152
24102,152
25760,152
78231,152
20523,152
8370,152
46177,152
94359,152
49376,152
76060,152
73323,152
50118,152
95221,152
72857,152
13279,152
85734,152
44750,152
47433,152
20473,152
38329,152
13626,152
48708,152
4108,152
65224,152
58076,152
98726,152
490,152
34937,152
29033,152
87037,152
88058,152
5197,152
54890,152
92208,152
54117,152
51623,152
5024,152
38589,152
18291,152
88655,152
84833,152
27172,152
25333,152
16196,152
9077,151
23659,151
10046,151
74554,151
25006,151
30058,151
81712,151
33565,151
69380,151
50441,151
62561,151
77356,151
2297,151
27751,151
90260,151
51791,151
46291,151
13174,151
32195,151
95340,151
74765,151
70766,151
50293,151
34347,151
64220,151
94772,151
95453,151
36547,151
36131,151
97128,151
89400,151
69314,151
95291,151
5985,151
45643,151
18786,151
98565,151
38570,150
35720,150
3390,150
73014,150
15985,150
91336,150
14582,150
15948,150
34078,150
57740,150
33957,150
76140,150
36953,150
41393,150
87611,150
77800,150
13117,150
17390,150
58587,150
28090,150
22305,150
31700,150
50361,150
74058,150
16179,150
91804,150
19256,150
38082,150
60388,150
59383,150
67668,150
85792,150
98866,150
67547,150
69882,150
39778,150
79610,150
28961,150
11884,150
94567,150
49416,150
8957,150
91987,150
43540,150
60838,150
36138,150
65893,150
549,150
12819,150
24183,150
92306,149
82277,149
82374,149
58928,149
65205,149
67818,149
76669,149
74161,149
33213,149
45725,149
85736,149
69500,149
93145,149
14224,149
86741,149
83858,149
59858,149
82680,149
88035,149
98116,149
74351,149
28410,149
70897,149
76461,149
4674,149
22856,149
40678,149
29145,149
3724,149
77016,149
49500,149
20087,149
27328,149
40058,149
50753,149
30039,149
91430,149
79951,149
10946,149
77525,149
28805,149
64897,149
417,149
72608,148
83080,148
58935,148
98844,148
64466,148
75765,148
64418,148
25496,148
53151,148
32826,148
77918,148
10060,148
30351,148
66949,148
55773,148
39037,148
80024,148
54003,148
82368,148
70998,148
59363,148
4261,148
6003,148
85774,148
45749,148
19113,148
45782,148
1052,148
89527,148
99689,148
14989,148
54883,148
93321,148
62548,148
34489,148
84437,148
5720,148
54574,148
3718,148
7454,148
64714,148
49662,148
45134,148
34341,147
14642,147
37331,147
8711,147
58111,147
90353,147
40324,147
87475,147
15883,147
68396,147
2265,147
4599,147
58615,147
60783,147
7014,147
49357,147
91286,147
52471,147
96123,147
45977,147
14382,147
32971,147
36340,147
97055,147
7901,147
22496,147
7646,147
7608,147
59274,147
82061,147
85352,147
16886,147
59769,147
72405,147
56896,147
77469,147
54531,147
33535,147
64641,147
56867,147
10288,147
77275,147
70097,147
72198,147
52792,146
73729,146
86322,146
4668,146
61872,146
78798,146
66442,146
66730,146
40149,146
49936,146
78805,146
72348,146
52733,146
69009,146
88708,146
20144,146
7001,146
6325,146
87008,146
37820,146
64145,146
44573,146
38534,146
21052,146
16532,146
59142,146
20695,146
20603,146
59513,146
11454,146
71477,146
85496,146
34848,146
80568,146
50663,146
65413,146
50762,146
71341,146
16975,146
57310,146
82365,146
62267,146
33191,146
97948,146
47945,146
6100,146
19016,146
89499,146
80211,146
1933,146
69165,145
56006,145
59947,145
67342,145
92942,145
36956,145
38109,145
721,145
54625,145
10560,145
10600,145
222,145
7830,145
83566,145
45530,145
50872,145
39245,145
69958,145
7900,145
73858,145
65627,145
908,145
30171,145
5054,145
64945,145
49093,145
59165,145
16661,145
2107,145
59153,145
14917,145
31986,145
52311,145
99675,145
10967,145
59463,145
90095,145
782,145
83034,145
90205,145
69789,145
86792,145
72463,145
98437,145
38662,145
47946,145
85280,144
80621,144
16869,144
96955,144
77236,144
36278,144
29821,144
62112,144
54767,144
47681,144
99599,144
18344,144
82151,144
2304,144
18969,144
20989,144
22805,144
86469,144
31050,144
10154,144
13014,144
14284,144
92689,144
43877,144
30935,144
73747,144
76186,144
53924,144
79661,144
24575,144
12267,144
11817,144
71893,144
36195,144
68210,144
37223,144
20466,144
1168,144
88913,144
20861,144
45025,144
27887,144
27389,144
49946,144
76435,144
35645,144
81682,143
69594,143
53688,143
35468,143
3343,143
58730,143
48510,143
96373,143
361,143
6842,143
99201,143
5255,143
64459,143
73675,143
63262,143
3102,143
18197,143
97252,143
82566,143
97815,143
52829,143
23172,143
39432,143
28906,143
45871,143
63573,143
93119,143
23368,143
1315,143
4525,143
75383,143
85224,143
43844,143
51480,143
96348,143
1854,143
55331,143
95019,143
9878,143
70125,143
95330,143
27124,143
25410,143
95134,143
84917,143
43287,143
13039,143
1771,143
9043,143
89009,143
57985,143
69841,143
4754,142
22495,142
88987,142
8105,142
36347,142
96768,142
42026,142
84340,142
42586,142
35174,142
34761,142
1234,142
3535,142
27684,142
59149,142
45088,142
3660,142
64740,142
67969,142
50684,142
72293,142
36039,142
58829,142
73226,142
64540,142
14245,142
76057,142
47275,142
52706,142
64268,142
83057,142
32473,142
67681,142
2133,142
41229,142
39345,142
82936,142
89891,142
45623,142
33510,142
95633,142
69039,142
75354,142
26657,141
61442,141
88399,141
58514,141
68487,141
678,141
69657,141
9791,141
41357,141
51276,141
1889,141
2142,141
21799,141
96757,141
48144,141
12479,141
88212,141
49016,141
10295,141
54560,141
64784,141
98498,141
1319,141
29877,141
34220,141
19120,141
17670,141
7445,141
98242,141
57462,141
70025,141
74428,141
72558,141
23841,141
61608,141
11186,141
46528,141
49679,141
68860,141
86830,141
94385,141
41505,141
19703,141
92601,141
21286,141
5972,141
11827,141
32562,141
98418,141
80457,141
18221,141
56906,141
16335,141
78667,141
26532,141
86018,140
92714,140
12524,140
59753,140
21806,140
54798,140
78658,140
71011,140
30523,140
83795,140
87077,140
13768,140
41135,140
36627,140
85925,140
58166,140
32051,140
57698,140
15854,140
27644,140
80305,140
91767,140
6206,140
22889,140
14708,140
67501,140
44742,140
99485,140
90068,140
29484,140
96299,140
1396,140
41317,140
38615,140
94886,140
14347,140
27098,140
92216,140
40096,140
72434,140
91910,140
23190,140
46446,140
76827,140
43117,140
58921,140
21804,140
48440,140
85777,140
32849,140
76221,140
13414,140
45874,140
74493,140
54356,140
80146,139
83990,139
21945,139
47933,139
85956,139
83925,139
1120,139
74342,139
48913,139
30824,139
60300,139
83880,139
57417,139
76333,139
37212,139
93626,139
79200,139
5043,139
47698,139
57057,139
49945,139
92453,139
66028,139
16371,139
90562,139
7344,139
3884,139
70370,139
75037,139
69850,139
16902,139
2555,139
60842,139
10689,139
55151,139
72172,139
32775,139
42448,139
33418,139
52265,139
26447,139
96711,139
6829,139
3687,139
175,139
92196,139
87756,139
3119,139
95900,139
55792,139
57846,139
1463,139
75341,139
29616,139
70682,139
10816,139
8096,139
95899,138
56337,138
34431,138
74326,138
52694,138
64205,138
85157,138
43350,138
95468,138
28774,138
10317,138
34148,138
64908,138
29817,138
3509,138
13280,138
67169,138
94408,138
42407,138
40759,138
86176,138
5257,138
84220,138
3191,138
90604,138
40202,138
86945,138
72754,138
70496,138
96109,138
67719,138
28497,138
44111,138
12818,138
56655,138
3590,138
38203,138
674,138
48272,138
80639,138
61462,138
91874,138
99493,138
98863,138
93957,138
74603,138
74467,138
39215,138
22530,138
62555,138
99021,138
81481,138
98620,138
35727,138
99244,138
81234,138
36486,138
82407,138
77666,138
49780,138
99882,138
36602,138
98423,138
60445,138
15759,138
53807,137
87643,137
28854,137
25353,137
7960,137
38419,137
53869,137
82018,137
79733,137
32730,137
82710,137
57361,137
87583,137
80822,137
76751,137
85431,137
31595,137
12263,137
97625,137
20567,137
61399,137
24029,137
71187,137
82250,137
31450,137
34569,137
6535,137
25207,137
91887,137
47270,137
27393,137
22149,137
67101,137
82594,137
35664,137
25295,137
17250,137
46445,137
76313,137
51431,137
39476,137
33886,137
57773,137
34994,137
5552,137
72478,137
97350,137
57034,137
85060,137
48236,137
29004,137
62856,137
43748,137
97180,137
45758,137
31094,137
35881,137
53206,136
85559,136
67595,136
42367,136
88002,136
99823,136
53646,136
55816,136
35790,136
34487,136
61097,136
88875,136
25781,136
29390,136
31440,136
91041,136
35849,136
70742,136
4448,136
41410,136
5426,136
22122,136
42192,136
59548,136
44949,136
10438,136
66342,136
80969,136
28472,136
65349,136
70227,136
83976,136
63032,136
83941,136
3265,136
92936,136
65402,136
18217,136
92249,136
28988,136
39533,136
71088,136
47839,136
47311,136
16610,136
26142,136
50498,136
6946,136
74154,136
78626,136
97981,136
59782,136
16104,136
80432,136
20982,136
66546,136
65875,136
47086,135
44885,135
95982,135
13664,135
69108,135
55581,135
57688,135
82769,135
24232,135
80581,135
6782,135
84924,135
44961,135
40127,135
3928,135
27463,135
47668,135
66109,135
29751,135
16732,135
12774,135
79367,135
54322,135
44709,135
87770,135
81880,135
33584,135
49209,135
34359,135
75166,135
97092,135
80970,135
39494,135
30135,135
41727,135
37287,135
35614,135
5736,135
69472,135
21350,135
34056,135
66353,135
77874,135
75752,135
25587,135
18005,135
65579,135
77468,135
88373,135
65854,135
6675,135
45672,135
85818,135
62193,135
62073,135
77632,135
34730,135
85512,134
60292,134
85461,134
51589,134
22498,134
98678,134
73198,134
76912,134
71734,134
60461,134
15901,134
89777,134
12256,134
38126,134
35241,134
19408,134
21488,134
17585,134
33253,134
93501,134
55081,134
43861,134
64311,134
71878,134
29532,134
82041,134
53027,134
43322,134
23037,134
90094,134
42619,134
29854,134
26313,134
17847,134
24703,134
87302,134
62815,134
89411,134
15290,134
64718,134
78542,134
34930,134
23530,134
39562,134
61147,134
97144,134
14608,134
68413,134
64023,134
97117,134
95618,134
88714,134
95350,134
99885,134
67912,134
73600,134
93521,134
43589,134
54599,134
73839,134
74893,134
95338,134
65305,134
22052,134
43862,133
91648,133
55186,133
62389,133
40980,133
2762,133
27096,133
85064,133
84112,133
32271,133
14361,133
7322,133
42423,133
78954,133
99217,133
58534,133
39909,133
79902,133
99920,133
84422,133
54744,133
53530,133
637,133
20267,133
80566,133
90239,133
16524,133
74362,133
74221,133
84022,133
16541,133
20774,133
85153,133
18806,133
81672,133
43547,133
31299,133
61215,133
47571,133
85988,133
26943,133
19584,133
75654,133
29831,133
63786,133
63177,133
92097,133
71091,133
82056,133
13605,133
3215,133
57154,133
79985,133
45304,133
21604,133
69617,133
85014,133
5399,133
20354,133
72448,133
46669,133
15105,133
73352,133
92330,133
29370,133
32328,133
15625,133
15802,133
90770,132
61517,132
40840,132
37100,132
41377,132
20309,132
8495,132
27149,132
93452,132
68658,132
50019,132
80057,132
45480,132
32449,132
8890,132
5932,132
55537,132
85576,132
39838,132
1766,132
51976,132
38673,132
10507,132
15967,132
97530,132
71385,132
1792,132
54112,132
39774,132
45628,132
59944,132
77717,132
42755,132
44825,132
87743,132
78151,132
82213,132
77282,132
66279,132
29596,132
24011,132
26272,132
95943,132
65921,132
69774,132
98083,132
15347,132
19906,132
312,132
31784,132
29130,132
95975,131
77201,131
58964,131
96156,131
44225,131
36621,131
59098,131
76414,131
46781,131
29705,131
19700,131
82770,131
32191,131
39049,131
68647,131
30215,131
91824,131
37132,131
31638,131
11906,131
29662,131
22226,131
21275,131
2153,131
76149,131
24327,131
35475,131
99258,131
81310,131
95347,131
99872,131
43573,131
59656,131
71246,131
34151,131
42645,131
54608,131
12947,131
34618,131
83704,131
17820,131
22145,131
126,131
65491,131
69415,131
22380,131
97322,131
46274,131
90896,131
52643,131
53901,131
80682,131
60533,131
6526,131
17818,131
61639,131
65085,131
40653,131
63866,131
83934,131
97783,131
33691,131
19572,131
86647,131
83268,131
66557,131
8791,131
4559,131
47535,131
80856,131
55507,131
73413,131
94586,131
67599,131
44876,131
64126,131
77870,130
67653,130
14482,130
42018,130
93516,130
57901,130
4704,130
58421,130
37081,130
42682,130
52896,130
23185,130
8060,130
48426,130
39019,130
34168,130
62788,130
94995,130
22963,130
9811,130
59496,130
35997,130
85025,130
18073,130
55585,130
62187,130
88515,130
74787,130
12655,130
98191,130
16756,130
78799,130
59211,130
73179,130
35233,130
23795,130
92268,130
14500,130
13429,130
22505,130
12470,130
95064,130
61705,130
73320,130
34334,130
36876,130
70161,130
63153,130
43090,130
47223,130
13672,130
82416,130
1820,130
17987,130
62383,130
42322,130
17359,130
92751,130
85568,130
34504,130
33239,130
67001,130
91267,130
53749,130
52418,130
5894,130
14503,130
41672,130
66533,130
46436,130
68604,130
98316,130
20496,130
58029,130
41217,130
38456,130
50449,130
22676,130
22655,130
21835,130
67325,130
71064,130
90598,130
9898,130
75569,130
53477,130
17688,130
36402,129
77511,129
21668,129
79536,129
47424,129
92293,129
85404,129
93295,129
43997,129
91788,129
98651,129
33002,129
71172,129
81567,129
53529,129
94789,129
36527,129
76401,129
70618,129
28775,129
5942,129
18415,129
72094,129
56760,129
33706,129
16369,129
44535,129
47249,129
17788,129
10068,129
57530,129
18133,129
96250,129
22978,129
93640,129
70804,129
80332,129
92573,129
4438,129
64343,129
37696,129
25274,129
47669,129
74091,129
58384,129
56469,129
99079,129
80686,129
18526,129
68722,129
74451,129
78179,129
78230,129
15969,129
24068,129
80187,129
12822,129
1633,129
64390,129
84085,129
25731,129
80624,129
43747,129
79936,129
13006,129
52630,129
73620,129
18564,129
41245,128
2991,128
98321,128
20777,128
32595,128
863,128
73116,128
17927,128
26706,128
55612,128
88267,128
69741,128
73441,128
31466,128
90045,128
93737,128
49537,128
64710,128
66784,128
38675,128
70604,128
91593,128
12666,128
47458,128
44081,128
18976,128
72977,128
49293,128
89901,128
88129,128
93307,128
22557,128
74715,128
12682,128
22872,128
21024,128
70824,128
17903,128
73782,128
97363,128
21505,128
37204,128
14768,128
38383,128
27203,128
74825,128
22361,128
77250,128
18455,128
98973,128
37642,128
77908,128
52111,128
86914,128
99670,128
44413,128
56773,128
43026,128
48835,128
31622,128
81201,128
6263,128
33237,128
12559,128
7874,128
25205,128
24612,128
90893,128
31208,128
34064,128
60212,128
85987,128
75143,127
94246,127
39048,127
90987,127
31873,127
61631,127
25157,127
8377,127
97072,127
68340,127
70062,127
16068,127
50399,127
17288,127
64820,127
36108,127
89682,127
9879,127
15965,127
20205,127
94626,127
14948,127
83398,127
86391,127
49834,127
23856,127
8705,127
89848,127
88419,127
64314,127
66918,127
38401,127
91948,127
84565,127
39714,127
80729,127
78896,127
65429,127
76965,127
33511,127
88858,127
61243,127
21447,127
89461,127
14548,127
23317,127
23439,127
86550,127
72699,127
93265,127
52199,127
17031,127
28259,127
75889,127
13394,127
74541,127
68957,127
70202,127
66136,127
52963,127
1765,127
69894,127
22092,127
92802,127
60988,127
10404,127
53955,127
42705,127
14316,127
86726,127
46584,127
99262,127
92826,127
17009,127
99859,127
30236,127
54912,127
76575,127
32577,127
14981,127
63715,126
88273,126
1071,126
69341,126
66567,126
19879,126
8035,126
51165,126
46702,126
56828,126
97739,126
37567,126
22666,126
90610,126
29619,126
47103,126
55095,126
71124,126
9914,126
36226,126
76831,126
75689,126
26919,126
49645,126
1718,126
10449,126
13791,126
98155,126
65766,126
57444,126
87795,126
92858,126
41698,126
38709,126
13338,126
48214,126
41646,126
96783,126
74662,126
95223,126
27459,126
53805,126
63382,126
8599,126
46668,126
75347,126
96865,126
78714,126
16363,126
32074,126
71265,126
51566,126
98777,126
28679,126
29552,126
26275,126
41946,126
14636,126
9583,126
82004,126
57421,126
69625,126
42815,126
87646,126
34591,126
56339,126
30290,126
18862,126
70989,126
79274,126
62556,126
41327,126
33370,126
64862,126
7818,126
91913,126
70911,126
96227,126
86377,126
42889,126
5009,126
95881,126
7484,126
73448,126
901,126
63480,126
710,126
3486,126
18026,126
23747,126
70471,126
6035,126
14428,126
58625,126
77159,125
65251,125
18038,125
42121,125
98099,125
73556,125
13601,125
50653,125
85808,125
13525,125
65145,125
74803,125
43987,125
29395,125
96862,125
39179,125
73389,125
62031,125
14980,125
36333,125
66230,125
17896,125
17658,125
86731,125
66205,125
35660,125
48531,125
49604,125
10684,125
39337,125
72337,125
41521,125
45683,125
79670,125
64802,125
78519,125
72292,125
76050,125
16216,125
22757,125
2407,125
89065,125
52099,125
49934,125
58882,125
79227,125
85960,125
67569,125
3522,125
10303,125
94492,125
53300,125
99650,125
6349,125
24760,125
68822,125
19418,125
51962,125
45815,125
13798,125
39936,125
62618,125
47280,125
88168,125
28893,125
76220,125
69654,125
68341,125
19811,125
69005,125
68343,125
14698,125
56223,125
10045,125
65631,125
72498,125
51320,125
13868,125
48907,124
16300,124
77873,124
55523,124
3804,124
78510,124
44250,124
56601,124
71352,124
33264,124
47585,124
54754,124
95421,124
29801,124
52912,124
18413,124
76199,124
51451,124
8694,124
51146,124
38521,124
87348,124
18996,124
26371,124
68140,124
14448,124
32559,124
19707,124
32551,124
1620,124
46164,124
59618,124
36734,124
6821,124
10911,124
43077,124
63302,124
2776,124
38866,124
20985,124
29051,124
30473,124
47420,124
67726,124
30511,124
83752,124
13955,124
11232,124
29614,124
14967,124
67816,124
56967,124
44158,124
53343,124
52857,124
93750,124
34657,124
81442,124
36088,124
91540,124
37030,124
51014,124
84082,124
27853,124
95384,124
67751,123
6683,123
57394,123
47344,123
7478,123
11385,123
2059,123
69681,123
45925,123
1825,123
44120,123
84471,123
15619,123
68567,123
88837,123
42479,123
98264,123
99235,123
28702,123
76778,123
32250,123
36214,123
71817,123
91630,123
64246,123
34409,123
22418,123
79817,123
32306,123
58025,123
16113,123
44423,123
5865,123
92558,123
37082,123
54273,123
39436,123
96306,123
80979,123
90084,123
94382,123
64457,123
37719,123
81006,123
36038,123
53281,123
44683,123
68630,123
74789,123
41309,123
82369,123
83487,123
39151,123
77172,123
77167,123
69758,123
82137,123
98774,123
35506,123
1905,123
21169,123
67074,123
38375,123
71502,123
10163,123
32791,123
81776,123
90511,123
91901,123
91081,123
24313,123
53988,123
24906,123
92883,123
73363,123
22334,123
18940,122
57372,122
1966,122
44020,122
54831,122
70948,122
74211,122
88083,122
95446,122
80392,122
82048,122
4248,122
52066,122
36916,122
31394,122
15432,122
79541,122
44388,122
74140,122
81611,122
53460,122
29549,122
72974,122
75555,122
49991,122
69246,122
41495,122
73087,122
14696,122
28809,122
5938,122
19535,122
61840,122
54702,122
16748,122
25010,122
99125,122
59524,122
94511,122
85526,122
47610,122
80903,122
84957,122
57179,122
28052,122
41293,122
18466,122
78374,122
99638,122
85071,122
84881,122
33999,122
72251,122
72639,122
42792,122
72667,122
17489,122
54631,122
51688,122
13038,122
24039,122
48729,122
13128,122
25314,122
55983,122
39755,122
905,122
13490,122
24401,122
6715,122
20485,122
3354,122
52296,122
735,122
80486,122
57049,122
40026,122
62145,122
19307,122
96902,122
15715,122
16885,122
42283,122
73458,122
94888,122
13593,122
32374,122
49722,122
27465,122
92289,122
22257,122
90597,122
56376,122
59713,122
10981,122
96115,122
36305,122
28312,121
10220,121
6125,121
61964,121
54271,121
32572,121
54650,121
93335,121
86695,121
47789,121
89136,121
28044,121
60858,121
64228,121
62991,121
26041,121
10736,121
45096,121
19698,121
90243,121
35749,121
70811,121
1491,121
98410,121
94568,121
51322,121
64504,121
5816,121
84995,121
62600,121
34094,121
8072,121
29811,121
90006,121
79217,121
35578,121
97556,121
46313,121
99801,121
42053,121
42056,121
67635,121
74166,121
34882,121
39840,121
19148,121
58362,121
2074,121
63327,121
58302,121
4127,121
67864,121
87931,121
80106,121
92795,121
35484,121
46183,121
67022,121
58150,121
42408,121
38568,121
60826,121
49752,121
81209,121
1167,121
37177,121
21939,121
18078,121
65280,121
36233,121
47244,121
29172,121
17915,121
82461,121
92205,121
65422,121
93194,121
2930,121
21644,121
85392,121
20512,121
96662,121
56405,120
91748,120
160,120
30664,120
54609,120
68085,120
82310,120
32629,120
73265,120
3160,120
50159,120
42274,120
79858,120
30464,120
66956,120
32872,120
99414,120
98643,120
56483,120
87675,120
8394,120
13913,120
40143,120
13392,120
36573,120
35097,120
36920,120
60328,120
74261,120
42075,120
97892,120
45686,120
82194,120
15536,120
97811,120
80131,120
78296,120
96429,120
73921,120
15112,120
70748,120
41906,120
78278,120
75495,120
35384,120
63194,120
45474,120
49125,120
6758,120
88951,120
11668,120
95799,120
83010,120
7231,120
62637,120
71671,120
61283,120
78934,120
23058,120
80921,120
80939,120
16361,120
34090,120
66620,120
44781,120
66560,120
42751,120
97075,120
17771,120
81939,120
20029,120
9587,120
59916,120
64827,120
89294,120
32315,120
18155,120
22312,120
96058,120
80722,120
79741,120
96112,120
11746,120
78349,120
97466,120
72809,120
84762,120
76543,120
12723,120
57948,120
60013,120
87514,120
6919,119
87282,119
21121,119
67686,119
99966,119
79273,119
56502,119
29802,119
55752,119
3956,119
20916,119
89133,119
57018,119
41402,119
87154,119
19975,119
69708,119
29982,119
95524,119
61402,119
79635,119
67834,119
31706,119
10406,119
79487,119
67803,119
55603,119
78821,119
31934,119
56848,119
37288,119
32371,119
59963,119
28640,119
80160,119
52312,119
76888,119
21814,119
36001,119
57998,119
34139,119
16591,119
73032,119
85033,119
57939,119
43933,119
33761,119
2030,119
9135,119
63801,119
5696,119
59270,119
43701,119
2216,119
97641,119
97526,119
71306,119
7604,119
2189,119
5322,119
6140,119
76154,119
16956,119
15634,119
89442,119
23703,119
25296,119
9423,119
27874,119
1675,119
52629,119
52130,119
7893,119
94472,119
5689,119
24720,119
74883,119
23859,119
52601,119
91030,119
75986,119
75164,119
62722,119
51054,119
64749,119
2254,119
86482,119
19289,118
41411,118
20340,118
27276,118
30227,118
58838,118
36614,118
49711,118
40876,118
72727,118
4412,118
14615,118
42252,118
61309,118
90472,118
1769,118
28015,118
92713,118
39675,118
33161,118
84396,118
20722,118
56504,118
52618,118
23586,118
30306,118
59805,118
33350,118
12511,118
33395,118
75717,118
62317,118
71350,118
86109,118
59275,118
54865,118
54067,118
48471,118
82379,118
48467,118
33108,118
13685,118
45286,118
55807,118
39567,118
61311,118
9697,118
91112,118
35700,118
37028,118
76418,118
17098,118
20585,118
80184,118
72009,118
26930,118
17072,118
20143,118
5498,118
94859,118
26844,118
81781,118
77346,118
32660,118
49486,118
35104,118
96819,118
10551,118
1866,118
9466,118
36872,118
33989,118
81070,118
93645,118
15933,118
67551,118
9125,118
59948,118
58113,118
72204,118
8669,118
28609,118
49256,118
37021,118
39826,118
79042,118
91038,118
46963,118
36243,118
67889,118
12665,118
21446,118
93401,118
79859,118
84184,118
63917,118
88339,118
35934,118
17086,118
16291,118
47611,118
57182,118
77914,118
30962,118
46299,118
36129,118
6355,118
36134,118
74036,118
32053,118
16359,118
51253,118
55490,118
15858,118
13545,117
29180,117
84655,117
86913,117
77291,117
38700,117
49260,117
50667,117
46979,117
43130,117
16248,117
92552,117
26479,117
82641,117
40602,117
44835,117
39442,117
93185,117
36117,117
32097,117
7012,117
22683,117
95945,117
95944,117
42857,117
2654,117
18340,117
64660,117
14141,117
16442,117
55513,117
57945,117
44266,117
75967,117
91724,117
14589,117
88920,117
64372,117
16092,117
65170,117
56779,117
18084,117
29303,117
18086,117
20434,117
59846,117
55112,117
29783,117
56763,117
43023,117
98376,117
93095,117
41662,117
58757,117
13303,117
96455,117
73327,117
61596,117
9932,117
39672,117
62087,117
17393,117
47904,117
49180,117
62061,117
45377,117
81511,117
47464,117
92735,117
63132,117
49159,117
7664,117
80584,117
17797,117
80025,117
24858,117
25397,117
28523,117
17576,117
45443,117
24874,117
47836,117
32782,117
97946,117
96281,117
17577,117
90670,117
52561,117
78657,117
68246,117
10212,117
28372,117
81616,117
66969,117
50174,117
80164,117
33195,117
63478,117
77349,117
89247,117
24980,117
92062,117
29017,117
88994,117
34430,117
44644,116
99677,116
71714,116
19747,116
51880,116
56014,116
90789,116
19232,116
22424,116
25311,116
99680,116
47548,116
60828,116
57824,116
22998,116
8459,116
84892,116
15956,116
44803,116
5564,116
95988,116
2040,116
15296,116
7944,116
22585,116
76742,116
21316,116
20952,116
44550,116
95977,116
1455,116
87414,116
68813,116
39286,116
54285,116
60921,116
49969,116
42664,116
21381,116
52277,116
90981,116
56269,116
21385,116
21036,116
63383,116
89051,116
56609,116
39307,116
1474,116
58612,116
43383,116
5245,116
85138,116
8695,116
80848,116
93771,116
98545,116
21717,116
91808,116
31711,116
48878,116
93041,116
85163,116
52628,116
95265,116
10867,116
53961,116
73435,116
75225,116
92710,116
81393,116
93520,116
38544,116
7772,116
36429,116
29110,116
71139,116
29779,116
27721,116
58747,116
81709,116
57320,116
90255,116
72248,116
77046,116
52872,116
14996,116
39433,116
53649,116
51138,116
50731,116
2832,116
87021,116
80053,116
5121,116
23435,116
80085,116
45090,116
51463,116
95612,116
13750,116
66805,116
91088,116
26046,116
29850,116
76348,115
16416,115
48838,115
24626,115
52042,115
92898,115
74529,115
48905,115
87318,115
53190,115
24770,115
4199,115
29835,115
22966,115
40482,115
7044,115
35002,115
98221,115
24614,115
84281,115
98310,115
74943,115
30699,115
9202,115
90300,115
84682,115
73355,115
60758,115
58157,115
60680,115
10879,115
79926,115
73274,115
75644,115
48529,115
91228,115
58805,115
19547,115
63033,115
35398,115
31915,115
35127,115
23500,115
53171,115
53158,115
14239,115
40421,115
60391,115
45602,115
35300,115
73877,115
25287,115
60839,115
68703,115
38035,115
44997,115
73730,115
26206,115
92788,115
58858,115
73664,115
31917,115
84492,115
2628,115
96960,115
99041,115
7158,115
54315,115
6015,115
99252,115
21998,115
66284,115
6126,115
17995,115
99487,115
42899,115
71201,115
12163,115
1023,115
44089,115
28180,115
54352,115
20329,115
77435,115
82624,115
93470,115
615,115
82162,115
32256,115
36213,115
40654,115
12536,115
78976,115
86185,115
40922,115
12548,115
70059,115
77950,115
65172,115
13721,115
38893,115
94621,115
29747,115
57052,115
71420,115
76569,115
71513,115
94491,115
82361,115
50136,115
805,115
81780,115
88803,115
54554,115
78072,115
53627,115
78222,115
86398,115
12824,115
3580,115
47135,115
71449,115
96175,114
3917,114
55846,114
77510,114
96203,114
57384,114
14654,114
14571,114
5367,114
42410,114
32361,114
93511,114
77383,114
27706,114
23815,114
78807,114
212,114
60097,114
7814,114
38409,114
78534,114
96918,114
67037,114
78191,114
4875,114
65731,114
86683,114
70552,114
20954,114
28722,114
24496,114
90701,114
1878,114
80213,114
67700,114
45720,114
41115,114
30924,114
58396,114
57115,114
74242,114
74277,114
45773,114
52094,114
89165,114
28546,114
24814,114
748,114
48726,114
1806,114
24089,114
7648,114
31674,114
43899,114
73518,114
52486,114
24226,114
6101,114
19345,114
82015,114
10010,114
39549,114
25377,114
70611,114
52424,114
98109,114
80541,114
51877,114
55964,114
28191,114
51887,114
20882,114
52362,114
20925,114
40994,114
17919,114
78193,114
71652,114
6356,114
57583,114
22984,114
72555,114
71584,114
94614,114
1550,114
20039,114
13744,114
91410,114
39395,114
55192,114
87220,114
40379,114
3890,114
44776,114
53539,114
84782,114
40362,114
20302,114
10619,114
11909,114
48215,114
93566,114
14050,114
76184,114
69349,114
56674,114
84891,114
81219,114
18123,114
12104,114
72393,114
6338,114
81179,114
62748,114
61007,114
94110,113
4335,113
12503,113
44050,113
20762,113
13319,113
97050,113
76887,113
60861,113
47604,113
70975,113
77474,113
99340,113
51379,113
40186,113
70472,113
76808,113
90663,113
33826,113
37995,113
32534,113
2131,113
17424,113
84974,113
23140,113
36617,113
15010,113
19227,113
67945,113
77814,113
51207,113
81173,113
20261,113
54713,113
66464,113
4309,113
55888,113
25208,113
37366,113
65500,113
61912,113
46579,113
34723,113
4279,113
2115,113
20196,113
47494,113
71846,113
35407,113
58212,113
35405,113
41041,113
17394,113
96471,113
66991,113
2461,113
87345,113
44760,113
82304,113
4959,113
95287,113
89983,113
81074,113
80303,113
8707,113
40744,113
51129,113
65860,113
93990,113
58981,113
6480,113
10574,113
69423,113
59631,113
63594,113
83952,113
80347,113
22199,113
10745,113
69502,113
57792,113
5010,113
13699,113
78870,113
91312,113
53806,113
45510,113
86861,113
34372,113
36739,113
32281,113
66022,113
69627,113
38144,113
93057,113
92349,113
2984,113
6516,113
71211,113
72289,113
72632,113
43187,113
43468,113
27209,113
60194,112
3318,112
34899,112
80438,112
12992,112
6741,112
88020,112
24445,112
7464,112
32558,112
62475,112
62498,112
36049,112
74568,112
62589,112
83606,112
15214,112
33830,112
82783,112
74296,112
15291,112
6708,112
91548,112
34773,112
12701,112
12692,112
45590,112
5836,112
63276,112
55275,112
22781,112
78054,112
19030,112
67832,112
70340,112
80172,112
15306,112
48257,112
48970,112
4231,112
97297,112
70100,112
90649,112
55448,112
56550,112
4350,112
73115,112
36247,112
88962,112
60098,112
1062,112
44149,112
77402,112
7746,112
69001,112
75294,112
63066,112
53962,112
27207,112
58155,112
7974,112
29036,112
8346,112
9645,112
76862,112
36488,112
83299,112
66939,112
95302,112
85538,112
58004,112
55096,112
27281,112
62352,112
78827,112
44317,112
49316,112
82480,112
51518,112
72773,112
33481,112
60769,112
95779,112
92645,112
37778,112
33363,112
57493,112
26001,112
40780,112
37130,112
94420,112
10003,112
35478,112
28126,112
20294,112
83507,112
54156,112
27946,112
41852,112
86183,112
38370,112
93315,112
33078,112
27051,112
10002,112
10511,112
90533,112
78515,112
64079,112
16672,112
57886,112
54718,112
14341,112
13261,112
93402,112
79544,112
41196,111
8125,111
65185,111
67113,111
57275,111
88202,111
32968,111
90136,111
7467,111
57990,111
56530,111
34290,111
89316,111
61017,111
9198,111
41321,111
33457,111
56945,111
37906,111
66775,111
89472,111
66049,111
89919,111
91800,111
61935,111
56449,111
7011,111
32499,111
38092,111
10345,111
91931,111
92587,111
5613,111
93089,111
66263,111
92739,111
34088,111
32501,111
64265,111
64524,111
64735,111
62252,111
34307,111
7285,111
57487,111
32987,111
64781,111
84219,111
14618,111
47762,111
19587,111
69291,111
18627,111
54225,111
14374,111
78282,111
85871,111
69297,111
95752,111
98167,111
21667,111
27743,111
16431,111
68856,111
98500,111
28450,111
1862,111
79663,111
12966,111
29624,111
22951,111
2796,111
27211,111
53613,111
51488,111
21352,111
1372,111
69455,111
14560,111
18388,111
68494,111
50110,111
99701,111
28733,111
78354,111
79946,111
86101,111
73191,111
20537,111
15627,111
72242,111
14264,111
1839,111
13266,111
73134,111
70741,111
82163,111
46120,111
19366,111
48738,111
17164,111
660,111
12923,111
77496,111
98020,111
15827,111
24973,111
42085,111
25466,111
75049,111
54822,111
80520,111
26747,111
69531,111
72392,110
96383,110
9237,110
36989,110
84835,110
26594,110
72391,110
31783,110
12832,110
57905,110
26367,110
7374,110
64467,110
8790,110
17811,110
34103,110
69444,110
2425,110
77039,110
21746,110
77529,110
43430,110
95209,110
25841,110
46995,110
82422,110
10733,110
52699,110
17092,110
36447,110
40187,110
3421,110
47140,110
66132,110
84294,110
72817,110
50288,110
30430,110
72834,110
55725,110
9219,110
52824,110
82694,110
68519,110
25948,110
98638,110
529,110
3385,110
12743,110
46896,110
69863,110
54523,110
29719,110
28299,110
81038,110
8530,110
39973,110
1541,110
92497,110
12978,110
33142,110
27127,110
97060,110
57606,110
94748,110
23512,110
45780,110
41006,110
89315,110
93694,110
18532,110
74369,110
98263,110
38309,110
57190,110
48480,110
74442,110
45892,110
99741,110
8368,110
52033,110
54220,110
54430,110
74220,110
96594,110
44646,110
28086,110
28504,110
64605,110
8751,110
92310,110
20344,110
56178,110
78948,110
26733,110
76153,110
7176,110
18923,110
86160,110
67297,110
88830,110
91086,110
87239,110
98394,110
28094,110
11480,110
43189,110
51387,110
89872,110
69395,109
88869,109
52485,109
5359,109
94778,109
29232,109
69373,109
12391,109
64156,109
82531,109
75065,109
74709,109
5602,109
35439,109
63220,109
15555,109
23064,109
94168,109
90566,109
24993,109
82933,109
94068,109
96291,109
34875,109
29775,109
84037,109
56853,109
51356,109
82909,109
52251,109
23390,109
29637,109
82890,109
2068,109
54788,109
8716,109
58839,109
45554,109
51046,109
68889,109
41409,109
1300,109
46324,109
74425,109
23807,109
76787,109
40208,109
23914,109
57746,109
353,109
65194,109
87966,109
27430,109
67861,109
31489,109
67176,109
27282,109
30838,109
19863,109
64985,109
53044,109
85369,109
49563,109
44612,109
97176,109
14745,109
61169,109
61268,109
18041,109
72422,109
44268,109
19594,109
71294,109
96855,109
54107,109
80393,109
13222,109
67610,109
89408,109
38250,109
27942,109
31384,109
44001,109
13116,109
42097,109
53986,109
94740,109
60141,109
18730,109
89458,109
88047,109
93048,109
60635,109
84968,109
77878,109
55668,109
10705,109
25993,109
14640,109
36942,109
64378,109
91914,109
10257,109
40238,109
21673,109
12725,109
36655,109
73056,109
87553,109
36563,109
55551,109
11647,109
64437,109
47336,109
21130,109
36428,109
82224,109
50466,109
5338,109
52923,109
62062,109
36711,109
65918,109
70833,108
97990,108
52518,108
69584,108
54675,108
96738,108
70052,108
85883,108
13449,108
73367,108
5390,108
27775,108
45317,108
54086,108
40398,108
13585,108
74188,108
9351,108
64460,108
90096,108
44779,108
64649,108
53243,108
53323,108
90718,108
72655,108
97200,108
2720,108
69622,108
57151,108
94285,108
44517,108
64951,108
69837,108
43483,108
63931,108
3374,108
8895,108
27422,108
45761,108
33408,108
69612,108
58093,108
14766,108
89363,108
99127,108
50303,108
99619,108
18422,108
21838,108
3893,108
93110,108
17235,108
62597,108
4281,108
17252,108
39039,108
79736,108
50326,108
61271,108
62753,108
35801,108
47328,108
51111,108
47887,108
68129,108
22347,108
22292,108
98673,108
20427,108
82604,108
22211,108
37432,108
385,108
82836,108
29881,108
5849,108
81097,108
37486,108
78603,108
79771,108
93200,108
21497,108
7493,108
88052,108
50289,108
49095,108
11088,108
61643,108
91179,108
21172,108
78170,108
48714,108
78167,108
48789,108
95117,108
31130,108
11238,108
47557,108
12214,108
24345,108
56261,108
35550,108
77673,108
6523,108
10760,108
93373,108
41943,108
19419,108
67436,108
55778,108
19352,108
98226,108
58741,108
29504,108
92291,107
81247,107
85082,107
36816,107
90056,107
18079,107
88494,107
4740,107
92259,107
59785,107
54575,107
17841,107
34111,107
30544,107
94915,107
20880,107
65883,107
26466,107
14312,107
78307,107
72036,107
33936,107
27486,107
70588,107
67812,107
13576,107
6900,107
28244,107
80735,107
80725,107
99782,107
184,107
94710,107
71028,107
60170,107
13127,107
41981,107
49078,107
60450,107
42005,107
80204,107
19146,107
19050,107
6641,107
31467,107
79607,107
28481,107
18516,107
57765,107
72201,107
79052,107
48202,107
14084,107
64727,107
20124,107
95333,107
68029,107
88415,107
72042,107
81847,107
61040,107
59961,107
79384,107
85414,107
37591,107
37617,107
85514,107
86367,107
13732,107
35322,107
51910,107
81871,107
16763,107
82920,107
3770,107
29056,107
51167,107
22971,107
90683,107
45555,107
52338,107
59040,107
15074,107
76634,107
50971,107
69849,107
31267,107
88738,107
28903,107
22477,107
28849,107
28836,107
23115,107
23163,107
96144,107
29220,107
74801,107
24417,107
35253,107
87079,107
55050,107
12378,107
29454,107
69320,107
66318,107
24958,107
32414,107
52109,107
42931,107
35604,107
83228,107
35775,107
51461,107
51402,107
98688,107
34666,107
42528,107
7847,107
59543,107
47372,107
68636,107
50573,107
14541,107
77233,107
34243,107
1033,107
47168,107
62372,107
40239,107
7872,107
55699,107
42462,107
52150,106
85860,106
26007,106
16046,106
17612,106
38855,106
23483,106
75692,106
26056,106
6097,106
97367,106
26422,106
40769,106
46553,106
53763,106
91873,106
14633,106
9774,106
91929,106
25629,106
97937,106
97941,106
92915,106
45078,106
83674,106
80226,106
78029,106
24302,106
24272,106
36779,106
74957,106
80474,106
35229,106
39720,106
84763,106
86074,106
15478,106
52023,106
27862,106
21384,106
8319,106
80089,106
46660,106
6936,106
20575,106
92441,106
73973,106
58268,106
64871,106
9540,106
77340,106
62220,106
81389,106
62231,106
26619,106
9229,106
34030,106
79079,106
91632,106
50882,106
26649,106
18152,106
33973,106
64096,106
58164,106
74016,106
7351,106
23113,106
93126,106
92580,106
97258,106
27423,106
97850,106
17300,106
25914,106
79577,106
49411,106
34833,106
85501,106
2071,106
80953,106
71807,106
1010,106
44483,106
97821,106
358,106
19918,106
22911,106
74053,106
90678,106
67488,106
11563,106
68797,106
30229,106
66467,106
10909,106
70710,106
86541,106
56213,106
42656,106
70233,106
41518,106
3719,106
11475,106
89187,106
12860,106
29034,106
88743,106
41221,106
66311,106
11783,106
87847,106
69615,106
57244,106
55795,106
32488,106
4218,106
55142,106
66375,106
10633,106
28267,106
28663,106
55845,106
28089,106
29940,106
87752,106
88794,106
30499,106
64461,105
22073,105
72389,105
50750,105
47409,105
95088,105
47335,105
64506,105
79486,105
62326,105
7124,105
53657,105
42271,105
32618,105
10069,105
85583,105
40393,105
88696,105
80875,105
44931,105
15507,105
4701,105
72870,105
53757,105
71379,105
97842,105
26369,105
16825,105
87834,105
34081,105
72335,105
47687,105
72203,105
2640,105
92049,105
26748,105
86979,105
78661,105
38849,105
33746,105
20726,105
17657,105
59756,105
732,105
636,105
41391,105
81582,105
41773,105
49944,105
49930,105
99149,105
61787,105
30422,105
64627,105
93415,105
77714,105
34029,105
21544,105
49647,105
4745,105
20332,105
70492,105
72256,105
74690,105
93400,105
57069,105
30391,105
74181,105
26692,105
90046,105
81266,105
33677,105
38463,105
30421,105
71317,105
80830,105
16204,105
6770,105
49131,105
74441,105
33172,105
14807,105
85990,105
34479,105
57395,105
98313,105
10307,105
68979,105
88776,105
25784,105
70006,105
53917,105
89297,105
70632,105
41538,105
62875,105
9102,105
84251,105
51767,105
52329,105
65563,105
60361,105
15821,105
89347,105
11222,105
89011,105
48761,105
43984,105
69609,105
38075,105
38069,105
54773,105
23763,105
19251,105
95021,105
32402,105
37856,105
14775,105
60060,105
36085,105
72998,105
97490,105
39350,105
93628,105
13098,105
90380,105
4619,105
94278,105
95191,105
13489,105
58513,105
91533,105
22625,105
51036,105
46354,104
15572,104
78459,104
5906,104
33934,104
14607,104
46850,104
34846,104
29295,104
36252,104
8255,104
10223,104
75473,104
21912,104
9441,104
34224,104
15718,104
46144,104
4629,104
66352,104
62448,104
43647,104
28669,104
70362,104
75206,104
82640,104
81655,104
1235,104
90620,104
63936,104
83680,104
86996,104
66181,104
69267,104
36931,104
30333,104
1295,104
68756,104
39126,104
10614,104
17258,104
50385,104
77530,104
97335,104
63304,104
3872,104
46648,104
21870,104
30070,104
87333,104
6027,104
50522,104
11980,104
82768,104
85032,104
88613,104
29666,104
85086,104
29985,104
36443,104
42858,104
15582,104
5165,104
62673,104
64168,104
1106,104
47497,104
82727,104
8513,104
8467,104
41556,104
16318,104
66875,104
46639,104
50865,104
93880,104
68012,104
44098,104
18804,104
30718,104
86964,104
99543,104
213,104
18259,104
28349,104
80054,104
92351,104
99781,104
85442,104
49677,104
27742,104
78904,104
92414,104
83779,104
11535,104
99743,104
95382,104
60580,104
11028,104
29178,104
52152,104
99686,104
90928,104
48599,104
79763,104
92556,104
19777,104
24547,104
39832,104
57552,104
37231,104
61159,104
583,104
67454,104
42124,104
79881,104
42342,104
71146,104
11204,104
47974,104
31430,104
95604,103
57181,103
11549,103
79262,103
70060,103
46472,103
88900,103
64130,103
48335,103
46482,103
67153,103
94080,103
24269,103
27873,103
44348,103
99757,103
78325,103
92901,103
93518,103
2711,103
58854,103
44563,103
86515,103
67983,103
19044,103
16166,103
27726,103
4493,103
83089,103
43515,103
53451,103
4546,103
89319,103
72621,103
68764,103
18341,103
3565,103
5779,103
20484,103
33384,103
92656,103
60524,103
49367,103
9159,103
59177,103
68192,103
8602,103
71279,103
240,103
89569,103
9186,103
37048,103
28063,103
33297,103
38368,103
54869,103
41036,103
39465,103
29393,103
20874,103
1992,103
286,103
94961,103
34133,103
76007,103
51010,103
28634,103
70129,103
60753,103
6969,103
24305,103
72877,103
92115,103
2909,103
54199,103
84407,103
20810,103
79611,103
57378,103
2075,103
11308,103
91775,103
25068,103
92339,103
28382,103
21437,103
37315,103
61281,103
47537,103
32770,103
49666,103
97718,103
24812,103
70306,103
45452,103
19217,103
33547,103
93996,103
21556,103
8917,103
37297,103
67434,103
25324,103
12507,103
786,103
8889,103
1677,103
78109,103
84534,103
7542,103
53491,103
41504,103
13241,103
63354,103
91935,103
61717,103
6139,103
4932,103
51665,103
21388,103
71731,103
11077,103
56955,103
79094,103
3586,103
23543,103
45409,103
5210,103
30113,103
28835,103
64508,103
16560,103
52512,103
78259,103
85572,103
95611,103
65545,103
70703,103
89270,103
32120,103
20038,103
94133,103
36143,103
71720,103
94836,103
44442,103
87858,103
35480,103
90856,103
44436,103
82055,103
47952,103
26586,103
35337,103
57586,103
78592,103
59915,103
80509,103
11257,103
58349,103
13417,102
29768,102
49173,102
52652,102
26893,102
66520,102
15940,102
92822,102
19226,102
98236,102
23804,102
86152,102
67438,102
75417,102
37948,102
99944,102
70743,102
12222,102
43919,102
13223,102
91106,102
23739,102
66166,102
51546,102
1598,102
93006,102
5770,102
42879,102
40158,102
83082,102
69110,102
73349,102
69081,102
12653,102
13111,102
52607,102
45298,102
73269,102
98522,102
88725,102
97820,102
30226,102
69546,102
15215,102
18232,102
63400,102
9658,102
26626,102
87596,102
66845,102
94445,102
6086,102
85019,102
86375,102
66233,102
42556,102
24431,102
50422,102
91797,102
70551,102
68684,102
95336,102
56579,102
82851,102
90076,102
50219,102
26420,102
90014,102
95667,102
9526,102
17821,102
7347,102
61634,102
17872,102
3538,102
50067,102
64878,102
69648,102
61400,102
90054,102
99384,102
7279,102
54479,102
78812,102
57781,102
21260,102
53499,102
77981,102
46078,102
11696,102
84950,102
27336,102
39831,102
18634,102
1228,102
30761,102
70569,102
1236,102
82587,102
57213,102
50983,102
92631,102
67811,102
91578,102
30980,102
6232,102
12732,102
94814,102
76603,102
49255,102
94700,102
2337,102
46779,102
12684,102
98077,102
28776,102
95205,102
13596,102
39238,102
93523,102
44975,102
4999,102
97383,102
77254,102
98816,102
94044,102
26296,102
84722,102
57955,102
37600,102
59322,102
95836,102
11391,102
98722,102
77024,102
93116,102
87430,102
93128,102
90857,102
24440,101
29267,101
15631,101
86924,101
66315,101
15569,101
90944,101
83839,101
32318,101
39794,101
16080,101
1773,101
95355,101
308,101
87883,101
92480,101
95601,101
79340,101
59950,101
79136,101
38604,101
6348,101
20353,101
4034,101
42326,101
61423,101
78580,101
81480,101
87938,101
37700,101
68272,101
37710,101
80293,101
99917,101
38091,101
18857,101
67365,101
80091,101
80538,101
80049,101
56219,101
49138,101
80593,101
6527,101
19439,101
48466,101
11367,101
17737,101
95688,101
46094,101
98639,101
76721,101
39396,101
95871,101
51128,101
62612,101
55322,101
82988,101
66511,101
35853,101
23362,101
83151,101
23511,101
46422,101
62898,101
56752,101
93612,101
5905,101
47700,101
62420,101
78162,101
30455,101
66876,101
21526,101
88628,101
979,101
55579,101
50415,101
7806,101
36284,101
1157,101
62381,101
95850,101
91652,101
95196,101
91829,101
28543,101
12441,101
40134,101
3026,101
53266,101
66074,101
58112,101
94476,101
86768,101
97869,101
29135,101
72220,101
52261,101
53747,101
9154,101
63905,101
33390,101
54277,101
33346,101
32875,101
71347,101
71163,101
86705,101
54846,101
2280,101
89231,101
57447,101
69962,101
97161,101
86444,101
53463,101
14023,101
41366,101
8996,101
74131,101
14888,101
63708,101
90703,101
3328,101
97041,101
57546,101
40344,101
9738,101
72656,101
84717,101
3223,101
53085,101
58224,101
43929,101
45533,101
27147,101
52346,101
90282,101
57885,101
9687,101
44816,101
53168,101
44332,101
48056,100
73424,100
20113,100
99430,100
66452,100
51602,100
20570,100
23414,100
83325,100
83347,100
23276,100
81452,100
79258,100
71979,100
33471,100
54310,100
75841,100
45428,100
31683,100
23575,100
52480,100
66448,100
23574,100
85467,100
81223,100
51549,100
59901,100
38674,100
99480,100
20244,100
75745,100
5756,100
70429,100
83145,100
6340,100
93797,100
24798,100
78449,100
38754,100
41171,100
36155,100
72314,100
47506,100
91865,100
40444,100
43563,100
21742,100
30175,100
66019,100
4427,100
82581,100
68733,100
43535,100
50505,100
94392,100
2416,100
66664,100
82253,100
22374,100
22356,100
94378,100
54593,100
14412,100
26280,100
98796,100
50786,100
22123,100
90236,100
77162,100
33975,100
1296,100
85324,100
82682,100
35893,100
46582,100
61487,100
26920,100
4768,100
17814,100
29728,100
43311,100
12047,100
93317,100
41764,100
88783,100
2302,100
78310,100
64221,100
85221,100
34418,100
22903,100
28464,100
16510,100
68335,100
91514,100
50134,100
22752,100
65824,100
39373,100
59559,100
22690,100
90342,100
25246,100
22205,100
87868,100
53748,100
99864,100
67678,100
24204,100
33132,100
52180,100
45769,100
15103,100
60772,100
39712,100
24163,100
13166,100
67890,100
83497,100
19207,100
99692,100
2947,100
75084,100
92746,100
67968,100
9858,100
67734,100
12477,100
83715,100
96766,100
57431,100
73987,100
90712,100
6795,100
96212,100
6490,100
48635,100
85802,100
87916,100
74572,100
37863,100
65555,100
37565,100
4196,100
75185,100
80452,100
35485,100
63093,100
348,100
75138,100
83412,100
18408,100
92905,100
60949,100
19893,100
27991,100
65479,100
80466,100
63493,100
88579,99
88583,99
99850,99
38924,99
81843,99
51028,99
43507,99
31400,99
59353,99
50198,99
71044,99
54627,99
22248,99
36662,99
60318,99
52204,99
38366,99
14,99
52892,99
71140,99
53361,99
66347,99
36019,99
14058,99
72152,99
42049,99
62570,99
84522,99
78199,99
44093,99
16463,99
50108,99
40523,99
90027,99
95033,99
68336,99
65615,99
95035,99
66597,99
97952,99
86274,99
57321,99
55609,99
99958,99
65593,99
48723,99
10715,99
5544,99
76788,99
47337,99
82306,99
45085,99
43994,99
72460,99
94025,99
5933,99
18860,99
92846,99
5939,99
12786,99
63648,99
28649,99
72761,99
11950,99
55004,99
96101,99
43179,99
84017,99
82674,99
61968,99
43599,99
72252,99
21409,99
90314,99
26674,99
13214,99
24528,99
890,99
39001,99
52787,99
34044,99
24540,99
29993,99
97492,99
55077,99
69603,99
28834,99
36973,99
69397,99
7221,99
97633,99
86408,99
25187,99
28800,99
48441,99
1552,99
1777,99
85356,99
35688,99
14884,99
38695,99
59800,99
18029,99
78735,99
71257,99
81372,99
27014,99
44489,99
69166,99
60752,99
29538,99
88866,99
63072,99
37516,99
23868,99
88394,99
27243,99
48213,99
73701,99
67931,99
5664,99
61219,99
5040,99
4799,99
28355,99
49630,99
40722,99
35621,99
83254,99
26986,99
8213,99
61503,99
14787,99
74727,99
7385,99
9049,99
26910,99
60666,99
1439,99
40201,99
19583,99
87272,99
86440,99
91054,99
35958,99
37114,99
11047,99
80744,99
47810,99
2962,99
32852,99
99826,98
85948,98
72561,98
68061,98
30023,98
17671,98
6599,98
53911,98
77115,98
19780,98
30024,98
95624,98
99183,98
33901,98
39100,98
20285,98
26344,98
33546,98
7080,98
79171,98
92488,98
30806,98
93056,98
13687,98
10132,98
94880,98
16976,98
7803,98
86555,98
6040,98
22064,98
41940,98
72136,98
94608,98
41848,98
88334,98
62138,98
19773,98
27145,98
48068,98
30995,98
38369,98
3305,98
61347,98
6472,98
34004,98
13897,98
80782,98
48051,98
53480,98
89299,98
85843,98
89555,98
6131,98
10891,98
97145,98
43618,98
65745,98
95635,98
79947,98
77639,98
37691,98
32720,98
67044,98
49395,98
81441,98
3097,98
89804,98
37306,98
53899,98
30872,98
99865,98
9763,98
87714,98
82398,98
7476,98
71853,98
27082,98
30237,98
99691,98
99798,98
941,98
86211,98
62984,98
35416,98
94965,98
84339,98
14959,98
35190,98
16605,98
50993,98
22639,98
84662,98
22609,98
45909,98
68897,98
26045,98
62428,98
46337,98
91233,98
69585,98
55447,98
45852,98
8622,98
52087,98
29438,98
74679,98
54629,98
97478,98
35271,98
91380,98
74069,98
25652,98
66214,98
75942,98
74726,98
58954,98
83584,98
45257,98
75915,98
10584,98
16549,98
14887,98
34550,98
68921,98
35263,98
98025,98
73478,98
35252,98
76535,98
29278,98
98319,98
74311,98
54711,98
32476,98
26119,98
66398,98
75333,98
93569,98
5535,98
22307,98
29966,98
54607,98
24823,98
12225,98
91181,98
96448,97
60802,97
14093,97
63748,97
37268,97
10832,97
19386,97
4761,97
7463,97
80620,97
62842,97
60597,97
1112,97
96150,97
57748,97
57970,97
85203,97
55956,97
73146,97
29618,97
54472,97
87488,97
81761,97
81811,97
52531,97
22702,97
81857,97
38477,97
63129,97
31805,97
26169,97
78060,97
26723,97
38345,97
33930,97
73888,97
64994,97
96894,97
2332,97
26729,97
74158,97
790,97
64977,97
28433,97
71465,97
96255,97
12678,97
81505,97
46173,97
84117,97
62649,97
20561,97
76096,97
99386,97
89899,97
24020,97
24374,97
96641,97
86852,97
95644,97
14848,97
30594,97
41459,97
51746,97
35339,97
69363,97
59779,97
75995,97
12274,97
64178,97
35954,97
55391,97
94221,97
5402,97
90238,97
63320,97
23035,97
68141,97
66542,97
35796,97
39664,97
18694,97
73982,97
16354,97
93266,97
91454,97
16907,97
37055,97
81333,97
19537,97
87969,97
37209,97
33795,97
7836,97
31272,97
88050,97
63890,97
10346,97
65456,97
50947,97
85007,97
75363,97
36523,97
32738,97
21984,97
82634,97
56121,97
21995,97
59175,97
62442,97
80027,97
47221,97
68550,97
8304,97
24747,97
66854,97
40926,97
15974,97
5018,97
37464,97
76732,97
29514,97
52323,97
5543,97
36432,97
29926,97
6982,97
5931,97
80468,97
6603,97
72540,97
93496,97
70121,97
54544,97
27333,97
12572,97
48745,97
22501,97
16696,97
1910,97
39634,97
15945,97
12874,97
77631,97
32913,97
70289,97
96703,97
31493,97
83273,97
23714,97
16008,97
35640,97
32994,97
75600,97
68452,97
93885,97
40257,97
71479,97
70561,97
70595,97
76977,97
76978,97
91669,97
75735,97
50210,97
10174,97
89355,97
35423,97
24194,97
116,97
300,97
295,97
35590,96
19947,96
500,96
75435,96
75230,96
61088,96
14475,96
66151,96
81278,96
85628,96
15091,96
67217,96
75789,96
53462,96
75212,96
48253,96
96888,96
33567,96
20577,96
19941,96
78701,96
39606,96
96940,96
56916,96
45598,96
28821,96
61264,96
37566,96
80887,96
44432,96
45581,96
37278,96
71692,96
99538,96
24253,96
69813,96
52399,96
73655,96
28265,96
71425,96
37208,96
73804,96
83575,96
86347,96
48222,96
39708,96
24113,96
71634,96
68066,96
78757,96
66489,96
52460,96
13733,96
78889,96
41761,96
29701,96
57841,96
15307,96
21675,96
97306,96
86502,96
58048,96
47463,96
45124,96
55637,96
4245,96
54048,96
93427,96
13305,96
26628,96
40495,96
88055,96
72281,96
21472,96
53225,96
9173,96
82668,96
44030,96
33164,96
52192,96
32094,96
50211,96
54935,96
91810,96
88640,96
29211,96
74498,96
1145,96
57962,96
88712,96
63602,96
34190,96
94777,96
1115,96
68795,96
59254,96
47133,96
47148,96
65901,96
22308,96
70174,96
89132,96
7782,96
48998,96
64409,96
36225,96
64495,96
88239,96
80493,96
55450,96
86116,96
34106,96
9407,96
77764,96
51959,96
70011,96
92058,96
81739,96
97543,96
51926,96
71159,96
45660,96
47866,96
62574,96
18692,96
14732,96
14742,96
78297,96
88315,96
8085,96
47802,96
7424,96
45994,96
89934,96
79918,96
40852,96
39446,96
98556,96
91027,96
82804,96
79984,96
12319,96
50197,96
13379,96
12332,96
21206,96
87691,96
87701,96
88551,96
55756,96
67766,96
35315,96
94212,96
8786,96
82779,96
83678,96
79981,96
84079,95
37829,95
24811,95
65527,95
58492,95
74431,95
42214,95
9842,95
60331,95
74381,95
65635,95
86213,95
80271,95
52147,95
9994,95
11417,95
24090,95
4983,95
71137,95
87968,95
60556,95
94829,95
27839,95
19357,95
60576,95
45737,95
84000,95
48420,95
38443,95
34960,95
65237,95
25132,95
40862,95
1890,95
11071,95
31102,95
80514,95
94651,95
43840,95
63170,95
48460,95
80116,95
40937,95
63474,95
86234,95
18535,95
56193,95
58656,95
63668,95
75127,95
84802,95
72128,95
47949,95
47660,95
36781,95
66060,95
88564,95
66933,95
44725,95
56981,95
2367,95
77885,95
28484,95
95864,95
99043,95
21507,95
43472,95
14586,95
36079,95
10161,95
93353,95
73237,95
26963,95
62693,95
29711,95
94539,95
73239,95
42358,95
26873,95
21140,95
54673,95
72116,95
79427,95
4355,95
29876,95
10845,95
22604,95
77694,95
77674,95
32062,95
62181,95
21892,95
17082,95
47269,95
82572,95
1213,95
50859,95
10695,95
64468,95
94376,95
77018,95
42702,95
16905,95
62337,95
5290,95
26467,95
21595,95
4730,95
50317,95
46859,95
24805,95
82635,95
6069,95
28538,95
2536,95
44897,95
97485,95
72458,95
95786,95
28544,95
7740,95
3321,95
95939,95
38677,95
78784,95
93813,95
9715,95
25611,95
45338,95
48032,95
53565,95
3689,95
57567,95
37446,95
7142,95
18057,95
41089,95
29554,95
18082,95
23502,95
69173,95
93192,95
78892,95
42897,95
51526,95
30662,95
34603,95
30751,95
57635,95
93273,95
19938,95
54443,95
59792,95
93154,95
13665,95
68159,95
53716,95
7188,94
89161,94
84684,94
12870,94
19902,94
30797,94
77617,94
88927,94
22129,94
64529,94
37348,94
18211,94
34622,94
30245,94
62363,94
18438,94
84820,94
32280,94
79006,94
86556,94
70925,94
33411,94
13624,94
11143,94
79370,94
81046,94
77399,94
13684,94
65464,94
83515,94
86117,94
72411,94
18931,94
60945,94
77268,94
30108,94
60849,94
68031,94
62250,94
89343,94
62717,94
77868,94
8247,94
61522,94
85197,94
60601,94
68266,94
33862,94
61600,94
28208,94
63776,94
26843,94
25749,94
63799,94
26848,94
63296,94
13919,94
62454,94
72053,94
28816,94
19540,94
33776,94
26981,94
37157,94
81476,94
28227,94
33258,94
16267,94
71243,94
33735,94
76424,94
82837,94
29889,94
90514,94
92329,94
87610,94
67808,94
12757,94
86270,94
36122,94
79617,94
68127,94
20400,94
14631,94
34586,94
30621,94
27587,94
34344,94
15551,94
34927,94
12952,94
61741,94
90994,94
67243,94
28769,94
80787,94
78169,94
86994,94
70352,94
66211,94
80354,94
49884,94
48961,94
43845,94
97774,94
5443,94
41469,94
1974,94
50587,94
93525,94
48453,94
51462,94
94846,94
59389,94
3041,94
41325,94
44312,94
43885,94
57523,94
5625,94
1489,94
5606,94
99420,94
48341,94
43461,94
57831,94
236,94
52496,94
49879,94
3458,94
98193,94
48488,94
41652,94
98016,94
50024,94
1603,94
38452,94
46557,94
5285,94
93099,94
55676,94
59509,94
94562,94
45464,94
57636,94
40040,94
4189,94
50156,94
3797,94
44849,94
3524,94
94739,94
56134,94
47550,94
304,94
46602,94
57267,94
3232,94
50173,94
44,94
49075,94
42797,94
13282,93
69953,93
24134,93
28846,93
50863,93
84020,93
34339,93
98543,93
57754,93
20716,93
50375,93
9064,93
21953,93
96802,93
89972,93
35496,93
83970,93
85962,93
22244,93
92754,93
26385,93
53992,93
55893,93
41670,93
96751,93
23982,93
95266,93
66891,93
61559,93
75556,93
80415,93
59482,93
28716,93
26327,93
45147,93
30832,93
17038,93
86318,93
26031,93
99371,93
73962,93
79927,93
13009,93
13008,93
95550,93
34198,93
52301,93
14521,93
3346,93
12830,93
46943,93
86451,93
73926,93
92263,93
42130,93
28500,93
72738,93
47357,93
34296,93
55375,93
80278,93
78171,93
23631,93
88430,93
77987,93
39751,93
22054,93
7701,93
6077,93
79353,93
94453,93
86243,93
41907,93
13142,93
73792,93
9344,93
64528,93
18913,93
52900,93
54207,93
34102,93
96216,93
12882,93
62832,93
91700,93
7082,93
22838,93
39572,93
78471,93
17721,93
58408,93
69509,93
61189,93
39552,93
25787,93
37476,93
65217,93
2883,93
80932,93
14027,93
78491,93
57614,93
42618,93
46018,93
38146,93
93717,93
53509,93
53511,93
87110,93
3678,93
71934,93
55432,93
71767,93
29579,93
75291,93
57193,93
51553,93
80916,93
85024,93
78991,93
16727,93
10445,93
38127,93
38177,93
49399,93
1362,93
96854,93
91521,93
1580,93
6755,93
74704,93
9955,93
64888,93
74912,93
30225,93
29153,93
16954,93
78233,93
73122,93
40838,93
23329,93
22645,93
80772,93
89534,93
23757,93
58352,93
57675,93
84969,93
85188,93
29805,92
14605,92
43560,92
94113,92
58239,92
55245,92
38560,92
98843,92
55227,92
91641,92
5579,92
56052,92
51391,92
54569,92
55336,92
70142,92
68922,92
96376,92
58335,92
95880,92
25598,92
20974,92
69265,92
76088,92
34860,92
11688,92
87392,92
19877,92
6976,92
11768,92
64260,92
55823,92
6329,92
79458,92
1618,92
90838,92
11626,92
3561,92
11628,92
79593,92
86896,92
64124,92
62207,92
47253,92
25871,92
25906,92
40173,92
18448,92
31018,92
78484,92
58187,92
29960,92
36246,92
77481,92
34656,92
49385,92
43004,92
78437,92
98576,92
75353,92
58381,92
29380,92
87510,92
7873,92
18863,92
99213,92
21042,92
80987,92
69494,92
68673,92
64066,92
30137,92
50044,92
38501,92
76544,92
38749,92
73898,92
56782,92
71324,92
5062,92
26473,92
13563,92
96897,92
85733,92
58794,92
39636,92
1567,92
26507,92
36611,92
24271,92
44326,92
96956,92
13558,92
75736,92
78801,92
27695,92
80295,92
93319,92
16868,92
53010,92
10599,92
10597,92
85858,92
21422,92
45818,92
71217,92
66505,92
91588,92
5688,92
40316,92
97230,92
26524,92
79747,92
38923,92
98707,92
20122,92
2693,92
32997,92
22564,92
62573,92
23369,92
33539,92
51209,92
98056,92
40850,92
82077,92
44687,92
85168,92
4831,92
1858,92
53446,92
32963,92
85317,92
33382,92
39466,92
65727,92
78961,92
36109,92
23446,92
93730,92
85056,92
53580,92
17342,92
65116,92
75792,92
1589,92
9905,92
51154,92
13164,92
61519,92
21767,92
12989,92
73946,92
19695,92
61395,92
78688,92
88188,92
73994,92
42083,92
11053,92
61471,92
70570,92
49210,92
14469,92
97807,92
35264,92
18378,92
56374,92
94459,92
99416,92
6905,92
45788,92
26377,92
6808,92
61558,92
86466,92
48692,92
78684,92
39702,92
77499,92
41742,92
90042,92
6229,92
81396,91
7115,91
15651,91
40973,91
83810,91
41201,91
1380,91
73874,91
42754,91
42695,91
6285,91
67660,91
34228,91
32788,91
79173,91
10035,91
45945,91
87328,91
91725,91
94848,91
49060,91
663,91
45964,91
65672,91
34226,91
25588,91
31236,91
56057,91
34176,91
36722,91
78942,91
40419,91
52021,91
81030,91
68043,91
68054,91
90329,91
49781,91
7362,91
182,91
56430,91
9009,91
30289,91
61527,91
22462,91
46672,91
66970,91
68492,91
31790,91
30300,91
88780,91
98425,91
45764,91
34471,91
19305,91
66611,91
62156,91
20379,91
61506,91
32365,91
83386,91
83625,91
99351,91
66062,91
57593,91
87693,91
50862,91
65033,91
41348,91
33572,91
42234,91
9356,91
1913,91
19899,91
52510,91
16998,91
41396,91
25462,91
57803,91
10432,91
59835,91
56758,91
23356,91
14852,91
76061,91
994,91
37918,91
86013,91
18579,91
28876,91
14369,91
21123,91
28904,91
96238,91
36250,91
21732,91
58693,91
46389,91
13453,91
29245,91
75711,91
27682,91
43290,91
69785,91
63563,91
1584,91
6765,91
6762,91
44205,91
76074,91
14703,91
8288,91
96946,91
96258,91
262,91
70986,91
2472,91
96485,91
45089,91
12910,91
96500,91
96428,91
70563,91
36215,91
12861,91
35255,91
99699,91
8553,91
26039,91
6867,91
80263,91
82699,91
19485,91
5622,91
86162,91
70882,91
54074,91
60025,91
63209,91
84865,91
28737,91
86079,91
35401,91
43982,91
35620,91
52998,91
91574,91
8738,91
23480,91
17345,91
97009,91
6703,91
44440,91
44446,91
53194,91
80737,91
26915,91
53140,91
97595,91
13986,91
26902,91
53253,91
26710,91
51588,91
1655,91
47430,91
83137,91
72780,91
69540,91
891,91
82196,91
2306,91
26907,90
72091,90
9321,90
4264,90
17504,90
44732,90
5176,90
17003,90
5452,90
62463,90
74511,90
62462,90
65531,90
47603,90
21300,90
45717,90
85100,90
50247,90
50837,90
82080,90
62611,90
45037,90
27354,90
60671,90
3219,90
82432,90
46843,90
76042,90
63339,90
28323,90
40943,90
82521,90
4200,90
1724,90
60312,90
2893,90
85130,90
22217,90
16303,90
80535,90
99783,90
18383,90
54254,90
67379,90
94766,90
45008,90
31724,90
18091,90
39011,90
60126,90
53155,90
32198,90
27334,90
24639,90
33482,90
59676,90
53941,90
74834,90
32060,90
82565,90
89989,90
72552,90
32064,90
44119,90
22912,90
18339,90
81277,90
1163,90
45894,90
76325,90
56554,90
88629,90
72576,90
74546,90
91426,90
10364,90
21584,90
82317,90
33392,90
74588,90
65807,90
37056,90
62931,90
89149,90
79664,90
32703,90
86032,90
76359,90
91340,90
37928,90
66898,90
24651,90
56543,90
51780,90
92748,90
10197,90
51934,90
17549,90
1371,90
90924,90
87458,90
62178,90
42986,90
28850,90
86710,90
1329,90
86690,90
7235,90
46755,90
55196,90
92564,90
3397,90
87389,90
97749,90
63940,90
73264,90
93565,90
40098,90
25585,90
28690,90
42225,90
9115,90
14790,90
72930,90
49917,90
86935,90
96107,90
29249,90
51364,90
21952,90
63508,90
15984,90
5964,90
68388,90
73666,90
69513,90
69392,90
29317,90
39863,90
25357,90
90528,90
21959,90
34389,90
48776,90
7220,90
11560,90
87480,90
79914,90
35037,90
63355,90
14562,90
93072,90
54579,90
4133,90
23680,90
23676,90
63380,90
58293,90
49971,90
90964,90
70316,90
46590,90
61061,90
70212,90
42922,90
11992,90
49057,90
98896,90
19178,90
34907,90
42193,90
46489,89
44645,89
83701,89
89018,89
44652,89
84461,89
27286,89
79890,89
94756,89
62001,89
25762,89
65653,89
82762,89
91515,89
79012,89
48865,89
41491,89
22990,89
87595,89
96863,89
47758,89
16097,89
36919,89
77444,89
210,89
51871,89
11778,89
36610,89
32443,89
73558,89
44324,89
3892,89
98062,89
32575,89
16491,89
29933,89
48244,89
18490,89
53579,89
99792,89
80575,89
80670,89
12212,89
53508,89
93622,89
34831,89
49031,89
15642,89
81168,89
17772,89
57515,89
53233,89
74642,89
65648,89
16370,89
82210,89
61856,89
83068,89
78925,89
55288,89
12295,89
71995,89
78290,89
61755,89
46034,89
33445,89
61148,89
33336,89
92030,89
65138,89
94776,89
10001,89
87059,89
60269,89
24365,89
89138,89
12541,89
7443,89
30530,89
59820,89
64402,89
79365,89
84812,89
48676,89
90284,89
94325,89
99348,89
61518,89
76664,89
49771,89
39240,89
26009,89
5644,89
30731,89
63429,89
78781,89
22078,89
64270,89
86012,89
33946,89
37243,89
8565,89
822,89
1728,89
93475,89
12925,89
35247,89
86455,89
52839,89
31209,89
72750,89
593,89
67467,89
96425,89
28149,89
31290,89
84691,89
86307,89
79928,89
75091,89
94426,89
19937,89
54197,89
43826,89
61578,89
62159,89
10621,89
73638,89
1165,89
78547,89
854,89
26408,89
12552,89
19843,89
6557,89
50228,89
57724,89
45180,89
4490,89
19004,89
25886,89
36222,89
59904,89
14327,89
61650,89
22850,89
92118,89
47183,89
66787,89
56561,89
1696,89
1755,88
8729,88
75188,88
75421,88
62395,88
75540,88
65079,88
58441,88
91837,88
83031,88
74885,88
76147,88
9810,88
63745,88
58461,88
9273,88
35460,88
51537,88
63448,88
83011,88
49217,88
75596,88
35022,88
19803,88
49505,88
64024,88
82483,88
39885,88
18348,88
94579,88
57554,88
65209,88
93759,88
99600,88
18280,88
51424,88
39578,88
94628,88
19757,88
9543,88
49319,88
51788,88
91660,88
40474,88
62697,88
23412,88
90943,88
63134,88
64355,88
49172,88
35175,88
57578,88
50771,88
58027,88
5113,88
39454,88
91045,88
75412,88
94200,88
62430,88
90117,88
18580,88
31390,88
81148,88
73055,88
60009,88
4297,88
14644,88
67212,88
28870,88
45170,88
25919,88
88302,88
14668,88
37574,88
37134,88
59976,88
61461,88
98920,88
99191,88
29052,88
78697,88
50061,88
10945,88
43436,88
86616,88
38459,88
78037,88
16586,88
19125,88
72760,88
13013,88
80434,88
43644,88
70257,88
37753,88
88723,88
50113,88
17581,88
36996,88
20471,88
66823,88
95797,88
74255,88
3562,88
59960,88
92701,88
11959,88
29782,88
95693,88
1026,88
2246,88
37479,88
92418,88
11672,88
11691,88
59894,88
17950,88
11725,88
52479,88
78507,88
25561,88
37380,88
25476,88
19218,88
82225,88
95918,88
95656,88
21971,88
621,88
92465,88
37530,88
2281,88
59810,88
73847,88
20657,88
25264,88
95599,88
55283,88
29729,88
81590,88
11474,88
61304,88
49858,88
17756,88
68081,88
30663,88
84801,88
31859,88
88836,88
44212,88
20373,88
88973,88
85969,88
24549,88
53823,88
2719,88
71931,88
22600,88
52029,88
41363,88
27396,88
77848,88
85637,88
27107,88
36874,88
50985,88
27115,88
21714,88
36755,88
27507,88
71443,88
76318,88
65598,88
36867,88
57314,88
48121,88
36710,88
24731,88
60630,88
53292,88
97403,88
76666,88
66434,88
72169,88
19028,88
98617,88
37914,88
66426,88
53998,88
89163,88
81149,88
14381,88
48844,88
22141,88
66350,88
61781,88
71529,88
13350,88
26601,88
86034,88
56765,88
47817,87
77576,87
85498,87
97007,87
40023,87
48555,87
77011,87
85519,87
922,87
62806,87
37504,87
44723,87
77607,87
34660,87
47442,87
78397,87
63916,87
20909,87
26691,87
39455,87
26940,87
63912,87
34741,87
95873,87
1627,87
38131,87
85067,87
97069,87
21535,87
97546,87
76083,87
97528,87
27638,87
7887,87
44189,87
63081,87
80456,87
70066,87
28708,87
8582,87
71021,87
51538,87
43474,87
90967,87
78168,87
27859,87
70172,87
6629,87
79615,87
59156,87
47599,87
761,87
19640,87
51482,87
60895,87
55252,87
77728,87
49024,87
55098,87
6411,87
55005,87
18895,87
54249,87
76992,87
86870,87
59306,87
96162,87
63564,87
85668,87
80461,87
12554,87
8637,87
38024,87
53060,87
55526,87
98204,87
38815,87
16429,87
77061,87
41226,87
2081,87
67426,87
89177,87
10656,87
57904,87
79375,87
88724,87
19930,87
79381,87
24475,87
67498,87
81376,87
95203,87
67589,87
36799,87
34188,87
7425,87
7296,87
10355,87
80064,87
18379,87
76385,87
32635,87
66665,87
74177,87
56894,87
99824,87
99575,87
5053,87
94466,87
79298,87
1904,87
24901,87
41718,87
10322,87
33532,87
46678,87
49794,87
56584,87
95394,87
95395,87
67316,87
31406,87
90120,87
88294,87
42077,87
88108,87
40982,87
36700,87
3974,87
7208,87
57716,87
65490,87
7566,87
90471,87
89925,87
56795,87
65365,87
73653,87
57381,87
42393,87
24231,87
83396,87
49550,87
8988,87
20027,87
68692,87
24238,87
36702,87
66358,87
74916,87
67756,87
21955,87
74468,87
67972,87
67759,87
65532,87
77106,87
67858,87
36570,87
46691,87
36571,87
37271,87
42337,87
88514,87
1812,87
89541,87
27659,86
71053,86
83585,86
13403,86
91213,86
13497,86
17225,86
22120,86
83568,86
85930,86
15695,86
14333,86
32461,86
93819,86
15702,86
57548,86
40655,86
65266,86
89552,86
14183,86
65518,86
85340,86
62633,86
71949,86
91455,86
44571,86
1526,86
26850,86
57386,86
26793,86
58988,86
53347,86
62553,86
53263,86
9902,86
35842,86
57304,86
97341,86
35835,86
83153,86
96926,86
56964,86
32610,86
13705,86
33731,86
65798,86
9744,86
85578,86
13728,86
18191,86
10120,86
35742,86
32907,86
41099,86
89327,86
22354,86
75683,86
8950,86
96719,86
50468,86
49492,86
20699,86
8799,86
34841,86
90742,86
30772,86
69123,86
78636,86
30965,86
99630,86
73900,86
45273,86
55106,86
11227,86
12370,86
75496,86
77438,86
67584,86
49859,86
45485,86
17462,86
77380,86
16837,86
3855,86
34620,86
82227,86
30165,86
14876,86
18233,86
51612,86
78396,86
55396,86
3920,86
30241,86
64165,86
42738,86
63901,86
73394,86
75214,86
68382,86
67455,86
63578,86
69714,86
56689,86
3873,86
35223,86
97450,86
56618,86
4476,86
22228,86
72726,86
96538,86
43824,86
19933,86
39785,86
70711,86
86242,86
15378,86
26311,86
70872,86
70885,86
74392,86
24200,86
83999,86
39822,86
86631,86
25089,86
311,86
29002,86
35073,86
67384,86
96217,86
97808,86
576,86
11004,86
67123,86
69938,86
24975,86
21146,86
31647,86
10916,86
96329,86
17589,86
30440,86
1911,86
37312,86
93142,86
60133,86
62494,86
59648,86
38572,86
92405,86
7707,86
49171,86
91801,86
82580,86
49069,86
6988,86
46595,86
59799,86
93388,86
6365,86
76592,86
36315,86
22680,86
76232,86
36157,86
80512,86
61999,86
93410,86
62078,86
1409,86
7573,86
7951,86
6213,86
76682,86
76218,86
16332,86
47713,85
28814,85
17595,85
81747,85
34259,85
69871,85
16850,85
48327,85
94306,85
31405,85
94344,85
21043,85
395,85
51221,85
98573,85
51792,85
46790,85
57802,85
17682,85
69501,85
12549,85
79316,85
55063,85
12393,85
86915,85
43442,85
81683,85
54820,85
15784,85
70328,85
26018,85
16818,85
43973,85
70964,85
845,85
19739,85
53977,85
39224,85
71108,85
37975,85
58566,85
8465,85
266,85
878,85
50267,85
35473,85
36170,85
76979,85
77753,85
83160,85
51502,85
96989,85
44830,85
63716,85
54158,85
86626,85
54161,85
23976,85
9044,85
75238,85
92607,85
52840,85
39120,85
84736,85
12972,85
54347,85
37788,85
34,85
8839,85
28260,85
99970,85
7831,85
70677,85
26271,85
90748,85
90754,85
63789,85
37865,85
57718,85
29710,85
29544,85
46738,85
37129,85
25077,85
81362,85
10390,85
56865,85
15152,85
32486,85
76389,85
95478,85
31142,85
78966,85
88102,85
45592,85
46742,85
36848,85
49826,85
11299,85
4721,85
74566,85
19356,85
25054,85
95076,85
56793,85
38848,85
31923,85
41676,85
31899,85
41716,85
88596,85
56481,85
81318,85
36980,85
10612,85
22094,85
24773,85
1942,85
24967,85
45710,85
74419,85
20392,85
95366,85
16417,85
95090,85
83801,85
94871,85
76564,85
37484,85
24369,85
9794,85
22833,85
30025,85
52563,85
81546,85
95844,85
3827,85
42725,85
6385,85
84205,85
18296,85
61996,85
65044,85
55359,85
18985,85
69098,85
17733,85
49990,85
69191,85
30103,85
79088,85
68607,85
57437,85
73767,85
93223,85
68182,85
81460,85
68256,85
33039,85
33040,85
40979,85
95694,85
33103,85
65474,85
89406,85
7582,85
61907,85
16733,85
68456,85
93201,85
4924,85
79071,85
50986,85
48285,85
5763,85
23396,85
99785,85
16136,85
53270,85
8009,85
98330,85
35986,85
36102,85
71892,85
62507,85
85184,85
99002,85
58885,85
91351,85
76952,85
30927,84
32810,84
65816,84
81413,84
65906,84
4756,84
17035,84
6843,84
13135,84
59319,84
65834,84
61373,84
46671,84
96595,84
46994,84
86291,84
81854,84
28210,84
68138,84
7804,84
26154,84
57221,84
328,84
97096,84
65628,84
59838,84
58266,84
89258,84
65682,84
11460,84
26203,84
43757,84
61325,84
86306,84
70603,84
41128,84
63853,84
67699,84
74587,84
31038,84
72340,84
41258,84
62562,84
10405,84
16038,84
71128,84
81926,84
26419,84
864,84
72520,84
46694,84
53345,84
59750,84
59186,84
32342,84
49705,84
72177,84
7931,84
91064,84
269,84
82017,84
44198,84
41485,84
63240,84
7909,84
56831,84
50579,84
90965,84
93220,84
81385,84
90860,84
6646,84
42062,84
63558,84
31171,84
26364,84
66145,84
84139,84
7311,84
31263,84
15447,84
86010,84
10351,84
95447,84
98364,84
95438,84
93285,84
97375,84
48559,84
5835,84
43601,84
70344,84
96180,84
12442,84
75090,84
94438,84
93454,84
12465,84
23146,84
89796,84
29067,84
69748,84
25610,84
87231,84
11985,84
38224,84
93172,84
9248,84
33458,84
29006,84
49564,84
37627,84
13917,84
16155,84
25807,84
55801,84
89942,84
57736,84
79769,84
9480,84
37543,84
37545,84
47045,84
26668,84
87035,84
96043,84
64787,84
34065,84
46876,84
93625,84
82771,84
62047,84
2606,84
9577,84
46165,84
1453,84
29672,84
16206,84
6376,84
33410,84
37742,84
48994,84
48805,84
28680,84
34447,84
40200,84
3376,84
78522,84
43479,84
30352,84
47919,84
43329,84
70228,84
65480,84
89387,84
96409,84
99532,84
21175,84
5397,84
22535,84
68262,84
98424,84
19147,84
991,84
96305,84
757,84
22809,84
80986,84
90313,84
43337,84
60850,84
45371,84
6144,84
76817,84
37398,84
9134,84
17603,84
40234,84
95777,84
79807,84
218,84
12686,84
47711,84
82165,84
7937,84
29444,84
27580,84
36128,84
71514,84
85717,84
22349,84
15238,84
8265,84
8232,84
41860,84
17337,84
60462,84
31659,84
38782,84
36987,84
66936,84
97912,84
35717,84
74356,84
44703,84
59036,84
32182,84
24830,84
36933,84
8048,84
7428,84
22608,84
27425,83
98836,83
69903,83
28076,83
42687,83
3824,83
11351,83
20899,83
54792,83
10191,83
22066,83
62321,83
53726,83
10145,83
37659,83
60385,83
52343,83
15947,83
39342,83
21577,83
82842,83
67865,83
65851,83
80275,83
34849,83
80236,83
19904,83
29963,83
180,83
52196,83
16141,83
18198,83
17487,83
88123,83
14051,83
4186,83
81583,83
62361,83
96148,83
63569,83
34108,83
19012,83
15121,83
53591,83
78869,83
81588,83
17456,83
67563,83
9624,83
38359,83
17654,83
70939,83
86571,83
98760,83
25597,83
79530,83
29031,83
54833,83
4373,83
39943,83
57005,83
18495,83
93042,83
28029,83
11271,83
89079,83
54071,83
4689,83
96151,83
41522,83
87341,83
87887,83
55963,83
82146,83
4349,83
76971,83
44342,83
94718,83
73621,83
46467,83
9866,83
70056,83
45108,83
48187,83
18215,83
10591,83
72331,83
22070,83
14534,83
22285,83
74355,83
58218,83
64043,83
95698,83
40036,83
91955,83
38613,83
75246,83
47082,83
89439,83
76277,83
68439,83
36715,83
11705,83
22979,83
84293,83
70226,83
67000,83
94185,83
15559,83
31736,83
91962,83
54541,83
5870,83
63968,83
26144,83
39121,83
10106,83
65243,83
49721,83
67989,83
61318,83
80232,83
80615,83
61320,83
98074,83
73460,83
43675,83
34758,83
38278,83
37265,83
62974,83
8175,83
29177,83
58089,83
87891,83
47932,83
93677,83
47479,83
84984,83
74751,83
329,83
5425,83
4824,83
87840,83
34673,83
40105,83
78768,83
68628,83
21217,83
5436,83
4049,83
74640,83
50286,83
22464,83
86707,83
38788,83
16608,83
98027,83
32530,83
67107,83
66858,83
27700,83
38876,83
69221,83
53054,83
45869,83
23338,83
93856,83
90947,83
29530,83
41500,83
64929,83
55219,83
53582,83
36047,83
26669,83
95243,83
98797,83
58632,83
58631,83
72178,83
19686,83
78320,83
91067,83
71019,83
29323,83
48250,83
67456,83
61006,83
26996,83
29633,83
64880,83
8534,83
48942,83
75579,83
57680,83
64613,83
76586,83
19943,83
64901,83
96808,83
18117,83
88610,83
48100,83
51405,83
87203,83
53906,83
55289,83
75060,83
74463,83
75057,83
53889,83
1739,83
6098,83
88907,83
91657,83
15448,83
1731,83
58501,83
63227,83
60185,83
82284,83
46688,83
83587,83
79648,83
19522,83
41331,83
89967,83
55162,83
53981,83
79803,83
95937,83
63147,83
82206,83
78726,83
31528,83
46950,83
31950,83
89023,83
81644,83
66366,83
50921,83
49306,83
48191,82
19891,82
78571,82
77555,82
28338,82
5358,82
44513,82
40484,82
61161,82
22739,82
98905,82
44142,82
5927,82
51691,82
57472,82
69377,82
73668,82
21245,82
2496,82
34527,82
85916,82
5379,82
82860,82
33596,82
31564,82
48304,82
2827,82
67942,82
3461,82
49883,82
86572,82
86316,82
1841,82
20689,82
28829,82
91949,82
63882,82
83908,82
40603,82
57507,82
71646,82
80395,82
66316,82
79013,82
45984,82
89896,82
17247,82
28788,82
79496,82
15586,82
45846,82
24151,82
41799,82
2779,82
28747,82
98198,82
9100,82
37367,82
44561,82
48493,82
6909,82
64020,82
73594,82
38097,82
48061,82
43447,82
22507,82
68326,82
75314,82
48976,82
16531,82
11024,82
5749,82
26875,82
81473,82
64034,82
52408,82
19870,82
12298,82
83348,82
14526,82
59416,82
23194,82
58895,82
66625,82
76989,82
5332,82
57713,82
71758,82
35341,82
57197,82
1248,82
55899,82
81357,82
99975,82
86620,82
76982,82
13730,82
37118,82
36741,82
7458,82
81478,82
16485,82
16764,82
32981,82
35226,82
35665,82
38957,82
46771,82
63598,82
28019,82
24875,82
87228,82
96177,82
63630,82
20942,82
94959,82
88412,82
29797,82
39916,82
46647,82
12492,82
57624,82
16168,82
86947,82
56082,82
87297,82
47984,82
27013,82
32042,82
38155,82
32034,82
15481,82
52051,82
95528,82
34950,82
92434,82
11303,82
74153,82
6799,82
38735,82
81571,82
38879,82
70918,82
56989,82
20361,82
54062,82
9627,82
41338,82
31195,82
6391,82
17748,82
90894,82
67564,82
56902,82
61050,82
63520,82
5545,82
55317,82
5194,82
76065,82
99421,82
60582,82
7716,82
72570,82
67078,82
35012,82
83475,82
97987,82
46363,82
84053,82
43964,82
63454,82
35461,82
14378,82
43137,82
69678,82
88180,82
97393,82
91153,82
3495,82
89107,82
46359,82
49954,82
50269,82
49567,82
78218,82
95947,82
33397,82
13557,82
67385,82
41743,82
21679,82
12565,82
2891,82
72554,82
81329,82
53186,82
6072,82
21756,82
46877,82
67424,82
95156,82
50394,82
71409,82
77703,82
91343,82
24343,82
97932,82
67886,82
75076,82
62740,82
22258,82
7141,82
37448,82
98253,82
73066,82
81923,82
47234,82
41636,82
48367,82
2031,82
87981,82
87978,82
47735,81
7084,81
28682,81
79806,81
64517,81
57810,81
17844,81
82220,81
44362,81
27255,81
21636,81
57516,81
47251,81
44739,81
69658,81
20871,81
47783,81
43207,81
98337,81
58141,81
43147,81
68772,81
77412,81
38525,81
69122,81
17655,81
74792,81
17584,81
21639,81
76620,81
18443,81
49026,81
20119,81
64744,81
47806,81
73473,81
34364,81
37003,81
66995,81
46710,81
5336,81
93776,81
87533,81
4361,81
20463,81
2612,81
52144,81
10810,81
74775,81
38571,81
55420,81
33475,81
29016,81
98752,81
9707,81
32035,81
60922,81
69581,81
15813,81
12710,81
85313,81
6394,81
2344,81
73129,81
24889,81
74911,81
61129,81
69401,81
3867,81
2814,81
5177,81
95747,81
33652,81
57545,81
65322,81
16973,81
23080,81
91927,81
14111,81
89702,81
18645,81
51703,81
84404,81
46012,81
73590,81
46921,81
74137,81
22950,81
42270,81
6563,81
78094,81
8531,81
68016,81
76802,81
56231,81
66055,81
20338,81
60542,81
319,81
59684,81
94129,81
13856,81
13034,81
12979,81
7841,81
10320,81
74522,81
84233,81
52851,81
32993,81
67252,81
47202,81
19831,81
12945,81
26428,81
43667,81
72806,81
8482,81
62440,81
13673,81
56424,81
83051,81
70868,81
81941,81
78642,81
79657,81
20641,81
20660,81
74551,81
78010,81
36826,81
31690,81
32871,81
59610,81
61647,81
32721,81
87983,81
96620,81
15088,81
97332,81
15080,81
34840,81
41152,81
51410,81
78972,81
2974,81
87908,81
98772,81
67306,81
16626,81
76649,81
10436,81
41433,81
87892,81
101,81
25291,81
45962,81
10553,81
83732,81
35544,81
24446,81
23478,81
24986,81
98590,81
58658,81
41590,81
16780,81
84945,81
71017,81
67195,81
68384,81
67489,81
6255,81
83907,81
99463,81
36241,81
95359,81
38009,81
75261,81
49076,81
35370,81
35548,81
26389,81
10387,81
75550,81
88397,81
77890,81
10479,81
6476,81
79800,81
81487,81
3999,81
65583,81
61413,81
17169,81
54588,81
54114,80
52669,80
3019,80
41863,80
47579,80
96631,80
8220,80
92875,80
27119,80
72553,80
50389,80
31025,80
86193,80
38834,80
85026,80
4152,80
14070,80
33970,80
81001,80
97957,80
81214,80
91284,80
13464,80
53598,80
78223,80
74452,80
52225,80
60351,80
24109,80
45857,80
90802,80
18542,80
21299,80
7046,80
98110,80
51264,80
956,80
29649,80
91113,80
15800,80
94938,80
4691,80
7505,80
42855,80
41516,80
96087,80
50662,80
39842,80
80186,80
94429,80
93161,80
25640,80
52956,80
53991,80
11207,80
47169,80
69131,80
91802,80
90137,80
59,80
13311,80
44995,80
39871,80
10325,80
87160,80
46927,80
25649,80
94993,80
17133,80
83144,80
20056,80
90156,80
95490,80
84885,80
67702,80
96178,80
56189,80
88057,80
22343,80
47975,80
8218,80
9566,80
5524,80
66240,80
52633,80
96666,80
9285,80
98786,80
17649,80
27827,80
69178,80
81894,80
17217,80
78369,80
6638,80
63572,80
73999,80
16931,80
59290,80
94428,80
58354,80
34901,80
2602,80
18055,80
17175,80
75201,80
39758,80
89946,80
98975,80
86472,80
18247,80
61860,80
47922,80
62240,80
61843,80
20384,80
15025,80
52767,80
38622,80
33267,80
3412,80
62606,80
35514,80
72276,80
48184,80
9121,80
79840,80
45073,80
93791,80
54118,80
11823,80
41080,80
84738,80
55680,80
35685,80
15834,80
53682,80
98032,80
73654,80
58179,80
5900,80
6938,80
3368,80
13828,80
52782,80
51935,80
1750,80
82824,80
66564,80
72929,80
4347,80
12833,80
72490,80
25371,80
48000,80
94502,80
52781,80
10610,80
23447,80
75657,80
61284,80
49893,80
90455,80
95707,80
18999,80
30469,80
22997,80
68675,80
41061,80
18103,80
54193,80
2593,80
83058,80
85244,80
87516,80
34782,80
69460,80
32366,80
6623,80
83425,80
96245,80
51019,80
96550,80
5101,80
19452,80
19374,80
83942,80
96077,80
76659,80
59541,80
44294,80
80307,80
4748,80
64412,80
10168,80
67856,80
58558,80
5284,80
79505,80
89707,80
90772,80
46795,80
90305,80
11889,80
65687,80
97638,80
85492,80
49623,80
50026,80
88341,80
92829,80
15530,80
63184,80
68003,80
54284,80
45062,80
95597,80
5312,80
31379,80
78982,80
58094,80
45359,80
12630,80
5724,80
65708,80
33828,80
5725,80
83555,79
81041,79
31904,79
29565,79
10735,79
29560,79
14803,79
87086,79
59745,79
44660,79
87182,79
12186,79
12237,79
20983,79
56331,79
67143,79
47317,79
47197,79
80349,79
80067,79
20807,79
59867,79
2159,79
68163,79
68595,79
11532,79
45751,79
61213,79
73762,79
53432,79
95789,79
45956,79
89573,79
78452,79
74637,79
45373,79
3856,79
42660,79
31709,79
67027,79
30542,79
32140,79
4499,79
20214,79
33173,79
30394,79
32126,79
40947,79
72237,79
2688,79
42447,79
38619,79
9970,79
49890,79
45968,79
68356,79
68485,79
3941,79
95735,79
80124,79
15593,79
6354,79
91976,79
18020,79
97751,79
66287,79
65938,79
67685,79
47134,79
66045,79
42804,79
73348,79
98452,79
10786,79
31165,79
10784,79
4659,79
88148,79
14163,79
61723,79
26785,79
22965,79
26783,79
42871,79
32262,79
72035,79
57621,79
73891,79
37248,79
20535,79
26827,79
65817,79
57103,79
48227,79
4991,79
61358,79
18755,79
18178,79
49841,79
73401,79
59939,79
22465,79
79206,79
41732,79
10795,79
10930,79
67743,79
98562,79
33502,79
87368,79
97905,79
35153,79
63461,79
45229,79
60586,79
13329,79
37923,79
44032,79
8609,79
27855,79
48824,79
51058,79
60575,79
17364,79
82535,79
26029,79
27370,79
79477,79
98135,79
54563,79
26071,79
62229,79
63004,79
99204,79
98642,79
83391,79
93076,79
64047,79
6914,79
17332,79
19471,79
21196,79
36530,79
3281,79
70098,79
18435,79
90133,79
58109,79
76594,79
34217,79
81961,79
47547,79
62737,79
50992,79
3464,79
96919,79
5666,79
60511,79
19897,79
64455,79
83136,79
75608,79
19494,79
60027,79
44288,79
71209,79
18424,79
99636,79
29045,79
93124,79
22329,79
48921,79
47521,79
71466,79
15850,79
54915,79
34413,79
39817,79
6694,79
24046,79
733,79
91292,79
55101,79
94122,79
14444,79
28164,79
25730,79
62282,79
48597,79
39935,79
46156,79
8878,79
96536,79
90038,79
36317,79
77017,79
3224,79
86194,79
94151,79
98955,79
17113,79
8259,79
28256,79
33879,79
12967,79
14411,79
97062,79
62064,79
25724,79
86693,78
28729,78
30121,78
9865,78
32821,78
94265,78
77341,78
85837,78
77667,78
74736,78
27724,78
46869,78
60319,78
31423,78
75802,78
35319,78
30212,78
66307,78
74556,78
76015,78
18716,78
33283,78
67790,78
37257,78
70031,78
24574,78
35251,78
97809,78
45151,78
49905,78
98203,78
94671,78
1227,78
33316,78
9762,78
42671,78
89639,78
79920,78
72192,78
12606,78
45923,78
95349,78
69880,78
97529,78
81707,78
23617,78
870,78
70731,78
85234,78
86786,78
25235,78
80688,78
84938,78
16228,78
24025,78
27669,78
52532,78
82908,78
45848,78
16346,78
98837,78
63812,78
68734,78
9770,78
5313,78
17292,78
15402,78
54742,78
19574,78
62817,78
46323,78
19475,78
5936,78
14472,78
11606,78
43,78
3976,78
23852,78
35085,78
36254,78
14142,78
22280,78
23846,78
63671,78
28551,78
31234,78
76119,78
26831,78
23704,78
70793,78
65475,78
78058,78
11498,78
84253,78
88953,78
68052,78
96661,78
22001,78
26316,78
41012,78
21197,78
31086,78
24485,78
6154,78
87783,78
59311,78
10061,78
16928,78
81383,78
85432,78
92732,78
92340,78
97730,78
37214,78
71000,78
5780,78
61788,78
35185,78
6794,78
85980,78
45867,78
26865,78
24419,78
97804,78
77483,78
82820,78
77995,78
55876,78
87614,78
93385,78
65371,78
89153,78
97670,78
95742,78
88983,78
70122,78
67966,78
57336,78
34745,78
96382,78
91366,78
91667,78
26376,78
56882,78
46236,78
95729,78
21733,78
9020,78
50995,78
4718,78
99843,78
41379,78
74011,78
72925,78
96022,78
60154,78
99569,78
77055,78
99024,78
98317,78
41725,78
84024,78
33574,78
52636,78
81334,78
38245,78
79841,78
42886,78
58670,78
17755,78
29296,78
39009,78
17674,78
88602,78
96075,78
44276,78
25832,78
46387,78
57950,78
64786,78
85528,78
48034,78
72017,78
37502,78
29079,78
85080,78
21088,78
26978,78
7415,78
59964,78
73297,78
95961,78
39665,78
38519,78
87136,78
77456,78
95897,78
50285,78
36132,78
39324,78
2871,78
7097,78
91263,78
88829,78
71484,78
85679,78
924,78
11984,78
56628,78
59967,78
19292,78
15380,78
64604,78
17398,78
76239,78
66435,78
12423,78
45791,78
22806,78
87091,78
82876,78
56639,78
18596,78
91317,78
69383,78
96213,78
88634,78
34067,78
44252,78
95906,78
60218,78
51846,78
77211,78
16213,78
71355,78
66458,78
45806,78
19002,78
31650,78
51513,78
43604,77
73306,77
26998,77
88133,77
14579,77
528,77
64894,77
46687,77
63008,77
83717,77
36029,77
95452,77
91893,77
96378,77
13727,77
76730,77
83259,77
64022,77
12905,77
48115,77
92909,77
52826,77
75072,77
4356,77
14988,77
75285,77
80444,77
46830,77
56935,77
24453,77
89032,77
34584,77
49466,77
77921,77
489,77
72876,77
10316,77
86051,77
25341,77
83995,77
87162,77
45803,77
92483,77
58490,77
99671,77
86976,77
24634,77
46167,77
59796,77
70616,77
11409,77
15067,77
77416,77
67913,77
38391,77
15968,77
67922,77
49181,77
75486,77
88619,77
14774,77
54266,77
79270,77
32711,77
96056,77
65696,77
61034,77
24171,77
32740,77
99369,77
54221,77
48876,77
33876,77
98229,77
97301,77
21277,77
1223,77
72107,77
45269,77
63820,77
76737,77
36805,77
83544,77
25262,77
95574,77
19354,77
66712,77
74586,77
81210,77
65684,77
15722,77
62911,77
531,77
17213,77
45012,77
78678,77
70846,77
45448,77
48594,77
12334,77
63976,77
897,77
32989,77
85561,77
52183,77
33001,77
42904,77
37767,77
87766,77
17188,77
74271,77
62086,77
69479,77
64797,77
92969,77
39132,77
62287,77
80350,77
84828,77
58253,77
8712,77
4697,77
18202,77
87867,77
97782,77
14230,77
10246,77
62085,77
42287,77
52140,77
70724,77
25384,77
91916,77
29788,77
17646,77
36684,77
64451,77
41955,77
1707,77
56692,77
64259,77
65198,77
10564,77
66330,77
28867,77
23082,77
1950,77
23585,77
68998,77
61226,77
9091,77
17834,77
90986,77
47342,77
88378,77
50446,77
55623,77
44768,77
82518,77
42731,77
75582,77
86823,77
83183,77
47574,77
57420,77
56796,77
87564,77
84998,77
64328,77
92784,77
67248,77
16290,77
99040,77
80203,77
427,77
35959,77
49504,77
44196,77
31667,77
82431,77
28826,77
59453,77
1948,77
66495,77
38152,77
91061,77
42759,77
32316,77
16049,77
31684,77
35313,77
64303,77
19525,77
83415,77
41928,77
33306,77
66337,77
25858,77
71227,77
64354,77
82342,77
15601,77
49570,77
18278,77
90464,77
64199,77
21723,77
1601,77
48074,77
65006,77
1536,77
73149,77
80539,77
17248,77
75245,77
49142,77
86933,77
84121,77
48871,77
26381,77
89437,77
9729,77
62563,77
9343,77
90259,77
9017,77
10608,77
779,77
67106,77
31596,77
69085,77
65431,77
27836,77
65398,77
428,77
74202,77
27376,77
57887,77
27540,77
10889,77
23684,77
26391,77
20438,77
4537,77
34199,77
94251,77
49804,77
88410,77
16294,77
39109,77
92599,77
84940,77
57915,77
17262,77
27046,77
23596,76
31662,76
38286,76
67841,76
92815,76
52231,76
7846,76
39753,76
50255,76
28061,76
13170,76
51096,76
14091,76
67758,76
2963,76
21290,76
31586,76
67199,76
41858,76
72355,76
97077,76
99982,76
17496,76
56562,76
39165,76
77827,76
27656,76
41654,76
56055,76
10182,76
54142,76
70734,76
6745,76
87980,76
13540,76
76990,76
23491,76
99444,76
37982,76
58386,76
58860,76
66275,76
67366,76
74458,76
66981,76
74519,76
41988,76
76674,76
41758,76
58486,76
66541,76
53185,76
27905,76
73958,76
27932,76
93643,76
62457,76
7964,76
35524,76
46374,76
45617,76
92045,76
50996,76
91238,76
6750,76
15151,76
91518,76
99078,76
84012,76
24803,76
16427,76
56158,76
13381,76
39214,76
67023,76
22012,76
38382,76
88685,76
943,76
78806,76
25043,76
47109,76
53585,76
19281,76
74549,76
67850,76
11301,76
45034,76
84821,76
63706,76
23232,76
83814,76
19709,76
2014,76
54043,76
96667,76
317,76
7864,76
4243,76
76927,76
54050,76
46747,76
41426,76
13471,76
7414,76
898,76
31418,76
39603,76
75960,76
49821,76
60485,76
97274,76
86480,76
72991,76
6422,76
43163,76
6613,76
86453,76
59397,76
51659,76
65396,76
59971,76
74858,76
58889,76
3760,76
11584,76
99576,76
48186,76
99613,76
19136,76
11589,76
36431,76
86637,76
64624,76
20228,76
9079,76
43112,76
14829,76
29244,76
49987,76
79450,76
3264,76
47377,76
98762,76
64347,76
90110,76
43116,76
26838,76
92643,76
60982,76
40642,76
79024,76
86873,76
90542,76
26921,76
46916,76
87630,76
69754,76
95876,76
7616,76
74692,76
51906,76
87352,76
52751,76
94623,76
7733,76
37439,76
5370,76
54578,76
6679,76
91922,76
96367,76
19917,76
7111,76
28560,76
13932,76
51073,76
5827,76
43414,76
87728,76
21087,76
68994,76
64485,76
34258,76
42439,76
53490,76
87303,76
89378,76
89788,76
86841,76
95732,76
45965,76
18404,76
99888,76
40633,76
81488,76
35777,76
72341,76
82140,76
89947,76
21150,76
74621,76
73249,76
58353,76
28197,76
89995,76
64671,76
63839,76
20018,76
72070,76
69454,76
81195,76
57129,76
63840,76
63875,76
24216,76
55214,76
15513,76
67939,76
14470,76
29503,76
9496,76
17325,76
82802,76
91858,76
84202,76
76645,76
7767,76
74917,76
96025,76
17726,76
74915,76
7654,76
3617,76
33329,76
6395,76
9547,76
70034,76
94699,76
75452,76
62040,76
65642,76
87030,76
80253,76
41082,76
68622,76
76108,76
9465,76
93431,76
81732,76
77019,76
76642,76
61917,76
48737,75
90383,75
45169,75
23604,75
53829,75
89684,75
1716,75
34227,75
26470,75
99355,75
28947,75
80809,75
72474,75
73419,75
80984,75
68811,75
85360,75
93300,75
68744,75
84351,75
63263,75
38847,75
11851,75
30019,75
17985,75
34291,75
89570,75
96282,75
59988,75
48443,75
12613,75
29972,75
47714,75
74107,75
68685,75
95393,75
28796,75
26432,75
33307,75
4573,75
1708,75
38975,75
14652,75
24732,75
53818,75
83644,75
30891,75
49015,75
50459,75
79300,75
97893,75
64858,75
74920,75
35863,75
82217,75
97266,75
29610,75
92851,75
41627,75
66984,75
18602,75
46940,75
92485,75
2003,75
93320,75
66923,75
80175,75
54817,75
16967,75
38803,75
25722,75
53172,75
96010,75
66796,75
82556,75
22471,75
81653,75
1565,75
39333,75
69476,75
37029,75
71717,75
95267,75
18039,75
15326,75
57648,75
69070,75
9340,75
14679,75
23358,75
24085,75
15242,75
59455,75
15660,75
63114,75
7626,75
10538,75
24274,75
92882,75
94622,75
36941,75
21461,75
89746,75
2242,75
65122,75
3782,75
6118,75
17764,75
84976,75
35552,75
77436,75
69060,75
520,75
58734,75
64519,75
69017,75
75708,75
92828,75
74854,75
60305,75
53732,75
92823,75
79848,75
78845,75
79618,75
95775,75
47883,75
17559,75
16182,75
95676,75
31435,75
70955,75
34600,75
70945,75
587,75
4845,75
39441,75
13283,75
76662,75
11572,75
77953,75
62501,75
3286,75
58215,75
2160,75
8925,75
77960,75
27948,75
12887,75
89361,75
93073,75
9990,75
91463,75
27863,75
31248,75
23952,75
5388,75
72911,75
28585,75
76409,75
65477,75
66144,75
22273,75
27112,75
49605,75
51669,75
1178,75
22160,75
54542,75
52420,75
66090,75
23755,75
70353,75
30409,75
46988,75
78049,75
23045,75
26198,75
7845,75
18937,75
10111,75
42241,75
95534,75
11334,75
8078,75
31078,75
83323,75
86309,75
63759,75
17199,75
25230,75
19112,75
10158,75
67859,75
21581,75
20701,75
39970,75
34938,75
50167,75
78112,75
24613,75
32972,75
49824,75
93379,75
2146,75
52940,75
28023,75
48894,75
18947,75
70813,75
58247,75
32659,75
4054,75
87864,75
31046,75
65647,75
17190,75
78062,75
98618,75
92734,75
30404,75
94206,75
12744,75
75574,75
13390,75
99685,75
9048,75
85113,75
34452,75
38872,75
50798,75
63407,75
34476,75
73649,75
65405,75
46764,75
99873,75
90432,75
41985,75
22719,75
22412,75
6556,75
7171,75
72217,75
66328,75
31415,75
11075,75
74070,75
67341,75
40800,75
9105,75
27753,75
37969,75
17226,75
18912,75
3044,75
23255,75
12240,75
76633,75
91332,75
35162,75
78541,75
23694,75
70554,74
45060,74
26845,74
54715,74
27219,74
27672,74
55238,74
87007,74
87123,74
37459,74
78492,74
1331,74
718,74
68004,74
29577,74
37047,74
41901,74
68938,74
17041,74
56071,74
15111,74
810,74
69195,74
22755,74
73604,74
6460,74
24887,74
85191,74
77475,74
72387,74
44819,74
14812,74
71726,74
68665,74
17695,74
17824,74
92675,74
72724,74
44783,74
38252,74
13160,74
53635,74
37743,74
99065,74
41674,74
28115,74
10719,74
26273,74
12277,74
30830,74
31419,74
92357,74
92670,74
99270,74
73577,74
20477,74
816,74
55218,74
54669,74
56173,74
85172,74
25879,74
2214,74
55712,74
26736,74
85230,74
92606,74
77766,74
44625,74
3515,74
55708,74
10882,74
70153,74
12434,74
27941,74
92978,74
16555,74
14992,74
73929,74
19295,74
11564,74
97501,74
42040,74
37144,74
68244,74
30450,74
45207,74
55456,74
78402,74
87268,74
73412,74
25107,74
10894,74
14591,74
1333,74
85984,74
13377,74
69008,74
98996,74
93085,74
86752,74
25811,74
97151,74
21537,74
24848,74
92489,74
21982,74
73080,74
17438,74
92265,74
14637,74
12400,74
12545,74
77615,74
92613,74
17210,74
53456,74
31789,74
14254,74
95895,74
73975,74
10848,74
19155,74
80412,74
37139,74
61530,74
72885,74
27977,74
88505,74
31273,74
55042,74
14165,74
47287,74
29673,74
25139,74
71223,74
91531,74
63330,74
34735,74
41215,74
8932,74
89993,74
1965,74
62933,74
59190,74
16124,74
59512,74
24681,74
32785,74
36135,74
91012,74
58537,74
8853,74
79293,74
57674,74
51214,74
78978,74
58867,74
76103,74
47090,74
98097,74
64983,74
99578,74
80579,74
39268,74
56830,74
7825,74
51662,74
8481,74
75431,74
23314,74
35444,74
34402,74
91135,74
90426,74
18717,74
94321,74
64180,74
75694,74
9014,74
23954,74
64116,74
35500,74
15788,74
79548,74
89019,74
34556,74
99609,74
9336,74
18677,74
79941,74
57858,74
7794,74
18556,74
82455,74
89150,74
62983,74
64642,74
47104,74
74865,74
79438,74
8608,74
90827,74
32960,74
16817,74
9945,74
98079,74
39393,74
89412,74
4424,74
31961,74
57505,74
59590,74
10057,74
94066,74
4920,74
33201,74
98059,74
45851,74
4540,74
99663,74
58980,74
1852,74
39995,74
20170,74
20386,74
83727,74
7892,74
36080,74
50716,74
65566,74
41101,74
79501,74
15663,74
38984,74
9657,74
48518,74
19820,74
28717,73
54613,73
12863,73
66163,73
19082,73
86503,73
73969,73
18452,73
27978,73
90842,73
51318,73
28604,73
4669,73
19849,73
7779,73
34502,73
19798,73
79545,73
1688,73
70102,73
12780,73
81230,73
6926,73
48570,73
64201,73
19463,73
6956,73
96384,73
81768,73
63857,73
17564,73
99372,73
21244,73
131,73
34880,73
37871,73
46808,73
60010,73
84750,73
61454,73
20366,73
10433,73
2427,73
31328,73
83304,73
91728,73
34855,73
59324,73
82131,73
59633,73
34814,73
34793,73
40087,73
63932,73
46252,73
56895,73
13219,73
50599,73
47994,73
83278,73
26232,73
52917,73
94178,73
49220,73
58213,73
6013,73
21764,73
81232,73
24642,73
70364,73
63957,73
14517,73
56184,73
13179,73
67453,73
61676,73
4420,73
99197,73
64256,73
19385,73
83623,73
57585,73
22804,73
5028,73
81569,73
22784,73
41106,73
47057,73
83783,73
87889,73
24278,73
65737,73
47803,73
3808,73
89871,73
36599,73
64881,73
9559,73
18321,73
87127,73
69198,73
55975,73
5098,73
38553,73
74582,73
95991,73
91915,73
36640,73
87108,73
9836,73
45477,73
61869,73
10022,73
68347,73
65471,73
24448,73
68406,73
68429,73
40890,73
80125,73
37291,73
30183,73
33289,73
29936,73
78601,73
37383,73
24378,73
42308,73
95803,73
45370,73
40750,73
33371,73
30706,73
42670,73
76254,73
68832,73
12184,73
95558,73
58125,73
23159,73
47208,73
36505,73
86910,73
81007,73
69725,73
95514,73
5268,73
43292,73
9223,73
24044,73
34247,73
14655,73
66017,73
34071,73
19427,73
56996,73
69926,73
28825,73
11254,73
79417,73
2362,73
43415,73
96304,73
90409,73
75169,73
12704,73
99607,73
49646,73
69302,73
7059,73
81044,73
25715,73
57731,73
48271,73
10175,73
30914,73
84182,73
82419,73
92016,73
87066,73
16527,73
69379,73
55125,73
29250,73
3646,73
18346,73
25751,73
5148,73
65887,73
82199,73
52663,73
5164,73
61362,73
49019,73
67774,73
52670,73
51350,73
65584,73
53615,73
45792,73
32174,73
74320,73
71687,73
99759,73
71809,73
47563,73
10849,73
56732,73
39618,73
27294,73
91642,73
41497,73
19046,73
8133,73
82496,73
79773,73
22976,73
77192,73
44357,73
7966,73
85720,73
32266,73
66913,73
26572,73
13954,73
48414,73
13854,73
10522,73
44771,73
8414,73
82087,73
5787,73
18960,73
85535,73
88458,73
47410,73
99693,73
71676,73
60352,73
76678,73
58651,73
77659,73
27004,73
32013,73
98622,73
85755,73
26465,73
21619,73
93928,73
72319,73
16171,73
74363,73
46456,73
56309,73
27652,73
78865,73
85030,73
32114,73
60591,73
71394,73
23650,73
78780,73
85214,73
93648,73
18554,73
85651,73
81290,73
45794,73
82078,73
91071,73
53813,73
85489,73
77240,73
85176,73
76072,73
7369,73
58484,73
50348,73
85458,73
35261,73
2958,73
315,73
15260,73
53175,73
35303,73
45693,73
76940,73
99765,73
81945,73
37927,73
53589,73
97022,73
72418,73
60404,73
63270,73
38781,73
72121,73
86023,73
39850,73
93675,73
72356,72
13770,72
91577,72
23509,72
51495,72
67872,72
7976,72
13805,72
10646,72
21561,72
49412,72
57749,72
85534,72
52722,72
34116,72
76156,72
371,72
94388,72
34159,72
59445,72
69777,72
2098,72
60448,72
51743,72
23572,72
41598,72
42103,72
84585,72
27431,72
67695,72
56997,72
64392,72
64518,72
45915,72
85616,72
82263,72
7420,72
13759,72
29320,72
27249,72
2001,72
25224,72
81395,72
64643,72
92455,72
92502,72
77428,72
24119,72
24107,72
75073,72
27303,72
35547,72
48065,72
53107,72
11389,72
15065,72
64821,72
48203,72
3894,72
61200,72
14033,72
35995,72
42599,72
87822,72
33313,72
68693,72
94669,72
33339,72
53441,72
59864,72
932,72
41039,72
77361,72
52555,72
77098,72
53449,72
40740,72
68637,72
82513,72
23398,72
7399,72
23052,72
81474,72
74666,72
62524,72
61590,72
68387,72
42454,72
4884,72
79797,72
85135,72
9915,72
68436,72
1834,72
150,72
80714,72
4431,72
36685,72
42551,72
8082,72
78421,72
20107,72
13819,72
33683,72
75798,72
17091,72
71412,72
27126,72
89874,72
42908,72
10134,72
4098,72
69188,72
94881,72
51796,72
94,72
51793,72
37044,72
30856,72
33778,72
64834,72
55231,72
71773,72
83134,72
17040,72
61127,72
41120,72
89705,72
46041,72
72008,72
15053,72
7122,72
7625,72
55414,72
62709,72
25602,72
55392,72
87304,72
60356,72
71926,72
5791,72
69042,72
66897,72
38229,72
75831,72
35769,72
46202,72
5218,72
6902,72
45604,72
77281,72
91082,72
23787,72
28517,72
22060,72
75472,72
95153,72
74374,72
1193,72
16953,72
95001,72
81241,72
34595,72
31653,72
26429,72
32229,72
81943,72
6251,72
34564,72
51536,72
26379,72
28559,72
36417,72
36300,72
94982,72
41443,72
63465,72
8604,72
23174,72
77994,72
37929,72
46841,72
88319,72
58512,72
37746,72
50128,72
91608,72
827,72
27639,72
85828,72
54463,72
12791,72
4530,72
16039,72
8822,72
70610,72
66300,72
67334,72
53923,72
86303,72
66427,72
28301,72
63981,72
95047,72
32420,72
31345,72
44106,72
26200,72
96527,72
43774,72
38412,72
83209,72
70539,72
82141,72
39797,72
52293,72
17879,72
28179,72
28437,72
58222,72
84069,72
79629,72
59379,72
48963,72
13106,72
98282,72
58341,72
12995,72
63920,72
99074,72
16233,72
38421,72
41301,72
56153,72
90476,72
39694,72
93371,72
6541,72
26486,72
35069,72
95489,72
31544,72
27525,72
13565,72
94019,72
86671,72
8696,72
8398,72
70045,72
35445,72
58130,72
70965,72
91774,72
85735,72
2531,72
9176,72
41798,72
20440,72
93301,72
62160,72
43341,72
46915,72
28823,72
13258,72
15831,72
64306,72
69977,72
64299,72
15837,72
95295,72
53780,72
72744,72
27547,72
16437,72
46229,72
48668,72
86610,72
43897,72
39705,72
18434,72
75551,72
22717,72
90440,72
2450,71
97623,71
98351,71
68641,71
73493,71
23817,71
62308,71
17466,71
15971,71
79983,71
61225,71
14360,71
7125,71
86287,71
11797,71
4861,71
98613,71
79875,71
16884,71
25443,71
23741,71
95867,71
14471,71
8674,71
36015,71
2631,71
39982,71
17208,71
8829,71
48232,71
94627,71
421,71
68327,71
68655,71
4865,71
9984,71
82072,71
97256,71
84842,71
33206,71
72146,71
45013,71
93663,71
96651,71
84354,71
63515,71
25523,71
39933,71
843,71
54105,71
57385,71
98072,71
55672,71
3132,71
36073,71
61951,71
91946,71
93706,71
38153,71
44674,71
442,71
40748,71
38585,71
86005,71
40939,71
99539,71
39247,71
52492,71
61937,71
25493,71
77629,71
50180,71
75690,71
45050,71
79280,71
23540,71
84507,71
77208,71
3589,71
57851,71
60192,71
48328,71
82499,71
2838,71
22759,71
35596,71
19610,71
27541,71
97328,71
96091,71
97327,71
94462,71
7045,71
62960,71
98582,71
93601,71
86562,71
3640,71
59391,71
62212,71
14725,71
86662,71
7770,71
83472,71
2887,71
82752,71
6734,71
64397,71
5308,71
21708,71
71396,71
21706,71
93481,71
76590,71
28772,71
12502,71
79437,71
63084,71
5695,71
35464,71
78229,71
96149,71
90158,71
744,71
34098,71
81670,71
27362,71
60219,71
3648,71
9006,71
78043,71
44227,71
34695,71
74903,71
3254,71
42869,71
33680,71
87227,71
21247,71
8198,71
53489,71
48573,71
78371,71
22381,71
8177,71
75586,71
14844,71
59522,71
47483,71
96793,71
63889,71
45058,71
20933,71
33506,71
35847,71
37801,71
51338,71
24035,71
93429,71
60747,71
74942,71
97012,71
96864,71
69367,71
42990,71
62466,71
9472,71
89965,71
25720,71
55180,71
21697,71
80751,71
64793,71
44176,71
58203,71
26096,71
35699,71
62234,71
28474,71
91310,71
91566,71
38554,71
87138,71
48433,71
44464,71
85873,71
43132,71
2637,71
88433,71
41579,71
95631,71
56370,71
10924,71
78846,71
73757,71
94830,71
11048,71
81439,71
42284,71
98813,71
61496,71
84076,71
66362,71
84021,71
67010,71
81323,71
31743,71
32105,71
73732,71
15030,71
66988,71
88523,71
15345,71
56617,71
88735,71
4371,71
15333,71
6216,71
41737,71
74331,71
56775,71
48648,71
99445,71
24605,71
42061,71
87962,71
42162,71
50674,71
65869,71
78935,71
45921,71
47196,71
65930,71
24595,71
32672,71
94942,71
4147,71
78943,71
97772,71
67554,71
57093,71
31217,71
56165,71
42200,71
46735,71
16915,71
31256,71
52294,71
32837,71
16935,71
15439,71
55951,71
41386,71
67409,71
32403,71
49761,71
6298,71
33012,71
41709,71
65590,71
25345,71
88638,71
66702,71
4401,71
10697,71
89345,71
92137,71
20050,70
70658,70
7838,70
42811,70
81861,70
17751,70
9642,70
70631,70
34850,70
59636,70
72258,70
95903,70
22124,70
29791,70
34918,70
37104,70
80905,70
47310,70
31464,70
56215,70
75914,70
40031,70
49737,70
86392,70
88216,70
80488,70
81816,70
86381,70
59360,70
55294,70
78359,70
61690,70
59340,70
73328,70
31333,70
81360,70
37813,70
95936,70
56197,70
60691,70
93060,70
8698,70
5465,70
5982,70
81888,70
6522,70
95236,70
33407,70
67097,70
95137,70
99695,70
75592,70
71143,70
72542,70
24751,70
71160,70
2026,70
78740,70
59560,70
48081,70
32962,70
93925,70
5607,70
68768,70
35311,70
85278,70
75996,70
83649,70
84357,70
22827,70
63369,70
83634,70
63389,70
65668,70
19191,70
538,70
35003,70
42746,70
29842,70
68945,70
54039,70
11466,70
51548,70
45340,70
63485,70
48009,70
15392,70
71006,70
50617,70
23696,70
21735,70
7536,70
19729,70
6800,70
63404,70
79191,70
86402,70
24294,70
87905,70
32613,70
60903,70
18357,70
76595,70
52756,70
32620,70
12601,70
51772,70
90287,70
69474,70
55087,70
24036,70
95511,70
19998,70
45246,70
86747,70
57295,70
64348,70
40255,70
69943,70
6164,70
97517,70
98748,70
58023,70
64439,70
43388,70
77467,70
88013,70
99822,70
37602,70
37608,70
39043,70
93455,70
64588,70
45232,70
80567,70
77457,70
64503,70
75131,70
40385,70
30972,70
17940,70
62527,70
84548,70
64639,70
9259,70
93644,70
24058,70
52741,70
356,70
94495,70
74593,70
75326,70
40166,70
50910,70
89935,70
95561,70
72884,70
66171,70
48639,70
53260,70
89017,70
45607,70
36584,70
29515,70
98534,70
83369,70
94555,70
54456,70
3272,70
70390,70
14522,70
83344,70
47382,70
16986,70
94519,70
12200,70
21867,70
92602,70
51119,70
21155,70
51235,70
6456,70
31160,70
94253,70
84649,70
42995,70
22517,70
33873,70
34435,70
28615,70
19857,70
57063,70
10172,70
47365,70
25718,70
78577,70
16933,70
59789,70
50115,70
86544,70
85287,70
89782,70
80387,70
93827,70
71405,70
3972,70
27493,70
24826,70
30598,70
35834,70
91257,70
37352,70
63125,70
4485,70
74691,70
9813,70
60256,70
13765,70
91941,70
18214,70
53778,70
10027,70
51534,70
59908,70
72322,70
68181,70
7411,70
2723,70
44757,70
2202,70
44300,70
8264,70
18858,70
74744,70
91223,70
78489,70
53699,70
10864,70
94753,70
98665,70
66675,70
42469,70
23347,70
49156,70
47876,70
17241,70
15022,70
27102,70
98767,70
91193,70
71546,70
87791,70
66655,70
79845,70
6223,70
88695,70
79727,70
39615,70
39331,70
35935,70
65234,70
11865,70
39338,70
50526,70
91100,70
71785,70
17333,70
80755,70
27181,70
21916,70
11859,70
2511,70
87827,70
97052,70
20238,70
63202,70
4957,70
79982,70
80543,70
57311,70
99030,69
82725,69
51199,69
29432,69
70376,69
69119,69
57305,69
91510,69
74579,69
99989,69
82632,69
42538,69
12735,69
5767,69
30482,69
3664,69
13741,69
12970,69
28703,69
57782,69
31163,69
48108,69
40894,69
14170,69
63937,69
21791,69
22913,69
69371,69
64668,69
63877,69
47709,69
72747,69
971,69
6882,69
86344,69
29689,69
81645,69
76762,69
70008,69
64946,69
3661,69
27335,69
51607,69
81978,69
77075,69
87223,69
20589,69
66250,69
70518,69
30199,69
73018,69
5289,69
32621,69
68589,69
85225,69
62899,69
24261,69
84317,69
64876,69
90592,69
70368,69
37183,69
80071,69
77492,69
94298,69
76957,69
31106,69
49528,69
41329,69
95993,69
51728,69
33793,69
24022,69
8973,69
64054,69
32033,69
2792,69
70221,69
84415,69
80765,69
87094,69
27135,69
65599,69
62196,69
94983,69
64765,69
75026,69
13775,69
48331,69
61010,69
33835,69
92365,69
88728,69
12661,69
70288,69
74933,69
89201,69
90450,69
77027,69
91256,69
60309,69
69924,69
84616,69
98349,69
17276,69
84144,69
95750,69
48162,69
90306,69
24423,69
97457,69
88576,69
78919,69
8942,69
5848,69
42981,69
20796,69
84254,69
97474,69
45258,69
47705,69
56983,69
18827,69
38541,69
57702,69
69968,69
70597,69
69219,69
78971,69
91546,69
32112,69
36493,69
5571,69
31593,69
74819,69
98085,69
61124,69
59208,69
55747,69
39820,69
90966,69
87396,69
34115,69
29113,69
65458,69
44964,69
62114,69
22202,69
49137,69
92995,69
63405,69
59223,69
10026,69
93332,69
80147,69
38281,69
21334,69
82829,69
91803,69
66829,69
16751,69
39846,69
79666,69
44038,69
82313,69
44986,69
19942,69
78938,69
31583,69
32153,69
44045,69
72235,69
3831,69
74629,69
79628,69
78435,69
10064,69
17939,69
32238,69
26895,69
41507,69
20417,69
46889,69
25824,69
85815,69
424,69
78235,69
32699,69
86925,69
71239,69
61945,69
91614,69
86900,69
4048,69
84966,69
40434,69
26476,69
4503,69
87504,69
44560,69
90149,69
80074,69
30078,69
49651,69
93724,69
36501,69
42686,69
20851,69
71935,69
37079,69
53050,69
4522,69
54929,69
89104,69
29413,69
70940,69
13651,69
34844,69
88687,69
80193,69
61813,69
73200,69
32127,69
48843,69
44878,69
9639,69
98979,69
46989,69
67289,69
75842,69
17386,69
52255,69
10743,69
88659,69
45649,69
88483,69
79692,69
62787,69
65995,69
67329,69
43434,69
4244,69
31392,69
47517,69
62451,69
99746,69
17242,69
95066,69
55079,69
90727,69
97097,69
28162,69
32874,69
4416,69
79674,69
13201,69
37224,69
66547,69
19073,69
79380,69
25017,69
64629,69
96659,69
63098,69
70902,69
90820,69
7859,69
8386,69
11622,69
67184,69
42249,69
60363,69
42138,69
39937,69
98913,68
54791,68
47029,68
67623,68
62869,68
70020,68
34331,68
64430,68
21669,68
27005,68
57940,68
2726,68
56980,68
51469,68
37683,68
54666,68
48059,68
59612,68
28944,68
12578,68
86686,68
17132,68
62167,68
66899,68
29014,68
39047,68
38116,68
5301,68
4178,68
17143,68
91356,68
38523,68
38511,68
77684,68
40380,68
9250,68
93465,68
95241,68
53532,68
28901,68
94387,68
21607,68
98379,68
71912,68
40287,68
99363,68
61570,68
22909,68
14205,68
35780,68
13514,68
58123,68
97944,68
8375,68
31476,68
77566,68
76362,68
84169,68
90859,68
86100,68
36295,68
58669,68
80888,68
21345,68
35072,68
70990,68
14034,68
60629,68
27449,68
32267,68
21282,68
21274,68
24917,68
70695,68
40012,68
40010,68
81972,68
70727,68
52918,68
46343,68
93820,68
95072,68
43880,68
70774,68
92824,68
50866,68
93703,68
70030,68
97935,68
14146,68
1395,68
49239,68
50852,68
7355,68
48436,68
13498,68
75597,68
2019,68
56369,68
88453,68
80832,68
93874,68
79643,68
16223,68
58647,68
23319,68
7435,68
97380,68
90934,68
14293,68
41552,68
27803,68
27783,68
85959,68
20475,68
23269,68
41815,68
24990,68
8415,68
52991,68
85761,68
35504,68
70646,68
54206,68
4366,68
35637,68
60408,68
92620,68
53334,68
2389,68
92163,68
67529,68
10304,68
64064,68
84700,68
67495,68
93636,68
91260,68
97325,68
31188,68
81379,68
63827,68
67604,68
86667,68
31152,68
96309,68
72336,68
48794,68
83969,68
75870,68
76630,68
37046,68
82990,68
44455,68
70115,68
34457,68
28654,68
62690,68
90540,68
52850,68
85605,68
97446,68
72770,68
58278,68
52286,68
44626,68
88235,68
32433,68
74235,68
79901,68
24915,68
31751,68
74045,68
98220,68
13078,68
75888,68
72772,68
70469,68
48478,68
3258,68
12974,68
6591,68
91246,68
6009,68
62266,68
80227,68
83346,68
84727,68
73996,68
54445,68
90586,68
38889,68
74504,68
8989,68
67995,68
24175,68
17840,68
67777,68
73623,68
87194,68
20256,68
61799,68
9886,68
168,68
3944,68
69550,68
36597,68
57411,68
42659,68
45513,68
57241,68
55369,68
91986,68
30986,68
74613,68
445,68
68779,68
69183,68
33217,68
52332,68
78587,68
49918,68
73528,68
61186,68
59577,68
67813,68
30136,68
97647,68
81444,68
49914,68
78600,68
61323,68
12071,68
29771,68
9827,68
21059,68
46022,68
2267,68
51251,68
87520,68
69079,68
91895,68
68097,68
2272,68
64860,68
37250,68
25332,68
21007,68
2298,68
55221,68
9667,68
36549,68
9677,68
87096,68
76252,68
87337,68
56037,68
55168,68
49940,68
65551,68
9996,68
47823,68
68907,68
21968,68
94506,68
36538,68
40502,68
4070,68
12402,68
79250,68
3650,68
29569,68
87658,68
94758,68
18766,68
42666,68
52569,68
67875,68
42194,68
57766,68
97626,68
57315,68
47405,67
63734,67
98605,67
35039,67
3176,67
51018,67
82867,67
80039,67
47180,67
7449,67
62311,67
5049,67
37854,67
66400,67
43839,67
15960,67
84849,67
52071,67
7453,67
52596,67
79524,67
26336,67
63665,67
48239,67
23753,67
9641,67
52948,67
18752,67
52926,67
34961,67
9649,67
61477,67
58450,67
33577,67
76324,67
9527,67
14556,67
42195,67
73823,67
11176,67
52828,67
45550,67
64074,67
40565,67
59615,67
40987,67
40157,67
75258,67
24632,67
36804,67
66088,67
86561,67
54595,67
61030,67
73262,67
29478,67
23110,67
89962,67
89184,67
94247,67
82207,67
43002,67
33878,67
34609,67
94552,67
21271,67
12994,67
84797,67
58340,67
55329,67
28239,67
5459,67
5057,67
40060,67
66290,67
31337,67
14491,67
99082,67
26185,67
14501,67
20032,67
73993,67
73301,67
98213,67
78098,67
79495,67
81371,67
40101,67
64889,67
76110,67
39008,67
89892,67
17097,67
33741,67
34638,67
54299,67
4317,67
41486,67
56591,67
23426,67
48512,67
68229,67
48720,67
21686,67
15301,67
11676,67
10790,67
7547,67
52466,67
91560,67
10665,67
88578,67
16348,67
35705,67
60230,67
57392,67
30328,67
2575,67
53574,67
22350,67
31806,67
20455,67
98681,67
6702,67
61532,67
31780,67
80322,67
30224,67
38919,67
95718,67
11657,67
93210,67
30443,67
1401,67
68277,67
62547,67
10728,67
83979,67
36033,67
72139,67
85132,67
41685,67
99518,67
14039,67
85239,67
19234,67
85119,67
26837,67
47439,67
66687,67
76759,67
75944,67
26867,67
5823,67
85275,67
62610,67
85109,67
73680,67
62619,67
66835,67
73676,67
41715,67
30223,67
19631,67
86039,67
76291,67
7541,67
61301,67
55512,67
66492,67
67076,67
61307,67
5616,67
665,67
6558,67
23050,67
91020,67
72947,67
27752,67
31623,67
81551,67
71613,67
85943,67
83218,67
71078,67
15220,67
18959,67
85975,67
41490,67
20084,67
93023,67
8592,67
81916,67
61497,67
58510,67
67148,67
56698,67
44928,67
68731,67
74176,67
40829,67
77727,67
83162,67
23537,67
30187,67
1284,67
5697,67
47276,67
53700,67
40798,67
65268,67
55868,67
19647,67
91186,67
85663,67
31729,67
30134,67
87540,67
58696,67
96936,67
35481,67
65261,67
17395,67
2209,67
10577,67
21978,67
67024,67
15252,67
53057,67
29436,67
11586,67
17609,67
81218,67
54658,67
55135,67
34256,67
64625,67
33939,67
29088,67
6436,67
93274,67
54914,67
5140,67
48320,67
34043,67
61747,67
82191,67
92279,67
45160,67
1004,67
95504,67
43098,67
11350,67
94259,67
83501,67
56077,67
15467,67
64648,67
93448,67
56039,67
51284,67
81702,67
57942,67
25877,67
55086,67
98140,67
93466,67
36832,67
69872,67
45193,67
2318,67
28973,67
15118,67
21078,67
69412,67
7509,67
17114,67
78181,67
87027,67
40429,67
67738,67
16307,67
60006,67
58101,67
37594,67
17445,66
76553,66
4589,66
96769,66
93578,66
84214,66
46377,66
38687,66
20268,66
33608,66
73777,66
16755,66
98788,66
144,66
88396,66
71041,66
35159,66
53969,66
80991,66
49691,66
93173,66
59659,66
36782,66
44118,66
62144,66
33342,66
51911,66
39752,66
75135,66
94124,66
56817,66
41536,66
67352,66
75422,66
31366,66
38594,66
79403,66
8508,66
53876,66
92000,66
50713,66
33617,66
86790,66
18002,66
17081,66
32410,66
78738,66
29978,66
33399,66
24739,66
81852,66
49634,66
13344,66
18121,66
55407,66
9675,66
87329,66
27975,66
77965,66
3111,66
57587,66
83274,66
39929,66
11037,66
41431,66
42793,66
52081,66
15962,66
95385,66
81879,66
39167,66
8717,66
98476,66
33534,66
1246,66
16266,66
41938,66
47065,66
94067,66
77426,66
29202,66
42245,66
49963,66
99673,66
26276,66
27871,66
44993,66
58503,66
79208,66
88059,66
69480,66
7833,66
79973,66
54189,66
838,66
21322,66
50088,66
51358,66
91994,66
77951,66
23240,66
78874,66
96568,66
86252,66
16338,66
55089,66
37845,66
84456,66
81752,66
10554,66
2184,66
11644,66
32012,66
4390,66
56060,66
77585,66
43209,66
53464,66
97122,66
5206,66
85075,66
62493,66
62760,66
92269,66
1847,66
38123,66
66862,66
81152,66
34112,66
74700,66
53541,66
56068,66
68206,66
99616,66
6419,66
30339,66
13845,66
17255,66
77577,66
58831,66
78809,66
43202,66
7395,66
65391,66
14049,66
57283,66
62520,66
85173,66
97903,66
14120,66
61595,66
12412,66
15007,66
42383,66
7219,66
38184,66
72137,66
21656,66
21654,66
92341,66
58952,66
22365,66
29207,66
52404,66
76163,66
29210,66
15482,66
35990,66
72082,66
44600,66
11575,66
5821,66
24463,66
92347,66
19017,66
81146,66
18170,66
69802,66
71402,66
99450,66
75102,66
41593,66
29286,66
2882,66
14680,66
2008,66
4035,66
75116,66
85673,66
61188,66
18799,66
49335,66
71403,66
57003,66
10865,66
42113,66
20151,66
57975,66
62433,66
6111,66
7157,66
30958,66
97344,66
47167,66
16222,66
74782,66
10914,66
2942,66
44916,66
25779,66
45191,66
97311,66
13772,66
74730,66
32057,66
97030,66
74334,66
3937,66
46423,66
35618,66
90179,66
20220,66
97888,66
68507,66
69732,66
55667,66
75760,66
15280,66
56462,66
57407,66
20206,66
93135,66
71638,66
26553,66
19611,66
35597,66
91582,66
51763,66
53668,66
35564,66
76728,66
40819,66
30211,66
69505,66
87002,66
88006,66
31182,66
31194,66
6273,66
92462,66
16454,66
17107,66
16570,66
54391,66
16917,66
99640,66
34475,66
86654,66
25155,66
17534,66
46643,66
61702,66
78628,66
23832,66
9090,66
80533,66
96493,66
37784,66
37785,66
89055,66
20590,66
70091,66
47018,66
95440,66
52804,66
98165,66
82439,66
77493,66
67484,66
72883,66
92011,66
18328,66
93510,66
1475,66
82962,66
57684,66
92251,66
66138,66
74565,66
58208,66
42880,66
64288,66
59622,66
72967,66
86530,66
87153,66
7669,66
40610,66
46290,66
36882,66
29615,66
89047,66
4749,66
29430,66
50442,66
40212,66
16458,66
26014,66
81734,66
32567,66
34423,66
65652,65
56335,65
65357,65
76573,65
25681,65
75759,65
93964,65
61913,65
78228,65
97004,65
27253,65
85991,65
46731,65
40162,65
78154,65
85992,65
9714,65
85544,65
22088,65
51542,65
98314,65
10293,65
52402,65
673,65
99602,65
438,65
29046,65
46909,65
524,65
65636,65
42707,65
60552,65
2841,65
60136,65
84068,65
32955,65
50273,65
65340,65
56619,65
56822,65
60049,65
78410,65
63438,65
83241,65
82879,65
36803,65
86060,65
66403,65
5750,65
87742,65
18513,65
77946,65
70068,65
99083,65
83263,65
75532,65
76560,65
23958,65
11225,65
1054,65
36269,65
63565,65
9683,65
54401,65
78355,65
2385,65
89468,65
32481,65
39210,65
10853,65
95740,65
79597,65
46784,65
69294,65
24737,65
44685,65
64118,65
41489,65
78635,65
26749,65
29501,65
88136,65
69548,65
54714,65
55763,65
64887,65
4450,65
67721,65
72404,65
42354,65
12851,65
69226,65
68677,65
28808,65
87829,65
57144,65
61176,65
71378,65
29005,65
45807,65
49341,65
57956,65
47279,65
13613,65
93101,65
16497,65
67404,65
60183,65
74350,65
67901,65
2895,65
87496,65
47869,65
29309,65
50018,65
76514,65
60925,65
24950,65
33314,65
81957,65
84029,65
99579,65
44244,65
70308,65
15257,65
97351,65
54282,65
69220,65
68717,65
41548,65
24051,65
93859,65
95630,65
48126,65
20995,65
60910,65
10097,65
96445,65
93937,65
17675,65
67783,65
26052,65
49672,65
21927,65
17823,65
14271,65
61015,65
89544,65
10157,65
6555,65
10292,65
4829,65
33404,65
38482,65
50710,65
20559,65
83215,65
45750,65
4418,65
27675,65
17520,65
63887,65
64271,65
12730,65
5680,65
13637,65
48679,65
6438,65
29994,65
76717,65
36765,65
58559,65
9257,65
27703,65
7926,65
71460,65
88425,65
71175,65
81189,65
83755,65
52681,65
85477,65
88604,65
80740,65
84239,65
78933,65
52915,65
78717,65
34058,65
84125,65
50366,65
84528,65
25289,65
26988,65
87301,65
93718,65
1789,65
53440,65
62183,65
41216,65
91971,65
53401,65
40416,65
92038,65
22433,65
75453,65
80104,65
73699,65
37311,65
83916,65
81586,65
8012,65
15678,65
77295,65
70816,65
1730,65
95260,65
87694,65
31851,65
58371,65
1432,65
2094,65
41297,65
49856,65
31992,65
98152,65
6616,65
93714,65
39413,65
66837,65
46168,65
94075,65
8011,65
59423,65
93411,65
76848,65
15863,65
8123,65
19809,65
40954,65
92700,65
28856,65
3459,65
66054,65
83603,65
41953,65
32355,65
36768,65
25805,65
70719,65
82761,65
18347,65
10778,65
81882,65
28204,65
16904,65
91485,65
97273,65
82840,65
98442,65
82134,65
33045,65
47913,65
10465,65
29735,65
39339,65
76196,65
29239,65
85438,65
40254,65
17269,65
91713,65
70883,65
67602,65
60628,65
18058,65
25950,65
14718,65
50396,65
97202,65
12386,65
22562,65
74970,65
26637,65
67244,65
88279,65
71903,65
66716,65
52247,65
24280,65
97209,65
75082,65
20743,65
19588,65
92343,65
75080,65
60092,65
91542,65
40924,65
86629,65
19240,65
46762,65
29635,65
59598,64
10874,64
18826,64
34404,64
27428,64
77589,64
43587,64
97534,64
86681,64
58189,64
21491,64
34590,64
46802,64
22893,64
60483,64
95640,64
73844,64
80448,64
17665,64
27524,64
21458,64
30525,64
88162,64
9476,64
61418,64
29001,64
62594,64
85116,64
76964,64
70022,64
25489,64
71365,64
91747,64
95663,64
79095,64
16670,64
28688,64
92935,64
72063,64
98634,64
1243,64
5247,64
49592,64
50135,64
33870,64
46180,64
53070,64
96910,64
39703,64
94238,64
84469,64
12420,64
30105,64
27533,64
73545,64
27398,64
39547,64
18391,64
45564,64
32054,64
75809,64
58823,64
66659,64
20008,64
2164,64
1097,64
24816,64
625,64
66661,64
71880,64
17924,64
69315,64
10782,64
57017,64
75256,64
88536,64
53612,64
93487,64
66979,64
93140,64
59786,64
6686,64
45585,64
12208,64
62900,64
95521,64
55839,64
46965,64
93219,64
39404,64
3946,64
36521,64
70136,64
85193,64
7506,64
61550,64
3359,64
3601,64
17884,64
68278,64
27168,64
47330,64
39527,64
51476,64
62491,64
31807,64
38616,64
5793,64
60816,64
59809,64
88519,64
99139,64
68357,64
12211,64
44353,64
15274,64
61933,64
72257,64
88156,64
82100,64
55860,64
91225,64
60346,64
82237,64
44341,64
84657,64
72254,64
44868,64
90465,64
24870,64
10609,64
8153,64
81988,64
39318,64
85330,64
12459,64
28659,64
61852,64
59038,64
46573,64
48195,64
9949,64
85344,64
60289,64
49754,64
26549,64
49247,64
24603,64
71629,64
23429,64
48671,64
54866,64
53655,64
72264,64
85078,64
14750,64
7027,64
95586,64
42010,64
51858,64
77894,64
95012,64
46630,64
91790,64
78015,64
33429,64
24147,64
99814,64
67936,64
52595,64
60083,64
30813,64
96286,64
63432,64
11416,64
29902,64
36245,64
94955,64
10271,64
15976,64
42894,64
65664,64
18842,64
9656,64
96235,64
38446,64
80260,64
64868,64
89810,64
22022,64
17963,64
59936,64
33918,64
13436,64
70345,64
43829,64
78183,64
95848,64
44117,64
39804,64
75163,64
8787,64
70700,64
7915,64
36531,64
54465,64
22390,64
55105,64
19182,64
48576,64
15646,64
61995,64
47657,64
29741,64
89081,64
84871,64
72634,64
60862,64
48238,64
21216,64
45668,64
50206,64
14648,64
58447,64
22942,64
47996,64
90608,64
70785,64
10467,64
66386,64
36850,64
56290,64
61801,64
20571,64
4633,64
46303,64
48643,64
54395,64
93043,64
76667,64
40686,64
95959,64
13313,64
7340,64
17904,64
40628,64
99390,64
56791,64
65070,64
18749,64
43888,64
64692,64
49559,64
12949,64
84092,64
24306,64
41454,64
28032,64
40118,64
2457,64
57664,64
5031,64
36541,64
49235,64
63532,64
24551,64
20370,64
39813,64
88090,64
69100,64
6235,64
39733,64
27620,64
33322,64
27608,64
64723,64
54728,64
99378,64
82371,64
73063,64
30033,64
16762,64
77414,64
81955,64
11899,64
19681,64
95924,64
18569,64
24608,64
75014,64
35292,64
95617,64
80107,64
18206,64
76803,64
1219,64
61303,64
40779,64
76296,64
56809,64
69053,64
3200,64
8860,64
40073,64
87490,64
64423,64
94494,64
11436,64
9391,64
89612,64
82590,64
58564,64
5271,64
87255,64
72524,64
85759,64
22697,64
80197,64
67084,64
41425,64
75448,64
29986,64
26252,64
14837,64
44146,64
66274,64
31066,64
44143,64
28305,64
34612,64
50141,64
89571,64
33681,64
91119,64
78752,64
96224,64
25612,63
78578,63
92716,63
9338,63
42069,63
94292,63
20731,63
79497,63
10099,63
34764,63
47392,63
47354,63
49162,63
25803,63
1660,63
91382,63
2182,63
34777,63
72995,63
42467,63
21156,63
16140,63
85335,63
70458,63
66791,63
85373,63
54275,63
43489,63
59698,63
52796,63
44775,63
69596,63
17056,63
67950,63
82626,63
95893,63
98598,63
50695,63
73779,63
76810,63
61270,63
79003,63
9144,63
814,63
82029,63
22267,63
33620,63
56288,63
35831,63
15064,63
70819,63
14417,63
50398,63
5984,63
85108,63
57879,63
20042,63
95913,63
20661,63
7297,63
39429,63
51093,63
26896,63
57875,63
22569,63
30472,63
51344,63
15681,63
73706,63
54170,63
38392,63
21159,63
12234,63
76756,63
63907,63
49745,63
63906,63
24024,63
70665,63
21142,63
62504,63
87029,63
59029,63
40968,63
16177,63
8103,63
28684,63
22939,63
64538,63
61603,63
29212,63
90698,63
75893,63
99352,63
80936,63
55735,63
8828,63
59516,63
7842,63
91399,63
30427,63
86735,63
21008,63
26230,63
85148,63
80198,63
13193,63
70789,63
2266,63
48114,63
59832,63
31943,63
98171,63
17150,63
69440,63
10751,63
14440,63
57630,63
21997,63
22504,63
29778,63
63791,63
55736,63
85089,63
63918,63
66676,63
62658,63
9589,63
90435,63
47468,63
4089,63
82321,63
6368,63
16208,63
34222,63
38840,63
78224,63
24571,63
85600,63
56973,63
87797,63
71119,63
92078,63
63990,63
67651,63
58547,63
18527,63
65276,63
69527,63
11919,63
22179,63
71157,63
63075,63
49670,63
5687,63
36677,63
17379,63
47961,63
63030,63
95189,63
31602,63
47583,63
66612,63
61610,63
98937,63
80413,63
82954,63
82832,63
33896,63
53634,63
14805,63
28580,63
65160,63
9567,63
19629,63
74346,63
79432,63
28574,63
3030,63
86516,63
31215,63
20706,63
38059,63
20259,63
71464,63
38535,63
25766,63
28979,63
15034,63
50042,63
8953,63
91092,63
5665,63
27627,63
38297,63
82108,63
32503,63
76850,63
30082,63
61175,63
77113,63
21454,63
88814,63
53788,63
92327,63
32192,63
13555,63
46253,63
8378,63
82843,63
48015,63
98283,63
54828,63
3889,63
51531,63
51712,63
16865,63
99292,63
54538,63
76364,63
17900,63
1859,63
27678,63
60163,63
61151,63
53735,63
75606,63
35329,63
82733,63
47661,63
67002,63
96937,63
7495,63
34644,63
85013,63
85503,63
70954,63
17185,63
53575,63
98041,63
19163,63
33198,63
90898,63
67162,63
75774,63
66944,63
79362,63
94616,63
5555,63
51485,63
57789,63
44428,63
14964,63
63470,63
98769,63
42253,63
33179,63
54913,63
71823,63
32317,63
25016,63
19792,63
80555,63
60241,63
79000,63
10264,63
78185,63
93498,63
60086,63
80417,63
9191,63
82367,63
15999,63
19508,63
93755,63
51486,63
45508,63
84230,63
29883,63
62215,63
29888,63
77491,63
2553,63
30738,63
8999,63
16642,63
55438,63
61000,63
95281,63
20305,63
6987,63
51080,63
1754,63
65659,63
34522,63
5006,63
88146,63
3690,63
14590,62
46061,62
77371,62
16820,62
84699,62
74123,62
98469,62
22794,62
26086,62
76275,62
50927,62
72285,62
98980,62
77300,62
75936,62
16547,62
50959,62
16948,62
97636,62
14435,62
74686,62
82357,62
52620,62
53062,62
50392,62
84114,62
16705,62
23972,62
45061,62
72971,62
22528,62
46769,62
83902,62
75259,62
82595,62
51074,62
76958,62
23053,62
97389,62
25316,62
83685,62
51739,62
15986,62
15640,62
77423,62
16631,62
24088,62
75772,62
16775,62
1209,62
52843,62
83747,62
26403,62
14963,62
73687,62
16970,62
98326,62
17229,62
75215,62
26655,62
83416,62
46783,62
82352,62
1247,62
75003,62
73225,62
26427,62
73157,62
52314,62
97497,62
22440,62
23956,62
16836,62
22491,62
45166,62
53092,62
74684,62
98781,62
77443,62
51930,62
48900,62
85928,62
63635,62
17839,62
71218,62
3942,62
57511,62
17525,62
37165,62
33367,62
27637,62
108,62
89608,62
27612,62
20780,62
89590,62
20773,62
27606,62
65118,62
28319,62
79226,62
19818,62
96791,62
81924,62
47686,62
96507,62
85909,62
96124,62
42558,62
33536,62
33569,62
95761,62
86348,62
407,62
30206,62
89790,62
96871,62
30389,62
63396,62
71305,62
9974,62
89333,62
17888,62
94193,62
93182,62
32911,62
86821,62
21095,62
7148,62
30725,62
36094,62
55919,62
36082,62
11457,62
91526,62
41806,62
4871,62
7193,62
7239,62
7287,62
49236,62
59814,62
93255,62
92297,62
59182,62
86380,62
17391,62
35048,62
87713,62
71346,62
53777,62
68227,62
86835,62
59252,62
5481,62
43123,62
90728,62
42868,62
70829,62
6074,62
6076,62
36550,62
90225,62
7675,62
57920,62
62236,62
9320,62
36365,62
29306,62
70859,62
36606,62
62009,62
69121,62
5274,62
70802,62
34535,62
58152,62
21025,62
64128,62
64198,62
59422,62
3649,62
48575,62
69161,62
28058,62
64098,62
40161,62
3644,62
28050,62
64091,62
36629,62
29807,62
69504,62
92035,62
7840,62
13068,62
92010,62
49928,62
57714,62
30027,62
94533,62
49935,62
68736,62
80680,62
92041,62
94551,62
58339,62
89838,62
53987,62
91968,62
78380,62
81024,62
5162,62
70901,62
19829,62
19377,62
13275,62
96689,62
34682,62
63898,62
8884,62
90005,62
9450,62
99205,62
59581,62
54022,62
32755,62
30669,62
80719,62
80833,62
53404,62
50294,62
31297,62
35732,62
27070,62
62995,62
42002,62
50089,62
27083,62
63195,62
11148,62
78689,62
67461,62
35731,62
18920,62
27105,62
58934,62
88170,62
31231,62
26830,62
88932,62
53554,62
80384,62
53558,62
26823,62
56312,62
95283,62
43353,62
60716,62
88240,62
35788,62
3399,62
8359,62
66853,62
56590,62
66653,62
17568,62
8192,62
60156,62
32036,62
32038,62
20457,62
60551,62
78772,62
41987,62
43409,62
88559,62
60587,62
54511,62
31804,62
88285,62
54612,62
66555,62
60617,62
10976,62
99453,62
12648,62
43605,62
17572,62
97194,62
43519,62
53603,62
87985,62
69852,62
41805,62
20652,62
35693,62
30923,62
7063,62
89071,62
80176,62
60322,62
27252,62
48124,62
85550,62
35721,62
70365,62
31710,62
96999,62
49664,62
94945,62
57010,62
70151,62
85178,62
14107,62
48029,62
42212,62
466,62
19183,62
95485,62
67047,62
88437,62
67051,62
38491,62
4174,62
38493,62
88965,62
85482,62
19159,62
66257,62
42112,62
78121,62
58976,62
31757,62
31912,62
10306,62
39811,62
70350,62
69859,62
91025,62
94985,62
62,62
81394,62
63985,61
47770,61
25747,61
28655,61
90527,61
47693,61
90506,61
72928,61
69458,61
5709,61
98718,61
51510,61
25746,61
80793,61
51522,61
62928,61
69610,61
17161,61
23722,61
21116,61
80835,61
5618,61
58472,61
28920,61
90855,61
43318,61
97535,61
12495,61
83249,61
63256,61
96229,61
93982,61
69760,61
93948,61
79603,61
28984,61
8552,61
35197,61
25895,61
17660,61
83284,61
96303,61
58359,61
45236,61
46999,61
82494,61
90676,61
90686,61
91131,61
12668,61
86713,61
12403,61
40006,61
49432,61
28956,61
28837,61
63777,61
23623,61
58608,61
8764,61
86745,61
63775,61
82478,61
69391,61
85162,61
43021,61
17019,61
66180,61
95013,61
20355,61
74490,61
10375,61
10396,61
45865,61
56062,61
32399,61
88941,61
67581,61
67490,61
4554,61
88895,61
89024,61
52328,61
56183,61
10184,61
1871,61
50704,61
65789,61
45522,61
41143,61
52361,61
77160,61
95540,61
42208,61
471,61
11396,61
22140,61
81406,61
4677,61
20395,61
83931,61
34459,61
78737,61
98809,61
56351,61
16977,61
56467,61
24904,61
84061,61
84002,61
41864,61
67068,61
24927,61
52197,61
95322,61
10892,61
99405,61
88545,61
56340,61
88853,61
97827,61
41546,61
24780,61
83943,61
45817,61
88311,61
95409,61
24820,61
88554,61
41922,61
25024,61
25020,61
82326,61
81293,61
24850,61
41111,61
97741,61
24526,61
64732,61
64626,61
29871,61
64664,61
83522,61
87409,61
95843,61
87442,61
9328,61
89969,61
9471,61
64762,61
87476,61
20857,61
97637,61
87288,61
57903,61
68114,61
58119,61
79469,61
64217,61
34388,61
90418,61
34375,61
69257,61
14808,61
34141,61
34314,61
50008,61
9193,61
73303,61
51750,61
69068,61
64941,61
30128,61
30129,61
65368,61
47078,61
68390,61
87663,61
89549,61
42445,61
68338,61
30492,61
73533,61
33212,61
89471,61
89414,61
24450,61
83721,61
65496,61
65204,61
33396,61
3938,61
65155,61
45415,61
65123,61
65084,61
11760,61
33556,61
98095,61
81528,61
25464,61
3888,61
5058,61
74877,61
25471,61
3887,61
70155,61
25875,61
44480,61
59791,61
82957,61
70834,61
86393,61
6937,61
14507,61
60795,61
2584,61
22709,61
2420,61
62049,61
72396,61
27598,61
2773,61
23288,61
1382,61
91726,61
80651,61
37501,61
38994,61
93195,61
38390,61
72581,61
13089,61
99817,61
72604,61
6028,61
50302,61
13199,61
60699,61
36099,61
21591,61
16424,61
92657,61
98561,61
61076,61
59337,61
39270,61
13206,61
50249,61
36256,61
27543,61
27534,61
17350,61
59286,61
71715,61
37580,61
36282,61
7861,61
957,61
54265,61
36303,61
13782,61
26214,61
21698,61
72394,61
26201,61
77801,61
27186,61
62405,61
52875,61
36237,61
18833,61
21763,61
59494,61
37253,61
98703,61
18881,61
14488,61
17335,61
38517,61
54280,61
96646,61
38639,61
36024,61
8066,61
77746,61
23475,61
19334,61
13365,61
72891,61
6615,61
35747,61
28112,61
53379,61
50934,61
22573,61
2680,61
22597,61
82984,61
50987,61
13361,61
71072,61
85855,61
36837,61
72893,61
76146,61
76758,61
96629,61
59436,61
13383,61
38188,61
49146,61
85142,61
17575,61
38896,61
84807,61
28578,61
26054,61
13675,61
16374,61
2392,61
48895,61
18617,61
38276,61
53932,61
62139,61
22947,61
84710,61
54516,61
7580,61
14269,61
86458,61
96560,61
17230,61
60536,61
21705,61
13463,61
70639,61
5843,61
28457,61
76532,61
8143,61
70971,61
26406,61
53698,61
38279,61
48503,61
13342,61
61831,61
62713,61
96792,61
76821,61
13972,61
16161,61
2860,61
13114,61
18855,60
57296,60
30533,60
33147,60
99904,60
94810,60
57250,60
65588,60
7195,60
68222,60
33099,60
89322,60
65447,60
58826,60
33175,60
114,60
65119,60
37125,60
15656,60
27696,60
83618,60
47572,60
68612,60
46712,60
81061,60
22957,60
59722,60
25411,60
18313,60
13409,60
92116,60
19327,60
74886,60
40629,60
20035,60
73509,60
1768,60
20842,60
14329,60
11742,60
42400,60
52452,60
46005,60
22876,60
3988,60
33199,60
93205,60
24395,60
22902,60
99332,60
97701,60
61377,60
33317,60
65167,60
2944,60
87634,60
44323,60
85796,60
92224,60
44206,60
82394,60
73626,60
13500,60
40714,60
49617,60
51059,60
84985,60
41601,60
88348,60
92758,60
82327,60
72014,60
53453,60
15187,60
41622,60
6810,60
32079,60
37891,60
83963,60
52264,60
31282,60
71965,60
95172,60
97131,60
32146,60
17976,60
6846,60
60679,60
24745,60
85411,60
88867,60
22693,60
31479,60
19038,60
13980,60
67173,60
41810,60
31694,60
76765,60
26750,60
6655,60
1092,60
17280,60
10928,60
88486,60
10937,60
95289,60
18023,60
72219,60
46875,60
53395,60
26695,60
60446,60
88557,60
47444,60
16997,60
82670,60
41684,60
76708,60
88874,60
95119,60
74623,60
48766,60
59969,60
30968,60
53593,60
21985,60
89853,60
56975,60
61041,60
56005,60
77721,60
89118,60
89125,60
94926,60
71850,60
84196,60
77725,60
49043,60
61087,60
67962,60
67964,60
4071,60
46768,60
45949,60
15044,60
44870,60
27213,60
88014,60
92508,60
83869,60
32289,60
6486,60
6915,60
71832,60
50669,60
41436,60
20606,60
911,60
97291,60
37730,60
47205,60
60041,60
24692,60
56102,60
98585,60
71783,60
56095,60
88061,60
99948,60
15114,60
31042,60
92525,60
95016,60
33696,60
77222,60
96139,60
93713,60
22421,60
9224,60
29279,60
50069,60
18406,60
97420,60
70320,60
90250,60
28899,60
39754,60
93705,60
18649,60
12919,60
72840,60
52838,60
34671,60
97611,60
57968,60
28995,60
77431,60
19663,60
70298,60
51474,60
29271,60
80671,60
25967,60
5915,60
40600,60
25973,60
5270,60
14466,60
93532,60
34308,60
29593,60
79934,60
58195,60
70409,60
78207,60
13157,60
29442,60
80853,60
12958,60
52910,60
62580,60
21816,60
51677,60
86272,60
59401,60
28397,60
22379,60
54153,60
36070,60
70379,60
70373,60
5562,60
99095,60
47600,60
84819,60
99103,60
93945,60
82202,60
28243,60
90373,60
91572,60
83362,60
29293,60
19882,60
29032,60
15801,60
36191,60
38948,60
93383,60
29974,60
28652,60
89999,60
36248,60
36217,60
94012,60
52736,60
83028,60
52696,60
8328,60
73403,60
69593,60
17780,60
57738,60
47691,60
87437,60
36790,60
27845,60
81545,60
27844,60
96129,60
8280,60
19348,60
14493,60
43170,60
33772,60
96143,60
5740,60
98115,60
14904,60
39300,60
96404,60
98922,60
34087,60
90883,60
54860,60
63825,60
87324,60
29238,60
43781,60
58707,60
13262,60
21740,60
45314,60
35798,60
3419,60
35450,60
69544,60
2317,60
34576,60
40483,60
35066,60
20914,60
91184,60
51547,60
3104,60
47706,60
87343,60
2244,60
321,59
22125,59
46373,59
16949,59
32327,59
66344,59
37783,59
59111,59
22713,59
49241,59
51408,59
16579,59
75500,59
93976,59
2636,59
90910,59
79589,59
89875,59
36114,59
41741,59
92836,59
91178,59
99985,59
92848,59
256,59
6697,59
48490,59
63080,59
66985,59
8215,59
5698,59
58744,59
39629,59
84018,59
35563,59
58759,59
99730,59
8226,59
62967,59
82629,59
6620,59
49313,59
62939,59
38199,59
35725,59
15259,59
58825,59
16079,59
38047,59
56724,59
45766,59
63437,59
37836,59
51007,59
32133,59
56644,59
4473,59
46474,59
63337,59
48063,59
15344,59
60614,59
15421,59
23635,59
91090,59
37990,59
22341,59
62688,59
19043,59
75871,59
39483,59
92805,59
60460,59
75661,59
10738,59
4397,59
66870,59
83983,59
37940,59
16523,59
56829,59
24070,59
16428,59
82854,59
98075,59
18825,59
36603,59
91859,59
89588,59
64479,59
77052,59
34160,59
48210,59
40369,59
36569,59
16737,59
83670,59
57844,59
94358,59
65273,59
65327,59
89523,59
57412,59
20193,59
65367,59
48586,59
90,59
98049,59
62127,59
34252,59
57406,59
89460,59
49507,59
64576,59
58393,59
57753,59
16382,59
18326,59
9585,59
49542,59
64826,59
19596,59
89937,59
22222,59
80068,59
22436,59
89822,59
99593,59
75007,59
61524,59
92183,59
61453,59
98514,59
51883,59
9435,59
61489,59
76264,59
82868,59
40695,59
33945,59
79980,59
18816,59
65124,59
94630,59
22434,59
40460,59
6061,59
58070,59
89426,59
34696,59
65891,59
94167,59
23879,59
98200,59
83359,59
75374,59
65924,59
5423,59
56999,59
6399,59
24616,59
7061,59
34694,59
80469,59
34744,59
58071,59
89037,59
63822,59
95006,59
34835,59
1190,59
91677,59
59247,59
56856,59
63794,59
92526,59
59232,59
93568,59
51563,59
63742,59
10200,59
80156,59
23181,59
8964,59
89423,59
45973,59
51952,59
90307,59
34293,59
48311,59
64305,59
98552,59
93184,59
18420,59
98555,59
59913,59
15841,59
4827,59
1703,59
98013,59
90433,59
65655,59
76152,59
40206,59
34456,59
61171,59
91792,59
7752,59
40165,59
4777,59
6369,59
18450,59
22275,59
19301,59
88873,59
77973,59
87338,59
11215,59
45121,59
77691,59
54497,59
87252,59
31026,59
20945,59
99126,59
68976,59
71533,59
70360,59
97137,59
87346,59
54407,59
42146,59
86418,59
96465,59
2241,59
21205,59
14514,59
73406,59
87431,59
56151,59
55260,59
47675,59
42912,59
87041,59
45154,59
82159,59
29409,59
25728,59
85413,59
27091,59
12785,59
12792,59
85445,59
20998,59
12191,59
69237,59
44462,59
29548,59
31280,59
82211,59
88183,59
45125,59
17961,59
13813,59
11900,59
30009,59
27559,59
42535,59
27747,59
68526,59
72557,59
54119,59
43921,59
53939,59
78520,59
53951,59
13371,59
27826,59
81885,59
71008,59
11695,59
86154,59
68395,59
54011,59
30495,59
26359,59
78572,59
68320,59
99336,59
73607,59
73733,59
73462,59
86261,59
87482,59
44241,59
77826,59
68738,59
17802,59
47282,59
95787,59
54289,59
21256,59
71254,59
26433,59
73540,59
45057,59
87541,59
85835,59
2507,59
30143,59
70596,59
11775,59
14463,59
70614,59
29383,59
31055,59
67079,59
28914,59
72228,59
31403,59
99396,59
12480,59
26952,59
29223,59
96280,59
26936,59
72046,59
2625,59
74124,59
77470,59
13970,59
44730,59
47465,59
67128,59
74143,59
78733,59
29026,59
17613,59
67186,59
25953,59
78184,59
55041,59
41920,59
45679,59
97142,59
86886,59
54921,59
77616,59
47179,59
54774,59
50033,59
25790,59
21129,59
26909,59
10958,59
41853,59
74180,59
45702,59
25881,59
21063,59
14628,59
20057,58
50176,58
33631,58
96122,58
84327,58
1605,58
28252,58
64999,58
5056,58
70019,58
73168,58
94573,58
12557,58
84488,58
40039,58
12389,58
54358,58
89903,58
54343,58
54314,58
86369,58
81538,58
57646,58
63855,58
36229,58
1656,58
36242,58
13047,58
42589,58
46368,58
79252,58
8795,58
79919,58
55636,58
9660,58
28017,58
39888,58
24364,58
65228,58
54907,58
34892,58
17477,58
77006,58
83658,58
19394,58
63680,58
63618,58
87665,58
49424,58
65270,58
98067,58
52448,58
30436,58
38995,58
74738,58
65282,58
17134,58
8706,58
21739,58
49186,58
22423,58
73599,58
68453,58
40682,58
86839,58
82551,58
43152,58
78505,58
3172,58
8627,58
93596,58
97424,58
49894,58
24333,58
54875,58
51567,58
54113,58
72654,58
54111,58
26300,58
8661,58
63762,58
745,58
77099,58
36526,58
89626,58
3860,58
74977,58
79268,58
48486,58
19680,58
96350,58
45277,58
12794,58
96352,58
19689,58
70186,58
9149,58
35715,58
19835,58
90569,58
81622,58
54555,58
20984,58
51626,58
28547,58
26082,58
49302,58
23468,58
20971,58
43562,58
23450,58
34193,58
98159,58
35417,58
12093,58
58820,58
83392,58
28752,58
34567,58
8971,58
50022,58
63091,58
17154,58
12719,58
70067,58
29424,58
63173,58
91207,58
70075,58
26025,58
29481,58
12221,58
12776,58
3375,58
35426,58
39595,58
58809,58
80967,58
34599,58
21174,58
70927,58
30016,58
86421,58
78116,58
68872,58
28939,58
11951,58
12963,58
33919,58
9433,58
5583,58
8872,58
62484,58
49372,58
73407,58
87383,58
68827,58
9451,58
79667,58
19493,58
54361,58
14889,58
33871,58
78205,58
48263,58
392,58
94467,58
63338,58
64446,58
39802,58
35815,58
3755,58
24077,58
12069,58
83461,58
77498,58
72855,58
55326,58
12351,58
35946,58
75096,58
99655,58
90132,58
19570,58
34663,58
81011,58
2247,58
34035,58
28935,58
64597,58
5838,58
36014,58
40112,58
99339,58
34874,58
94029,58
72435,58
83824,58
56608,58
65977,58
4119,58
17388,58
16678,58
49668,58
44311,58
10280,58
71454,58
1240,58
25053,58
74543,58
526,58
11076,58
87997,58
61162,58
92389,58
97819,58
85323,58
49835,58
50637,58
24800,58
77,58
31458,58
81418,58
92738,58
10516,58
72064,58
94882,58
78617,58
89185,58
94905,58
31982,58
78624,58
98679,58
30801,58
4738,58
41210,58
85284,58
25029,58
10685,58
13992,58
20668,58
42217,58
41239,58
37292,58
30858,58
67238,58
26913,58
45540,58
41639,58
41586,58
16504,58
71307,58
31258,58
10414,58
56808,58
24768,58
11212,58
92523,58
67486,58
78861,58
98584,58
88905,58
22525,58
66370,58
99022,58
72357,58
60762,58
10491,58
56179,58
51039,58
41995,58
95120,58
92595,58
95122,58
85462,58
77280,58
27111,58
16538,58
6498,58
38376,58
22663,58
38385,58
44850,58
15358,58
66197,58
92436,58
37493,58
13710,58
88281,58
53658,58
48105,58
44389,58
31358,58
46809,58
11293,58
17348,58
82043,58
37861,58
16939,58
61033,58
38405,58
32177,58
61031,58
15164,58
44834,58
53791,58
30807,58
44123,58
37071,58
40999,58
89331,58
4834,58
30619,58
10847,58
84070,58
96825,58
48909,58
25312,58
2996,58
92176,58
22588,58
20562,58
17286,58
53006,58
44065,58
65643,58
71173,58
4024,58
57355,58
26704,58
59655,58
22449,58
65457,58
10834,58
92039,58
17048,58
85973,58
77915,58
4,58
17278,58
40970,58
31616,58
14071,58
59692,58
38908,58
30591,58
33073,58
3016,58
53362,58
51200,58
95328,58
10801,58
10890,58
68024,58
71221,58
10883,58
32863,58
31557,58
15209,58
4403,58
60224,58
53039,58
72202,58
7600,58
52195,58
10915,58
6281,58
33211,58
60291,58
31920,58
6136,58
14331,58
76383,58
87729,58
861,58
2982,58
4386,58
57167,58
31566,58
6635,58
22062,58
74632,58
93299,58
49153,58
45952,58
52174,58
97220,58
59746,58
88480,58
3378,57
72190,57
85377,57
6627,57
19764,57
5727,57
70074,57
96147,57
17588,57
92655,57
72932,57
92654,57
2656,57
17139,57
53191,57
86608,57
60436,57
29050,57
60102,57
60422,57
28858,57
28862,57
54826,57
98632,57
8470,57
86805,57
77623,57
22330,57
26860,57
16031,57
22327,57
26861,57
58552,57
78197,57
19723,57
73036,57
80309,57
45164,57
63210,57
73092,57
51530,57
16084,57
60333,57
1609,57
86673,57
23712,57
72961,57
86827,57
44566,57
97199,57
80418,57
72074,57
76980,57
63476,57
22650,57
63451,57
28650,57
61988,57
72920,57
28195,57
54208,57
77519,57
26229,57
62278,57
26225,57
59330,57
14465,57
82544,57
62324,57
28272,57
78036,57
23245,57
82864,57
80087,57
18823,57
97442,57
53024,57
70553,57
72496,57
70544,57
16439,57
14310,57
49096,57
82540,57
39263,57
28329,57
7919,57
76847,57
93242,57
7372,57
28119,57
14299,57
37006,57
76256,57
96700,57
27971,57
86129,57
97406,57
61910,57
70841,57
50879,57
76281,57
27879,57
26310,57
1440,57
49176,57
79998,57
98468,57
61838,57
61832,57
6090,57
16728,57
61724,57
76872,57
59651,57
76165,57
54100,57
80631,57
36965,57
61627,57
13204,57
7408,57
16229,57
6323,57
5737,57
39460,57
86098,57
47375,57
44837,57
3297,57
18631,57
43593,57
62714,57
93721,57
80182,57
26089,57
62772,57
27247,57
59953,57
99027,57
13779,57
12864,57
93747,57
17172,57
26584,57
93150,57
7015,57
76820,57
58844,57
60915,57
12815,57
37670,57
27154,57
14216,57
60814,57
48522,57
21519,57
26178,57
35982,57
62425,57
46759,57
86395,57
91,57
36165,57
71338,57
75958,57
7970,57
93613,57
28392,57
2927,57
44267,57
82821,57
76844,57
59897,57
206,57
61245,57
53708,57
58997,57
71489,57
70357,57
53102,57
3284,57
91476,57
82793,57
19560,57
49050,57
46462,57
46461,57
7101,57
76771,57
84280,57
18139,57
30954,57
24629,57
66115,57
78406,57
5124,57
9439,57
33914,57
33883,57
97622,57
11317,57
5138,57
22251,57
83508,57
57797,57
42703,57
64747,57
33560,57
11837,57
42560,57
11473,57
84332,57
11425,57
78955,57
11407,57
25252,57
89912,57
95559,57
4696,57
67819,57
14906,57
67817,57
42143,57
88032,57
19974,57
42116,57
67471,57
20949,57
47808,57
20608,57
24060,57
56784,57
75134,57
45839,57
24121,57
12124,57
79396,57
98892,57
20980,57
67444,57
20600,57
74448,57
67634,57
5236,57
11245,57
10403,57
9271,57
90194,57
73341,57
87278,57
68991,57
94444,57
692,57
42098,57
20360,57
94450,57
48291,57
691,57
68618,57
89208,57
90364,57
40799,57
83686,57
68328,57
9969,57
55755,57
77120,57
87688,57
4866,57
55837,57
65271,57
89562,57
65258,57
49584,57
89587,57
11684,57
51927,57
622,57
50699,57
65425,57
33143,57
11573,57
17047,57
30538,57
20246,57
45993,57
55820,57
87738,57
57346,57
73722,57
9912,57
65463,57
89454,57
57388,57
33051,57
30600,57
41016,57
11762,57
65743,57
65098,57
65072,57
47267,57
98771,57
83615,57
32840,57
21975,57
84313,57
32839,57
89217,57
95760,57
48164,57
15675,57
78981,57
95614,57
68017,57
47930,57
65717,57
68499,57
57160,57
30687,57
30330,57
20111,57
21941,57
4985,57
55692,57
32921,57
73647,57
68067,57
47924,57
98904,57
56100,57
4887,57
34507,57
8977,57
34733,57
64068,57
78284,57
55114,57
67171,57
55116,57
14783,57
21075,57
31858,57
88574,57
81635,57
32188,57
22269,57
9033,57
86951,57
66932,57
88390,57
12243,57
15371,57
8779,57
41539,57
56304,57
75415,57
83331,57
63911,57
2300,57
47189,57
737,57
83964,57
12321,57
29344,57
15354,57
95423,57
51620,57
80961,57
15170,57
55068,57
99645,57
32020,57
19836,57
75293,57
34686,57
15167,57
14747,57
45249,57
66778,57
69326,57
29221,57
64275,57
40228,57
94071,57
90427,57
21004,57
43154,57
67419,57
58132,57
2029,57
78316,57
81260,57
15964,57
73145,57
98911,57
99462,57
63751,57
9063,57
90466,57
56706,57
10910,57
31731,57
90750,57
53241,56
38013,56
32816,56
38729,56
85147,56
95210,56
77558,56
59778,56
45515,56
32080,56
38738,56
31636,56
88340,56
14321,56
53796,56
16444,56
66649,56
82107,56
38895,56
20516,56
4435,56
48165,56
67264,56
44973,56
10866,56
13979,56
42376,56
1970,56
41850,56
46854,56
77207,56
26768,56
65501,56
18993,56
59725,56
78771,56
47993,56
60421,56
85238,56
33065,56
66940,56
30573,56
50605,56
33096,56
6220,56
50903,56
6690,56
46704,56
38812,56
92849,56
41719,56
11490,56
20468,56
10956,56
53943,56
74318,56
42356,56
93364,56
27816,56
97879,56
89404,56
41058,56
87836,56
38853,56
31539,56
83719,56
92184,56
6713,56
41753,56
41619,56
97064,56
61360,56
93025,56
53153,56
93157,56
26638,56
7057,56
51062,56
56119,56
27080,56
61020,56
46788,56
10542,56
73720,56
2740,56
88976,56
18129,56
37525,56
17025,56
71901,56
73896,56
67389,56
96984,56
1314,56
4623,56
18134,56
7052,56
66297,56
32239,56
27173,56
74406,56
60805,56
88220,56
13831,56
93109,56
59986,56
60880,56
44801,56
32264,56
510,56
6929,56
67621,56
78890,56
27184,56
24752,56
66333,56
98583,56
67576,56
97053,56
82013,56
97085,56
73944,56
15441,56
85353,56
496,56
4732,56
66001,56
76466,56
27472,56
85676,56
87950,56
67335,56
13571,56
92359,56
73820,56
52289,56
65863,56
15360,56
89173,56
74576,56
27570,56
6310,56
462,56
49087,56
21610,56
92286,56
52267,56
85764,56
61253,56
41264,56
44349,56
95169,56
56067,56
18089,56
32493,56
6510,56
45566,56
38581,56
37849,56
77571,56
82332,56
77749,56
56934,56
2714,56
71948,56
48736,56
50313,56
18145,56
97134,56
71467,56
7166,56
82811,56
50271,56
89057,56
87919,56
63703,56
36182,56
81605,56
81012,56
28475,56
58968,56
27838,56
5584,56
29753,56
62630,56
64474,56
35916,56
50810,56
86471,56
62680,56
17179,56
45118,56
14843,56
12892,56
64464,56
42852,56
91363,56
98344,56
51473,56
1720,56
25659,56
64442,56
34194,56
62581,56
29259,56
42769,56
7994,56
50163,56
35351,56
59152,56
51414,56
7954,56
48279,56
93611,56
23688,56
94496,56
28396,56
64707,56
18534,56
79347,56
91553,56
33948,56
54781,56
51769,56
48540,56
19552,56
80935,56
86428,56
36026,56
81789,56
36022,56
70275,56
73019,56
83554,56
58874,56
70106,56
80783,56
43325,56
73201,56
79699,56
28698,56
98308,56
12596,56
99654,56
93818,56
46982,56
34534,56
45268,56
97579,56
93830,56
14627,56
87017,56
8966,56
86684,56
75620,56
40146,56
34605,56
90557,56
80966,56
12333,56
34429,56
64218,56
34426,56
75155,56
64426,56
29643,56
64384,56
35250,56
84694,56
98898,56
78153,56
69177,56
86981,56
54573,56
58557,56
42927,56
62955,56
90370,56
35279,56
20993,56
79738,56
46219,56
91269,56
9093,56
62950,56
29292,56
14800,56
1566,56
45353,56
16061,56
63886,56
11730,56
3566,56
52941,56
18483,56
14413,56
73123,56
93438,56
51909,56
7699,56
77100,56
9758,56
89685,56
48578,56
3573,56
13197,56
10906,56
91795,56
79180,56
54155,56
65143,56
79933,56
45418,56
86241,56
28136,56
39098,56
82477,56
79145,56
33341,56
25826,56
61803,56
69634,56
27872,56
15578,56
38910,56
22171,56
91975,56
58391,56
42411,56
81906,56
86096,56
25348,56
89476,56
74734,56
11629,56
6121,56
27972,56
46020,56
18485,56
6106,56
19810,56
99329,56
16811,56
39106,56
1048,56
42617,56
89840,56
39195,56
7871,56
36262,56
74874,56
55025,56
73088,56
28342,56
86338,56
72751,56
42625,56
18318,56
23275,56
23810,56
84346,56
98393,56
29237,56
11841,56
5068,56
49441,56
28996,56
70566,56
33628,56
29189,56
45048,56
62217,56
75993,56
68732,56
19436,56
54252,56
21847,56
70490,56
91629,56
63796,56
79910,56
47283,56
63499,56
1043,56
62307,56
54835,56
9562,56
23213,56
65037,56
13080,56
73574,56
94572,56
78759,55
82292,55
50633,55
21080,55
17305,55
46983,55
47004,55
20504,55
18477,55
77248,55
20569,55
80847,55
99393,55
78248,55
99681,55
49397,55
141,55
19561,55
78281,55
47771,55
17036,55
18316,55
21257,55
22221,55
20040,55
19260,55
98758,55
48682,55
82405,55
22150,55
22206,55
47886,55
47556,55
77150,55
78523,55
620,55
48606,55
17431,55
17887,55
76776,55
46922,55
20165,55
77554,55
127,55
19360,55
49868,55
99075,55
77350,55
18691,55
77166,55
80459,55
78837,55
19846,55
99161,55
99008,55
19851,55
78311,55
49467,55
80215,55
21689,55
47325,55
77182,55
17965,55
49710,55
21914,55
21899,55
79395,55
903,55
18639,55
79785,55
48769,55
99033,55
17773,55
49253,55
47229,55
77748,55
50904,55
18021,55
70182,55
65424,55
41731,55
66741,55
83628,55
42527,55
35188,55
31914,55
74116,55
95856,55
69386,55
74809,55
62153,55
66929,55
39072,55
36473,55
94240,55
66987,55
73299,55
42536,55
91729,55
2237,55
59192,55
28466,55
95214,55
51954,55
43449,55
4975,55
91617,55
44479,55
59199,55
12718,55
72644,55
32049,55
91704,55
90790,55
36306,55
14870,55
96453,55
87624,55
25028,55
46134,55
83370,55
9101,55
31604,55
23945,55
42717,55
27322,55
23932,55
87031,55
26218,55
15738,55
92014,55
33437,55
2057,55
9701,55
64335,55
38900,55
75408,55
61940,55
97430,55
54686,55
43039,55
85563,55
98125,55
88464,55
10907,55
7695,55
55445,55
14821,55
36548,55
83499,55
40216,55
27287,55
6089,55
29969,55
73860,55
73277,55
5382,55
55334,55
33489,55
28493,55
42661,55
83974,55
30079,55
74150,55
63009,55
32568,55
41283,55
45504,55
39650,55
45414,55
25414,55
55548,55
8283,55
56871,55
85076,55
85295,55
5706,55
34704,55
62489,55
5640,55
14130,55
87180,55
58372,55
28598,55
63813,55
10210,55
53312,55
91111,55
35537,55
84915,55
72170,55
29654,55
15295,55
34769,55
70564,55
63915,55
91279,55
91290,55
24709,55
41514,55
63359,55
89574,55
52006,55
8554,55
32857,55
97631,55
8982,55
12748,55
35671,55
32218,55
72507,55
91544,55
56672,55
52771,55
71860,55
74594,55
9819,55
43471,55
12914,55
56802,55
89513,55
33221,55
24701,55
32452,55
26658,55
12182,55
56836,55
39488,55
62698,55
35883,55
45886,55
35895,55
8540,55
4598,55
13973,55
9904,55
27356,55
61695,55
93074,55
92612,55
35061,55
6483,55
29743,55
23010,55
85934,55
9533,55
28035,55
46670,55
90080,55
3022,55
3740,55
53940,55
51147,55
60710,55
11431,55
60808,55
35076,55
9987,55
16312,55
54392,55
96849,55
84538,55
6414,55
53835,55
76143,55
4156,55
37671,55
6470,55
67755,55
98448,55
96832,55
90913,55
82966,55
56046,55
6461,55
11433,55
22891,55
27811,55
86860,55
30689,55
84164,55
52772,55
68124,55
1321,55
33897,55
68155,55
70441,55
82819,55
33129,55
68265,55
60268,55
9927,55
82662,55
38173,55
70870,55
72938,55
70972,55
70286,55
70987,55
30789,55
40576,55
67979,55
94011,55
38354,55
33827,55
68005,55
42255,55
92759,55
69833,55
86045,55
4056,55
16521,55
16525,55
60516,55
46312,55
1480,55
4175,55
6260,55
27478,55
38776,55
57248,55
6240,55
44280,55
37101,55
57947,55
88218,55
59730,55
31276,55
38733,55
83173,55
33522,55
97303,55
27511,55
53759,55
23668,55
1616,55
53073,55
58061,55
54701,55
68980,55
34265,55
30357,55
67280,55
71474,55
11072,55
97572,55
23742,55
54734,55
87004,55
5297,55
61576,55
46358,55
43883,55
4238,55
6286,55
90932,55
87377,55
75976,55
73175,55
6387,55
40389,55
34935,55
51423,55
8591,55
98385,55
61048,55
92384,55
13536,55
53802,55
45094,55
42088,55
84142,55
76058,55
7079,55
86986,55
92402,55
94398,55
84120,55
28398,55
59829,55
38647,55
13189,55
7213,55
13572,55
45240,55
74028,55
75903,55
96092,55
71313,55
61238,55
12057,55
18229,54
84951,54
33165,54
50372,54
57351,54
26490,54
12494,54
94720,54
21720,54
78082,54
72791,54
64984,54
84712,54
89846,54
95868,54
11971,54
21781,54
55418,54
72875,54
21784,54
2396,54
26051,54
64846,54
26038,54
33834,54
26021,54
9495,54
17160,54
84735,54
65040,54
94605,54
70493,54
84911,54
20237,54
9882,54
89503,54
57455,54
33296,54
79099,54
84840,54
81099,54
68882,54
68852,54
52921,54
79164,54
40727,54
43703,54
26260,54
26250,54
65137,54
65157,54
32110,54
79009,54
56135,54
67583,54
27578,54
95462,54
99093,54
71361,54
11159,54
88207,54
13598,54
11149,54
41992,54
77773,54
71439,54
53717,54
77765,54
17852,54
88344,54
3150,54
56280,54
70745,54
31538,54
88386,54
53687,54
68432,54
31610,54
67093,54
27293,54
11711,54
86204,54
3954,54
50187,54
88088,54
54066,54
54044,54
30563,54
20744,54
54027,54
20750,54
96714,54
30702,54
86036,54
27856,54
30442,54
30816,54
81421,54
47578,54
53921,54
47950,54
87967,54
11363,54
53913,54
68383,54
13198,54
95501,54
85819,54
71252,54
42089,54
13516,54
96869,54
13714,54
81335,54
72413,54
55557,54
99477,54
66120,54
87523,54
42621,54
89058,54
72125,54
97191,54
32693,54
94940,54
21258,54
32723,54
32747,54
57067,54
99507,54
26685,54
28302,54
65758,54
14179,54
85072,54
68794,54
49624,54
10100,54
14234,54
94805,54
4851,54
53108,54
33101,54
26906,54
72050,54
78011,54
77626,54
21541,54
31752,54
20508,54
88531,54
85531,54
68545,54
99439,54
41671,54
71722,54
85488,54
71779,54
13841,54
56592,54
32067,54
20452,54
20443,54
71848,54
32158,54
32282,54
56744,54
78475,54
85350,54
49700,54
71951,54
78899,54
54247,54
49688,54
89944,54
90530,54
72959,54
24137,54
91923,54
12276,54
36579,54
62052,54
62071,54
24084,54
3651,54
36720,54
59501,54
62092,54
7711,54
36497,54
59459,54
15725,54
36697,54
36742,54
91799,54
12305,54
83289,54
61633,54
51572,54
93336,54
46338,54
48666,54
38883,54
23934,54
98736,54
80006,54
50801,54
43048,54
98740,54
61808,54
1162,54
70023,54
37060,54
3382,54
59062,54
83803,54
62506,54
29040,54
62515,54
59020,54
51999,54
98005,54
43470,54
24611,54
58991,54
1123,54
55201,54
35985,54
93623,54
15512,54
62155,54
51908,54
36434,54
36388,54
39117,54
55165,54
62237,54
6000,54
1799,54
91584,54
74786,54
59253,54
62415,54
45989,54
1139,54
91591,54
59703,54
23640,54
99760,54
76349,54
38386,54
76473,54
22870,54
38387,54
37855,54
22972,54
50901,54
46767,54
55016,54
99961,54
1411,54
23007,54
76307,54
60770,54
98558,54
37945,54
60844,54
80339,54
6624,54
16625,54
12489,54
98624,54
69723,54
80340,54
17637,54
43214,54
60239,54
60232,54
60459,54
38008,54
69792,54
29117,54
98475,54
22425,54
46977,54
16118,54
12607,54
3611,54
75899,54
92326,54
37236,54
82506,54
55076,54
16193,54
92254,54
51508,54
78268,54
37145,54
23610,54
59758,54
23374,54
59912,54
6975,54
46527,54
18906,54
69587,54
78236,54
23206,54
1487,54
37526,54
23254,54
93165,54
81720,54
80487,54
46519,54
61067,54
46954,54
49047,54
8108,54
55788,54
74471,54
73942,54
58237,54
25439,54
8893,54
73609,54
97686,54
25405,54
90113,54
14991,54
34787,54
54476,54
35776,54
15013,54
58377,54
25313,54
47652,54
2149,54
45514,54
45214,54
58403,54
8709,54
39934,54
69033,54
64603,54
12083,54
1065,54
25210,54
90876,54
55301,54
35059,54
8918,54
58205,54
52523,54
90430,54
79385,54
40374,54
58098,54
34316,54
94279,54
40237,54
69000,54
34374,54
73183,54
73176,54
9284,54
21874,54
14816,54
25692,54
94182,54
54414,54
90166,54
25676,54
25670,54
97601,54
94234,54
64208,54
40197,54
29760,54
25559,54
45368,54
73490,54
34104,54
9264,54
35148,54
64611,54
35383,54
64623,54
40493,54
48459,54
80808,54
8413,54
64665,54
58708,54
95960,54
22081,54
39633,54
74316,54
64686,54
99725,54
83954,54
57761,54
63003,54
35585,54
8308,54
42895,54
2355,54
24734,54
74412,54
90008,54
64736,54
35743,54
14625,54
69231,54
74241,54
42744,54
97537,54
2035,54
15182,54
48402,54
74076,54
84096,54
28563,54
45667,54
87221,54
73968,54
2011,54
14699,54
29657,54
97812,54
90085,54
74144,54
58569,54
63275,54
8477,54
57808,54
49512,54
40477,54
91080,54
35346,54
35381,54
9389,54
19728,54
43206,53
69638,53
42443,53
87355,53
11608,53
68927,53
3555,53
68322,53
47745,53
96160,53
29322,53
68977,53
30182,53
20973,53
12247,53
68786,53
87457,53
21009,53
69322,53
69313,53
69154,53
3588,53
95766,53
655,53
29595,53
20988,53
30133,53
78473,53
12154,53
29433,53
11722,53
20967,53
43020,53
69554,53
42465,53
69549,53
12364,53
12363,53
30503,53
47837,53
29749,53
96062,53
68422,53
29365,53
69099,53
68824,53
11930,53
87413,53
652,53
98658,53
87732,53
93610,53
80746,53
35758,53
35794,53
93690,53
35996,53
8056,53
8046,53
36092,53
5912,53
78588,53
79856,53
39171,53
36324,53
18710,53
93502,53
7757,53
91786,53
39086,53
62930,53
8284,53
35599,53
8316,53
34906,53
63596,53
35019,53
58477,53
90864,53
8651,53
63554,53
35089,53
58521,53
49373,53
8507,53
18543,53
93921,53
39764,53
8463,53
8455,53
8351,53
91819,53
39023,53
39006,53
37556,53
37631,53
59979,53
60004,53
6886,53
19122,53
60598,53
48848,53
48859,53
37984,53
60530,53
6575,53
6698,53
60381,53
60248,53
92941,53
6669,53
38158,53
92478,53
7077,53
36624,53
37523,53
18753,53
48630,53
99845,53
36925,53
61665,53
92077,53
7430,53
36986,53
61586,53
59734,53
7300,53
19267,53
38698,53
93208,53
6336,53
61261,53
37519,53
39996,53
63810,53
58249,53
56334,53
10922,53
48019,53
95285,53
48030,53
66888,53
66755,53
32023,53
99448,53
66472,53
81251,53
88888,53
66356,53
32367,53
4581,53
4583,53
66223,53
66207,53
95324,53
4285,53
66103,53
78721,53
11546,53
17891,53
55894,53
55942,53
55973,53
11380,53
87991,53
31052,53
67692,53
31151,53
31183,53
31254,53
67468,53
88292,53
11059,53
67261,53
81353,53
492,53
89061,53
49464,53
9621,53
57662,53
49554,53
33758,53
94517,53
33888,53
94456,53
5173,53
64480,53
5238,53
90277,53
90304,53
99632,53
5346,53
9051,53
9026,53
94214,53
90494,53
64959,53
65026,53
32670,53
65074,53
89114,53
18167,53
18169,53
49641,53
10159,53
94853,53
78983,53
65603,53
10018,53
40991,53
48201,53
426,53
4977,53
40712,53
89700,53
20104,53
20097,53
40547,53
49901,53
53930,53
47120,53
83912,53
23033,53
22394,53
26565,53
97942,53
97330,53
51409,53
82234,53
21702,53
47558,53
96655,53
15364,53
77860,53
76347,53
83196,53
12983,53
13209,53
50840,53
16556,53
25502,53
81788,53
13709,53
23271,53
72213,53
74526,53
28572,53
83075,53
73822,53
84731,53
27248,53
22898,53
70281,53
53220,53
85542,53
52036,53
85051,53
76515,53
51551,53
77578,53
50493,53
25535,53
85565,53
44963,53
96487,53
45322,53
84072,53
43848,53
16520,53
17192,53
2874,53
98956,53
82118,53
52384,53
74054,53
73746,53
45603,53
43843,53
22013,53
25156,53
84749,53
26264,53
26241,53
28122,53
82493,53
72759,53
72628,53
45722,53
14362,53
70584,53
13016,53
86363,53
82114,53
82319,53
73595,53
17486,53
2938,53
84278,53
15285,53
52980,53
44235,53
84882,53
50527,53
84032,53
16063,53
2018,53
86323,53
84045,53
71501,53
52025,53
85861,53
24585,53
21336,53
22253,53
75044,53
54764,53
25817,53
12614,53
73152,53
74946,53
77424,53
15729,53
52765,53
28844,53
12636,53
82691,53
97510,53
77390,53
74843,53
76637,53
47003,53
2764,53
2707,53
75122,53
26969,53
21588,53
17642,53
73128,53
15904,53
23840,53
82644,53
23393,53
17140,53
27040,53
21099,53
82944,53
12568,53
14651,53
50444,53
23967,53
21115,53
71014,53
76688,53
23997,53
46054,53
83591,53
46463,53
72859,53
82012,53
14797,53
54034,53
74654,53
1867,53
54038,53
45947,53
86579,53
45279,53
50414,53
54586,53
76923,53
53325,53
25678,53
2634,53
98003,53
70220,53
97008,53
26834,53
46585,53
14477,53
85250,53
16362,53
13306,53
97508,53
26903,53
3408,53
13855,53
938,53
15650,53
72766,52
40649,52
7174,52
77479,52
57647,52
26167,52
89778,52
72771,52
33976,52
90047,52
46476,52
26078,52
61255,52
79220,52
64772,52
33592,52
89849,52
72926,52
2388,52
5084,52
61177,52
97445,52
65065,52
49515,52
52764,52
33963,52
48185,52
9719,52
32631,52
32491,52
37618,52
95002,52
53400,52
66077,52
32563,52
6415,52
26812,52
66216,52
89106,52
7040,52
10226,52
26779,52
77596,52
53306,52
78956,52
89003,52
81233,52
2441,52
66345,52
71906,52
88850,52
76176,52
88883,52
99945,52
37667,52
13918,52
82978,52
95030,52
85318,52
26932,52
85315,52
18124,52
95044,52
72039,52
60940,52
57037,52
61038,52
65781,52
61091,52
33234,52
33235,52
97378,52
16202,52
33286,52
84860,52
40793,52
57499,52
97260,52
84836,52
26288,52
65183,52
37452,52
51435,52
26274,52
65165,52
48198,52
44970,52
33216,52
97372,52
57141,52
89237,52
2578,52
94833,52
92448,52
48179,52
46309,52
1509,52
21707,52
44905,52
94736,52
65403,52
7109,52
97358,52
84531,52
51430,52
73526,52
45221,52
91530,52
48521,52
91451,52
35976,52
24622,52
79783,52
91465,52
83825,52
45922,52
47097,52
80733,52
15497,52
36969,52
79809,52
48544,52
1876,52
1631,52
5889,52
1869,52
15977,52
82358,52
24854,52
83922,52
15340,52
58773,52
47153,52
49110,52
97936,52
62999,52
75601,52
74426,52
7371,52
74492,52
8214,52
62812,52
18624,52
83892,52
6227,52
39498,52
91384,52
16938,52
23786,52
46340,52
74708,52
61974,52
15739,52
82421,52
62098,52
75016,52
49178,52
79968,52
36886,52
15936,52
18757,52
15581,52
23961,52
83400,52
91944,52
22270,52
23938,52
36757,52
91997,52
75364,52
49212,52
93352,52
36475,52
46068,52
62408,52
15600,52
62403,52
59198,52
74737,52
74756,52
1646,52
39209,52
59314,52
91696,52
1189,52
51597,52
36314,52
83645,52
80033,52
7786,52
74839,52
59736,52
74287,52
84518,52
63980,52
75787,52
18439,52
34451,52
64175,52
64174,52
46421,52
41549,52
64012,52
83158,52
34349,52
58230,52
63946,52
73573,52
84291,52
40062,52
45473,52
73695,52
77308,52
21880,52
64297,52
19641,52
25756,52
57865,52
57866,52
19249,52
94427,52
59836,52
84512,52
34129,52
75860,52
98331,52
73273,52
94349,52
363,52
52661,52
73224,52
25741,52
34304,52
97587,52
9147,52
39994,52
7301,52
90792,52
39723,52
5621,52
24933,52
63239,52
50621,52
35413,52
91109,52
8424,52
39727,52
97890,52
73803,52
63154,52
91163,52
35482,52
74270,52
39657,52
74280,52
99720,52
1982,52
24964,52
5594,52
5591,52
77237,52
2136,52
34993,52
73853,52
2117,52
35034,52
52321,52
73919,52
52305,52
82275,52
35102,52
79595,52
63414,52
5568,52
52254,52
45674,52
90972,52
15208,52
97108,52
92027,52
30337,52
29667,52
11012,52
11013,52
60744,52
709,52
31490,52
78723,52
68706,52
55930,52
55944,52
87885,52
92662,52
70254,52
38427,52
60427,52
85670,52
85971,52
31374,52
11102,52
96945,52
2907,52
6835,52
99247,52
12080,52
67432,52
44022,52
98501,52
67031,52
86591,52
43813,52
71633,52
17712,52
17463,52
56408,52
43481,52
88456,52
20528,52
41841,52
68092,52
55251,52
70127,52
71604,52
70612,52
85577,52
13713,52
43504,52
47794,52
16482,52
43514,52
95334,52
76814,52
6709,52
92638,52
12897,52
98539,52
55709,52
81800,52
88038,52
54308,52
60646,52
12960,52
81416,52
82759,52
88001,52
68962,52
6524,52
37876,52
68924,52
27733,52
67927,52
54344,52
56016,52
38011,52
3822,52
78084,52
42163,52
16457,52
49962,52
29882,52
78073,52
92997,52
68817,52
70421,52
60647,52
78379,52
38264,52
86330,52
68767,52
85710,52
37827,52
27554,52
28473,52
56161,52
68775,52
11228,52
60668,52
99049,52
29,52
78373,52
27657,52
12955,52
30847,52
87929,52
87295,52
96846,52
13044,52
13025,52
38298,52
67043,52
71622,52
17680,52
48050,52
29256,52
60812,52
55051,52
55753,52
66707,52
37970,52
43928,52
23040,52
28897,52
20467,52
626,52
43837,52
66779,52
47724,52
66808,52
71636,52
43071,52
16679,52
50908,52
11770,52
98483,52
3990,52
43935,52
98650,52
95213,52
44499,52
88784,52
66521,52
60545,52
32163,52
11712,52
99318,52
76690,52
50072,52
68482,52
88796,52
46653,52
95176,52
17502,52
13196,52
56635,52
87659,52
18997,52
60563,52
54091,52
56632,52
6948,52
28909,52
30456,52
20483,52
29920,52
68144,52
12717,52
96562,52
68626,52
70041,52
10843,52
11786,52
31818,52
95659,52
28146,52
49766,52
30558,52
54173,52
48862,52
69960,52
16483,52
31756,52
68644,52
13774,52
28198,52
11527,52
6803,52
21549,52
11718,51
68634,51
28218,51
30139,51
5525,51
51514,51
39784,51
11908,51
23590,51
63398,51
45482,51
19062,51
63743,51
80840,51
46380,51
70489,51
79680,51
52234,51
5597,51
39676,51
45706,51
25271,51
82301,51
3927,51
58709,51
63294,51
58722,51
70717,51
6268,51
30060,51
17838,51
87573,51
99712,51
25188,51
8645,51
35403,51
46383,51
87578,51
30076,51
17518,51
77247,51
45741,51
35332,51
24929,51
63257,51
39866,51
58614,51
42633,51
20844,51
68766,51
35141,51
310,51
80082,51
24939,51
54267,51
60531,51
5567,51
82290,51
58575,51
1998,51
43759,51
30240,51
22018,51
30007,51
84149,51
2105,51
97781,51
93946,51
52602,51
81566,51
6617,51
86748,51
17679,51
59441,51
43356,51
46073,51
46071,51
39076,51
36898,51
76661,51
28813,51
24291,51
12296,51
80379,51
7766,51
43407,51
87043,51
54646,51
24325,51
16576,51
74811,51
51907,51
93347,51
46996,51
86679,51
43003,51
70027,51
50016,51
59669,51
83661,51
36510,51
98128,51
36283,51
28896,51
12490,51
92018,51
36815,51
51651,51
50933,51
38916,51
86871,51
7577,51
38890,51
28963,51
54919,51
50073,51
38954,51
38963,51
43316,51
59525,51
92886,51
43317,51
91904,51
12600,51
46205,51
46194,51
47734,51
83433,51
79950,51
75110,51
29272,51
36534,51
24149,51
17703,51
54640,51
93798,51
28583,51
18647,51
70280,51
58953,51
35938,51
55305,51
55318,51
35866,51
45875,51
87270,51
78132,51
48502,51
12050,51
81581,51
74444,51
98258,51
87296,51
24704,51
39565,51
1931,51
62925,51
24742,51
74397,51
75577,51
49315,51
24756,51
21201,51
70442,51
43692,51
79710,51
60227,51
16930,51
69325,51
49262,51
51051,51
51052,51
76617,51
54617,51
12767,51
80330,51
86604,51
62427,51
36174,51
81627,51
47087,51
120,51
17719,51
36121,51
91545,51
87161,51
5876,51
46353,51
23784,51
3336,51
95952,51
12115,51
29648,51
93651,51
81609,51
91507,51
15463,51
39435,51
43526,51
79770,51
92924,51
61387,51
75948,51
72412,51
81159,51
61081,51
84983,51
50894,51
80161,51
31660,51
6515,51
31648,51
67081,51
33183,51
67096,51
89479,51
40849,51
44855,51
14261,51
41004,51
16241,51
19138,51
94806,51
32980,51
97292,51
61042,51
88498,51
78989,51
89260,51
60779,51
13749,51
78980,51
56472,51
78975,51
20219,51
17370,51
38424,51
9734,51
16774,51
26163,51
18305,51
96882,51
77815,51
27530,51
9695,51
50263,51
31285,51
5005,51
85704,51
9721,51
67423,51
60726,51
72677,51
57429,51
79170,51
26279,51
78709,51
65219,51
13657,51
79143,51
21498,51
9808,51
27363,51
33309,51
45011,51
92420,51
33299,51
60742,51
10137,51
88568,51
22400,51
37720,51
88667,51
56586,51
97019,51
26905,51
21569,51
47451,51
17298,51
20451,51
32081,51
27100,51
32400,51
49729,51
32096,51
46589,51
44522,51
66092,51
59982,51
32362,51
88910,51
95093,51
71921,51
2736,51
16337,51
56681,51
78872,51
23117,51
59993,51
10532,51
49717,51
85374,51
20345,51
13784,51
23234,51
31852,51
41140,51
32798,51
26683,51
49764,51
92468,51
41197,51
32750,51
72212,51
4728,51
71665,51
31824,51
56501,51
65895,51
31831,51
41235,51
41299,51
65898,51
13781,51
6407,51
10232,51
88617,51
66820,51
94951,51
41689,51
10262,51
89075,51
66047,51
31902,51
60955,51
71695,51
67693,51
27509,51
17943,51
64298,51
64353,51
9165,51
6288,51
42324,51
3083,51
45274,51
5330,51
34275,51
70950,51
9122,51
54052,51
34350,51
73275,51
345,51
45267,51
30633,51
60615,51
70979,51
45242,51
37244,51
25761,51
49084,51
5239,51
14530,51
92281,51
84446,51
40314,51
34215,51
11506,51
40297,51
19255,51
93262,51
34401,51
25694,51
1242,51
45438,51
79485,51
84324,51
87660,51
90614,51
68419,51
90629,51
13184,51
11571,51
11690,51
73665,51
28075,51
84262,51
98563,51
5484,51
8928,51
5408,51
34616,51
50204,51
55754,51
3987,51
8990,51
25547,51
14883,51
18957,51
47294,51
81886,51
2238,51
40199,51
52570,51
30529,51
95143,51
3066,51
27881,51
95602,51
988,51
14673,51
17437,51
5141,51
9424,51
84621,51
92336,51
71126,51
9454,51
44114,51
47573,51
56044,51
87970,51
33841,51
30862,51
75902,51
40575,51
2387,51
33775,51
20021,51
69733,51
71181,51
14550,51
23384,51
11291,51
64932,51
14533,51
19986,51
40538,51
605,51
75894,51
90109,51
21367,51
2328,51
73126,51
80510,51
82173,51
25867,51
18361,51
40423,51
77900,51
71098,51
53953,51
61299,51
57902,51
33981,51
9301,51
73079,51
60134,50
60638,50
61446,50
51439,50
37164,50
37387,50
76059,50
38195,50
61279,50
38714,50
36857,50
60429,50
60275,50
76602,50
60840,50
48689,50
37497,50
80110,50
61376,50
46772,50
51164,50
36904,50
75627,50
37764,50
38420,50
80141,50
76585,50
60976,50
38621,50
61109,50
22975,50
37611,50
48933,50
76554,50
49002,50
22410,50
37404,50
49121,50
19032,50
76192,50
54836,50
61798,50
72160,50
53645,50
20529,50
41847,50
31633,50
27295,50
67119,50
77729,50
21510,50
67214,50
71528,50
44343,50
71495,50
56273,50
53709,50
67415,50
42003,50
77803,50
44219,50
21426,50
42096,50
56081,50
44164,50
42119,50
44141,50
30940,50
78762,50
71645,50
56539,50
32269,50
50336,50
41282,50
44621,50
20341,50
72093,50
53443,50
32382,50
71981,50
27011,50
66382,50
44548,50
32252,50
77690,50
56720,50
32204,50
71899,50
20435,50
56662,50
53483,50
32098,50
41617,50
44460,50
32030,50
66654,50
56022,50
42190,50
78627,50
50095,50
28503,50
29681,50
28566,50
69136,50
49996,50
55209,50
42953,50
55174,50
43454,50
43428,50
69966,50
69457,50
54486,50
55088,50
29314,50
54756,50
69868,50
43200,50
29168,50
43283,50
43279,50
54894,50
29027,50
21091,50
21176,50
29812,50
27848,50
30255,50
55901,50
42334,50
30548,50
54056,50
28011,50
54076,50
68304,50
70803,50
68408,50
28082,50
28105,50
30243,50
70450,50
55619,50
47885,50
78486,50
30179,50
28157,50
78474,50
55534,50
47859,50
70501,50
54363,50
54367,50
44623,50
21661,50
75289,50
41244,50
19606,50
39610,50
52113,50
45793,50
24861,50
58688,50
35463,50
24954,50
63477,50
73872,50
79547,50
35000,50
63617,50
73810,50
34936,50
79527,50
63767,50
79523,50
39999,50
34646,50
45403,50
34588,50
79465,50
64323,50
73244,50
62887,50
62813,50
62761,50
77101,50
61892,50
36709,50
51698,50
38999,50
74927,50
59430,50
24300,50
47072,50
46048,50
36327,50
36326,50
51913,50
62691,50
79889,50
48566,50
62423,50
24457,50
59145,50
45943,50
51973,50
36100,50
59058,50
35922,50
39470,50
25733,50
58040,50
49499,50
65540,50
79163,50
40768,50
33332,50
40794,50
40837,50
72533,50
33176,50
26472,50
72452,50
53096,50
72424,50
65586,50
40730,50
26567,50
32976,50
57245,50
41069,50
65644,50
26602,50
78973,50
32818,50
26713,50
20296,50
53303,50
57527,50
21750,50
34174,50
25971,50
48295,50
73206,50
45244,50
47332,50
34117,50
25821,50
34076,50
25829,50
79352,50
73081,50
33972,50
72966,50
33466,50
64750,50
52773,50
57690,50
72868,50
33630,50
33590,50
57643,50
79246,50
65031,50
40648,50
48242,50
57694,50
1,50
82650,50
14000,50
95650,50
6187,50
90290,50
87134,50
93337,50
7460,50
81754,50
87626,50
93325,50
95863,50
92040,50
3756,50
81838,50
9232,50
84402,50
14375,50
84901,50
6183,50
85122,50
4274,50
95404,50
98909,50
6152,50
88899,50
17804,50
85120,50
10397,50
85085,50
4169,50
14192,50
95525,50
90741,50
10439,50
91992,50
8277,50
7543,50
96767,50
87759,50
3082,50
6321,50
15493,50
3074,50
1556,50
18892,50
1471,50
99940,50
9973,50
82172,50
83677,50
15617,50
1607,50
7683,50
89254,50
3632,50
7596,50
1301,50
3605,50
93292,50
98594,50
3558,50
1373,50
17399,50
91298,50
6282,50
10109,50
3391,50
3380,50
3379,50
89252,50
92201,50
85309,50
92907,50
90715,50
94154,50
94159,50
93599,50
81020,50
18364,50
88228,50
86525,50
86499,50
88225,50
81091,50
88546,50
5154,50
92442,50
87362,50
5050,50
91015,50
88389,50
293,50
80838,50
12161,50
12178,50
5753,50
342,50
5679,50
5655,50
87205,50
10997,50
99583,50
86955,50
5577,50
18515,50
80909,50
94036,50
94659,50
18695,50
86223,50
99012,50
91107,50
10607,50
88769,50
7260,50
7261,50
910,50
88811,50
99066,50
8420,50
88820,50
87509,50
4408,50
13882,50
99815,50
90452,50
85692,50
4916,50
80661,50
13267,50
88663,50
99171,50
94817,50
777,50
85913,50
18118,50
81294,50
87408,50
94852,50
80643,50
94963,50
87433,50
81289,50
1622,50
80749,50
16185,50
97000,50
16174,50
9475,50
98145,50
97160,50
6631,50
2375,50
17000,50
16344,50
1856,50
97901,50
16436,50
16276,50
83007,50
9640,50
2504,50
89828,50
89789,50
2145,50
89986,50
1774,50
11384,50
2514,50
16805,50
91371,50
2163,50
9745,50
6595,50
2754,50
16734,50
2870,50
8050,50
11449,50
91763,50
2624,50
96890,50
97197,50
2922,50
97834,50
98064,50
1919,50
82878,50
6367,50
82616,50
89446,50
35385,49
28131,49
4946,49
52707,49
57178,49
47676,49
94875,49
18107,49
66844,49
27687,49
37462,49
52655,49
82526,49
4965,49
45890,49
7147,49
18230,49
27916,49
18236,49
41158,49
78963,49
18150,49
20226,49
86219,49
57230,49
1902,49
71105,49
52593,49
65051,49
70735,49
20295,49
45183,49
94902,49
2445,49
41472,49
92299,49
76018,49
64768,49
20588,49
13760,49
17970,49
27231,49
2436,49
2437,49
83060,49
78856,49
20617,49
37225,49
9086,49
23367,49
75912,49
47476,49
85484,49
88824,49
47473,49
66507,49
41468,49
85604,49
41463,49
33486,49
85789,49
4731,49
27614,49
10660,49
13552,49
20444,49
88605,49
71330,49
9502,49
41266,49
45944,49
45171,49
71398,49
66615,49
92322,49
1853,49
23237,49
61305,49
872,49
56792,49
41456,49
70672,49
83592,49
2227,49
40053,49
82608,49
22540,49
82760,49
69602,49
67211,49
58511,49
67182,49
31533,49
12469,49
58465,49
22500,49
12488,49
29062,49
10998,49
80937,49
52350,49
64853,49
92600,49
86838,49
99497,49
69762,49
34636,49
58365,49
12374,49
49552,49
45618,49
67318,49
16620,49
90929,49
90656,49
19623,49
29496,49
69306,49
64909,49
89847,49
29472,49
67319,49
69369,49
39744,49
12260,49
31443,49
12286,49
5681,49
52256,49
12308,49
45640,49
64925,49
39722,49
29291,49
92576,49
18394,49
57666,49
10950,49
12924,49
97683,49
28436,49
28407,49
86406,49
22444,49
86400,49
9620,49
99314,49
12980,49
86394,49
92445,49
31815,49
57734,49
57728,49
50315,49
20155,49
13049,49
28295,49
70575,49
10777,49
52517,49
31855,49
70311,49
49855,49
70264,49
8947,49
52380,49
60888,49
48047,49
81013,49
37645,49
82818,49
36032,49
70029,49
86666,49
94210,49
70117,49
79247,49
7009,49
58060,49
58044,49
28607,49
60968,49
91494,49
20030,49
2177,49
37597,49
70229,49
70555,49
50370,49
10555,49
84450,49
96133,49
21429,49
53505,49
3492,49
15031,49
75224,49
54775,49
84189,49
73841,49
51163,49
83403,49
54695,49
73885,49
46684,49
91925,49
62902,49
82268,49
77743,49
96313,49
2806,49
97023,49
51648,49
3356,49
54944,49
53488,49
54964,49
43063,49
32678,49
84414,49
10229,49
14827,49
82318,49
25618,49
1723,49
82312,49
96050,49
43057,49
55080,49
89186,49
81918,49
25514,49
43108,49
9262,49
43113,49
97155,49
51038,49
46204,49
32754,49
73555,49
51205,49
65360,49
32919,49
24196,49
74524,49
21744,49
96972,49
89467,49
53696,49
44334,49
24553,49
83790,49
44053,49
9981,49
3029,49
44383,49
24442,49
24441,49
64632,49
53753,49
33095,49
15710,49
62140,49
15635,49
82190,49
89419,49
43940,49
1513,49
9303,49
77324,49
2817,49
43543,49
77698,49
10086,49
15254,49
84019,49
24907,49
7668,49
54334,49
24876,49
96499,49
7700,49
65609,49
15772,49
77606,49
15342,49
32999,49
54172,49
21685,49
46518,49
74423,49
17244,49
62989,49
97206,49
56526,49
55284,49
47339,49
41939,49
75876,49
20821,49
61482,49
44972,49
56217,49
8158,49
26764,49
20848,49
16147,49
95471,49
85140,49
23464,49
97357,49
56088,49
78417,49
22212,49
16128,49
72302,49
75764,49
72368,49
95556,49
46032,49
85255,49
56276,49
27016,49
50360,49
47417,49
78609,49
20700,49
61410,49
41745,49
50363,49
71919,49
66450,49
13926,49
13929,49
46030,49
61426,49
56452,49
92231,49
83076,49
37146,49
20766,49
16170,49
95368,49
92200,49
85258,49
14251,49
84989,49
7390,49
90272,49
95781,49
22144,49
75652,49
35539,49
97275,49
55504,49
34237,49
3850,49
89591,49
55457,49
83270,49
47036,49
84570,49
84568,49
75499,49
42760,49
84527,49
32638,49
50888,49
63000,49
53331,49
78053,49
55607,49
84719,49
55908,49
72643,49
61572,49
42312,49
47152,49
53117,49
14359,49
44852,49
21010,49
91633,49
72622,49
42399,49
36964,49
21111,49
84798,49
32484,49
21056,49
84779,49
14490,49
51841,49
23602,49
89026,49
50738,49
50742,49
72796,49
47348,49
63597,49
92856,49
38043,49
93272,49
93345,49
79838,49
31186,49
30364,49
93259,49
38985,49
18751,49
60397,49
60574,49
30505,49
8621,49
18824,49
31323,49
38312,49
68183,49
59259,49
60538,49
35015,49
31363,49
30197,49
29671,49
6254,49
18682,49
93376,49
59621,49
90680,49
34947,49
68592,49
49272,49
68812,49
19127,49
99847,49
68409,49
90916,49
37953,49
59724,49
48650,49
29862,49
5935,49
49266,49
38196,49
6749,49
6057,49
67462,49
59399,49
6328,49
39097,49
67526,49
31311,49
93539,49
92725,49
59685,49
87769,49
30031,49
49394,49
68476,49
67630,49
39196,49
93250,49
87774,49
8730,49
68274,49
18748,49
59305,49
66925,48
14857,48
50844,48
18815,48
8278,48
49973,48
34171,48
68397,48
79133,48
89154,48
81101,48
73034,48
31109,48
6246,48
28154,48
70477,48
11671,48
7553,48
20208,48
96027,48
84529,48
73321,48
68412,48
20180,48
95902,48
73127,48
13096,48
84496,48
28212,48
95941,48
80513,48
19480,48
73111,48
30363,48
7508,48
92022,48
73107,48
36818,48
14789,48
93542,48
28285,48
91234,48
5103,48
37956,48
13120,48
10259,48
19274,48
59723,48
65912,48
21298,48
42727,48
25440,48
47892,48
54239,48
24813,48
96523,48
48760,48
17293,48
7674,48
15310,48
72,48
74260,48
30512,48
54408,48
24944,48
43623,48
82024,48
36587,48
12844,48
15168,48
25075,48
28657,48
83955,48
88548,48
46531,48
82117,48
35712,48
70035,48
46481,48
10005,48
9353,48
33036,48
24659,48
67061,48
74473,48
51413,48
11274,48
99381,48
99375,48
43806,48
82079,48
32996,48
81986,48
96356,48
70241,48
91898,48
86445,48
77852,48
1353,48
14950,48
25951,48
10169,48
51063,48
92472,48
8274,48
64471,48
7555,48
55032,48
59233,48
96114,48
80112,48
73495,48
30405,48
88518,48
61885,48
14966,48
79214,48
7631,48
80500,48
5251,48
93277,48
8261,48
77798,48
1389,48
6272,48
21432,48
38718,48
31748,48
17412,48
54838,48
61902,48
61900,48
73688,48
40702,48
38093,48
4992,48
78525,48
26925,48
4332,48
32261,48
66412,48
66413,48
10512,48
970,48
27640,48
80596,48
67580,48
32233,48
90470,48
93397,48
8813,48
13531,48
39000,48
50355,48
32278,48
50138,48
6108,48
81489,48
26811,48
92199,48
48620,48
66390,48
68599,48
20803,48
89867,48
37358,48
59566,48
85881,48
59564,48
47353,48
94863,48
56291,48
26886,48
61235,48
85289,48
57024,48
50346,48
1013,48
66537,48
66544,48
50270,48
71619,48
50208,48
9080,48
4519,48
64224,48
71543,48
85682,48
4549,48
39081,48
866,48
95018,48
27387,48
71476,48
41378,48
56849,48
78792,48
41576,48
50324,48
61356,48
39016,48
27576,48
95224,48
20651,48
66506,48
59510,48
68687,48
8640,48
79961,48
27176,48
41618,48
6083,48
59465,48
66630,48
9054,48
37228,48
6060,48
7177,48
61478,48
99237,48
57424,48
37428,48
66768,48
55665,48
94705,48
81671,48
47772,48
60431,48
78246,48
34267,48
18195,48
95722,48
42458,48
55717,48
55724,48
40902,48
3981,48
13289,48
47059,48
13243,48
1117,48
21100,48
34529,48
89060,48
32570,48
31898,48
50791,48
50772,48
61694,48
7452,48
5979,48
13194,48
74558,48
80072,48
92398,48
95748,48
81161,48
99863,48
10333,48
95670,48
68857,48
59591,48
56025,48
95542,48
26615,48
34483,48
59613,48
57232,48
30222,48
99176,48
20872,48
42073,48
95487,48
35469,48
68579,48
10464,48
95437,48
41998,48
26761,48
50103,48
42145,48
64336,48
19315,48
95573,48
4890,48
78326,48
4880,48
42317,48
55878,48
90309,48
55889,48
4877,48
42289,48
95620,48
34854,48
78952,48
92148,48
4077,48
30260,48
14274,48
84991,48
74557,48
24965,48
87765,48
60059,48
52987,48
82413,48
65149,48
53030,48
29167,48
22200,48
29156,48
53053,48
44881,48
44858,48
16086,48
23578,48
75681,48
29116,48
35823,48
6916,48
75863,48
68026,48
62429,48
22303,48
77015,48
12373,48
99565,48
60093,48
75998,48
45069,48
63650,48
307,48
82438,48
58529,48
9699,48
16165,48
91599,48
69599,48
62390,48
69682,48
24087,48
75299,48
23936,48
15861,48
11310,48
33249,48
67133,48
75194,48
39974,48
69791,48
79471,48
39983,48
49673,48
9406,48
87820,48
63627,48
36371,48
53468,48
2724,48
91665,48
53437,48
98126,48
11006,48
53250,48
69716,48
29075,48
44673,48
68045,48
75483,48
65260,48
75436,48
67749,48
33938,48
92605,48
64680,48
34987,48
65075,48
18529,48
93050,48
2102,48
33662,48
58872,48
16529,48
62584,48
49457,48
45556,48
87097,48
64966,48
93683,48
49463,48
97899,48
16506,48
58827,48
35955,48
22802,48
22727,48
9597,48
49543,48
64930,48
39463,48
45700,48
2038,48
33710,48
89857,48
33698,48
64910,48
52201,48
29561,48
39510,48
69241,48
11374,48
48910,48
22543,48
9592,48
22825,48
93769,48
64852,48
76856,48
2287,48
16333,48
76234,48
23097,48
99587,48
69485,48
93853,48
1892,48
39407,48
9661,48
48924,48
58624,48
30827,48
91543,48
76131,48
30842,48
8040,48
58721,48
22454,48
79768,48
76445,48
52118,48
34717,48
9617,48
97931,48
9521,48
60116,48
12273,48
76339,48
60669,48
33801,48
67290,48
33568,48
53611,48
59063,48
74639,48
68186,48
86807,48
48773,48
83689,48
3010,48
35276,48
1534,48
94137,48
9959,48
53811,48
48097,48
93609,48
91756,48
69895,48
91794,48
64586,48
64637,48
44084,48
80715,48
21907,48
53666,48
44286,48
77476,48
91331,48
15647,48
62174,48
44057,48
83506,48
77332,48
68150,48
49767,48
2894,48
49728,48
60883,48
31656,48
46407,48
18902,48
88049,48
34008,48
24482,48
15491,48
99941,48
65406,48
83593,48
80214,48
275,48
48771,48
68170,48
18427,48
28847,48
10971,48
69824,48
24263,48
75048,48
76301,47
56282,47
82919,47
91980,47
85270,47
38045,47
37151,47
13963,47
72025,47
2213,47
981,47
65030,47
85307,47
98930,47
76911,47
16385,47
19041,47
23024,47
56303,47
22415,47
65616,47
3233,47
51298,47
23049,47
23063,47
52003,47
52690,47
62895,47
10456,47
15201,47
14162,47
15658,47
9508,47
47291,47
82492,47
14178,47
90781,47
97541,47
76139,47
96873,47
51980,47
26589,47
14233,47
19054,47
33822,47
95449,47
96437,47
56260,47
89284,47
74225,47
33812,47
76947,47
96845,47
3270,47
19349,47
85226,47
33817,47
68585,47
54439,47
14077,47
9127,47
80010,47
84060,47
33538,47
97557,47
33820,47
72005,47
85359,47
9622,47
17866,47
32145,47
83854,47
95152,47
15437,47
24541,47
81370,47
77562,47
76786,47
85521,47
89371,47
53972,47
33019,47
82748,47
18992,47
81381,47
17953,47
15411,47
89340,47
47490,47
89845,47
33734,47
82683,47
90900,47
30012,47
50226,47
96702,47
45698,47
76713,47
66585,47
41412,47
92797,47
95060,47
71548,47
66573,47
11883,47
45678,47
21731,47
15498,47
71537,47
63741,47
21725,47
62587,47
64550,47
35425,47
85022,47
22486,47
56522,47
97915,47
19381,47
93013,47
89907,47
44096,47
27048,47
15568,47
91151,47
81454,47
20721,47
90813,47
11590,47
3217,47
48918,47
52482,47
35925,47
77601,47
51370,47
66518,47
78656,47
76570,47
49033,47
99932,47
43858,47
56614,47
24746,47
20639,47
15374,47
16507,47
32202,47
96554,47
95220,47
61368,47
45548,47
89380,47
95232,47
8227,47
22818,47
52761,47
88950,47
37054,47
30639,47
10255,47
73102,47
38530,47
96978,47
91761,47
51072,47
65988,47
53393,47
53671,47
73124,47
19116,47
50869,47
38740,47
25828,47
46198,47
53431,47
77872,47
55353,47
78066,47
6382,47
75484,47
53445,47
73046,47
38183,47
82221,47
15726,47
14623,47
8336,47
112,47
61709,47
14635,47
2588,47
14643,47
89073,47
22119,47
77372,47
15730,47
97255,47
42696,47
23720,47
83258,47
2872,47
62320,47
68430,47
15178,47
25614,47
47,47
9409,47
33960,47
6238,47
73379,47
91991,47
73400,47
83492,47
15781,47
97011,47
55056,47
84364,47
80518,47
77323,47
11673,47
25549,47
46833,47
87818,47
43067,47
24110,47
55154,47
33192,47
89121,47
14926,47
17012,47
55268,47
23939,47
62302,47
75233,47
30370,47
8298,47
31014,47
51682,47
96008,47
83405,47
81922,47
48808,47
75055,47
75056,47
17032,47
77988,47
89520,47
73710,47
62402,47
33385,47
61583,47
20997,47
72565,47
36999,47
83061,47
19071,47
15676,47
9928,47
82433,47
88748,47
26266,47
72684,47
2458,47
93186,47
89008,47
35858,47
45020,47
63714,47
35856,47
35513,47
22271,47
54628,47
14611,47
43462,47
95571,47
24308,47
38237,47
98012,47
95589,47
60095,47
97513,47
32401,47
74024,47
32722,47
30270,47
17729,47
52833,47
21531,47
1845,47
11440,47
63092,47
8151,47
7978,47
43420,47
7439,47
61992,47
84759,47
26138,47
97352,47
18807,47
84208,47
44894,47
66137,47
55606,47
42557,47
87763,47
26081,47
61686,47
33907,47
63050,47
65764,47
7468,47
50784,47
14587,47
3497,47
14606,47
77397,47
43319,47
43320,47
67629,47
11615,47
24279,47
32502,47
21082,47
23437,47
84177,47
19222,47
21879,47
72790,47
42517,47
6192,47
48790,47
93081,47
30982,47
67770,47
78215,47
33884,47
16883,47
95043,47
81691,47
88226,47
12112,47
12522,47
67228,47
29531,47
58423,47
92640,47
5888,47
34589,47
94935,47
40328,47
27564,47
49836,47
20215,47
58863,47
86512,47
5759,47
5519,47
87099,47
69735,47
12836,47
47965,47
94367,47
18324,47
48103,47
411,47
31990,47
69799,47
94309,47
27544,47
93585,47
35347,47
79473,47
70217,47
86543,47
11117,47
80736,47
12020,47
27556,47
29020,47
39517,47
71331,47
7194,47
40365,47
31936,47
41086,47
12450,47
7189,47
63279,47
92460,47
58481,47
13060,47
57708,47
40473,47
57100,47
58788,47
13059,47
31433,47
13002,47
31244,47
11929,47
649,47
79792,47
92615,47
39628,47
71248,47
40108,47
90481,47
70704,47
40690,47
57042,47
85957,47
39919,47
41043,47
31441,47
70285,47
94404,47
88362,47
20420,47
70339,47
458,47
86268,47
94430,47
48411,47
70622,47
79061,47
13387,47
10655,47
69156,47
27499,47
94128,47
28773,47
86772,47
69889,47
48252,47
35361,47
94784,47
79319,47
31305,47
4650,47
10694,47
5867,47
69498,47
39420,47
40205,47
79304,47
61149,47
81313,47
12357,47
37641,47
86702,47
7152,47
66736,47
27415,47
48067,47
64152,47
34617,47
94139,47
94135,47
86999,47
56884,47
10704,47
13628,47
86086,47
58214,47
61180,47
67503,47
18354,47
60907,47
27698,47
27502,47
49446,47
39701,47
70073,47
29917,47
31677,47
72824,46
81836,46
61655,46
10711,46
14737,46
12380,46
95962,46
76051,46
94561,46
51885,46
26127,46
81198,46
44923,46
73180,46
98023,46
73174,46
6468,46
13272,46
68501,46
3950,46
94589,46
19718,46
46956,46
49961,46
99561,46
30981,46
30313,46
35571,46
92757,46
88104,46
68913,46
10779,46
40589,46
31931,46
50638,46
11974,46
23155,46
97339,46
49910,46
67768,46
79110,46
84399,46
88580,46
23515,46
92145,46
33416,46
94521,46
724,46
78996,46
46888,46
46892,46
35333,46
22286,46
60038,46
76008,46
78327,46
73258,46
57334,46
42503,46
62728,46
12383,46
36807,46
98668,46
61802,46
55261,46
55650,46
26355,46
23226,46
93895,46
60084,46
80724,46
49112,46
38826,46
11236,46
39184,46
80285,46
64142,46
88639,46
14568,46
95825,46
11455,46
38232,46
81771,46
14420,46
26220,46
9489,46
63041,46
35861,46
45157,46
17596,46
34525,46
84786,46
61701,46
91592,46
5976,46
58541,46
7098,46
47102,46
14583,46
83074,46
81181,46
55477,46
35035,46
22240,46
57485,46
73095,46
61112,46
78106,46
87629,46
88609,46
19085,46
95879,46
39829,46
29891,46
18537,46
60245,46
67986,46
63779,46
68904,46
36993,46
6199,46
70951,46
65073,46
5027,46
11709,46
8998,46
67240,46
95838,46
61720,46
72997,46
57338,46
92409,46
60763,46
95677,46
97498,46
55808,46
53166,46
42998,46
40232,46
24849,46
77609,46
82258,46
8521,46
96997,46
15361,46
24787,46
21666,46
92582,46
94079,46
87866,46
24757,46
28686,46
43856,46
58114,46
74413,46
49034,46
77580,46
28694,46
54154,46
3227,46
24860,46
37701,46
12804,46
68967,46
77689,46
75268,46
82289,46
87325,46
31012,46
2751,46
89275,46
7660,46
43674,46
15847,46
97061,46
97042,46
86813,46
12023,46
54325,46
24883,46
65359,46
17297,46
24715,46
75061,46
67121,46
98332,46
86753,46
28787,46
82219,46
96763,46
15690,46
86742,46
11539,46
44090,46
44094,46
37646,46
31054,46
44236,46
69935,46
44132,46
64602,46
33116,46
88241,46
15630,46
68185,46
507,46
44043,46
92537,46
58202,46
38160,46
19878,46
54106,46
74487,46
70057,46
34998,46
15752,46
75020,46
24169,46
2859,46
40183,46
15735,46
15489,46
74952,46
77523,46
44006,46
8230,46
5396,46
35267,46
43574,46
44547,46
74078,46
68934,46
7912,46
51020,46
91051,46
73503,46
9764,46
19241,46
49614,46
52705,46
75611,46
70405,46
44795,46
23648,46
63282,46
60794,46
3564,46
53217,46
92481,46
44754,46
6264,46
80251,46
43079,46
36732,46
89647,46
82380,46
38490,46
99301,46
40526,46
43019,46
53136,46
29118,46
16076,46
19100,46
55090,46
51835,46
88565,46
73434,46
81912,46
7086,46
46106,46
39879,46
44839,46
61858,46
87678,46
73612,46
85653,46
23792,46
61966,46
21496,46
46697,46
34585,46
23805,46
93152,46
99350,46
87722,46
40358,46
53410,46
73937,46
83337,46
46665,46
96353,46
77242,46
91293,46
12846,46
48814,46
65681,46
36654,46
96260,46
22109,46
10123,46
59996,46
22100,46
98133,46
68042,46
15035,46
99509,46
30460,46
17397,46
38510,46
66992,46
5951,46
40373,46
97208,46
3470,46
7602,46
25269,46
65748,46
81964,46
6277,46
72516,46
63038,46
88289,46
98860,46
82726,46
82948,46
11051,46
76260,46
88860,46
49506,46
80318,46
99595,46
22548,46
49402,46
85454,46
64796,46
56140,46
29488,46
45779,46
23025,46
60131,46
85038,46
18776,46
41157,46
34820,46
18065,46
62628,46
98848,46
41607,46
27479,46
56949,46
23018,46
92194,46
58675,46
66685,46
13609,46
85381,46
11390,46
85904,46
78677,46
87418,46
81486,46
67578,46
2253,46
60640,46
85556,46
42178,46
97967,46
41692,46
98879,46
7,46
41687,46
17794,46
76935,46
99087,46
11226,46
56549,46
22446,46
47500,46
35446,46
30931,46
64183,46
66524,46
63811,46
89928,46
68847,46
5797,46
76879,46
67474,46
71190,46
26607,46
88159,46
52635,46
60661,46
88916,46
52270,46
97876,46
81425,46
87588,46
762,46
63673,46
87495,46
85062,46
11862,46
68730,46
85540,46
64835,46
82774,46
35949,46
20342,46
7183,46
26499,46
39584,46
41626,46
61291,46
36027,46
13627,46
52535,46
27858,46
47200,46
38918,46
71485,46
50250,46
27377,46
10527,46
41942,46
66652,46
40990,46
30888,46
99194,46
8812,46
91101,46
93734,46
13560,46
76610,46
1880,46
22599,46
37026,46
95290,46
37294,46
57284,46
20741,46
47329,46
4443,46
85476,46
87472,46
52695,46
59343,46
33718,46
4747,46
82654,46
2315,46
79938,46
81340,46
20630,46
16683,46
59498,46
12337,46
16414,46
20837,46
76182,46
22986,46
14045,46
9050,46
52017,46
2243,46
48312,46
34382,46
7317,46
26513,46
34406,46
87473,46
69357,46
50144,46
9103,46
61316,46
42231,46
42230,46
56264,46
6849,46
50212,46
62015,45
94346,45
76801,45
30488,45
6017,45
11266,45
4411,45
91894,45
51247,45
58875,45
74105,45
76600,45
50330,45
12512,45
52309,45
36328,45
39348,45
20665,45
91352,45
3322,45
71815,45
54535,45
65284,45
23870,45
77697,45
68293,45
50334,45
66645,45
52701,45
5757,45
82763,45
21443,45
14960,45
67855,45
57895,45
47931,45
12916,45
35657,45
16002,45
12229,45
15033,45
18852,45
37572,45
36266,45
68037,45
48456,45
62754,45
98538,45
31754,45
70358,45
70361,45
64267,45
7562,45
89829,45
16493,45
75594,45
14937,45
44763,45
25448,45
51069,45
33351,45
67387,45
65845,45
38732,45
4351,45
31762,45
82798,45
75517,45
87543,45
82299,45
41701,45
34387,45
53475,45
64958,45
2674,45
63144,45
33752,45
48159,45
49265,45
7866,45
75426,45
12496,45
85425,45
71288,45
57951,45
27592,45
29048,45
94913,45
5241,45
68663,45
6626,45
99635,45
63286,45
1729,45
91937,45
11812,45
22801,45
61415,45
48585,45
36674,45
34583,45
20704,45
20703,45
27624,45
73807,45
46717,45
46625,45
31020,45
67349,45
84083,45
24570,45
76704,45
41478,45
8431,45
24561,45
59432,45
74585,45
58185,45
19896,45
64206,45
53993,45
12166,45
94183,45
39074,45
28887,45
92572,45
36415,45
40163,45
22630,45
24580,45
68105,45
67815,45
28730,45
12726,45
43946,45
27492,45
16618,45
24619,45
40029,45
68122,45
71609,45
87961,45
80445,45
69861,45
3085,45
58932,45
87462,45
46331,45
6047,45
65530,45
77447,45
80462,45
13633,45
37285,45
95022,45
34020,45
48786,45
40104,45
18667,45
20527,45
27394,45
40115,45
61298,45
21842,45
83648,45
15655,45
2965,45
85635,45
71482,45
98235,45
41435,45
21783,45
74635,45
28786,45
58943,45
59424,45
5444,45
37880,45
45694,45
59873,45
53938,45
58209,45
24277,45
63183,45
91322,45
48043,45
28865,45
29568,45
68242,45
40210,45
71737,45
20632,45
80374,45
12188,45
98416,45
54320,45
17301,45
94968,45
76643,45
51673,45
64926,45
32172,45
5487,45
15316,45
58972,45
24834,45
16597,45
98184,45
82266,45
8501,45
43635,45
5509,45
58886,45
53481,45
58008,45
15226,45
96440,45
92274,45
63835,45
30507,45
34450,45
74173,45
24953,45
19841,45
91875,45
29015,45
47616,45
64035,45
54262,45
17983,45
62794,45
24118,45
10023,45
51393,45
7694,45
40009,45
76679,45
19876,45
47515,45
47594,45
19523,45
59133,45
31592,45
33025,45
56930,45
40214,45
62857,45
21944,45
39484,45
75097,45
20001,45
27205,45
6807,45
80710,45
15785,45
58367,45
59130,45
10032,45
49449,45
13599,45
89487,45
76663,45
63626,45
22561,45
74400,45
69817,45
15390,45
221,45
81465,45
28822,45
57194,45
4233,45
47704,45
87628,45
91075,45
31506,45
20841,45
6543,45
41047,45
89084,45
31985,45
57358,45
37111,45
81186,45
9628,45
433,45
42736,45
39765,45
68954,45
20351,45
97397,45
28156,45
99590,45
1137,45
14248,45
55446,45
5662,45
34863,45
58525,45
85175,45
38914,45
79655,45
2368,45
18800,45
31864,45
14782,45
38256,45
93801,45
68431,45
46055,45
89706,45
69620,45
781,45
95949,45
93630,45
9024,45
40598,45
92029,45
23477,45
97353,45
68489,45
48875,45
76105,45
23210,45
25833,45
72163,45
81235,45
18525,45
5067,45
26788,45
1221,45
5707,45
92427,45
33424,45
72145,45
57345,45
72683,45
6222,45
39391,45
26722,45
78917,45
84618,45
40859,45
31942,45
91585,45
97433,45
82949,45
90296,45
66797,45
26189,45
55605,45
34845,45
95734,45
95506,45
72279,45
75937,45
10297,45
51948,45
35211,45
9136,45
8817,45
88000,45
78213,45
61139,45
61528,45
34864,45
55635,45
45077,45
13213,45
3913,45
92171,45
70817,45
26165,45
72788,45
8345,45
67606,45
20231,45
94664,45
78386,45
39146,45
19755,45
6908,45
71081,45
82917,45
68901,45
94824,45
4919,45
52600,45
42472,45
72987,45
18199,45
88253,45
87045,45
42484,45
36064,45
69403,45
61703,45
94644,45
42644,45
12415,45
9002,45
9184,45
42091,45
98060,45
90276,45
87039,45
72939,45
64800,45
21073,45
11163,45
72104,45
93979,45
50126,45
45829,45
46848,45
37737,45
18504,45
57112,45
77128,45
39157,45
743,45
99130,45
8453,45
56402,45
41189,45
7096,45
67254,45
26483,45
95645,45
19716,45
93390,45
68939,45
64069,45
75721,45
17711,45
22336,45
95313,45
84973,45
48713,45
26972,45
99716,45
58784,45
25509,45
70523,45
40519,45
9440,45
26457,45
1310,45
88010,45
72003,45
63472,45
56397,45
52718,45
96086,45
23160,45
13960,45
57086,45
14892,45
93887,45
87197,45
97549,45
804,45
41161,45
7089,45
77939,45
49079,45
58642,45
50142,45
70504,45
85301,45
57776,45
41871,45
55869,45
72529,45
23615,45
84975,45
14015,45
26329,45
9664,45
17432,45
29154,45
25705,45
75647,45
7905,45
79631,45
66295,45
55226,45
38941,45
78018,45
63568,45
27877,45
29879,45
75629,45
57159,45
11009,45
81855,45
14022,45
73539,45
93348,45
11033,45
68420,45
50678,45
72601,45
95999,45
22191,45
42369,45
55156,45
56298,45
72453,45
91056,45
53082,45
83159,45
64051,45
51040,45
17845,45
27715,45
12365,45
91162,45
61861,45
35025,45
40951,45
42956,45
1759,45
45842,45
72597,45
14924,45
8984,45
82569,45
52752,45
88400,44
16301,44
64644,44
33728,44
37905,44
1843,44
33190,44
2950,44
16292,44
63991,44
64610,44
69511,44
16761,44
65434,44
67109,44
82991,44
6532,44
16782,44
36107,44
91770,44
99586,44
53752,44
82638,44
69911,44
45233,44
1865,44
58937,44
86782,44
9659,44
9918,44
23198,44
17090,44
93181,44
67723,44
2311,44
9916,44
16321,44
88351,44
52242,44
35886,44
91338,44
22580,44
77417,44
2027,44
44257,44
48864,44
82529,44
28860,44
49723,44
38189,44
92659,44
88413,44
10968,44
9653,44
31624,44
74864,44
80401,44
11386,44
51618,44
15972,44
36280,44
38207,44
6554,44
67301,44
97690,44
60803,44
83321,44
60031,44
48194,44
2523,44
33304,44
91621,44
23834,44
92616,44
45563,44
58857,44
23847,44
44603,44
53424,44
8842,44
48150,44
68068,44
22523,44
83140,44
82856,44
60662,44
31561,44
62314,44
23896,44
97337,44
16513,44
97140,44
53095,44
60155,44
33369,44
1757,44
69510,44
86874,44
93671,44
77181,44
63674,44
33347,44
5528,44
36020,44
33924,44
12131,44
8536,44
53284,44
9757,44
76465,44
33616,44
44680,44
51834,44
12226,44
44842,44
60173,44
30727,44
75485,44
65001,44
19554,44
80789,44
334,44
44564,44
8187,44
2405,44
21977,44
23397,44
45744,44
91737,44
5486,44
51646,44
18974,44
80873,44
1822,44
83488,44
18430,44
8199,44
58728,44
30788,44
38566,44
2261,44
16846,44
58710,44
45046,44
39805,44
93062,44
30918,44
58695,44
82677,44
19045,44
89473,44
93942,44
46301,44
76945,44
23294,44
497,44
60082,44
35122,44
16743,44
77095,44
77094,44
75274,44
44930,44
52511,44
22732,44
18975,44
76795,44
79572,44
38547,44
15867,44
58412,44
19769,44
23456,44
48421,44
35194,44
6390,44
75207,44
49669,44
67792,44
75179,44
65346,44
82264,44
9859,44
33233,44
76784,44
34677,44
35161,44
23427,44
44435,44
11094,44
32274,44
257,44
81893,44
3655,44
55130,44
55123,44
55107,44
38772,44
81898,44
20128,44
57187,44
43062,44
32001,44
47318,44
28370,44
17450,44
35632,44
40478,44
79850,44
11666,44
65873,44
43111,44
642,44
9035,44
39231,44
5131,44
17433,44
79853,44
73203,44
86304,44
79083,44
28264,44
55247,44
95992,44
56166,44
25695,44
80701,44
55173,44
73305,44
4801,44
85180,44
39221,44
55161,44
46878,44
20839,44
3663,44
10799,44
3659,44
70550,44
46864,44
43133,44
4800,44
25776,44
61958,44
10670,44
41179,44
21466,44
10128,44
17862,44
61948,44
51151,44
27662,44
43355,44
12003,44
85325,44
43297,44
92773,44
67684,44
96269,44
96288,44
95292,44
54654,44
47390,44
36646,44
71952,44
99903,44
1383,44
48718,44
25479,44
80704,44
36749,44
90214,44
32752,44
35644,44
14019,44
10686,44
56283,44
57150,44
14008,44
43174,44
91281,44
38965,44
6671,44
11999,44
32797,44
73652,44
4298,44
99835,44
8655,44
65779,44
65773,44
96210,44
48684,44
42854,44
8254,44
98842,44
35360,44
55727,44
55941,44
92085,44
72728,44
47209,44
61557,44
55949,44
78375,44
47226,44
42209,44
55729,44
66177,44
7441,44
40846,44
66701,44
13247,44
67611,44
17636,44
18612,44
70842,44
86148,44
42442,44
50071,44
92164,44
86037,44
49143,44
90487,44
84913,44
92831,44
42318,44
17710,44
32442,44
72574,44
17707,44
10380,44
42370,44
49127,44
7405,44
26328,44
4852,44
72509,44
26460,44
61622,44
64371,44
84955,44
40912,44
10415,44
66148,44
20247,44
32651,44
68846,44
88915,44
42102,44
11757,44
57243,44
85083,44
8333,44
35554,44
47296,44
46962,44
60420,44
84544,44
701,44
14695,44
36845,44
66884,44
47835,44
30220,44
34544,44
14721,44
95925,44
38906,44
42835,44
49979,44
61715,44
72853,44
28095,44
50764,44
81727,44
72381,44
28072,44
42166,44
17776,44
26049,44
3880,44
38887,44
79015,44
42624,44
72973,44
63555,44
34318,44
47729,44
86239,44
78173,44
92404,44
32580,44
25990,44
17580,44
61202,44
15108,44
10400,44
87550,44
7719,44
70156,44
3056,44
43739,44
34039,44
78823,44
3057,44
17972,44
41645,44
4441,44
29790,44
37222,44
88463,44
43771,44
20448,44
17941,44
81037,44
3205,44
53996,44
98338,44
18329,44
58053,44
27136,44
70209,44
71628,44
9330,44
17308,44
3266,44
3262,44
13863,44
11596,44
41547,44
56690,44
24511,44
92252,44
70192,44
99706,44
47440,44
10550,44
50333,44
63301,44
98356,44
20028,44
65573,44
58176,44
54110,44
11857,44
63524,44
63610,44
58156,44
66632,44
59180,44
83866,44
83791,44
71364,44
65553,44
13790,44
40209,44
92782,44
34055,44
36507,44
98366,44
27221,44
70071,44
43889,44
47485,44
71334,44
31689,44
12770,44
71757,44
91121,44
80157,44
21755,44
41603,44
17266,44
96616,44
62082,44
12753,44
33057,44
7206,44
32068,44
41279,44
24708,44
51301,44
47491,44
15136,44
10636,44
17339,44
98464,44
78748,44
84087,44
65654,44
46402,44
53897,44
96364,44
597,44
15156,44
13520,44
94997,44
51267,44
5420,44
18320,44
88759,44
7251,44
19417,44
7744,44
71915,44
59146,44
5946,44
63620,44
1434,44
47639,44
1585,44
34109,44
6661,44
30504,44
95271,44
62025,44
71890,44
98968,44
18308,44
41365,44
71278,44
10544,44
30118,44
94181,44
54636,44
3279,44
84049,44
37338,44
6296,44
96446,44
25009,44
37588,44
68649,44
83736,44
88757,44
38632,44
54473,44
27081,44
50257,44
24978,44
15229,44
74669,44
58207,44
600,44
1597,44
11121,44
4539,44
15245,44
42147,43
13649,43
87145,43
72373,43
27421,43
26577,43
45653,43
84939,43
5807,43
82983,43
56918,43
13622,43
35989,43
85549,43
9580,43
14281,43
32391,43
27487,43
14219,43
27274,43
4527,43
26498,43
61351,43
85995,43
61195,43
60109,43
71558,43
39397,43
37261,43
60233,43
52648,43
76172,43
88669,43
30841,43
61568,43
57263,43
52230,43
13369,43
12313,43
56936,43
58993,43
87428,43
41285,43
38961,43
82852,43
57114,43
27072,43
88276,43
61457,43
82788,43
85277,43
11928,43
88176,43
22917,43
93800,43
45425,43
85251,43
41931,43
82859,43
59352,43
71829,43
97645,43
59345,43
13869,43
41881,43
39625,43
29962,43
45459,43
9606,43
56453,43
30149,43
69126,43
61445,43
66446,43
16479,43
52351,43
93395,43
92693,43
41198,43
2158,43
67870,43
27629,43
69144,43
4327,43
2127,43
11062,43
4302,43
85436,43
67795,43
71727,43
71736,43
72223,43
61216,43
87502,43
45616,43
85106,43
59484,43
67839,43
85099,43
45310,43
27791,43
32308,43
32345,43
93002,43
72269,43
32348,43
62540,43
95516,43
29652,43
42128,43
14202,43
85334,43
72207,43
97788,43
95470,43
56551,43
64947,43
33659,43
22760,43
92766,43
61481,43
92257,43
88116,43
32043,43
66642,43
87424,43
85469,43
93804,43
56191,43
11060,43
85190,43
93528,43
31999,43
8092,43
62158,43
95878,43
42306,43
44448,43
59123,43
43597,43
25007,43
97094,43
29023,43
89526,43
67145,43
3275,43
93575,43
53553,43
31574,43
15266,43
74217,43
74231,43
84098,43
84007,43
11595,43
96472,43
87749,43
75136,43
69796,43
83432,43
92584,43
28629,43
31071,43
70150,43
43755,43
37606,43
40318,43
6306,43
54782,43
37582,43
70294,43
3469,43
54752,43
25238,43
6421,43
70260,43
83314,43
44632,43
83319,43
29063,43
96301,43
69734,43
62346,43
83332,43
39942,43
73930,43
70242,43
88060,43
25138,43
88477,43
67392,43
68309,43
11268,43
74042,43
23885,43
54562,43
54559,43
59823,43
74324,43
28975,43
2821,43
58217,43
70001,43
15526,43
24241,43
59860,43
74628,43
74901,43
88236,43
15527,43
24505,43
24490,43
28869,43
96772,43
28799,43
83705,43
83456,43
10949,43
24427,43
62180,43
59882,43
44229,43
12662,43
44223,43
86725,43
2987,43
44215,43
53886,43
89395,43
53873,43
91805,43
59136,43
86682,43
58181,43
88056,43
58102,43
53637,43
7007,43
24778,43
10920,43
33004,43
31069,43
96607,43
33196,43
74432,43
54144,43
24707,43
89342,43
38164,43
5474,43
44365,43
94215,43
60569,43
33046,43
74536,43
74544,43
69876,43
31658,43
7785,43
53723,43
31606,43
11001,43
3487,43
29927,43
31126,43
57435,43
42548,43
14549,43
55582,43
72880,43
86214,43
45040,43
6499,43
67465,43
37768,43
95801,43
6497,43
92762,43
67960,43
45091,43
10746,43
72992,43
55471,43
7477,43
93066,43
86929,43
93634,43
3834,43
60070,43
60061,43
65136,43
31504,43
13124,43
69559,43
28014,43
73741,43
33500,43
2331,43
68495,43
84859,43
66237,43
55797,43
55782,43
69533,43
36971,43
55743,43
88997,43
7993,43
89780,43
87900,43
36950,43
27995,43
23230,43
55710,43
45150,43
95723,43
11430,43
52790,43
72743,43
14480,43
4909,43
83045,43
97473,43
97472,43
84737,43
7486,43
97371,43
44960,43
38737,43
31786,43
9769,43
93564,43
33365,43
28404,43
59772,43
70393,43
33359,43
32763,43
97278,43
29091,43
87862,43
36740,43
44762,43
60865,43
40445,43
54924,43
89606,43
87696,43
53264,43
61890,43
23716,43
14982,43
91678,43
65796,43
5212,43
89210,43
31747,43
61865,43
89169,43
36228,43
69665,43
3792,43
44945,43
65980,43
67998,43
53022,43
86298,43
36834,43
83133,43
70592,43
73271,43
3674,43
91624,43
73318,43
65175,43
10794,43
11325,43
14838,43
89123,43
53119,43
93991,43
44853,43
32712,43
38117,43
23587,43
86378,43
73445,43
97315,43
41389,43
34962,43
1357,43
34022,43
35662,43
89998,43
35209,43
98391,43
64850,43
50632,43
63315,43
90702,43
35206,43
79109,43
46714,43
77452,43
50296,43
987,43
48582,43
81493,43
34358,43
22473,43
50708,43
45931,43
34562,43
48879,43
64278,43
64013,43
49498,43
47366,43
33773,43
35663,43
81973,43
35147,43
49396,43
1512,43
62616,43
64770,43
18109,43
90582,43
9235,43
81681,43
78746,43
90444,43
21738,43
17999,43
34218,43
80377,43
46112,43
49290,43
79051,43
78352,43
20298,43
35038,43
80561,43
50807,43
77991,43
77213,43
81345,43
20817,43
99470,43
8282,43
77795,43
21999,43
64060,43
35897,43
46228,43
77283,43
82193,43
52039,43
47926,43
47123,43
35447,43
34708,43
62647,43
17203,43
19682,43
21795,43
80246,43
78939,43
78602,43
90674,43
63575,43
20031,43
98976,43
63289,43
52063,43
82126,43
20049,43
79231,43
21424,43
76925,43
8869,43
8404,43
17689,43
49074,43
1934,43
18729,43
90223,43
90029,43
34951,43
79169,43
35070,43
20112,43
49503,43
64055,43
18171,43
21369,43
21370,43
78544,43
79193,43
566,43
78551,43
50093,43
79638,43
62636,43
35204,43
77238,43
78639,43
48704,43
35283,43
825,43
8360,43
82154,43
98792,43
46336,43
91323,43
63348,43
99523,43
77505,43
19648,43
35005,43
45992,43
33982,43
34254,43
1252,43
79702,43
77179,43
90795,43
90004,43
80097,43
19817,43
35972,43
20253,43
51217,43
48382,43
20536,43
50483,43
18042,43
8112,43
90359,43
64191,43
99210,43
18870,43
9195,43
22563,43
91226,43
81314,43
77702,43
9366,43
98061,43
50588,43
82449,43
78988,43
20514,43
47564,43
80044,43
82428,43
17777,43
32189,42
68805,42
23105,42
24584,42
48350,42
74513,42
56960,42
81154,42
27435,42
632,42
64753,42
47457,42
65872,42
70919,42
40449,42
60029,42
63237,42
88825,42
10326,42
77472,42
18025,42
62839,42
62094,42
57793,42
27413,42
47575,42
31351,42
88633,42
80813,42
75413,42
62345,42
48300,42
18175,42
56603,42
38811,42
81304,42
50749,42
62135,42
12976,42
45905,42
94762,42
6008,42
73479,42
75396,42
61638,42
53411,42
41276,42
51022,42
91396,42
2452,42
64427,42
82938,42
79221,42
36914,42
6402,42
17004,42
62316,42
51782,42
37427,42
71018,42
94410,42
71422,42
81076,42
90018,42
25797,42
42750,42
32648,42
66089,42
15920,42
87103,42
29368,42
46021,42
36508,42
71873,42
43777,42
34145,42
36322,42
75324,42
53454,42
99837,42
62718,42
58982,42
79223,42
41712,42
99934,42
63028,42
61381,42
68705,42
97977,42
57868,42
29534,42
1490,42
23089,42
11484,42
65975,42
12207,42
2449,42
62843,42
59118,42
68369,42
10552,42
8454,42
47769,42
62382,42
17218,42
25483,42
59409,42
40420,42
12932,42
90503,42
55750,42
8310,42
89043,42
49014,42
45030,42
94431,42
48549,42
84831,42
29737,42
16308,42
19108,42
73450,42
32673,42
13099,42
23773,42
75879,42
2371,42
87082,42
4542,42
32500,42
80120,42
78025,42
71556,42
75999,42
23765,42
70652,42
54125,42
73315,42
14779,42
28196,42
35362,42
65903,42
12242,42
56713,42
76094,42
19110,42
78241,42
16157,42
92421,42
31399,42
27911,42
7705,42
23728,42
95136,42
18013,42
19086,42
88068,42
73358,42
55663,42
13129,42
88260,42
53307,42
78756,42
84429,42
55373,42
56787,42
64555,42
83213,42
42919,42
35709,42
56797,42
13682,42
94747,42
62479,42
25683,42
36478,42
47757,42
81872,42
28189,42
71496,42
28185,42
52802,42
99048,42
12099,42
7247,42
42801,42
96636,42
17492,42
79038,42
78023,42
47076,42
71618,42
47524,42
359,42
83706,42
20279,42
23165,42
99968,42
23819,42
6039,42
35411,42
69269,42
40527,42
84769,42
44717,42
84374,42
30996,42
11479,42
69069,42
69290,42
62354,42
65066,42
61666,42
1136,42
193,42
30085,42
81913,42
46386,42
87656,42
37843,42
41591,42
87446,42
89155,42
81833,42
28333,42
85650,42
85509,42
21830,42
13048,42
3086,42
29754,42
13753,42
87785,42
44638,42
42530,42
47512,42
33479,42
9785,42
75977,42
36945,42
96030,42
79788,42
5869,42
76101,42
75470,42
40573,42
9501,42
10348,42
90231,42
57720,42
74553,42
53369,42
55703,42
96821,42
81191,42
71664,42
69073,42
30771,42
46858,42
39617,42
46179,42
81116,42
71661,42
30764,42
38168,42
16503,42
60306,42
56202,42
31157,42
78458,42
26773,42
26778,42
41966,42
22746,42
79441,42
15128,42
32312,42
76591,42
72489,42
7632,42
15122,42
68558,42
10480,42
21788,42
48099,42
51198,42
96915,42
30248,42
8805,42
37098,42
54610,42
45597,42
16565,42
29903,42
80153,42
69555,42
55927,42
91745,42
10285,42
60824,42
59834,42
15217,42
99495,42
60433,42
57056,42
76739,42
78841,42
69832,42
49657,42
67103,42
55452,42
15250,42
56266,42
77752,42
38574,42
32305,42
44254,42
66031,42
7776,42
46080,42
37126,42
78937,42
48917,42
12148,42
86760,42
8257,42
52342,42
80988,42
89438,42
44425,42
46075,42
84168,42
68566,42
24968,42
99567,42
10980,42
35956,42
95414,42
8515,42
3418,42
25198,42
11348,42
67115,42
59210,42
65645,42
53597,42
6796,42
73876,42
22787,42
29241,42
86826,42
59603,42
77124,42
57094,42
43564,42
63604,42
97837,42
99528,42
26550,42
82672,42
7787,42
35970,42
39877,42
35987,42
37052,42
26545,42
26544,42
90059,42
99119,42
10452,42
91450,42
29144,42
33177,42
85061,42
68925,42
35110,42
53131,42
85023,42
38567,42
60773,42
25060,42
75702,42
9571,42
48741,42
56000,42
30489,42
57071,42
18925,42
67191,42
68299,42
81262,42
89876,42
33905,42
97866,42
76628,42
39927,42
52285,42
460,42
15147,42
90594,42
91445,42
99506,42
58445,42
37039,42
12504,42
31279,42
55950,42
44290,42
42038,42
78880,42
65386,42
8436,42
74604,42
80942,42
63519,42
21942,42
44297,42
60188,42
38873,42
20931,42
53112,42
39882,42
64339,42
49621,42
94010,42
56106,42
23555,42
59759,42
82698,42
64914,42
30915,42
43527,42
57113,42
51211,42
86952,42
82366,42
78986,42
98810,42
63308,42
42374,42
60426,42
4010,42
7761,42
44003,42
74832,42
53496,42
60928,42
33260,42
47387,42
13943,42
36332,42
4700,42
81640,42
12779,42
49118,42
67638,42
76894,42
48006,42
7732,42
17120,42
47374,42
8943,42
99169,42
88445,42
57228,42
71271,42
17111,42
54803,42
67707,42
71077,42
45424,42
12733,42
28721,42
92840,42
46558,42
16421,42
48511,42
98412,42
72904,42
82853,42
57258,42
59437,42
85391,42
50083,42
43765,42
76322,42
81796,42
47963,42
81431,42
94347,42
80075,42
92505,42
19058,42
16377,42
76311,42
71886,42
61887,42
33275,42
10531,42
63721,42
5669,42
94333,42
6397,42
88119,42
38956,42
8613,42
94307,42
43758,42
53817,42
2229,42
94317,42
39305,42
86554,42
53181,42
35196,42
21648,42
47971,42
16386,42
90467,42
68082,42
47376,42
59195,42
48809,42
6880,42
37977,42
52400,42
9453,42
64842,42
23514,42
53072,42
96254,42
22832,42
85286,42
97732,42
985,42
82812,42
60221,42
21620,42
20981,42
43695,42
79317,42
22834,42
90823,42
91772,42
50438,42
19520,42
47358,42
61465,42
78828,42
3257,42
49732,42
42305,42
20991,42
12174,42
67095,42
97721,42
35536,42
48062,42
78315,42
82272,42
74849,42
38931,42
65002,42
59649,42
59586,42
43339,42
86676,42
52442,42
31029,42
55422,42
92057,42
96720,42
4270,42
8442,42
48877,42
64840,42
55431,42
91854,42
89228,42
2168,42
99419,42
79400,42
32277,42
84194,42
16926,41
27574,41
6044,41
33361,41
98741,41
94966,41
59765,41
41302,41
27555,41
6832,41
61657,41
95796,41
81766,41
20446,41
41304,41
27616,41
84692,41
32059,41
14570,41
85798,41
41207,41
53936,41
12138,41
69132,41
26105,41
13590,41
97329,41
50829,41
30631,41
61278,41
94903,41
53966,41
98117,41
30634,41
94941,41
56919,41
72866,41
6375,41
94916,41
72901,41
72668,41
17158,41
65343,41
20793,41
81494,41
98249,41
95625,41
5981,41
61468,41
66281,41
88959,41
8623,41
89518,41
60345,41
15825,41
11952,41
26847,41
65419,41
65416,41
46262,41
9117,41
68319,41
48768,41
92217,41
9106,41
92752,41
71953,41
61435,41
39148,41
65436,41
14388,41
33140,41
14376,41
62821,41
26373,41
72032,41
72569,41
15853,41
92128,41
53543,41
30470,41
12033,41
93595,41
11619,41
36351,41
44258,41
75124,41
56259,41
1012,41
17798,41
79846,41
20870,41
55969,41
7363,41
4176,41
18683,41
82236,41
18867,41
8619,41
44354,41
32356,41
65395,41
95539,41
88200,41
20924,41
32364,41
32373,41
11972,41
42071,41
6308,41
26512,41
15709,41
60327,41
53602,41
15704,41
12005,41
75111,41
35782,41
79833,41
95615,41
41993,41
42229,41
9403,41
32404,41
37034,41
26497,41
26730,41
79842,41
24116,41
81585,41
92122,41
56460,41
93486,41
17644,41
75511,41
15585,41
26188,41
85599,41
53330,41
56747,41
23768,41
47079,41
90297,41
20568,41
39383,41
60603,41
75475,41
71612,41
89385,41
896,41
96824,41
12079,41
27214,41
80451,41
44684,41
62303,41
55660,41
21118,41
26120,41
26121,41
26123,41
31353,41
92718,41
96789,41
83716,41
2613,41
88031,41
34751,41
18024,41
3911,41
17630,41
1743,41
48387,41
81332,41
93290,41
41421,41
42466,41
99004,41
85500,41
20626,41
51732,41
95680,41
78620,41
17909,41
66483,41
4385,41
92233,41
72637,41
29951,41
32462,41
276,41
65293,41
33951,41
36984,41
13908,41
46217,41
9099,41
61416,41
15648,41
53821,41
98272,41
23890,41
53830,41
22055,41
2684,41
51741,41
83335,41
32485,41
35740,41
38147,41
71799,41
41659,41
75343,41
19545,41
4414,41
50347,41
79752,41
15633,41
95695,41
44578,41
79907,41
98333,41
50889,41
84633,41
40298,41
3521,41
64535,41
8132,41
74322,41
86559,41
28628,41
70158,41
88331,41
18325,41
79260,41
31708,41
32801,41
38827,41
31456,41
58015,41
67018,41
86522,41
92844,41
83965,41
79235,41
70245,41
601,41
97969,41
93825,41
48278,41
11427,41
12787,41
45385,41
18257,41
87913,41
48023,41
15305,41
91495,41
54316,41
52470,41
76403,41
67072,41
49783,41
67071,41
24863,41
38939,41
52484,41
34970,41
49810,41
1479,41
65777,41
30188,41
88335,41
7678,41
79296,41
36554,41
43260,41
89206,41
60939,41
28670,41
49808,41
18297,41
94371,41
38227,41
74389,41
70420,41
68654,41
22369,41
59537,41
47900,41
64791,41
24761,41
67643,41
19668,41
59699,41
94470,41
31801,41
90520,41
70278,41
88135,41
13018,41
35888,41
45933,41
62943,41
5123,41
79127,41
28316,41
13029,41
86336,41
76121,41
73402,41
99319,41
40456,41
94447,41
37544,41
58719,41
54953,41
6210,41
163,41
54967,41
20078,41
43176,41
94418,41
6506,41
8270,41
30802,41
76263,41
12157,41
5198,41
88521,41
96537,41
73520,41
12940,41
66980,41
46529,41
5187,41
7053,41
90215,41
30971,41
40447,41
11043,41
94188,41
3239,41
16571,41
21570,41
11010,41
49625,41
29089,41
74118,41
29219,41
77722,41
93361,41
94033,41
25005,41
58430,41
9322,41
84134,41
38305,41
45609,41
35994,41
58410,41
96349,41
34645,41
99994,41
82742,41
10993,41
94045,41
86820,41
52182,41
73976,41
58533,41
93351,41
10085,41
39816,41
45707,41
5573,41
25049,41
82658,41
8107,41
65666,41
64893,41
96427,41
69598,41
58509,41
74097,41
35219,41
7653,41
69639,41
29204,41
39872,41
64879,41
77713,41
76687,41
39874,41
54533,41
39818,41
98436,41
29121,41
80890,41
58389,41
16681,41
15056,41
89827,41
54397,41
46707,41
33760,41
81965,41
69515,41
21615,41
80021,41
32961,41
12639,41
76842,41
54377,41
39740,41
79376,41
45584,41
40117,41
65749,41
19929,41
19931,41
38337,41
62054,41
6553,41
43324,41
8938,41
6547,41
80008,41
87923,41
97756,41
58272,41
17383,41
63326,41
81981,41
51196,41
90570,41
24983,41
35047,41
16539,41
43422,41
93005,41
11759,41
63927,41
84038,41
64867,41
3422,41
82784,41
21596,41
9545,41
60847,41
54437,41
30294,41
52163,41
52339,41
84031,41
54683,41
19306,41
63544,41
22328,41
53707,41
12228,41
95940,41
30380,41
96654,41
27772,41
3725,41
3115,41
31908,41
95950,41
66018,41
13185,41
73043,41
36829,41
58834,41
28051,41
7708,41
73197,41
7959,41
55295,41
12175,41
85949,41
69222,41
77520,41
57494,41
57205,41
55273,41
2412,41
95984,41
23283,41
87826,41
89074,41
20210,41
31412,41
5801,41
45095,41
76006,41
79017,41
2431,41
11839,41
42906,41
57189,41
55388,41
59502,41
70744,41
93766,41
16225,41
40770,41
11192,41
59726,41
45978,41
71087,41
52955,41
22235,41
97392,41
34822,41
87115,41
49455,41
77531,41
21207,41
73125,41
33427,41
38021,41
86002,41
27903,41
42775,41
36856,41
98091,41
73094,41
13308,41
54032,41
99964,41
78101,41
57379,41
45009,41
94724,41
87645,41
47710,41
51882,41
83064,41
19393,41
67736,41
2453,41
18144,41
75933,41
4817,41
27804,41
41014,41
48344,41
4819,41
4936,41
25902,41
22255,41
55340,41
30073,41
94808,41
31944,41
81859,41
24587,41
52834,41
31380,41
30038,41
37472,41
16263,41
99,41
21690,41
91571,41
84412,41
181,41
8725,41
92712,41
45140,41
10759,41
10757,41
676,41
34179,41
65094,41
60066,41
50967,41
42983,41
53101,41
22309,41
83017,41
8671,41
96736,41
32700,41
23552,41
14846,41
84387,41
87486,41
57116,41
91563,41
45165,41
14840,41
3669,41
35706,41
5093,41
78002,41
15403,41
2346,41
73005,41
16088,41
11869,41
46886,41
80527,41
8145,41
33519,41
85906,41
59755,41
7178,41
62860,41
98009,41
69342,41
94842,41
83887,41
13448,41
70574,41
51864,41
86311,41
74477,41
35871,41
70666,41
81133,41
14252,40
44327,40
90148,40
55492,40
43609,40
74610,40
62106,40
72484,40
54648,40
68568,40
74055,40
26566,40
50855,40
65671,40
55495,40
96950,40
65709,40
54642,40
55552,40
15117,40
38083,40
9297,40
77528,40
36881,40
208,40
33997,40
82122,40
77488,40
98450,40
17089,40
77679,40
26012,40
87375,40
11737,40
25921,40
51581,40
36489,40
84075,40
15537,40
15150,40
26537,40
98466,40
8635,40
82001,40
25025,40
1202,40
90154,40
32915,40
20940,40
9911,40
74040,40
77517,40
29897,40
60380,40
43494,40
42278,40
25118,40
60387,40
247,40
34299,40
53720,40
25039,40
68312,40
59641,40
64590,40
84965,40
130,40
14291,40
1205,40
51465,40
36590,40
14649,40
95866,40
11957,40
21186,40
59813,40
72951,40
73039,40
55109,40
84199,40
68871,40
24360,40
6739,40
21386,40
80532,40
66210,40
91277,40
5995,40
46774,40
10366,40
66179,40
53822,40
77604,40
15427,40
72640,40
65832,40
24807,40
73278,40
11838,40
67493,40
36725,40
49106,40
72789,40
50941,40
25396,40
91782,40
64482,40
87568,40
80641,40
83870,40
79958,40
83891,40
14826,40
44191,40
21039,40
9961,40
60473,40
84373,40
95727,40
62081,40
3636,40
24729,40
25560,40
26212,40
43069,40
66182,40
84385,40
72749,40
95731,40
77594,40
10195,40
35507,40
96843,40
61864,40
33117,40
24373,40
74367,40
73338,40
9341,40
54132,40
90907,40
55685,40
48717,40
1326,40
98669,40
17227,40
36915,40
96886,40
14350,40
25282,40
89286,40
78194,40
3467,40
55351,40
32372,40
11721,40
98426,40
92806,40
54383,40
99844,40
54384,40
3456,40
84535,40
14701,40
73828,40
14697,40
25247,40
44083,40
84703,40
77657,40
55577,40
44242,40
11162,40
54707,40
15093,40
24472,40
10401,40
61589,40
90228,40
17126,40
98262,40
96850,40
74702,40
91252,40
93526,40
90203,40
24851,40
84852,40
32822,40
21853,40
46412,40
43937,40
82197,40
9339,40
24447,40
59329,40
17408,40
51101,40
15027,40
34057,40
49170,40
84478,40
61927,40
24878,40
66253,40
83849,40
48623,40
3479,40
90180,40
32848,40
43145,40
8544,40
30267,40
88703,40
86625,40
41055,40
4806,40
36048,40
4797,40
39711,40
60112,40
80225,40
99140,40
64185,40
45417,40
79735,40
8855,40
18610,40
63442,40
97672,40
12736,40
8172,40
81257,40
53128,40
31661,40
45429,40
39462,40
28735,40
65182,40
69179,40
16081,40
31682,40
33893,40
11512,40
65151,40
38518,40
86075,40
35364,40
62710,40
79717,40
58095,40
61179,40
86025,40
97634,40
36198,40
40986,40
2221,40
67322,40
16120,40
8858,40
86008,40
93728,40
40995,40
38202,40
29340,40
50085,40
33889,40
94809,40
75790,40
92380,40
23497,40
2188,40
58962,40
4585,40
16722,40
29626,40
50209,40
18384,40
34440,40
52394,40
48882,40
37308,40
66610,40
56878,40
37304,40
75568,40
81004,40
56868,40
37303,40
66602,40
60211,40
86711,40
87202,40
9060,40
60311,40
7233,40
52378,40
20518,40
97738,40
52363,40
1960,40
44700,40
28794,40
4671,40
33355,40
44808,40
83174,40
57045,40
80396,40
97312,40
8506,40
57041,40
30638,40
8876,40
99113,40
5826,40
62394,40
27596,40
13551,40
66629,40
81022,40
30855,40
88715,40
81285,40
81286,40
31031,40
553,40
12683,40
22126,40
5398,40
41269,40
79346,40
1798,40
69271,40
90493,40
27920,40
37478,40
63643,40
31862,40
5073,40
62689,40
40632,40
57850,40
76949,40
8992,40
6618,40
366,40
5191,40
66865,40
57620,40
76067,40
35304,40
67940,40
18945,40
57596,40
45129,40
9686,40
70668,40
81132,40
33488,40
70351,40
58787,40
70343,40
79072,40
6861,40
86420,40
57813,40
57791,40
90522,40
7091,40
23131,40
82987,40
16293,40
61054,40
20106,40
45209,40
34557,40
5117,40
13041,40
36105,40
70606,40
66912,40
99972,40
31425,40
70422,40
28402,40
66965,40
671,40
30767,40
19081,40
64773,40
33540,40
23111,40
70688,40
70689,40
45981,40
24178,40
86177,40
86172,40
57457,40
88307,40
30720,40
99215,40
75935,40
16197,40
57984,40
10885,40
67013,40
31941,40
18204,40
80424,40
7952,40
86128,40
86126,40
70899,40
40872,40
59994,40
16381,40
38508,40
52968,40
63420,40
29516,40
18330,40
92401,40
62453,40
57563,40
20227,40
69419,40
23287,40
40375,40
49487,40
18238,40
94657,40
81075,40
89801,40
88493,40
97465,40
97461,40
33562,40
66807,40
57980,40
8962,40
70756,40
67761,40
10737,40
4966,40
87023,40
79014,40
81138,40
94350,40
70243,40
23336,40
80824,40
16490,40
44784,40
33926,40
76607,40
64935,40
31060,40
62596,40
56366,40
22741,40
41862,40
66406,40
94064,40
91164,40
14002,40
95354,40
92590,40
22728,40
71881,40
62276,40
62613,40
38300,40
53584,40
77299,40
82738,40
8527,40
95403,40
9594,40
34650,40
85248,40
1001,40
75213,40
33666,40
31483,40
59159,40
75279,40
56464,40
68213,40
69848,40
69843,40
1699,40
85341,40
50393,40
94083,40
26994,40
49690,40
41785,40
41793,40
75253,40
62295,40
15871,40
82276,40
93906,40
66414,40
62289,40
32258,40
32259,40
20746,40
18428,40
20754,40
11574,40
11576,40
64292,40
59229,40
72238,40
52203,40
9891,40
16617,40
67828,40
67814,40
50496,40
52240,40
76700,40
97840,40
99537,40
67200,40
56066,40
85054,40
37752,40
37070,40
38684,40
72330,40
4130,40
63356,40
85037,40
47266,40
19772,40
36394,40
56041,40
80891,40
95483,40
19816,40
11136,40
52291,40
60757,40
14061,40
5523,40
14063,40
58455,40
12485,40
77314,40
34342,40
29826,40
79839,40
90833,40
92187,40
88377,40
59831,40
50477,40
14087,40
64877,40
29099,40
8197,40
95461,40
18869,40
35112,40
82690,40
76668,40
4372,40
40004,40
5156,40
50244,40
93209,40
58311,40
67405,40
71684,40
37676,40
41487,40
38603,40
7280,40
97754,40
58347,40
80334,40
69879,40
38330,40
91139,40
64000,40
76829,40
60848,40
8551,40
86771,40
34416,40
83336,40
59046,40
28881,40
85468,40
22795,40
49390,40
935,40
59890,40
82298,40
56708,40
71796,40
10557,40
87787,40
27114,40
13827,40
71761,40
76537,40
5897,40
23889,40
27360,40
75342,40
16500,40
56534,40
44569,40
64674,40
33649,40
16987,40
27232,40
51227,40
51717,40
92722,40
9603,40
39416,40
39748,40
50282,40
505,40
17911,40
95194,40
12105,40
76558,40
1737,40
22488,40
39766,40
41680,40
6984,40
99606,39
77794,39
48287,39
18547,39
36735,39
28482,39
94015,39
88405,39
49626,39
58475,39
79371,39
506,39
12890,39
81019,39
43172,39
84119,39
38966,39
94440,39
28476,39
3342,39
28485,39
93954,39
31535,39
67209,39
29164,39
69927,39
29169,39
69948,39
40111,39
21361,39
12643,39
73464,39
12455,39
7071,39
88347,39
20116,39
8877,39
63349,39
98616,39
19768,39
18506,39
12622,39
70374,39
21380,39
18401,39
74044,39
43131,39
90600,39
31618,39
10093,39
39910,39
65867,39
30207,39
96098,39
90978,39
67082,39
12651,39
70415,39
84347,39
31778,39
29408,39
5337,39
67614,39
79269,39
28967,39
29253,39
43294,39
94303,39
60453,39
10901,39
54638,39
54741,39
37687,39
73657,39
87015,39
86657,39
62004,39
19973,39
48020,39
47967,39
3400,39
39682,39
40008,39
73716,39
10983,39
28925,39
48002,39
70089,39
17373,39
88450,39
84250,39
86638,39
32815,39
46677,39
79285,39
94095,39
58107,39
60941,39
94097,39
64021,39
28656,39
54862,39
43245,39
99841,39
79447,39
25284,39
91004,39
35068,39
30217,39
81984,39
93854,39
34144,39
10156,39
79414,39
3432,39
69743,39
48276,39
5455,39
84302,39
12688,39
86504,39
87034,39
25290,39
10117,39
73795,39
54604,39
10130,39
54925,39
29021,39
37598,39
69806,39
28757,39
49680,39
37702,39
31657,39
21459,39
99474,39
3546,39
96223,39
65690,39
6175,39
98560,39
84290,39
69891,39
73637,39
43396,39
87562,39
56033,39
46827,39
21049,39
27101,39
48516,39
56548,39
98782,39
27123,39
72680,39
78637,39
11923,39
81658,39
18711,39
18713,39
81399,39
29725,39
71784,39
78272,39
29739,39
6804,39
63874,39
50658,39
34771,39
95651,39
90406,39
47386,39
61437,39
78308,39
72618,39
14416,39
29769,39
88178,39
71945,39
71942,39
69015,39
13892,39
3964,39
20636,39
27460,39
78256,39
47068,39
61656,39
47555,39
95055,39
10332,39
47561,39
72819,39
47565,39
71472,39
95755,39
55611,39
95029,39
56858,39
64213,39
17629,39
50233,39
41445,39
49401,39
13729,39
27187,39
37913,39
50295,39
899,39
29698,39
47520,39
14481,39
56777,39
71603,39
61332,39
95116,39
60605,39
875,39
26184,39
63847,39
37938,39
72021,39
98935,39
87340,39
17796,39
90334,39
55957,39
7350,39
26699,39
78439,39
78441,39
42045,39
50484,39
78445,39
1027,39
14095,39
264,39
7343,39
99738,39
26666,39
32388,39
26627,39
26570,39
19482,39
42172,39
29872,39
26564,39
64313,39
72305,39
72286,39
95527,39
88192,39
20894,39
14197,39
42120,39
95522,39
26755,39
20960,39
47185,39
84898,39
41915,39
42303,39
26877,39
72534,39
19524,39
4301,39
78528,39
17836,39
72038,39
56354,39
50644,39
4325,39
26935,39
49353,39
4277,39
79819,39
81534,39
84941,39
39185,39
72491,39
34345,39
72120,39
72117,39
59209,39
56268,39
26854,39
98917,39
47172,39
95619,39
12013,39
85249,39
72092,39
66608,39
20497,39
49902,39
49491,39
34523,39
28103,39
88618,39
93437,39
79021,39
25727,39
55249,39
91078,39
94632,39
70690,39
13130,39
95996,39
80612,39
48572,39
78007,39
69318,39
70757,39
40774,39
84477,39
27957,39
65957,39
78994,39
4943,39
58837,39
42836,39
70821,39
81834,39
94682,39
57480,39
12219,39
57486,39
5748,39
64119,39
46887,39
28168,39
4648,39
55184,39
67307,39
6109,39
40591,39
25599,39
20161,39
28286,39
49932,39
57730,39
40535,39
43056,39
50994,39
65890,39
91055,39
61053,39
51003,39
37848,39
28254,39
84386,39
59514,39
42965,39
5029,39
25675,39
7121,39
88600,39
8471,39
40634,39
99813,39
38034,39
46880,39
17481,39
86290,39
8991,39
79067,39
37423,39
86103,39
42789,39
9016,39
89056,39
42629,39
50805,39
69167,39
34815,39
69171,39
91104,39
14617,39
1188,39
78854,39
50162,39
81764,39
99775,39
57074,39
27658,39
78834,39
4719,39
71293,39
41287,39
94987,39
84708,39
66622,39
27513,39
17616,39
50202,39
37321,39
27573,39
34448,39
13562,39
55553,39
322,39
8433,39
88711,39
5813,39
29588,39
63893,39
86030,39
73057,39
61734,39
34734,39
12424,39
21211,39
63018,39
4849,39
71076,39
17544,39
39520,39
70963,39
68720,39
86088,39
13290,39
71066,39
7175,39
27677,39
80769,39
58947,39
78133,39
47670,39
78897,39
57163,39
71161,39
99143,39
9027,39
18127,39
42711,39
21194,39
57206,39
7488,39
55439,39
63821,39
72180,39
63772,39
88098,39
31105,39
83410,39
65242,39
33068,39
76464,39
93261,39
87988,39
45810,39
74319,39
19288,39
22298,39
44671,39
23246,39
77296,39
80269,39
80542,39
45528,39
44879,39
8672,39
53984,39
76441,39
62751,39
64837,39
1488,39
23570,39
83164,39
60263,39
67892,39
46314,39
54244,39
62634,39
74983,39
21769,39
30612,39
90063,39
97696,39
74600,39
53722,39
82841,39
90761,39
62848,39
17289,39
83559,39
30565,39
36277,39
74909,39
24252,39
24910,39
16227,39
62413,39
60320,39
1572,39
7812,39
97895,39
45076,39
51752,39
96469,39
91730,39
65105,39
22518,39
91397,39
83055,39
51305,39
83576,39
46232,39
9920,39
65498,39
24230,39
7921,39
45116,39
2655,39
97910,39
7808,39
22176,39
45112,39
98137,39
51578,39
83563,39
23529,39
74649,39
6320,39
21893,39
21793,39
53956,39
9802,39
51311,39
97533,39
83799,39
82567,39
34940,39
97619,39
7704,39
54099,39
1679,39
9650,39
30358,39
76257,39
17265,39
65564,39
2824,39
38381,39
67785,39
45350,39
33576,39
97984,39
89929,39
77164,39
60240,39
83847,39
9777,39
45887,39
93049,39
36076,39
46289,39
9514,39
16051,39
99916,39
77573,39
1507,39
15406,39
83883,39
99976,39
53639,39
36060,39
1665,39
10019,39
53205,39
89618,39
24719,39
97616,39
43863,39
83448,39
74393,39
15382,39
8749,39
22151,39
52088,39
96539,39
77359,39
62560,39
62264,39
44727,39
51660,39
22104,39
90044,39
67963,39
65013,39
43993,39
24576,39
65232,39
16801,39
24565,39
76393,39
83940,39
65353,39
75119,39
53685,39
33818,39
8766,39
11282,39
30834,39
96580,39
30534,39
76966,39
62260,39
11342,39
54035,39
75128,39
24159,39
76901,39
38813,39
51816,39
9512,39
16784,39
23138,39
97894,39
16259,39
2835,39
45656,39
89954,39
62340,39
2005,39
83326,39
43628,39
62609,39
75269,39
22260,39
34024,39
2510,39
24312,39
36000,39
24314,39
44115,39
75943,39
23820,39
36285,39
68202,39
44213,39
38713,39
52964,39
83096,39
15190,39
76681,39
44543,39
9709,39
80507,39
62599,39
45745,39
84065,39
24991,39
53406,39
97125,39
83610,39
52924,39
2082,39
74155,39
9947,39
97123,39
22688,39
1608,39
80368,39
38537,39
87680,39
16662,39
22028,39
53000,39
16191,39
76670,39
48779,39
62165,39
65455,39
33857,39
18941,39
8090,39
53439,39
22754,39
74810,39
53815,39
98247,39
62137,39
52985,39
60286,39
82388,39
24351,39
68358,39
49012,39
51541,38
31199,38
82231,38
31738,38
41270,38
58855,38
7072,38
5155,38
77352,38
29864,38
66339,38
7078,38
20460,38
92168,38
48564,38
95533,38
4195,38
64572,38
82414,38
4144,38
82974,38
61777,38
28511,38
71339,38
66962,38
60534,38
6271,38
12195,38
79184,38
65974,38
68810,38
93129,38
73270,38
64789,38
54047,38
81096,38
92033,38
73246,38
26249,38
95543,38
35380,38
57318,38
80218,38
78100,38
67775,38
7494,38
40863,38
43985,38
42043,38
2322,38
43988,38
39064,38
48309,38
18577,38
32624,38
56147,38
10806,38
2321,38
80095,38
228,38
42048,38
92002,38
12151,38
70296,38
21848,38
67534,38
95712,38
30063,38
68333,38
1906,38
72329,38
52697,38
27907,38
31737,38
86068,38
29535,38
46385,38
70491,38
23641,38
48348,38
62435,38
4708,38
70359,38
8036,38
92390,38
57366,38
73215,38
92360,38
5195,38
49008,38
12936,38
71311,38
55241,38
77344,38
52642,38
19626,38
12140,38
42070,38
25764,38
40957,38
70934,38
84443,38
24310,38
90687,38
20077,38
91654,38
40952,38
91787,38
63497,38
378,38
81194,38
55818,38
56129,38
88303,38
73259,38
65207,38
82541,38
11432,38
79205,38
5209,38
16936,38
99880,38
81271,38
61597,38
12941,38
75031,38
87503,38
21014,38
76282,38
10663,38
72635,38
83846,38
9178,38
47630,38
48854,38
7144,38
1809,38
49888,38
31372,38
51805,38
28508,38
97288,38
92467,38
39032,38
24624,38
70411,38
57373,38
30637,38
3697,38
37557,38
18961,38
43943,38
37555,38
83193,38
47281,38
78055,38
70381,38
10698,38
31775,38
47918,38
77338,38
53674,38
83520,38
78416,38
39150,38
23387,38
62182,38
4741,38
29464,38
67737,38
81736,38
47191,38
44281,38
70814,38
63044,38
53075,38
48831,38
95609,38
67320,38
31385,38
36483,38
55913,38
22283,38
24429,38
47187,38
13143,38
6465,38
58902,38
62131,38
71151,38
66677,38
84681,38
83692,38
13225,38
8171,38
26395,38
57133,38
55955,38
61196,38
62700,38
23354,38
76048,38
45038,38
86251,38
72944,38
81669,38
55530,38
23270,38
64111,38
41118,38
81591,38
15587,38
79924,38
4828,38
57152,38
85886,38
780,38
9979,38
86255,38
66139,38
72864,38
31232,38
81724,38
65493,38
59774,38
17095,38
83722,38
98301,38
98745,38
72513,38
2517,38
1568,38
3908,38
57218,38
80675,38
72832,38
35,38
16123,38
23330,38
70776,38
42534,38
32523,38
9028,38
20229,38
3898,38
51562,38
98743,38
72481,38
64759,38
66095,38
13207,38
64595,38
49469,38
89041,38
4802,38
26152,38
79732,38
16841,38
77110,38
34255,38
85936,38
68774,38
41053,38
95616,38
44909,38
71080,38
4045,38
57589,38
52919,38
83537,38
88591,38
89750,38
7165,38
37496,38
91327,38
2873,38
54007,38
78118,38
79678,38
72735,38
47242,38
47659,38
15731,38
3828,38
13366,38
8986,38
8352,38
50701,38
36124,38
66039,38
21866,38
25941,38
51961,38
74767,38
42341,38
18841,38
50692,38
72712,38
23161,38
16289,38
79130,38
61739,38
82490,38
4124,38
28320,38
71242,38
68116,38
97331,38
96874,38
88623,38
40550,38
36201,38
42160,38
95720,38
9152,38
9954,38
1529,38
99190,38
79707,38
48363,38
36219,38
52785,38
10347,38
24212,38
57644,38
72409,38
81568,38
94598,38
3046,38
25984,38
79869,38
16192,38
37832,38
62202,38
13239,38
58942,38
96815,38
99266,38
88606,38
55696,38
98327,38
37354,38
62841,38
5802,38
95636,38
72408,38
31933,38
49960,38
28000,38
81782,38
64092,38
22215,38
69358,38
66889,38
61082,38
10427,38
30760,38
6489,38
97509,38
77453,38
95830,38
85853,38
67667,38
20183,38
92132,38
40823,38
22304,38
70621,38
68853,38
7186,38
87256,38
87294,38
34868,38
63962,38
7323,38
77290,38
78668,38
34610,38
5925,38
36352,38
44466,38
73592,38
56800,38
59551,38
34659,38
93180,38
63466,38
43790,38
33604,38
21413,38
22786,38
91500,38
64934,38
59687,38
96482,38
25421,38
66582,38
21427,38
20621,38
45606,38
12689,38
87627,38
94039,38
11125,38
5653,38
15292,38
66535,38
37804,38
25416,38
22905,38
70024,38
35249,38
41824,38
56712,38
39790,38
11221,38
45423,38
98132,38
3437,38
33598,38
24981,38
53280,38
60913,38
51775,38
8944,38
38592,38
35212,38
78565,38
66395,38
38897,38
82877,38
21390,38
66394,38
48632,38
17905,38
33682,38
93847,38
12015,38
49194,38
81937,38
41419,38
1464,38
84059,38
78604,38
86645,38
2114,38
62932,38
24793,38
24897,38
45845,38
54984,38
90119,38
17863,38
49637,38
30547,38
84325,38
32227,38
63139,38
91473,38
83420,38
18010,38
552,38
2091,38
71453,38
77821,38
71572,38
56382,38
74290,38
71569,38
5437,38
87575,38
56746,38
92830,38
38332,38
91943,38
39989,38
87240,38
60146,38
99839,38
31629,38
18446,38
6729,38
25214,38
67088,38
48118,38
99928,38
12538,38
69057,38
12077,38
69912,38
32142,38
69096,38
19737,38
16968,38
6973,38
17317,38
82744,38
9280,38
10112,38
10500,38
26944,38
1968,38
71578,38
89525,38
48619,38
86734,38
89306,38
7583,38
78742,38
82830,38
4368,38
27029,38
86701,38
2772,38
89324,38
81017,38
77840,38
2095,38
45753,38
92973,38
34965,38
48106,38
38350,38
39408,38
73906,38
62881,38
46158,38
4469,38
3210,38
5853,38
96489,38
44653,38
36706,38
93594,38
9609,38
85585,38
85513,38
45518,38
61938,38
5626,38
54459,38
52371,38
28820,38
22854,38
20770,38
26912,38
10529,38
46681,38
90887,38
96173,38
12657,38
41458,38
54891,38
12117,38
54236,38
73397,38
34181,38
34177,38
96611,38
25027,38
30580,38
24922,38
85198,38
7207,38
22587,38
77696,38
27495,38
33284,38
56700,38
22615,38
45335,38
80301,38
71648,38
29829,38
20581,38
21611,38
4504,38
14861,38
93004,38
89134,38
27132,38
66491,38
75384,38
25586,38
107,38
46699,38
7843,38
99818,38
16999,38
41784,38
75106,38
23675,38
55131,38
70188,38
21323,38
48196,38
37744,38
64541,38
54716,38
26770,38
56932,38
47964,38
29833,38
42024,38
69433,38
6514,38
20671,38
18053,38
40333,38
6920,38
69605,38
66538,38
76308,38
40339,38
73314,38
46885,38
52067,38
64040,38
65670,38
83308,38
21295,38
829,38
74081,38
76918,38
18309,38
8894,38
41295,38
73345,38
85694,38
2595,38
52226,38
98120,38
76723,38
21310,38
14104,38
39369,38
63189,38
77979,38
28579,38
97614,38
32698,38
73845,38
45321,38
39007,38
96262,38
34914,38
5896,38
80846,38
35030,38
12471,38
8390,38
48428,38
67626,38
33732,38
19696,38
51386,38
26820,38
4381,38
40250,38
75447,38
98908,38
86775,38
98949,38
93008,38
7605,38
97132,38
94119,38
30955,38
6967,38
75329,38
47580,38
14040,38
14036,38
84071,38
63873,38
17270,38
55038,38
62888,38
90456,38
63960,38
97027,38
58538,38
18661,38
77785,38
10973,38
13646,38
51747,38
35635,38
86614,38
36613,38
45637,38
94263,38
77595,38
93615,38
62942,38
83226,38
33008,38
82889,38
96065,38
24071,38
20498,38
11014,38
11818,38
78465,38
37946,38
29141,38
63378,38
33651,38
73410,38
3161,38
39860,38
3639,38
35702,38
83932,38
31702,38
12091,38
589,38
69640,38
60164,38
72143,38
65029,38
74391,38
40264,38
33219,38
22575,38
69647,38
54166,38
77310,38
60786,38
48425,38
48903,38
90224,38
77654,38
21340,38
15943,37
71697,37
18604,37
82278,37
72528,37
13788,37
47402,37
74866,37
81615,37
27009,37
11949,37
63214,37
19556,37
50194,37
98092,37
15670,37
40960,37
42368,37
37925,37
55842,37
20645,37
98149,37
64258,37
87269,37
20642,37
8699,37
4447,37
41736,37
90424,37
9461,37
4460,37
18905,37
33282,37
44574,37
47131,37
70983,37
68056,37
84101,37
30578,37
38524,37
13315,37
44201,37
91776,37
41686,37
19453,37
1711,37
2697,37
71805,37
4432,37
753,37
95273,37
22196,37
63175,37
98805,37
71930,37
34381,37
64231,37
79895,37
41011,37
49379,37
6670,37
48508,37
42316,37
62784,37
66532,37
13396,37
78928,37
65427,37
4830,37
63628,37
13809,37
80718,37
59795,37
16988,37
65287,37
32228,37
4467,37
55861,37
75419,37
87775,37
66260,37
65294,37
39159,37
10692,37
11943,37
4837,37
87784,37
77379,37
33266,37
93558,37
61295,37
72106,37
46146,37
815,37
27436,37
46271,37
90388,37
97261,37
24059,37
1009,37
23607,37
38682,37
71274,37
33220,37
58986,37
20826,37
5956,37
14196,37
85223,37
34775,37
4162,37
38587,37
34324,37
72315,37
39422,37
5958,37
33910,37
30546,37
23589,37
83262,37
50168,37
14218,37
22101,37
36392,37
94906,37
53144,37
16013,37
65352,37
7190,37
39217,37
56270,37
16914,37
5822,37
71448,37
813,37
41956,37
34439,37
69157,37
17059,37
50177,37
38669,37
61514,37
27500,37
1673,37
82353,37
4229,37
80499,37
26738,37
48380,37
36379,37
56131,37
30510,37
67437,37
92352,37
47301,37
36384,37
7883,37
89486,37
42039,37
37951,37
51795,37
23678,37
77343,37
78418,37
85779,37
22138,37
75043,37
93684,37
47286,37
7880,37
17791,37
46305,37
35408,37
80450,37
85683,37
62249,37
4180,37
64706,37
85095,37
93254,37
47292,37
62244,37
1748,37
81560,37
77144,37
92899,37
44449,37
72013,37
75477,37
56723,37
55926,37
33933,37
10416,37
44655,37
95128,37
29678,37
74924,37
7252,37
18115,37
41107,37
26494,37
72444,37
53086,37
9157,37
44485,37
78734,37
51676,37
13978,37
94837,37
59293,37
60602,37
50610,37
36426,37
74878,37
23498,37
68173,37
33417,37
18132,37
44261,37
12042,37
49294,37
18909,37
6388,37
15864,37
44507,37
20749,37
38637,37
6293,37
24245,37
78906,37
13441,37
26469,37
50569,37
91631,37
61229,37
20403,37
35761,37
26889,37
31348,37
53721,37
34788,37
81255,37
20784,37
32377,37
90069,37
77123,37
95568,37
13677,37
67338,37
65400,37
93544,37
77143,37
93588,37
71235,37
19484,37
21990,37
32022,37
50239,37
36410,37
20390,37
36275,37
98225,37
99134,37
93680,37
88691,37
4551,37
53104,37
36403,37
71530,37
95095,37
27355,37
95089,37
38644,37
92159,37
66563,37
803,37
42198,37
85009,37
51663,37
92371,37
27893,37
71822,37
65439,37
14866,37
73372,37
21687,37
25605,37
70191,37
38992,37
25590,37
86547,37
14856,37
38988,37
38800,37
82899,37
5670,37
40275,37
84368,37
83926,37
73365,37
24577,37
14842,37
25673,37
59718,37
23031,37
35611,37
12852,37
23016,37
21695,37
9349,37
84393,37
73342,37
5279,37
93829,37
52574,37
9245,37
58073,37
43059,37
86575,37
14913,37
52514,37
92668,37
30342,37
51029,37
77884,37
45394,37
43124,37
96588,37
55030,37
80402,37
76897,37
74357,37
36753,37
8505,37
69465,37
33000,37
55053,37
49806,37
65021,37
165,37
76356,37
64032,37
5668,37
24764,37
91836,37
67571,37
94302,37
32724,37
43068,37
46834,37
10202,37
16372,37
31735,37
80298,37
25799,37
11190,37
83832,37
3766,37
23125,37
42827,37
62105,37
33542,37
58742,37
40457,37
17527,37
21248,37
21249,37
76955,37
86425,37
40476,37
35576,37
12985,37
21737,37
15474,37
98699,37
36090,37
3779,37
89088,37
9998,37
25847,37
2320,37
11244,37
36506,37
100,37
65991,37
73099,37
7058,37
16768,37
58718,37
45295,37
63704,37
82940,37
30375,37
69420,37
40378,37
42936,37
29376,37
46484,37
87522,37
59511,37
70265,37
20064,37
20061,37
8045,37
3707,37
93314,37
78028,37
43907,37
95966,37
80297,37
8300,37
97592,37
64044,37
33035,37
60396,37
10844,37
3727,37
367,37
46486,37
99333,37
64794,37
14925,37
43792,37
98574,37
25202,37
69551,37
16682,37
90123,37
82750,37
91443,37
87957,37
79601,37
92597,37
35687,37
48133,37
12534,37
51172,37
51282,37
43418,37
48667,37
92984,37
19302,37
12566,37
61965,37
25242,37
48093,37
58355,37
80982,37
45767,37
63930,37
73830,37
9602,37
6966,37
9287,37
79421,37
84193,37
22711,37
80373,37
98513,37
25076,37
74120,37
46620,37
29148,37
6181,37
93349,37
68528,37
30265,37
49133,37
35973,37
8900,37
74092,37
9306,37
97848,37
22591,37
19009,37
30258,37
89250,37
89880,37
82684,37
73983,37
37733,37
67166,37
7640,37
34688,37
73965,37
31550,37
65698,37
18476,37
31555,37
76635,37
82735,37
77790,37
99581,37
30147,37
96516,37
31655,37
89826,37
65809,37
91958,37
67073,37
54269,37
79358,37
91947,37
58206,37
15325,37
49741,37
18381,37
81005,37
25379,37
28768,37
36728,37
2180,37
40177,37
43789,37
86660,37
88130,37
83945,37
46776,37
43171,37
38968,37
94218,37
88132,37
65855,37
65859,37
25465,37
73542,37
7575,37
32809,37
40044,37
12597,37
64531,37
62578,37
36011,37
40057,37
82591,37
16509,37
21470,37
77614,37
9334,37
34132,37
18801,37
69887,37
12590,37
54768,37
76533,37
98532,37
54317,37
91024,37
99457,37
64857,37
5440,37
32830,37
91303,37
69525,37
94138,37
9605,37
62914,37
96195,37
38943,37
62917,37
523,37
87886,37
60996,37
3020,37
99628,37
45967,37
93483,37
32581,37
83024,37
29471,37
32479,37
84641,37
30453,37
61685,37
20190,37
57518,37
72702,37
37988,37
45136,37
89005,37
45999,37
75907,37
80247,37
89375,37
60015,37
1593,37
64405,37
84697,37
93787,37
11493,37
10323,37
40601,37
10724,37
10773,37
35875,37
9207,37
60271,37
99893,37
9946,37
87419,37
55480,37
223,37
37455,37
61090,37
28117,37
87101,37
24479,37
42505,37
78998,37
94619,37
62482,37
40831,37
31937,37
36472,37
34269,37
81170,37
49077,37
46394,37
46427,37
78177,37
98766,37
21068,37
42626,37
90852,37
20258,37
1588,37
26036,37
10342,37
39589,37
78180,37
70706,37
97491,37
36894,37
72956,37
17647,37
26233,37
63054,37
28177,37
92779,37
17648,37
44054,37
70871,37
35083,37
40717,37
23262,37
47819,37
14462,37
45028,37
11907,37
10710,37
17198,37
51459,37
13076,37
46033,37
7134,37
74687,37
76116,37
90955,37
75883,37
81793,37
17546,37
11180,37
34719,37
66795,37
50057,37
13058,37
23422,37
61626,37
33464,37
51985,37
80504,37
48959,37
33526,37
38211,37
53933,37
22332,37
68389,37
79098,37
740,37
66015,37
51987,37
66804,37
50745,37
15574,37
5129,37
45177,37
28096,37
4905,37
92696,37
11625,37
24358,37
3997,37
74681,37
82124,37
9711,37
27902,37
19080,37
57325,37
92433,37
86228,37
23301,37
39071,37
37487,37
20243,37
35096,37
52856,37
68393,37
97460,37
23341,37
15510,37
7962,37
2,37
44101,37
79906,37
60506,37
55751,37
80777,37
55584,37
35358,37
36169,36
77047,36
69877,36
2516,36
884,36
12348,36
51754,36
18590,36
6361,36
48884,36
13228,36
60645,36
23764,36
46064,36
7136,36
41525,36
58262,36
33890,36
93108,36
35953,36
13212,36
79621,36
75796,36
57471,36
52349,36
76490,36
12361,36
91487,36
83059,36
18980,36
511,36
37680,36
20333,36
8077,36
69094,36
28890,36
9614,36
49458,36
82823,36
67372,36
9694,36
66785,36
57762,36
94802,36
11025,36
80895,36
69685,36
12404,36
76651,36
27164,36
4457,36
86108,36
76773,36
45629,36
62434,36
76638,36
80894,36
45619,36
48156,36
88355,36
29717,36
12197,36
64874,36
97799,36
93923,36
92275,36
10700,36
50314,36
63379,36
53358,36
50321,36
82296,36
23865,36
16624,36
29160,36
16648,36
30694,36
29157,36
39855,36
50049,36
5551,36
89858,36
37416,36
58528,36
23857,36
48219,36
70942,36
91708,36
37766,36
52246,36
80201,36
29123,36
49611,36
86956,36
50036,36
91697,36
754,36
13776,36
4488,36
56678,36
89567,36
48975,36
18207,36
40017,36
75814,36
85996,36
16855,36
67847,36
20618,36
85560,36
19887,36
82408,36
63997,36
19566,36
31045,36
69873,36
92292,36
22076,36
81350,36
23812,36
5619,36
6583,36
31383,36
2002,36
4478,36
91009,36
48235,36
90672,36
29011,36
75430,36
71003,36
20273,36
16178,36
31578,36
94723,36
94048,36
16680,36
92394,36
59069,36
86016,36
71712,36
57276,36
2110,36
45571,36
8117,36
12742,36
13183,36
77013,36
82937,36
9644,36
80221,36
91671,36
23646,36
16942,36
60999,36
49510,36
34545,36
9648,36
70318,36
5685,36
70323,36
48931,36
93816,36
47934,36
80422,36
49509,36
94535,36
31753,36
60073,36
94441,36
76249,36
6482,36
98118,36
2644,36
94582,36
83208,36
34445,36
27515,36
76055,36
83036,36
40319,36
57123,36
71368,36
11463,36
97276,36
41141,36
65215,36
13589,36
44788,36
7028,36
13112,36
82918,36
88718,36
60990,36
78876,36
94760,36
44792,36
86273,36
22318,36
87070,36
8480,36
57711,36
76175,36
82489,36
87815,36
99294,36
79166,36
46113,36
23600,36
51817,36
76976,36
64067,36
94500,36
20121,36
35825,36
70481,36
30644,36
92919,36
41192,36
57062,36
6496,36
10813,36
51991,36
62666,36
5139,36
23605,36
93169,36
41223,36
77134,36
12939,36
79760,36
23087,36
97304,36
2542,36
57861,36
28438,36
78830,36
78831,36
28282,36
75710,36
88277,36
47915,36
85814,36
61247,36
64187,36
47858,36
41181,36
39638,36
82971,36
23118,36
70435,36
19603,36
28182,36
78795,36
92517,36
86633,36
68195,36
40747,36
29329,36
1929,36
98130,36
56840,36
94656,36
28692,36
69468,36
94277,36
94289,36
29567,36
10624,36
32092,36
57520,36
87804,36
47989,36
75564,36
40729,36
75566,36
67358,36
53234,36
11533,36
44889,36
95040,36
9733,36
35181,36
70768,36
49997,36
28084,36
79634,36
70026,36
62566,36
48022,36
12331,36
2524,36
12111,36
18578,36
58142,36
13169,36
39715,36
52860,36
32104,36
82336,36
75763,36
65015,36
27402,36
2622,36
81316,36
11300,36
76914,36
94294,36
23274,36
45113,36
12821,36
37603,36
28160,36
16242,36
93672,36
79261,36
79035,36
82553,36
22116,36
30823,36
71392,36
23670,36
85690,36
71174,36
840,36
93833,36
60650,36
60676,36
45333,36
52578,36
5673,36
20493,36
41335,36
28625,36
53224,36
29459,36
8148,36
97951,36
47807,36
35921,36
86250,36
5011,36
848,36
85893,36
93164,36
92509,36
85674,36
28148,36
58087,36
34532,36
88736,36
5015,36
37313,36
81244,36
38217,36
71408,36
93782,36
40751,36
84100,36
54276,36
143,36
95439,36
63063,36
35020,36
14899,36
44074,36
19421,36
54187,36
8236,36
12002,36
3038,36
95436,36
65511,36
51170,36
37996,36
90379,36
73452,36
62241,36
24083,36
95424,36
34905,36
81914,36
14076,36
87327,36
51005,36
53959,36
14600,36
10115,36
56177,36
73870,36
38742,36
21112,36
19238,36
72848,36
63746,36
21671,36
75054,36
84023,36
6258,36
42546,36
24128,36
15369,36
15556,36
7348,36
96980,36
32332,36
84178,36
98206,36
53640,36
20858,36
32533,36
46592,36
65494,36
61662,36
21603,36
47308,36
26026,36
87479,36
53960,36
3406,36
48710,36
36880,36
92839,36
46673,36
98724,36
20797,36
82036,36
98654,36
64411,36
65347,36
50970,36
73935,36
30406,36
65589,36
44467,36
38856,36
81492,36
21183,36
65336,36
44034,36
19313,36
91816,36
85288,36
9209,36
96442,36
8391,36
93224,36
91218,36
14020,36
49132,36
17170,36
55528,36
8339,36
72118,36
55517,36
82153,36
38651,36
32576,36
14621,36
72113,36
15237,36
24510,36
11577,36
36366,36
21590,36
25998,36
50821,36
3414,36
17042,36
15822,36
4266,36
98636,36
32716,36
59855,36
35692,36
44370,36
4300,36
77439,36
59295,36
1082,36
73713,36
55786,36
92102,36
51100,36
54259,36
96214,36
2906,36
55775,36
14953,36
15032,36
1079,36
81550,36
25420,36
1075,36
92150,36
67586,36
81959,36
21897,36
50574,36
55759,36
47212,36
15721,36
87559,36
33170,36
80549,36
33163,36
24328,36
34281,36
59552,36
96881,36
90719,36
77608,36
19224,36
44222,36
95634,36
26370,36
25378,36
84277,36
38050,36
37015,36
55854,36
47142,36
72577,36
17728,36
51349,36
98246,36
54854,36
46346,36
29939,36
35489,36
59562,36
74824,36
48608,36
66202,36
96528,36
3973,36
31091,36
60525,36
74245,36
59542,36
73799,36
21919,36
24406,36
90351,36
98765,36
83679,36
1147,36
8200,36
14502,36
83526,36
48473,36
29980,36
30340,36
36545,36
44360,36
88112,36
15580,36
91305,36
95499,36
10066,36
37080,36
98299,36
98517,36
10177,36
80130,36
72351,36
54962,36
84221,36
30305,36
32838,36
42205,36
14262,36
98224,36
53828,36
90691,36
30452,36
62205,36
10167,36
74962,36
90338,36
83950,36
83946,36
56010,36
74976,36
74987,36
20920,36
1130,36
72732,36
33182,36
68348,36
3571,36
15399,36
63122,36
82209,36
32623,36
77693,36
23963,36
5898,36
61444,36
66475,36
3736,36
73091,36
90822,36
38630,36
73985,36
73204,36
98671,36
62297,36
73309,36
56443,36
3110,36
62032,36
51432,36
25765,36
77712,36
61827,36
51219,36
93218,36
90103,36
53447,36
65651,36
43544,36
18837,36
54082,36
55282,36
61447,36
19403,36
56395,36
74481,36
46503,36
96658,36
25038,36
11844,36
77524,36
48548,36
55166,36
34376,36
35793,36
96001,36
63015,36
3771,36
30367,36
8234,36
49088,36
62998,36
34208,36
3357,36
27007,36
74127,36
46928,36
81458,36
17881,36
31112,36
4363,36
3764,36
4357,36
55185,36
9319,36
15472,36
27034,36
18835,36
74475,36
15893,36
98946,36
3679,36
73192,36
6092,36
42853,36
17499,36
7644,36
83390,36
55314,36
38882,36
17238,36
80183,36
17214,36
89356,36
39309,36
43478,36
83809,36
2695,36
98470,36
42909,36
43558,36
36864,36
23883,36
44486,36
14795,36
42721,36
74499,36
98933,36
67553,36
89365,36
51678,36
15135,36
88109,36
98482,36
25630,36
20683,36
89126,36
82008,36
81840,36
44575,36
11748,36
92221,36
36808,36
20684,36
43000,36
3717,36
23983,36
13989,36
61729,36
6182,36
38898,36
66026,36
50850,36
98354,36
62518,35
94725,35
99974,35
10150,35
78270,35
94414,35
2971,35
18294,35
39550,35
6501,35
13250,35
45486,35
77865,35
65154,35
83852,35
59784,35
36962,35
37424,35
92012,35
93283,35
88506,35
60458,35
57401,35
69981,35
21003,35
46491,35
58145,35
92926,35
70985,35
34986,35
39119,35
99392,35
81818,35
52608,35
6632,35
92546,35
32682,35
65969,35
40465,35
5649,35
19980,35
19395,35
63413,35
42333,35
96812,35
330,35
70261,35
99346,35
30966,35
37870,35
24664,35
17678,35
17421,35
39124,35
97570,35
5758,35
65853,35
90209,35
36043,35
42340,35
40371,35
46004,35
45247,35
83881,35
48983,35
52920,35
70866,35
11209,35
99834,35
47146,35
67752,35
32781,35
16455,35
97711,35
53820,35
61170,35
95679,35
50055,35
78312,35
68691,35
83100,35
74808,35
99344,35
9473,35
44182,35
26291,35
87854,35
70947,35
62825,35
84834,35
64379,35
97708,35
4002,35
26321,35
47747,35
79905,35
78044,35
79715,35
94755,35
45272,35
156,35
62661,35
52640,35
5392,35
61605,35
36520,35
35498,35
40930,35
13300,35
30998,35
22460,35
559,35
12926,35
80083,35
19457,35
28743,35
99868,35
42351,35
92825,35
67288,35
8357,35
6274,35
58653,35
99345,35
84425,35
94733,35
93855,35
94391,35
7948,35
32657,35
68631,35
38206,35
28444,35
14433,35
46381,35
77854,35
16446,35
91385,35
79194,35
12928,35
63236,35
18548,35
26282,35
40437,35
21034,35
40974,35
84868,35
18362,35
68815,35
68461,35
42867,35
6539,35
67020,35
86167,35
60470,35
48958,35
58672,35
17593,35
28638,35
14616,35
99357,35
52594,35
79111,35
79271,35
86514,35
11694,35
17251,35
84580,35
16736,35
46840,35
12257,35
25907,35
80272,35
66860,35
95809,35
70655,35
39668,35
95814,35
55525,35
55417,35
77941,35
58092,35
4998,35
36139,35
60085,35
46883,35
31414,35
58766,35
36773,35
98804,35
97629,35
20675,35
87477,35
31826,35
68374,35
70549,35
61698,35
42631,35
21342,35
21753,35
65064,35
13126,35
50812,35
5023,35
90889,35
42658,35
76185,35
51481,35
69438,35
45162,35
38442,35
42690,35
25617,35
63291,35
14849,35
25954,35
70594,35
39609,35
67308,35
25622,35
73023,35
13062,35
94336,35
64081,35
46976,35
89939,35
3060,35
13075,35
68737,35
92042,35
3064,35
24714,35
38765,35
8497,35
91511,35
24555,35
67505,35
68746,35
64445,35
76075,35
3641,35
67314,35
62130,35
40637,35
92930,35
86277,35
43860,35
91985,35
62483,35
70624,35
83924,35
17555,35
28224,35
28,35
59747,35
77501,35
31707,35
37460,35
42745,35
28651,35
55410,35
59398,35
13203,35
90289,35
66793,35
58752,35
63646,35
48920,35
80638,35
90217,35
26,35
61036,35
70781,35
16735,35
43971,35
25843,35
28068,35
88452,35
82169,35
68366,35
35287,35
16844,35
8054,35
70250,35
81052,35
84336,35
73512,35
54116,35
64831,35
88651,35
70826,35
46499,35
93447,35
1334,35
76361,35
3583,35
66164,35
45041,35
93849,35
14919,35
21819,35
80102,35
24693,35
70444,35
70809,35
37435,35
42510,35
34026,35
16313,35
88643,35
29410,35
44091,35
7133,35
28556,35
81728,35
65878,35
42594,35
49482,35
36502,35
48534,35
82156,35
90267,35
48587,35
99767,35
38246,35
50768,35
3882,35
52712,35
8018,35
55406,35
30053,35
82550,35
651,35
58807,35
17606,35
57976,35
6053,35
55057,35
94284,35
66126,35
21220,35
6215,35
81716,35
6058,35
11323,35
21368,35
3604,35
70101,35
76162,35
6855,35
61110,35
69462,35
40764,35
42564,35
83725,35
86373,35
90107,35
58104,35
43825,35
13165,35
89039,35
78189,35
29990,35
46428,35
4838,35
12528,35
11734,35
11126,35
25172,35
23710,35
8526,35
67431,35
27411,35
997,35
71452,35
85656,35
85246,35
62262,35
48454,35
46264,35
47340,35
58413,35
63456,35
26821,35
43423,35
23695,35
25181,35
62886,35
79478,35
10485,35
63449,35
73905,35
89514,35
4602,35
92333,35
78509,35
29658,35
69571,35
54632,35
7868,35
85285,35
69737,35
90394,35
4294,35
75174,35
65238,35
7241,35
80209,35
53571,35
85271,35
52292,35
98187,35
18006,35
44458,35
465,35
99055,35
66399,35
1742,35
80727,35
31558,35
23725,35
66586,35
72083,35
60565,35
4634,35
39444,35
14059,35
80973,35
36581,35
46284,35
31364,35
47309,35
54422,35
71366,35
41294,35
7796,35
97779,35
82346,35
19865,35
90057,35
49686,35
56155,35
18061,35
68953,35
53192,35
41280,35
18063,35
75067,35
82046,35
4197,35
54709,35
56130,35
43375,35
42066,35
99084,35
31580,35
27503,35
61286,35
18449,35
58406,35
80348,35
32310,35
82260,35
41350,35
53222,35
83222,35
59212,35
93861,35
39968,35
13625,35
4640,35
20479,35
95000,35
81533,35
51786,35
22729,35
56907,35
83462,35
61985,35
41316,35
3276,35
17318,35
63862,35
91301,35
38645,35
90025,35
33323,35
93652,35
32933,35
1436,35
77688,35
45708,35
74033,35
38617,35
6722,35
78594,35
50380,35
49599,35
11230,35
43594,35
52235,35
21539,35
92277,35
27202,35
99533,35
54580,35
86938,35
95286,35
19324,35
27017,35
69010,35
52207,35
79811,35
87276,35
85520,35
71888,35
37182,35
50312,35
31511,35
48212,35
27108,35
81423,35
22039,35
22602,35
284,35
95240,35
68188,35
44592,35
33719,35
71808,35
77244,35
76726,35
7306,35
81427,35
92625,35
88107,35
64673,35
20648,35
8776,35
86898,35
13836,35
71777,35
33276,35
75400,35
53399,35
25100,35
32939,35
66534,35
2761,35
85322,35
41827,35
62356,35
59635,35
91877,35
48445,35
46242,35
15223,35
51755,35
71597,35
32138,35
50256,35
44657,35
29095,35
56367,35
54490,35
47534,35
60326,35
26918,35
56756,35
99047,35
18000,35
76647,35
67608,35
98477,35
95100,35
8396,35
39297,35
95175,35
56683,35
71701,35
86883,35
84128,35
82630,35
56670,35
2016,35
77225,35
95171,35
26993,35
99031,35
81985,35
12407,35
18653,35
68508,35
26991,35
73989,35
13942,35
50281,35
8714,35
97177,35
63180,35
47519,35
60573,35
98144,35
62290,35
90400,35
10460,35
17228,35
4073,35
49536,35
87152,35
47688,35
62916,35
85869,35
8750,35
83191,35
10667,35
50112,35
37372,35
97898,35
503,35
91168,35
38851,35
79753,35
1045,35
10127,35
91862,35
36565,35
53683,35
88203,35
26636,35
20404,35
2528,35
69867,35
15276,35
5424,35
69186,35
5453,35
38831,35
84011,35
51346,35
62915,35
26621,35
60717,35
51331,35
4092,35
11309,35
66334,35
99122,35
14266,35
23519,35
7597,35
50556,35
13506,35
86722,35
16083,35
90346,35
82806,35
8079,35
53090,35
77109,35
18390,35
63852,35
33388,35
1469,35
29287,35
48506,35
46310,35
50561,35
147,35
60210,35
80073,35
18137,35
5428,35
74971,35
64967,35
10422,35
63316,35
6664,35
58948,35
88704,35
26410,35
24254,35
14353,35
54903,35
63190,35
33885,35
46708,35
27579,35
53755,35
6191,35
68094,35
91952,35
25250,35
32823,35
21614,35
33655,35
8931,35
54790,35
55987,35
28953,35
9029,35
60537,35
47235,35
89320,35
25237,35
7897,35
28861,35
73658,35
71037,35
96948,35
31589,35
65605,35
40016,35
94956,35
67347,35
41246,35
56089,35
37679,35
44358,35
72470,35
34134,35
11769,35
64356,35
46342,35
51324,35
10125,35
45775,35
58320,35
73731,35
1644,35
26560,35
16498,35
55885,35
5473,35
19124,35
7167,35
52171,35
79430,35
49436,35
90362,35
69526,35
42269,35
66268,35
28859,35
64532,35
83987,35
47627,35
67862,35
42273,35
6845,35
52340,35
45724,34
12463,34
19913,34
70015,34
7697,34
77605,34
52260,34
76922,34
31727,34
54140,34
21629,34
43600,34
10103,34
80898,34
52352,34
2257,34
88481,34
15207,34
51277,34
11403,34
3234,34
17488,34
81875,34
45826,34
1912,34
49531,34
2259,34
86879,34
25672,34
45728,34
51269,34
43369,34
93358,34
90984,34
8120,34
57934,34
18386,34
52128,34
67873,34
60766,34
17351,34
5225,34
19760,34
32676,34
36551,34
52125,34
33626,34
76849,34
21718,34
90607,34
31514,34
8109,34
58520,34
30173,34
1514,34
65923,34
79574,34
54103,34
84430,34
42921,34
94160,34
86991,34
25381,34
3129,34
7702,34
89861,34
94406,34
59632,34
46646,34
76297,34
80366,34
52236,34
89113,34
32688,34
28530,34
74020,34
92821,34
58617,34
52045,34
51263,34
24688,34
8248,34
10037,34
52056,34
32983,34
25412,34
32910,34
16599,34
55205,34
3340,34
28513,34
74333,34
74041,34
11714,34
45472,34
74314,34
530,34
60870,34
54577,34
66993,34
52375,34
1364,34
43892,34
40155,34
32679,34
18488,34
1916,34
11761,34
48590,34
77880,34
401,34
43417,34
62079,34
22722,34
7687,34
69865,34
91282,34
60181,34
64522,34
98490,34
35962,34
68450,34
36055,34
86819,34
37717,34
30208,34
15294,34
22940,34
73414,34
9629,34
5605,34
590,34
12593,34
73918,34
45357,34
54360,34
60409,34
80404,34
79646,34
63815,34
76823,34
97664,34
73538,34
86773,34
37781,34
60927,34
22731,34
60841,34
1322,34
15265,34
73857,34
38979,34
15081,34
45570,34
35634,34
10070,34
30833,34
74200,34
25227,34
79291,34
22522,34
90174,34
17441,34
54194,34
38377,34
99387,34
43680,34
14902,34
18333,34
10199,34
37787,34
32877,34
89330,34
15271,34
89329,34
98509,34
54736,34
5471,34
86597,34
51289,34
87615,34
54684,34
10116,34
6899,34
10081,34
39890,34
12707,34
73970,34
81058,34
28879,34
93828,34
54487,34
35235,34
94209,34
23013,34
25131,34
61881,34
98657,34
80036,34
15134,34
49561,34
82718,34
69574,34
31545,34
28875,34
77808,34
60191,34
76660,34
21421,34
45538,34
30934,34
48690,34
69589,34
6225,34
28868,34
59711,34
1381,34
16593,34
47958,34
30881,34
64919,34
37814,34
62951,34
16583,34
25628,34
6165,34
52159,34
35625,34
82586,34
89897,34
58555,34
51374,34
45748,34
87641,34
46852,34
34624,34
77741,34
36634,34
59593,34
82560,34
48914,34
54160,34
97945,34
38997,34
93407,34
28608,34
19383,34
46517,34
22808,34
96029,34
84315,34
30235,34
73754,34
24799,34
8064,34
52476,34
39925,34
28600,34
54635,34
88385,34
52341,34
43313,34
60821,34
44581,34
76269,34
68919,34
42139,34
68295,34
24157,34
50,34
98873,34
98876,34
47278,34
26647,34
34329,34
98211,34
59244,34
75658,34
49426,34
72270,34
35820,34
53691,34
18093,34
32347,34
16073,34
50528,34
18866,34
80132,34
53703,34
37961,34
34786,34
75002,34
63196,34
83167,34
57066,34
85031,34
51851,34
92167,34
64709,34
56048,34
21929,34
34332,34
15736,34
90058,34
4672,34
81541,34
42032,34
53193,34
37317,34
96994,34
41296,34
71375,34
15779,34
18047,34
59927,34
42004,34
5833,34
15780,34
63185,34
77175,34
85745,34
56116,34
10461,34
47624,34
72253,34
47623,34
26679,34
23628,34
97289,34
17063,34
14156,34
8598,34
60562,34
44374,34
67350,34
27557,34
42065,34
42058,34
34466,34
75725,34
12193,34
15680,34
33420,34
90081,34
68862,34
23488,34
61573,34
9172,34
34002,34
47164,34
55895,34
6292,34
14322,34
44904,34
48358,34
6393,34
23507,34
19221,34
88676,34
10402,34
68076,34
26366,34
91192,34
14370,34
83126,34
99189,34
34484,34
20994,34
8206,34
58897,34
31389,34
6634,34
42320,34
71045,34
57256,34
18934,34
4051,34
53775,34
18102,34
2899,34
41109,34
58929,34
19473,34
18110,34
72441,34
95582,34
31079,34
41131,34
97338,34
10679,34
68101,34
95579,34
66314,34
29582,34
10675,34
32011,34
4075,34
63099,34
38561,34
44264,34
66681,34
98815,34
71129,34
41068,34
14306,34
83156,34
44272,34
27746,34
94834,34
41083,34
22182,34
12169,34
89679,34
88680,34
78786,34
81301,34
63731,34
15881,34
11287,34
27002,34
53375,34
44536,34
27223,34
20597,34
8189,34
17008,34
53387,34
10569,34
88247,34
4367,34
53473,34
78683,34
95182,34
23941,34
41781,34
71914,34
44633,34
56403,34
13723,34
31058,34
41811,34
29772,34
47523,34
6322,34
33315,34
36338,34
88852,34
38609,34
23948,34
16982,34
23806,34
41565,34
50305,34
17007,34
64651,34
931,34
23851,34
53413,34
9097,34
20691,34
56533,34
13878,34
23863,34
69029,34
20681,34
27128,34
47425,34
33292,34
46199,34
47429,34
29736,34
75319,34
71791,34
27043,34
75390,34
53391,34
59147,34
15890,34
32180,34
83381,34
46185,34
64245,34
88846,34
47474,34
60588,34
71781,34
66480,34
69025,34
37191,34
91125,34
12039,34
47381,34
36344,34
56869,34
26825,34
90393,34
4614,34
38588,34
53252,34
75145,34
7876,34
56833,34
51661,34
38591,34
85642,34
91679,34
4595,34
26864,34
68987,34
36257,34
83236,34
61451,34
849,34
20486,34
38582,34
77319,34
19184,34
31036,34
78774,34
56239,34
71415,34
9124,34
23683,34
72140,34
37120,34
68136,34
90459,34
44745,34
4282,34
91680,34
98921,34
62368,34
87222,34
2650,34
59170,34
71547,34
17996,34
38601,34
17994,34
4311,34
47373,34
2760,34
75210,34
44497,34
56726,34
17023,34
64276,34
5922,34
61321,34
68996,34
80208,34
15844,34
62366,34
53560,34
65335,34
33247,34
20778,34
68992,34
47540,34
2770,34
75187,34
85306,34
8697,34
53322,34
75503,34
86011,34
19405,34
55855,34
25999,34
68742,34
90101,34
42677,34
79679,34
76079,34
70625,34
1850,34
33496,34
8994,34
70637,34
66056,34
32584,34
63039,34
35545,34
98727,34
28233,34
52766,34
53983,34
23203,34
5718,34
98004,34
44018,34
13064,34
66038,34
78123,34
25937,34
25958,34
63592,34
97521,34
66894,34
62485,34
47838,34
92801,34
88312,34
19654,34
30424,34
28184,34
92060,34
48536,34
77038,34
63064,34
2415,34
17163,34
61664,34
60011,34
45082,34
62473,34
40762,34
59404,34
95770,34
15552,34
26116,34
72898,34
26061,34
32560,34
42628,34
55514,34
31881,34
88975,34
76046,34
44056,34
48316,34
92050,34
44061,34
92692,34
3874,34
15533,34
7729,34
36140,34
30020,34
42708,34
39619,34
70579,34
23186,34
3751,34
55316,34
52654,34
70408,34
64568,34
42834,34
8026,34
54065,34
17220,34
67953,34
24617,34
84498,34
31782,34
83840,34
66961,34
66972,34
84475,34
67648,34
2279,34
76267,34
7520,34
39024,34
84445,34
81084,34
54094,34
84449,34
83857,34
20088,34
55272,34
84463,34
49225,34
76240,34
45255,34
18281,34
95909,34
82510,34
28306,34
79672,34
25894,34
82989,34
18261,34
95872,34
12258,34
52726,34
61066,34
21200,34
49931,34
16282,34
11868,34
13051,34
86317,34
98710,34
89362,34
30785,34
25851,34
42803,34
42800,34
42785,34
92452,34
43976,34
7498,34
13004,34
10256,34
8488,34
95890,34
37517,34
6051,34
91423,34
45932,34
78196,34
1182,34
75965,34
84790,34
39542,34
99209,34
9938,34
31948,34
89413,34
3971,34
14450,34
40868,34
21044,34
93753,34
99967,34
31084,34
33866,34
38502,34
40843,34
88649,34
89012,34
3959,34
66765,34
29977,34
29499,34
70857,34
44137,34
1591,34
84766,34
40821,34
35352,34
17664,34
88075,34
3932,34
46029,34
31402,34
3983,34
99208,34
59331,34
16146,34
83116,34
44952,34
88981,34
97364,34
79897,34
64161,34
98803,34
66239,34
94764,34
4006,34
18703,34
77433,34
87398,34
91602,34
88990,34
65443,34
65444,34
23424,34
97379,34
70952,34
39532,34
27925,34
52971,34
95692,34
59356,34
34799,34
66203,34
90505,34
23385,34
33468,34
72786,34
10335,34
11914,34
55633,34
40786,34
83695,34
83056,34
23331,34
57464,34
14528,34
48825,34
18225,34
78214,34
6760,34
69327,33
29764,33
67386,33
49332,33
92753,33
38293,33
79653,33
49085,33
80471,33
11784,33
49070,33
29868,33
8838,33
19095,33
38520,33
35202,33
11810,33
48220,33
99794,33
80815,33
59739,33
93778,33
93003,33
68627,33
170,33
93202,33
68510,33
93770,33
68421,33
29700,33
90818,33
93723,33
12043,33
11743,33
39298,33
60484,33
60619,33
39031,33
6036,33
92857,33
30168,33
87087,33
87038,33
67764,33
6611,33
87344,33
67451,33
11097,33
12194,33
38408,33
87619,33
29397,33
38703,33
29396,33
92747,33
19617,33
39516,33
35151,33
35014,33
79965,33
38416,33
87261,33
11422,33
30922,33
87274,33
49361,33
18701,33
60125,33
59817,33
59558,33
87349,33
92756,33
87388,33
87814,33
29718,33
69235,33
69049,33
12316,33
103,33
87517,33
68414,33
5999,33
49538,33
63740,33
59381,33
58606,33
34908,33
39604,33
38450,33
31087,33
38901,33
49349,33
87920,33
63725,33
5629,33
38646,33
30909,33
30232,33
59780,33
19144,33
93888,33
86962,33
39003,33
18983,33
59431,33
48758,33
30653,33
18522,33
59215,33
63871,33
90905,33
93571,33
8687,33
68749,33
30130,33
31268,33
38734,33
93011,33
31357,33
80560,33
38664,33
67515,33
58574,33
68666,33
11419,33
59762,33
35013,33
5967,33
93947,33
19093,33
19107,33
60505,33
48392,33
59294,33
99951,33
93901,33
80868,33
63584,33
87527,33
11997,33
60522,33
67784,33
86950,33
59775,33
34792,33
68761,33
67996,33
58760,33
11613,33
39760,33
87494,33
68603,33
80277,33
19505,33
8769,33
79874,33
234,33
90793,33
59009,33
87876,33
49544,33
87546,33
80454,33
69368,33
59224,33
88219,33
8811,33
48519,33
18520,33
18802,33
39621,33
93720,33
35977,33
49591,33
71430,33
84677,33
84653,33
21163,33
50833,33
81765,33
78147,33
42691,33
55465,33
66043,33
25901,33
14672,33
21203,33
84557,33
84556,33
42764,33
89087,33
98706,33
42779,33
35568,33
34213,33
81810,33
42826,33
25802,33
35594,33
64434,33
72912,33
14581,33
17610,33
72779,33
26285,33
42424,33
14449,33
72685,33
92088,33
26248,33
72703,33
50691,33
1133,33
21058,33
8347,33
14513,33
84695,33
50718,33
72793,33
50724,33
72803,33
17633,33
98755,33
72813,33
26141,33
26125,33
91215,33
92068,33
50929,33
17516,33
81846,33
73809,33
54885,33
96174,33
43253,33
15006,33
96208,33
61920,33
89215,33
77818,33
36681,33
89218,33
51130,33
96244,33
3534,33
64502,33
89235,33
43419,33
73901,33
43432,33
54624,33
73966,33
46664,33
25133,33
96360,33
21538,33
98551,33
25391,33
14804,33
55074,33
90241,33
3692,33
84420,33
42947,33
36785,33
89130,33
81895,33
98641,33
55100,33
55094,33
61859,33
46818,33
17414,33
61863,33
36762,33
73521,33
81938,33
73570,33
25437,33
98564,33
54945,33
77850,33
3553,33
96146,33
47121,33
26317,33
72612,33
71877,33
17964,33
35422,33
47482,33
17934,33
10558,33
64248,33
4415,33
17914,33
71838,33
95248,33
91149,33
41751,33
7263,33
7308,33
27008,33
71974,33
56407,33
78561,33
81483,33
8395,33
41837,33
26928,33
26927,33
50419,33
47503,33
4486,33
10489,33
66562,33
99072,33
56837,33
71457,33
99071,33
99063,33
4588,33
32106,33
95067,33
50241,33
71524,33
85611,33
27329,33
20596,33
9075,33
66558,33
10589,33
27290,33
27273,33
13738,33
95146,33
61350,33
20584,33
56687,33
27246,33
85294,33
85267,33
17701,33
42286,33
26552,33
42182,33
14260,33
8379,33
90332,33
78363,33
47190,33
95610,33
84952,33
66296,33
26446,33
42293,33
50519,33
78340,33
26390,33
34286,33
72556,33
42328,33
14387,33
50650,33
55843,33
47139,33
55827,33
55817,33
98854,33
85036,33
50443,33
20846,33
47346,33
78504,33
72097,33
26817,33
41947,33
88890,33
41967,33
56214,33
72173,33
78455,33
32326,33
78450,33
78398,33
34336,33
92186,33
72224,33
42051,33
20866,33
64304,33
85074,33
78404,33
81558,33
26617,33
42141,33
96380,33
43532,33
54551,33
83108,33
9728,33
44918,33
65162,33
62421,33
91611,33
97361,33
75823,33
22219,33
9716,33
36197,33
36193,33
77069,33
23521,33
36192,33
44992,33
44998,33
52943,33
22249,33
23348,33
7957,33
75949,33
8152,33
45988,33
45985,33
51879,33
65174,33
2403,33
62375,33
8184,33
44643,33
83298,33
62360,33
23752,33
23745,33
75525,33
23735,33
23717,33
22103,33
44720,33
23687,33
7922,33
97267,33
53213,33
64702,33
46121,33
44809,33
77169,33
51860,33
53132,33
89660,33
16095,33
22178,33
7981,33
2397,33
53390,33
22780,33
22944,33
36035,33
36031,33
45816,33
45812,33
64991,33
82800,33
45531,33
76530,33
33645,33
2122,33
1989,33
76345,33
97785,33
33743,33
9588,33
76767,33
82621,33
76685,33
52205,33
64907,33
76692,33
22624,33
22621,33
22955,33
52568,33
33493,33
1887,33
82469,33
82473,33
7988,33
76087,33
23214,33
76099,33
23207,33
7991,33
35877,33
16812,33
35884,33
52675,33
23000,33
16770,33
97562,33
52647,33
76242,33
16340,33
22388,33
22389,33
52634,33
91520,33
33808,33
76330,33
77228,33
91353,33
89255,33
96683,33
83938,33
21677,33
1498,33
96604,33
82097,33
1503,33
33023,33
77570,33
3127,33
15438,33
74505,33
74531,33
96535,33
33049,33
15484,33
15486,33
54023,33
74575,33
53985,33
74608,33
51471,33
9983,33
62844,33
17168,33
3195,33
24804,33
96776,33
82047,33
74115,33
43588,33
74135,33
54494,33
77678,33
21589,33
11364,33
54450,33
51291,33
89281,33
21618,33
3256,33
3203,33
3241,33
36567,33
83986,33
89303,33
83977,33
74304,33
54278,33
74309,33
54272,33
96520,33
51369,33
98318,33
96778,33
2690,33
2798,33
77328,33
7797,33
24091,33
44400,33
33967,33
46272,33
83441,33
51650,33
98188,33
24027,33
89521,33
97057,33
53660,33
75189,33
46235,33
98169,33
75270,33
9415,33
15911,33
23872,33
89547,33
22045,33
91709,33
83341,33
24125,33
46306,33
24416,33
98265,33
53912,33
7748,33
9957,33
53862,33
98289,33
53832,33
44178,33
74796,33
96848,33
15673,33
53792,33
24285,33
2851,33
1638,33
8203,33
53760,33
33993,33
24219,33
74954,33
17078,33
65401,33
83545,33
1653,33
24168,33
71434,33
92991,33
13458,33
69709,33
464,33
41182,33
47830,33
69736,33
85813,33
35393,33
37662,33
10766,33
69946,33
85822,33
85838,33
18245,33
66704,33
71215,33
12640,33
94024,33
70669,33
35275,33
4970,33
58432,33
99505,33
28073,33
79368,33
71245,33
27625,33
37491,33
20423,33
79333,33
90555,33
40976,33
49762,33
12902,33
91042,33
49759,33
86201,33
40384,33
58449,33
6939,33
70773,33
79279,33
86021,33
69726,33
40605,33
20173,33
79521,33
41147,33
91005,33
94040,33
69915,33
35388,33
50086,33
41023,33
79435,33
70721,33
71103,33
94343,33
48090,33
90535,33
10975,33
4994,33
58281,33
57222,33
49984,33
40720,33
58318,33
12591,33
13149,33
57537,33
10888,33
12555,33
20376,33
37604,33
12542,33
12868,33
86226,33
88414,33
99454,33
57121,33
40095,33
57270,33
92496,33
71184,33
57965,33
63331,33
28549,33
40340,33
725,33
47951,33
79028,33
91011,33
71038,33
71040,33
58063,33
50172,33
78953,33
79332,33
28727,33
40192,33
58488,33
18066,33
20117,33
19967,33
4901,33
57347,33
35353,33
5537,33
28276,33
70076,33
50048,33
4690,33
28013,33
28471,33
69664,33
37327,33
99102,33
13538,33
40892,33
57377,33
61133,33
86114,33
79562,33
29162,33
70865,33
5556,33
37740,33
69636,33
78783,33
47776,33
5547,33
32073,33
49903,33
18268,33
99310,33
31665,33
88661,33
71383,33
79297,33
27979,33
70898,33
86450,33
58482,33
13140,33
94191,33
47865,33
99293,33
8952,33
40571,33
12911,33
5529,33
70092,33
10908,33
27617,33
4870,33
81150,33
81268,33
94192,33
27595,33
94530,33
57019,33
60793,33
47999,33
31958,33
12478,33
20159,33
94293,32
53872,32
40295,32
80151,32
53864,32
37601,32
12750,32
62793,32
83659,32
30447,32
89491,32
80497,32
62147,32
75103,32
30435,32
92676,32
64634,32
44128,32
33104,32
24076,32
53895,32
74757,32
2888,32
87003,32
31691,32
70206,32
15612,32
36399,32
53846,32
77342,32
75078,32
15719,32
93839,32
48743,32
91341,32
8746,32
89417,32
99364,32
53808,32
33978,32
70149,32
47980,32
83596,32
28647,32
48749,32
83517,32
92515,32
99897,32
48751,32
65387,32
94299,32
62809,32
68342,32
86624,32
24287,32
63392,32
62213,32
8679,32
24162,32
39695,32
63744,32
15628,32
75010,32
44177,32
96959,32
33097,32
56875,32
87676,32
5190,32
65618,32
24865,32
54298,32
82052,32
68478,32
115,32
19293,32
38095,32
86457,32
74306,32
40405,32
11055,32
38830,32
24840,32
12284,32
68466,32
35695,32
5691,32
1482,32
74332,32
21653,32
51360,32
24817,32
15337,32
34073,32
37569,32
57906,32
83959,32
79652,32
49857,32
7043,32
3180,32
40441,32
40506,32
96420,32
90962,32
59625,32
3314,32
87600,32
63797,32
54527,32
9310,32
32937,32
74125,32
15211,32
37889,32
40489,32
66946,32
46606,32
11735,32
51281,32
65649,32
43626,32
70465,32
24972,32
28384,32
86396,32
24947,32
47912,32
3267,32
15269,32
5184,32
36544,32
54181,32
24428,32
70256,32
54040,32
98362,32
24563,32
21757,32
44005,32
98359,32
44010,32
65539,32
37830,32
47954,32
68385,32
98345,32
67017,32
24524,32
81057,32
96746,32
74615,32
29360,32
65513,32
53957,32
62134,32
74678,32
8754,32
29358,32
40311,32
53928,32
53926,32
44103,32
44110,32
96695,32
87024,32
51388,32
64569,32
96579,32
96584,32
5684,32
87640,32
54163,32
10024,32
96600,32
38797,32
98390,32
86487,32
20072,32
17249,32
24706,32
74447,32
6226,32
54124,32
96617,32
15426,32
74465,32
31739,32
67645,32
24677,32
98380,32
30376,32
47944,32
18299,32
24648,32
8757,32
7710,32
30527,32
82295,32
28709,32
45384,32
76953,32
91529,32
76228,32
67943,32
2289,32
60797,32
29226,32
87899,32
29070,32
30803,32
91427,32
2271,32
89799,32
16358,32
91519,32
34687,32
91513,32
45312,32
76921,32
35910,32
62552,32
23004,32
67164,32
90596,32
80408,32
62648,32
97627,32
11003,32
45360,32
8025,32
30787,32
76179,32
29029,32
5615,32
5502,32
45971,32
5503,32
98022,32
60045,32
16253,32
69770,32
48955,32
76064,32
83025,32
19084,32
48139,32
67149,32
60262,32
33513,32
64777,32
45951,32
7995,32
52755,32
51977,32
52735,32
76983,32
16296,32
22346,32
45927,32
23144,32
1885,32
97639,32
76355,32
59845,32
82884,32
52344,32
82794,32
16502,32
76546,32
97770,32
93956,32
5539,32
16688,32
80378,32
82600,32
69643,32
52181,32
67844,32
62592,32
22736,32
76605,32
45586,32
58491,32
64873,32
91466,32
2089,32
79588,32
60187,32
45742,32
52266,32
91461,32
39849,32
38284,32
11371,32
89904,32
86884,32
45535,32
52431,32
30839,32
48171,32
2204,32
97649,32
97656,32
97676,32
76884,32
48873,32
63952,32
22461,32
33780,32
52437,32
45825,32
97714,32
76513,32
22879,32
16469,32
87930,32
76458,32
52396,32
16475,32
80893,32
30867,32
91489,32
22860,32
30873,32
91488,32
63678,32
45105,32
2406,32
482,32
8149,32
15895,32
12699,32
15902,32
96387,32
79330,32
79339,32
38167,32
12347,32
75457,32
37800,32
40136,32
23789,32
16974,32
44654,32
87793,32
98134,32
18546,32
81002,32
16001,32
58246,32
23709,32
65229,32
46147,32
16030,32
83216,32
28839,32
6985,32
1756,32
75634,32
12702,32
2732,32
67709,32
30550,32
8191,32
31063,32
18880,32
24062,32
65361,32
30536,32
58654,32
82261,32
59854,32
44433,32
44443,32
6995,32
44477,32
75186,32
75266,32
34702,32
2758,32
49032,32
2755,32
22006,32
51687,32
37808,32
31057,32
69497,32
17021,32
53495,32
23944,32
97110,32
83190,32
91636,32
75665,32
22243,32
16875,32
2500,32
34931,32
44965,32
44967,32
11501,32
69858,32
12575,32
35854,32
39769,32
23416,32
44987,32
77058,32
52938,32
23461,32
60001,32
23379,32
75939,32
99473,32
40003,32
33858,32
52895,32
36153,32
52877,32
23318,32
68015,32
75983,32
38486,32
89985,32
12592,32
16923,32
80995,32
9760,32
2558,32
33387,32
62404,32
99455,32
79401,32
30649,32
7918,32
2541,32
2535,32
77119,32
53087,32
38197,32
89674,32
69535,32
53078,32
28878,32
93160,32
18411,32
75775,32
30673,32
34629,32
397,32
33422,32
82390,32
46058,32
46057,32
1790,32
70517,32
15216,32
67300,32
50090,32
7173,32
26610,32
90352,32
78918,32
20348,32
56047,32
10441,32
18686,32
37958,32
92166,32
47263,32
78392,32
42159,32
78388,32
64330,32
87443,32
85017,32
61531,32
50539,32
8381,32
88928,32
85979,32
37966,32
26527,32
42210,32
72420,32
42222,32
34302,32
34300,32
27825,32
85939,32
12176,32
81553,32
71099,32
93570,32
90679,32
56198,32
37106,32
81246,32
10466,32
56187,32
78451,32
81243,32
56162,32
50479,32
13427,32
14122,32
67440,32
4803,32
41049,32
95476,32
39487,32
56125,32
11139,32
92180,32
78422,32
26662,32
11986,32
98881,32
19609,32
19492,32
34327,32
63483,32
27831,32
84954,32
72483,32
64365,32
20303,32
3984,32
13299,32
47113,32
72681,32
35505,32
63506,32
17686,32
70958,32
95705,32
68809,32
1126,32
66742,32
69277,32
50687,32
39534,32
57343,32
84768,32
26180,32
14506,32
57369,32
39112,32
90945,32
26153,32
32520,32
59400,32
14529,32
70869,32
9196,32
50680,32
59344,32
57272,32
17700,32
72492,32
85998,32
9162,32
79726,32
37972,32
1087,32
90311,32
26424,32
29919,32
5986,32
37018,32
92139,32
63096,32
78330,32
1098,32
32430,32
61182,32
63422,32
66709,32
92126,32
8447,32
78313,32
18168,32
72584,32
63421,32
57287,32
10378,32
50668,32
88985,32
41126,32
98900,32
88686,32
47615,32
85753,32
85571,32
4683,32
71641,32
61346,32
69077,32
32050,32
20586,32
27240,32
37237,32
99026,32
59065,32
39360,32
57022,32
37907,32
27601,32
13792,32
85516,32
71724,32
27605,32
17957,32
9081,32
71748,32
95202,32
88246,32
13822,32
56612,32
59108,32
17938,32
64226,32
37899,32
71273,32
19567,32
41361,32
41356,32
41354,32
7216,32
851,32
5847,32
27455,32
85677,32
10637,32
9062,32
85686,32
41318,32
90664,32
67351,32
90448,32
20542,32
63181,32
13689,32
85614,32
5854,32
59010,32
18646,32
11106,32
79764,32
4658,32
29625,32
56954,32
39388,32
71589,32
47466,32
71795,32
56242,32
32243,32
95296,32
64272,32
71229,32
61452,32
41177,32
4326,32
85821,32
92219,32
90397,32
39281,32
48449,32
32279,32
18672,32
85283,32
26888,32
39271,32
85852,32
795,32
56274,32
64287,32
85859,32
34772,32
59201,32
26832,32
41133,32
81510,32
20818,32
69196,32
50464,32
56447,32
50387,32
71268,32
66445,32
41668,32
48422,32
13527,32
47441,32
63160,32
71835,32
37206,32
31376,32
69027,32
27090,32
92239,32
13885,32
95259,32
71872,32
29750,32
5901,32
48427,32
85408,32
61403,32
78605,32
953,32
63141,32
56478,32
41202,32
13922,32
57058,32
78586,32
78585,32
81462,32
12206,32
72582,32
73398,32
40697,32
92410,32
20204,32
70683,32
77898,32
88134,32
37465,32
73487,32
43109,32
70678,32
36745,32
98571,32
8803,32
19367,32
14930,32
61879,32
1348,32
1349,32
61880,32
14949,32
77855,32
84304,32
54940,32
13095,32
40615,32
99275,32
54910,32
25386,32
25374,32
10781,32
59530,32
9258,32
31844,32
73439,32
706,32
25745,32
50932,32
79026,32
49988,32
25707,32
1262,32
84424,32
38031,32
68683,32
35609,32
65907,32
93434,32
25655,32
3672,32
55159,32
73364,32
7533,32
14859,32
73373,32
29463,32
79682,32
7545,32
38989,32
26090,32
28137,32
98633,32
25571,32
55102,32
12248,32
25358,32
42866,32
28309,32
43427,32
34561,32
68564,32
21513,32
51191,32
68556,32
43444,32
43446,32
43448,32
96324,32
87587,32
77734,32
81102,32
87590,32
28336,32
32898,32
99303,32
59616,32
30250,32
43480,32
43496,32
25111,32
35052,32
54594,32
32909,32
28343,32
54585,32
11061,32
90153,32
86356,32
65718,32
84255,32
35667,32
15004,32
31169,32
34549,32
54832,32
8644,32
98541,32
5721,32
25337,32
6145,32
38063,32
59578,32
51109,32
1385,32
40568,32
43310,32
90178,32
84200,32
73798,32
84195,32
89226,32
32862,32
43387,32
38909,32
61970,32
69376,32
145,32
25201,32
62906,32
73880,32
95948,32
87498,32
21253,32
13161,32
95835,32
31924,32
61780,32
40790,32
68763,32
92059,32
30050,32
92032,32
78130,32
39563,32
91084,32
38026,32
25822,32
9011,32
73119,32
84499,32
3852,32
26017,32
5745,32
50867,32
28098,32
39067,32
14646,32
48563,32
10298,32
20233,32
36855,32
84686,32
3875,32
28012,32
1215,32
30074,32
49257,32
81797,32
55568,32
32599,32
14657,32
21246,32
86927,32
42602,32
58824,32
6041,32
55330,32
70730,32
11850,32
10277,32
63830,32
26068,32
57483,32
88152,32
95921,32
26057,32
95874,32
47790,32
6043,32
84636,32
63255,32
55487,32
39555,32
7153,31
30951,31
90061,31
66510,31
64077,31
32984,31
92387,31
65272,31
8055,31
66512,31
33305,31
38064,31
36054,31
32916,31
66482,31
7036,31
92940,31
38230,31
7862,31
67710,31
9812,31
62767,31
36546,31
9422,31
6837,31
63655,31
60905,31
60244,31
34971,31
37930,31
91196,31
60938,31
33792,31
7156,31
35399,31
67053,31
34967,31
61619,31
10803,31
34759,31
33658,31
62588,31
90043,31
10606,31
35779,31
6877,31
9298,31
32107,31
34852,31
63386,31
91735,31
63247,31
60610,31
91884,31
11016,31
89245,31
31067,31
10329,31
88447,31
35231,31
32531,31
91752,31
88731,31
91479,31
33619,31
65275,31
8334,31
63809,31
65729,31
7426,31
61712,31
61628,31
31162,31
37433,31
67262,31
92979,31
61641,31
33558,31
65639,31
7256,31
8600,31
32951,31
10594,31
34957,31
11345,31
63552,31
33956,31
67782,31
62763,31
36281,31
67241,31
33441,31
62745,31
8731,31
7358,31
9708,31
65905,31
88911,31
67242,31
8519,31
33453,31
91598,31
35575,31
64453,31
31846,31
11247,31
10900,31
65534,31
33469,31
88004,31
36453,31
89628,31
88682,31
9133,31
9692,31
8207,31
31889,31
33440,31
63854,31
91255,31
67448,31
88065,31
64008,31
91627,31
62731,31
9732,31
60301,31
33415,31
7743,31
37688,31
88145,31
60369,31
89990,31
11255,31
60479,31
88213,31
66340,31
65177,31
37677,31
66822,31
10972,31
34031,31
32353,31
67731,31
37692,31
35850,31
89159,31
64577,31
37112,31
64694,31
34363,31
8721,31
8965,31
89178,31
37467,31
64630,31
67232,31
31643,31
92364,31
35334,31
91539,31
37770,31
10015,31
36274,31
65954,31
60401,31
8182,31
10152,31
7865,31
67715,31
63285,31
89082,31
10266,31
31120,31
61898,31
62495,31
67236,31
37393,31
65574,31
91773,31
92660,31
7879,31
33490,31
66285,31
9429,31
67769,31
10954,31
32298,31
91091,31
10677,31
62103,31
7765,31
33498,31
7709,31
61469,31
67429,31
9680,31
64284,31
8529,31
64469,31
36853,31
66402,31
64280,31
35641,31
66124,31
33953,31
77836,31
17311,31
28418,31
81947,31
40461,31
51078,31
53762,31
46760,31
98525,31
77778,31
77774,31
86390,31
94473,31
51156,31
98497,31
73700,31
13011,31
51173,31
77738,31
1433,31
40513,31
84260,31
70532,31
5120,31
51278,31
82038,31
2884,31
94526,31
74972,31
70386,31
54829,31
81944,31
21264,31
12827,31
40292,31
58013,31
78080,31
46941,31
70231,31
81806,31
46937,31
78068,31
86510,31
86508,31
24284,31
57954,31
46782,31
28522,31
81884,31
54799,31
50974,31
5217,31
57892,31
77958,31
86446,31
51011,31
28443,31
81929,31
96200,31
57695,31
94547,31
25308,31
40597,31
13208,31
51556,31
4949,31
40811,31
70831,31
21890,31
70843,31
70845,31
27996,31
27994,31
17083,31
51594,31
94704,31
57410,31
94743,31
86105,31
57362,31
27936,31
51610,31
46286,31
17053,31
3171,31
4860,31
94779,31
27865,31
86028,31
57280,31
28053,31
43203,31
94668,31
86265,31
28248,31
46578,31
57682,31
3516,31
21647,31
84276,31
57673,31
77584,31
94577,31
46506,31
77564,31
82105,31
82112,31
17135,31
75012,31
51443,31
40673,31
46469,31
75027,31
75046,31
28132,31
57525,31
17165,31
83512,31
46401,31
98294,31
98714,31
46974,31
94790,31
12482,31
86969,31
12379,31
58562,31
20540,31
93929,31
58548,31
29217,31
880,31
12411,31
20566,31
2981,31
15620,31
29190,31
78712,31
39839,31
888,31
915,31
93978,31
12439,31
12448,31
20619,31
44175,31
78673,31
69635,31
29150,31
78660,31
20635,31
58592,31
69545,31
50223,31
47622,31
58761,31
47692,31
29412,31
50121,31
78868,31
47650,31
3001,31
5699,31
69407,31
74740,31
87036,31
69442,31
821,31
69543,31
69461,31
78813,31
47613,31
74747,31
12336,31
58652,31
78782,31
39719,31
54649,31
81315,31
12353,31
50216,31
29137,31
47426,31
58068,31
81459,31
58267,31
15066,31
50566,31
78364,31
69944,31
20961,31
15063,31
58233,31
69978,31
47155,31
81619,31
21016,31
58161,31
24311,31
94236,31
70088,31
28695,31
81699,31
47031,31
28673,31
50809,31
73766,31
78164,31
28642,31
78143,31
21189,31
70164,31
50524,31
20900,31
43327,31
2968,31
58444,31
39930,31
86845,31
58424,31
58414,31
78537,31
20772,31
17850,31
69778,31
17846,31
86814,31
20795,31
58383,31
1037,31
5476,31
20831,31
25266,31
40042,31
78454,31
40045,31
74823,31
47302,31
24322,31
50494,31
98877,31
78415,31
86019,31
86000,31
99164,31
95708,31
76320,31
23036,31
14332,31
23054,31
72536,31
45288,31
84912,31
82943,31
55188,31
4023,31
76209,31
16322,31
42365,31
53363,31
72592,31
75462,31
55806,31
44647,31
52715,31
76145,31
55776,31
52724,31
76129,31
26301,31
45173,31
95974,31
97212,31
97628,31
45372,31
25684,31
56030,31
42074,31
76581,31
16535,31
26684,31
16533,31
85098,31
97759,31
26622,31
4141,31
76478,31
97735,31
52388,31
75356,31
84956,31
72377,31
95562,31
2161,31
72395,31
53418,31
55994,31
97159,31
2181,31
55171,31
23828,31
72466,31
14303,31
72698,31
75507,31
76599,31
45153,31
44966,31
26015,31
72952,31
53021,31
83225,31
3858,31
16135,31
53031,31
97268,31
83141,31
97279,31
95828,31
23510,31
73010,31
53183,31
23532,31
23564,31
42807,31
75703,31
53138,31
75677,31
3786,31
75624,31
2569,31
73100,31
55385,31
23614,31
55546,31
83099,31
44744,31
16211,31
16265,31
14478,31
26204,31
23733,31
23285,31
45106,31
52855,31
55655,31
55653,31
55626,31
23334,31
97431,31
16210,31
52974,31
16209,31
95776,31
42574,31
42575,31
45033,31
52931,31
52939,31
95783,31
42893,31
23404,31
23699,31
72892,31
2103,31
2097,31
71024,31
71651,31
95009,31
44414,31
44417,31
16878,31
71428,31
41374,31
4616,31
71446,31
41397,31
41400,31
77073,31
77059,31
51917,31
82424,31
22263,31
85615,31
71520,31
25472,31
4550,31
77030,31
25477,31
82472,31
56743,31
51967,31
41509,31
16794,31
13731,31
94994,31
51884,31
56944,31
1721,31
27819,31
27784,31
77298,31
94826,31
51701,31
51706,31
85914,31
41076,31
1704,31
54949,31
77259,31
98147,31
15774,31
46070,31
27680,31
24094,31
71236,31
44398,31
94921,31
97003,31
85754,31
82384,31
98100,31
27535,31
4673,31
94972,31
41534,31
41553,31
97150,31
16791,31
41774,31
85342,31
76780,31
26987,31
73443,31
71978,31
82628,31
41812,31
26968,31
56398,31
22583,31
73438,31
95346,31
23915,31
75296,31
95374,31
14017,31
22641,31
26856,31
97829,31
72099,31
22653,31
22667,31
26798,31
95417,31
43017,31
72181,31
76794,31
45760,31
16692,31
27143,31
13766,31
83424,31
71709,31
56653,31
14914,31
41589,31
75175,31
24005,31
45862,31
45860,31
13837,31
71794,31
71800,31
13925,31
52074,31
2749,31
73470,31
41693,31
56499,31
16715,31
76841,31
41739,31
4376,31
1977,31
13898,31
56477,31
39611,31
84541,31
59236,31
74643,31
48149,31
15175,31
18874,31
48609,31
49275,31
59006,31
38778,31
6372,31
19541,31
84124,31
68781,31
87800,31
68958,31
48501,31
47881,31
20129,31
18366,31
79642,31
12092,31
83796,31
59751,31
48163,31
59213,31
87557,31
6473,31
19134,31
49922,31
93324,31
6504,31
677,31
93506,31
39426,31
57,31
54600,31
49713,31
80463,31
30169,31
99666,31
24785,31
99281,31
59235,31
87566,31
83813,31
18640,31
87434,31
38670,31
79779,31
54260,31
43625,31
80490,31
48027,31
99840,31
79149,31
74009,31
18788,31
54410,31
79288,31
39082,31
49842,31
54387,31
99574,31
87254,31
20053,31
30444,31
49556,31
24856,31
99552,31
59957,31
59955,31
74651,31
439,31
38549,31
20034,31
68355,31
49147,31
69006,31
43580,31
15315,31
74315,31
30097,31
83787,31
18358,31
11481,31
99744,31
68021,31
68125,31
19807,31
49056,31
83911,31
99727,31
99726,31
19228,31
59793,31
18277,31
99889,31
43736,31
24522,31
20095,31
18850,31
30632,31
54556,31
3134,31
47936,31
6135,31
48075,31
80436,31
96451,31
30304,31
25035,31
29536,31
93341,31
68479,31
79425,31
18208,31
38400,31
717,31
79010,31
99973,31
43912,31
30233,31
49418,31
67885,31
59380,31
93374,31
32,31
30221,31
59600,31
80742,31
30588,31
3175,31
24663,31
19114,31
59626,31
59856,31
49259,31
30278,31
39594,31
18984,31
39178,31
87771,31
24741,31
60174,31
80630,31
29476,31
38878,31
68879,31
29901,31
29935,31
87779,31
38314,31
79740,31
39557,31
49448,31
68486,31
15124,31
79963,31
18463,31
59265,31
93053,31
39456,31
20203,31
80609,31
83726,31
54057,31
48349,31
58965,31
48346,31
5830,31
87347,31
48802,31
20186,31
6012,31
83729,31
93059,31
19441,31
59249,31
6357,31
24948,31
80043,31
30195,31
11414,31
24723,31
68804,31
15579,31
87755,31
74093,31
48517,30
43040,30
48470,30
30532,30
90903,30
32246,30
38725,30
9535,30
49261,30
56410,30
25536,30
95343,30
87689,30
97100,30
88884,30
66478,30
22485,30
1963,30
9576,30
9532,30
99754,30
45811,30
11649,30
92876,30
76864,30
33730,30
33738,30
93244,30
82637,30
16654,30
74509,30
45774,30
56390,30
13982,30
226,30
84363,30
22590,30
95344,30
24903,30
16645,30
35967,30
16695,30
4292,30
14006,30
45712,30
13947,30
65302,30
10508,30
52218,30
9841,30
4314,30
1997,30
32231,30
72010,30
45723,30
27078,30
85379,30
82666,30
22554,30
56416,30
22387,30
61386,30
66577,30
30314,30
6198,30
51895,30
22218,30
95050,30
62042,30
82415,30
53594,30
97020,30
22230,30
43158,30
89952,30
67641,30
93334,30
71445,30
37275,30
66576,30
77045,30
98024,30
64758,30
51944,30
37273,30
75141,30
6219,30
71521,30
37267,30
41465,30
43951,30
27408,30
33881,30
92238,30
41292,30
46082,30
62739,30
85743,30
51875,30
98102,30
85718,30
51878,30
62733,30
38859,30
74533,30
37318,30
68496,30
13588,30
11732,30
4622,30
94973,30
73566,30
48362,30
22198,30
6718,30
82392,30
49433,30
71413,30
10631,30
27456,30
27448,30
27445,30
49430,30
82458,30
1844,30
30371,30
18676,30
99707,30
56634,30
27189,30
52046,30
85497,30
35907,30
13821,30
6682,30
76919,30
30431,30
63479,30
35915,30
61365,30
76909,30
33842,30
6262,30
35918,30
62645,30
63860,30
61374,30
75204,30
33790,30
89160,30
36348,30
41690,30
38143,30
84360,30
62626,30
85504,30
13804,30
64903,30
83413,30
65641,30
22311,30
3579,30
68411,30
61337,30
24032,30
82484,30
62043,30
96454,30
37246,30
74517,30
95149,30
3103,30
88805,30
49359,30
66539,30
62667,30
49348,30
56668,30
36578,30
91424,30
60383,30
55031,30
87661,30
30418,30
61357,30
71723,30
33703,30
63216,30
95378,30
93045,30
83038,30
36939,30
45097,30
24795,30
30780,30
9786,30
75978,30
33338,30
18885,30
97233,30
7967,30
26117,30
32526,30
15401,30
11331,30
55599,30
63736,30
23707,30
63732,30
48793,30
42582,30
75910,30
66105,30
55574,30
75558,30
25755,30
55562,30
48812,30
72894,30
60046,30
10337,30
53297,30
91561,30
36110,30
66206,30
55212,30
84811,30
53341,30
89783,30
7429,30
23204,30
19205,30
23205,30
30737,30
93093,30
26244,30
95713,30
23256,30
52770,30
49052,30
42455,30
89102,30
74430,30
26227,30
26223,30
26221,30
55259,30
3947,30
14495,30
3934,30
36811,30
32554,30
55559,30
7670,30
91600,30
19056,30
83192,30
97340,30
75743,30
75742,30
3818,30
42715,30
75741,30
87986,30
80313,30
65179,30
48883,30
84575,30
3801,30
23583,30
53141,30
25887,30
75682,30
14681,30
3791,30
53148,30
38282,30
83179,30
96589,30
33375,30
6579,30
67822,30
16066,30
25849,30
90806,30
95842,30
23526,30
36893,30
26055,30
41,30
87907,30
2487,30
19115,30
72909,30
25788,30
65225,30
75835,30
53014,30
3859,30
7472,30
48969,30
74422,30
23524,30
10284,30
55509,30
3181,30
54191,30
9730,30
16122,30
66053,30
19061,30
42672,30
6559,30
44891,30
16109,30
25959,30
14421,30
45190,30
80127,30
26306,30
19364,30
6648,30
92912,30
76568,30
84321,30
76563,30
45558,30
95498,30
22788,30
32349,30
52333,30
97761,30
64968,30
16505,30
14858,30
52354,30
76518,30
56065,30
91486,30
14851,30
26599,30
42151,30
43727,30
65904,30
74486,30
74295,30
38578,30
44587,30
49157,30
38605,30
49202,30
16536,30
32710,30
72096,30
82678,30
76677,30
37123,30
43031,30
56267,30
26815,30
41952,30
24882,30
72149,30
33690,30
7817,30
64924,30
9591,30
2112,30
56208,30
43722,30
37110,30
95428,30
99812,30
52302,30
95448,30
22742,30
74283,30
72231,30
72234,30
22749,30
2698,30
82833,30
49155,30
7379,30
16325,30
52612,30
72523,30
23802,30
68069,30
99860,30
32431,30
36801,30
61581,30
6408,30
45252,30
33548,30
76223,30
49102,30
33545,30
23044,30
62517,30
89314,30
48694,30
55829,30
68050,30
72596,30
65057,30
23135,30
74323,30
9663,30
72624,30
84846,30
61615,30
84937,30
49129,30
95565,30
61818,30
72401,30
16447,30
61541,30
62567,30
80038,30
52464,30
33300,30
23850,30
138,30
52469,30
82858,30
76382,30
63802,30
2207,30
80063,30
62558,30
42251,30
26484,30
15938,30
59942,30
32690,30
10413,30
87828,30
52522,30
16399,30
65913,30
33580,30
19318,30
60440,30
77190,30
85763,30
58210,30
40102,30
1073,30
50586,30
58242,30
20041,30
50614,30
44209,30
47959,30
44214,30
94162,30
40126,30
78345,30
63097,30
5414,30
5903,30
69045,30
81047,30
50639,30
5401,30
83621,30
78303,30
58178,30
47124,30
17693,30
64367,30
47114,30
87280,30
83619,30
94222,30
58133,30
73808,30
1058,30
96878,30
28918,30
1014,30
50462,30
28951,30
74814,30
94090,30
50473,30
5466,30
12584,30
94107,30
86776,30
59047,30
37690,30
12588,30
43505,30
24474,30
20921,30
39352,30
81093,30
40048,30
17799,30
86761,30
37910,30
74025,30
93624,30
37682,30
43520,30
78400,30
32854,30
86738,30
69048,30
12737,30
37636,30
98910,30
50956,30
88217,30
91938,30
28581,30
5277,30
78089,30
21225,30
87334,30
11137,30
87336,30
5269,30
59234,30
60559,30
46923,30
91247,30
24275,30
17545,30
3490,30
9243,30
89435,30
77985,30
77974,30
12889,30
54537,30
35624,30
39212,30
88509,30
49701,30
70354,30
1303,30
79419,30
67021,30
74847,30
32843,30
78182,30
89377,30
81664,30
60924,30
98764,30
12754,30
40222,30
63070,30
59163,30
50717,30
50721,30
35520,30
78203,30
32842,30
18352,30
86606,30
19945,30
47028,30
49786,30
49785,30
84216,30
21164,30
68986,30
94300,30
58096,30
99403,30
88234,30
15041,30
74645,30
12825,30
19951,30
96246,30
37698,30
61005,30
79016,30
78977,30
24394,30
18048,30
39710,30
78791,30
69249,30
722,30
86995,30
20494,30
96327,30
31388,30
54651,30
84141,30
20513,30
8458,30
24430,30
79025,30
35342,30
20530,30
11090,30
69207,30
18009,30
64114,30
50229,30
49994,30
69568,30
6903,30
47805,30
93939,30
25204,30
25150,30
93742,30
47812,30
87056,30
99181,30
93785,30
43443,30
18141,30
69361,30
69364,30
39585,30
87063,30
20317,30
65486,30
47708,30
29474,30
65485,30
81239,30
5747,30
24400,30
8438,30
73924,30
746,30
47655,30
81207,30
37862,30
18092,30
29513,30
29369,30
12303,30
18179,30
69272,30
58692,30
78820,30
29222,30
58963,30
90391,30
966,30
65454,30
58452,30
78614,30
78597,30
39425,30
64266,30
29065,30
58446,30
60813,30
12501,30
92719,30
93662,30
15085,30
89415,30
58995,30
25232,30
64071,30
63136,30
73837,30
81470,30
20755,30
25255,30
31570,30
5858,30
35462,30
81103,30
50436,30
90518,30
28987,30
17830,30
50357,30
12122,30
61972,30
20623,30
695,30
12419,30
50261,30
47826,30
5570,30
69153,30
81128,30
17955,30
50304,30
86902,30
12445,30
91070,30
54682,30
73981,30
9976,30
29087,30
5844,30
12451,30
62149,30
6834,30
29638,30
29146,30
29140,30
69646,30
86885,30
17929,30
12466,30
69689,30
8409,30
945,30
51016,30
8297,30
81917,30
91344,30
28021,30
68662,30
40815,30
59529,30
14958,30
11202,30
19692,30
49525,30
59539,30
77364,30
8870,30
27980,30
54933,30
40853,30
74559,30
59527,30
86110,30
59549,30
61882,30
68638,30
40920,30
66745,30
86083,30
35770,30
9885,30
7151,30
77331,30
1678,30
62790,30
357,30
77393,30
48265,30
51446,30
91330,30
13131,30
77514,30
10149,30
59471,30
66828,30
83513,30
15200,30
28121,30
6080,30
57509,30
46405,30
34697,30
44368,30
34699,30
82181,30
77398,30
49532,30
53659,30
65815,30
1606,30
82201,30
62822,30
31916,30
17112,30
82216,30
61126,30
68679,30
2845,30
10717,30
84295,30
83821,30
90651,30
11791,30
85807,30
6172,30
24108,30
41145,30
87593,30
77226,30
75077,30
1735,30
1736,30
79729,30
77198,30
88692,30
7637,30
27665,30
16952,30
22106,30
9404,30
57054,30
77176,30
94920,30
60441,30
16944,30
62747,30
57028,30
35822,30
51807,30
46109,30
13542,30
61269,30
49444,30
65847,30
93367,30
71169,30
54957,30
51725,30
4848,30
21963,30
94782,30
93389,30
83494,30
31978,30
71007,30
63904,30
13357,30
61185,30
44381,30
27830,30
41002,30
41009,30
11774,30
98190,30
71055,30
77304,30
85967,30
79725,30
6155,30
46243,30
71104,30
13422,30
31164,30
46216,30
90941,30
68551,30
54950,30
35713,30
54495,30
28308,30
28269,30
66911,30
98431,30
99483,30
51144,30
40485,30
62882,30
49643,30
5168,30
51134,30
37492,30
19856,30
24239,30
17304,30
93491,30
12971,30
94540,30
40467,30
29998,30
43565,30
38006,30
88543,30
91285,30
2579,30
34082,30
8920,30
21593,30
88589,30
32812,30
6778,30
39144,30
46685,30
59351,30
92770,30
94475,30
96944,30
99503,30
66941,30
48134,30
81996,30
94484,30
82007,30
74940,30
40486,30
43256,30
57764,30
53730,30
62893,30
28314,30
32813,30
82027,30
8912,30
49631,30
70609,30
77633,30
19759,30
7725,30
98570,30
10767,30
36712,30
49684,30
19771,30
37964,30
40662,30
77876,30
83539,30
21691,30
46803,30
34054,30
90611,30
28190,30
68714,30
3530,30
74896,30
86436,30
89202,30
19864,30
88558,30
68870,30
81949,30
83772,30
30030,30
40614,30
2917,30
7116,30
21431,30
77591,30
90991,30
37971,30
24519,30
13093,30
39079,30
74999,30
24073,29
24259,29
53892,29
53643,29
23632,29
83571,29
24726,29
23898,29
75117,29
96800,29
74862,29
9868,29
74489,29
53918,29
75590,29
83771,29
9872,29
53461,29
53786,29
36253,29
7835,29
23647,29
44116,29
24514,29
83379,29
96671,29
89422,29
24053,29
74994,29
44075,29
24355,29
2645,29
15839,29
91831,29
15876,29
3063,29
65334,29
54069,29
23751,29
44183,29
74676,29
53662,29
89370,29
62315,29
3149,29
3032,29
74605,29
23779,29
65535,29
44078,29
53498,29
96961,29
65326,29
83885,29
75479,29
83309,29
53290,29
2791,29
62170,29
75567,29
2811,29
74762,29
83426,29
33027,29
54089,29
7724,29
83385,29
53507,29
15930,29
83245,29
65292,29
74959,29
53380,29
24037,29
2842,29
3109,29
53259,29
44445,29
44542,29
24362,29
96759,29
43898,29
23726,29
54030,29
2678,29
38287,29
64653,29
75646,29
784,29
64184,29
792,29
81265,29
90469,29
9046,29
78810,29
78802,29
847,29
18028,29
20506,29
47545,29
9073,29
34421,29
50260,29
9078,29
20616,29
64242,29
20629,29
47431,29
90477,29
18135,29
98977,29
47727,29
8969,29
8493,29
49897,29
18271,29
647,29
79120,29
47850,29
99276,29
682,29
20184,29
696,29
34530,29
9005,29
20239,29
50047,29
18185,29
20308,29
8452,29
47739,29
98984,29
78584,29
610,29
64377,29
81708,29
21151,29
50818,29
17566,29
78135,29
91229,29
63031,29
63022,29
98677,29
78012,29
78004,29
9239,29
50962,29
81890,29
46861,29
34170,29
77897,29
21372,29
77875,29
78243,29
78247,29
17878,29
8353,29
78566,29
50405,29
50410,29
34357,29
50454,29
90385,29
47316,29
34340,29
90372,29
78428,29
78401,29
20911,29
47239,29
1061,29
9164,29
81604,29
90324,29
81639,29
17691,29
18293,29
49853,29
77853,29
19272,29
80050,29
90733,29
48627,29
35065,29
90729,29
80569,29
79976,29
34823,29
99796,29
49252,29
63516,29
19413,29
99763,29
49263,29
79899,29
48509,29
79861,29
258,29
48462,29
8665,29
90774,29
79832,29
19264,29
80320,29
18981,29
19047,29
48952,29
19077,29
90819,29
19098,29
63717,29
80473,29
99929,29
18882,29
48765,29
80494,29
19201,29
90779,29
34897,29
49067,29
8755,29
80511,29
19512,29
8615,29
81054,29
79580,29
8541,29
90601,29
79529,29
63963,29
99498,29
35258,29
80977,29
19873,29
18417,29
49703,29
34626,29
79408,29
536,29
90558,29
79320,29
19985,29
90544,29
585,29
47982,29
430,29
79591,29
19539,29
80864,29
48415,29
49389,29
49400,29
80726,29
63464,29
63455,29
34747,29
79765,29
49425,29
63897,29
90646,29
80806,29
49495,29
49501,29
80831,29
34705,29
80836,29
48262,29
63925,29
77859,29
98549,29
33379,29
2111,29
45520,29
82815,29
45495,29
9612,29
52393,29
16460,29
52430,29
45441,29
52467,29
89823,29
76378,29
16415,29
2203,29
97642,29
2211,29
52534,29
82898,29
33573,29
62535,29
22807,29
52300,29
82934,29
82741,29
64859,29
89900,29
52157,29
76789,29
52190,29
52193,29
22577,29
22586,29
22594,29
64892,29
52229,29
33708,29
22633,29
2054,29
97816,29
35991,29
22679,29
82706,29
89843,29
45297,29
45283,29
89906,29
91583,29
23346,29
97407,29
97401,29
52942,29
89738,29
75881,29
97381,29
7941,29
83110,29
53001,29
75807,29
53042,29
44903,29
23504,29
23505,29
23525,29
83157,29
33402,29
75706,29
75954,29
75975,29
62521,29
62472,29
82970,29
16317,29
52691,29
97540,29
33518,29
36111,29
16278,29
9672,29
23201,29
16273,29
23223,29
97505,29
91567,29
2378,29
36136,29
97496,29
2383,29
83042,29
75979,29
16707,29
33777,29
81958,29
91321,29
17184,29
17171,29
51512,29
51532,29
77445,29
77442,29
77432,29
91337,29
17100,29
8204,29
46325,29
77362,29
62805,29
21918,29
77335,29
8193,29
21970,29
51655,29
9414,29
62847,29
77518,29
46201,29
17206,29
21484,29
1414,29
51213,29
9304,29
77705,29
98433,29
21579,29
35683,29
91300,29
51292,29
51295,29
17302,29
64537,29
35698,29
77582,29
35707,29
21724,29
98369,29
34047,29
90041,29
82311,29
16718,29
45972,29
35878,29
91415,29
82495,29
16789,29
22352,29
52005,29
97991,29
76959,29
22376,29
22391,29
64799,29
62653,29
1921,29
8130,29
82561,29
76892,29
1937,29
52102,29
22457,29
1863,29
77032,29
46181,29
9491,29
16971,29
46157,29
8173,29
51802,29
51837,29
22163,29
77122,29
33904,29
9443,29
89991,29
33887,29
62719,29
22208,29
98086,29
91393,29
1805,29
51916,29
16859,29
98033,29
15381,29
84066,29
69385,29
60774,29
86930,29
58526,29
72508,29
72500,29
61571,29
69608,29
93967,29
66293,29
26448,29
39646,29
69616,29
42281,29
67193,29
32405,29
88945,29
29149,29
66302,29
69652,29
42292,29
5604,29
58568,29
72527,29
72620,29
4005,29
39685,29
67263,29
55853,29
87011,29
26365,29
5659,29
55856,29
42331,29
60695,29
92664,29
86988,29
26399,29
4038,29
29270,29
55887,29
72447,29
26520,29
42215,29
39965,29
92174,29
95502,29
14182,29
28997,29
32346,29
86817,29
26677,29
56124,29
32339,29
92181,29
28972,29
26694,29
31587,29
28959,29
69840,29
69845,29
56172,29
31569,29
95531,29
29093,29
29012,29
72414,29
86859,29
61539,29
69718,29
29071,29
85011,29
56013,29
88382,29
94026,29
14232,29
26587,29
37067,29
66335,29
56053,29
10996,29
56063,29
39961,29
61606,29
92099,29
55266,29
61710,29
95851,29
55468,29
29720,29
55481,29
5885,29
67402,29
72980,29
25976,29
42667,29
61617,29
95820,29
42653,29
61706,29
87243,29
25989,29
37909,29
59081,29
26005,29
29734,29
31307,29
36863,29
87281,29
84479,29
93531,29
14735,29
39200,29
87370,29
25815,29
32642,29
29886,29
25825,29
55364,29
39239,29
29824,29
12009,29
87319,29
3788,29
73071,29
31304,29
3866,29
29686,29
32565,29
32509,29
61651,29
39597,29
92086,29
72708,29
69351,29
72695,29
5712,29
26259,29
12264,29
7427,29
84815,29
42420,29
55770,29
37839,29
26294,29
31439,29
42406,29
60643,29
37868,29
67363,29
72804,29
12118,29
37890,29
72905,29
11099,29
26073,29
93678,29
42592,29
66098,29
31377,29
26085,29
39467,29
87118,29
87113,29
36937,29
72845,29
89030,29
29539,29
41997,29
72191,29
26753,29
10815,29
56861,29
28386,29
70467,29
88733,29
92447,29
94989,29
88719,29
86374,29
57788,29
28924,29
27545,29
31811,29
10808,29
71327,29
57770,29
88569,29
10659,29
57031,29
40471,29
41405,29
61029,29
4594,29
37263,29
71540,29
7249,29
27338,29
66569,29
10837,29
28431,29
92305,29
7054,29
61012,29
92311,29
71505,29
86426,29
56798,29
37541,29
28401,29
27386,29
7191,29
7099,29
94912,29
27843,29
28173,29
28153,29
70992,29
66831,29
70982,29
66824,29
4891,29
40855,29
70881,29
40841,29
13173,29
94687,29
28078,29
13182,29
94672,29
86187,29
61116,29
66855,29
5035,29
94523,29
13395,29
7102,29
57085,29
61077,29
71206,29
71196,29
31850,29
57676,29
86293,29
71165,29
4783,29
57654,29
70623,29
70644,29
13433,29
57627,29
13402,29
27800,29
56750,29
5188,29
28453,29
85297,29
56386,29
88868,29
88443,29
5395,29
72006,29
71997,29
56421,29
94187,29
5384,29
56427,29
86656,29
13941,29
94254,29
28704,29
70090,29
95282,29
27025,29
60893,29
88424,29
71895,29
86717,29
31605,29
28900,29
41965,29
67098,29
95419,29
37115,29
58294,29
69921,29
85247,29
60857,29
12625,29
58254,29
69931,29
28841,29
72075,29
41900,29
94145,29
4369,29
94261,29
56738,29
31726,29
88822,29
28553,29
57958,29
94366,29
28533,29
85510,29
57946,29
86492,29
95179,29
32164,29
10861,29
61353,29
95138,29
27296,29
7039,29
71598,29
32139,29
13816,29
56596,29
60937,29
71790,29
88455,29
41728,29
37187,29
85409,29
70113,29
28662,29
12781,29
88842,29
95255,29
58081,29
10897,29
37207,29
13858,29
70208,29
27121,29
60969,29
40323,29
92031,29
94676,29
3348,29
55152,29
54717,29
68530,29
88066,29
32952,29
87580,29
54444,29
3541,29
11441,29
3608,29
68587,29
25606,29
30975,29
68611,29
73477,29
62013,29
39026,29
65808,29
6507,29
3444,29
54858,29
87720,29
67728,29
55049,29
62011,29
74224,29
31000,29
68310,29
32861,29
43662,29
67729,29
68118,29
6747,29
92918,29
93268,29
25639,29
59473,29
6075,29
30268,29
60353,29
38550,29
67955,29
25454,29
32934,29
54672,29
38488,29
14868,29
84376,29
3304,29
32729,29
93391,29
6396,29
36593,29
43177,29
38768,29
68040,29
54568,29
73456,29
67593,29
74063,29
25445,29
25424,29
11808,29
89199,29
30774,29
65716,29
43393,29
73475,29
65812,29
67992,29
55075,29
3295,29
25023,29
30984,29
32940,29
84298,29
36731,29
67673,29
11468,29
32832,29
54861,29
11609,29
84263,29
60425,29
54998,29
91908,29
7592,29
93188,29
38641,29
96511,29
88099,29
36695,29
68790,29
36812,29
25732,29
65604,29
93484,29
89170,29
54996,29
30014,29
87944,29
59893,29
32761,29
60200,29
68819,29
55010,29
68427,29
11373,29
36819,29
73543,29
25315,29
68217,29
38327,29
84440,29
38321,29
38543,29
38843,29
29975,29
3481,29
30586,29
38089,29
25346,29
73506,29
31224,29
68741,29
25267,29
42945,29
61807,29
6751,29
59928,29
36800,29
68740,29
55187,29
3569,29
96241,29
89117,29
25677,29
83996,29
25671,29
60335,29
30502,29
54357,29
6536,29
25197,29
15322,29
38655,29
43477,29
89108,29
31034,29
68154,29
38371,29
15309,29
54644,29
74256,29
30302,29
50937,28
46936,28
19290,28
49104,28
9227,28
10881,28
90232,28
18819,28
1257,28
77984,28
17530,28
68080,28
30683,28
70267,28
99862,28
81877,28
49130,28
98723,28
9226,28
63010,28
34839,28
60934,28
8646,28
10923,28
59920,28
78234,28
88448,28
1142,28
87788,28
21066,28
92550,28
78254,28
81661,28
70054,28
10932,28
5364,28
49196,28
58154,28
21026,28
68174,28
11284,28
93203,28
68200,28
21002,28
19407,28
10936,28
60906,28
94266,28
21124,28
40236,28
58042,28
68084,28
38555,28
17538,28
48636,28
31718,28
21212,28
40313,28
67732,28
18791,28
94339,28
70194,28
30654,28
46967,28
81730,28
70162,28
63557,28
40266,28
98719,28
59940,28
30643,28
46981,28
12883,28
12782,28
80558,28
47008,28
1176,28
63780,28
5992,28
1271,28
67915,28
93040,28
82076,28
37480,28
11415,28
94565,28
51390,28
86275,28
51335,28
17254,28
38378,28
66867,28
80240,28
46483,28
34982,28
48984,28
64533,28
46862,28
49001,28
40553,28
18911,28
92937,28
77668,28
35689,28
28288,28
92437,28
46567,28
70600,28
77656,28
67930,28
92428,28
87903,28
40607,28
82113,28
38360,28
40674,28
40771,28
40765,28
60213,28
48926,28
46390,28
28088,28
70761,28
48874,28
5034,28
67830,28
86208,28
35744,28
57470,28
70796,28
48897,28
46419,28
21805,28
77477,28
40746,28
64591,28
21790,28
94635,28
46447,28
67884,28
4997,28
77512,28
80282,28
10753,28
93030,28
48839,28
5025,28
34046,28
80460,28
57744,28
10798,28
46793,28
48712,28
28442,28
10838,28
62940,28
77887,28
86435,28
18849,28
70384,28
38213,28
46787,28
19233,28
67753,28
8753,28
21405,28
30705,28
10839,28
80101,28
68051,28
77940,28
81899,28
80093,28
6425,28
48688,28
31006,28
21328,28
1275,28
93141,28
94433,28
57910,28
86464,28
57919,28
19223,28
38506,28
62891,28
93065,28
99915,28
57786,28
57780,28
98467,28
11328,28
48764,28
21551,28
62918,28
66931,28
77701,28
51234,28
46626,28
90144,28
86359,28
17382,28
81967,28
38471,28
21486,28
64497,28
64496,28
92457,28
81962,28
6458,28
94457,28
98540,28
68023,28
86407,28
38498,28
18865,28
49061,28
86412,28
20979,28
11585,28
58216,28
93436,28
20222,28
99230,28
12181,28
34520,28
30084,28
87112,28
99221,28
5792,28
87518,28
37872,28
723,28
81169,28
68682,28
50039,28
6844,28
69202,28
63245,28
31365,28
69124,28
79594,28
79084,28
93667,28
81124,28
99273,28
34692,28
99585,28
87167,28
31371,28
39452,28
12146,28
30077,28
99584,28
67567,28
63242,28
11855,28
68623,28
29448,28
86188,28
50106,28
19673,28
30152,28
87560,28
63406,28
90483,28
69390,28
18588,28
12268,28
91098,28
6733,28
18111,28
81220,28
18163,28
31395,28
37866,28
736,28
92816,28
29527,28
20293,28
68660,28
81199,28
78959,28
30140,28
11815,28
34495,28
39559,28
31408,28
12230,28
29457,28
91060,28
19754,28
18736,28
93563,28
68933,28
6032,28
35269,28
80998,28
18397,28
19921,28
60519,28
80990,28
11998,28
39242,28
11896,28
59207,28
68985,28
39264,28
59243,28
60554,28
19987,28
92763,28
59370,28
18451,28
63334,28
19840,28
88179,28
93534,28
29899,28
19895,28
49694,28
80941,28
48147,28
48089,28
92781,28
5968,28
29792,28
5924,28
63368,28
87235,28
80878,28
80876,28
69055,28
11184,28
47895,28
30047,28
8976,28
63352,28
60498,28
12095,28
79146,28
93641,28
67367,28
88257,28
34578,28
49585,28
49627,28
49830,28
8502,28
457,28
582,28
456,28
39301,28
29762,28
39313,28
92733,28
79546,28
18507,28
69032,28
12067,28
31225,28
20066,28
37840,28
6863,28
49468,28
6299,28
60831,28
50448,28
19491,28
94073,28
47338,28
79860,28
86804,28
58394,28
50456,28
11610,28
35108,28
94084,28
49282,28
12582,28
18680,28
12537,28
98888,28
63131,28
6689,28
90415,28
59752,28
11654,28
58427,28
49344,28
90399,28
98927,28
60358,28
20769,28
12532,28
92591,28
50421,28
6265,28
18461,28
17805,28
80784,28
8374,28
94142,28
90336,28
35084,28
20944,28
99773,28
98830,28
86724,28
87758,28
19414,28
63100,28
38636,28
30567,28
28811,28
60874,28
99769,28
91171,28
12595,28
63118,28
59842,28
50495,28
40067,28
79915,28
79916,28
68258,28
38653,28
20913,28
8388,28
40077,28
69917,28
28866,28
1042,28
20903,28
68391,28
98945,28
29039,28
99068,28
87618,28
35409,28
37791,28
34739,28
93343,28
9061,28
58553,28
5651,28
67233,28
78745,28
86944,28
90661,28
68470,28
49415,28
59643,28
99081,28
271,28
50166,28
48345,28
38950,28
11056,28
38946,28
78851,28
8859,28
69414,28
12338,28
88325,28
91105,28
37826,28
12324,28
50205,28
31149,28
31502,28
34750,28
68435,28
39904,28
8841,28
69704,28
63879,28
78622,28
78621,28
90671,28
81429,28
8847,28
81447,28
79799,28
18659,28
47403,28
30392,28
58433,28
99678,28
39892,28
939,28
93312,28
35431,28
9094,28
98999,28
88371,28
68410,28
69631,28
67192,28
68418,28
60780,28
60777,28
64239,28
59709,28
59705,28
43827,28
1662,28
95406,28
95590,28
72407,28
42199,28
61545,28
45426,28
95584,28
83434,28
2809,28
32386,28
33595,28
36044,28
22958,28
44431,28
95607,28
2212,28
52456,28
65857,28
66238,28
52391,28
15795,28
22843,28
2151,28
95553,28
14236,28
91491,28
9613,28
62258,28
53618,28
26551,28
91963,28
33614,28
73554,28
76428,28
61873,28
36051,28
91973,28
75196,28
97598,28
88970,28
2769,28
84893,28
2275,28
2282,28
53549,28
14305,28
14365,28
84883,28
42344,28
2299,28
4013,28
84858,28
84350,28
23060,28
25504,28
32422,28
32742,28
55024,28
14330,28
52604,28
45308,28
82922,28
76300,28
62265,28
23029,28
2800,28
84943,28
44438,28
26450,28
44395,28
64973,28
54968,28
26826,28
56277,28
72090,28
85237,28
89466,28
61474,28
2052,28
54898,28
25403,28
44787,28
72148,28
84284,28
56246,28
76650,28
3536,28
22638,28
35988,28
72081,28
56285,28
22636,28
91459,28
32290,28
83534,28
14986,28
91951,28
16633,28
37140,28
84268,28
52215,28
52211,28
83547,28
22589,28
52281,28
73629,28
65370,28
14181,28
65377,28
97776,28
95493,28
61877,28
22777,28
91477,28
22790,28
26774,28
4155,28
37077,28
62575,28
22811,28
42123,28
44390,28
82772,28
65384,28
4184,28
76583,28
33661,28
73585,28
91475,28
76589,28
85112,28
52322,28
26697,28
43186,28
76614,28
92188,28
32780,28
45610,28
62598,28
15859,28
53518,28
26923,28
36878,28
84646,28
15993,28
10283,28
89105,28
75508,28
65240,28
16111,28
53329,28
9737,28
91626,28
25952,28
73003,28
97217,28
14659,28
83123,28
75826,28
97555,28
65919,28
97166,28
14574,28
61692,28
23432,28
75857,28
83327,28
75840,28
14806,28
10234,28
55197,28
75469,28
14588,28
3688,28
14594,28
97226,28
33400,28
95855,28
53177,28
73098,28
10252,28
25857,28
55380,28
44805,28
75635,28
42828,28
89099,28
16023,28
23634,28
65963,28
62384,28
25808,28
44782,28
61800,28
44714,28
75671,28
97309,28
44826,28
44829,28
3794,28
44705,28
73229,28
14670,28
95865,28
75696,28
36861,28
42719,28
95860,28
36866,28
73022,28
14841,28
42992,28
72887,28
33499,28
75288,28
83014,28
72707,28
21864,28
76095,28
14454,28
55085,28
66168,28
7437,28
95724,28
83020,28
91982,28
73384,28
33279,28
10358,28
2352,28
55737,28
23200,28
76113,28
97120,28
14424,28
2343,28
83395,28
23950,28
76134,28
3995,28
32727,28
33530,28
2742,28
72623,28
15866,28
72768,28
84747,28
75884,28
97416,28
95774,28
72865,28
14551,28
42579,28
83364,28
75913,28
10321,28
2399,28
66114,28
2696,28
62437,28
9830,28
25636,28
33298,28
36162,28
14860,28
73382,28
75340,28
55132,28
26113,28
45056,28
7827,28
42526,28
62469,28
95745,28
97133,28
55662,28
14511,28
32512,28
84744,28
76017,28
53718,28
65214,28
56803,28
41439,28
74722,28
31973,28
92301,28
83895,28
24424,28
7736,28
98026,28
65700,28
77041,28
10108,28
33964,28
10696,28
73936,28
57255,28
32901,28
10104,28
57207,28
84115,28
16862,28
53731,28
56811,28
71481,28
96643,28
77072,28
16824,28
71562,28
82537,28
10702,28
1895,28
15327,28
3425,28
76961,28
65723,28
54274,28
76975,28
13785,28
25191,28
13780,28
15110,28
4864,28
9968,28
41558,28
43869,28
74743,28
95141,28
36468,28
65715,28
45941,28
46275,28
25167,28
96310,28
82479,28
84113,28
19006,28
13659,28
54423,28
62033,28
43995,28
84004,28
83811,28
71167,28
91869,28
71179,28
32944,28
71299,28
27590,28
43641,28
15471,28
88750,28
54049,28
64681,28
85809,28
16957,28
94894,28
94891,28
8180,28
85842,28
54059,28
24946,28
74518,28
51857,28
43586,28
33906,28
96726,28
64731,28
77085,28
74302,28
96407,28
27453,28
32002,28
27734,28
56888,28
44058,28
96491,28
96648,28
4651,28
25044,28
94978,28
57156,28
66671,28
13582,28
66634,28
92348,28
96650,28
54369,28
46083,28
74602,28
35900,28
41560,28
27068,28
24289,28
54821,28
94684,28
43280,28
57436,28
57422,28
64633,28
77384,28
83577,28
15685,28
57415,28
83599,28
27061,28
76865,28
22487,28
15672,28
22384,28
73756,28
45808,28
3478,28
89418,28
64841,28
46316,28
92235,28
61396,28
7778,28
22527,28
43268,28
53742,28
26933,28
24214,28
72020,28
1610,28
83558,28
33733,28
15385,28
10513,28
74398,28
89883,28
4346,28
41790,28
89887,28
74379,28
13217,28
7780,28
33740,28
76775,28
45747,28
17093,28
37166,28
33744,28
61424,28
15055,28
57126,28
1930,28
45884,28
17070,28
82545,28
70920,28
51619,28
2976,28
83640,28
65462,28
71776,28
15639,28
56582,28
7277,28
62076,28
56631,28
13274,28
41642,28
44179,28
54699,28
77360,28
74793,28
15057,28
44151,28
74769,28
54219,28
15363,28
24376,28
33781,28
46300,28
43366,28
15059,28
40925,28
91936,28
71818,28
27206,28
52058,28
45891,28
62639,28
52116,28
39056,27
60139,27
7689,27
5988,27
48221,27
95968,27
36512,27
6508,27
91698,27
49671,27
35238,27
42816,27
59318,27
55158,27
61821,27
8546,27
48947,27
6517,27
36556,27
44670,27
54205,27
91846,27
63336,27
3137,27
93018,27
99993,27
95972,27
6540,27
42900,27
38310,27
92019,27
3716,27
91838,27
7706,27
3738,27
91683,27
48845,27
53366,27
91694,27
63638,27
54075,27
99548,27
53294,27
48867,27
60340,27
53427,27
92841,27
48607,27
7601,27
6373,27
6640,27
36667,27
53814,27
96248,27
90885,27
38774,27
91960,27
35058,27
90880,27
54689,27
90912,27
44427,27
35134,27
129,27
90869,27
43142,27
59673,27
44444,27
96226,27
92903,27
96885,27
99766,27
63498,27
43257,27
7587,27
96166,27
44296,27
59803,27
49307,27
53693,27
44295,27
62184,27
49227,27
6266,27
2918,27
36689,27
96138,27
6676,27
43289,27
54936,27
54789,27
60365,27
7557,27
97046,27
396,27
53910,27
78,27
96080,27
48277,27
96033,27
62028,27
49527,27
54520,27
96742,27
54515,27
62305,27
2704,27
62108,27
38291,27
63384,27
48767,27
38033,27
43629,27
60259,27
38413,27
3666,27
60090,27
90835,27
90844,27
43550,27
44099,27
2775,27
110,27
49098,27
36476,27
48354,27
44108,27
93121,27
55055,27
48352,27
96375,27
38044,27
96386,27
43085,27
6444,27
53950,27
97105,27
55083,27
53479,27
3329,27
96085,27
35751,27
6859,27
93541,27
40439,27
60997,27
7266,27
40359,27
50953,27
95186,27
98670,27
50923,27
92498,27
1244,27
57974,27
45873,27
41621,27
8134,27
40331,27
7022,27
4434,27
41656,27
5235,27
52010,27
8279,27
41480,27
51940,27
46791,27
4568,27
98601,27
95086,27
45986,27
45979,27
57877,27
94402,27
56727,27
35880,27
46845,27
51972,27
50975,27
45934,27
56707,27
50861,27
4417,27
1928,27
41765,27
50734,27
52153,27
98753,27
56476,27
61421,27
1987,27
45762,27
56454,27
4375,27
94223,27
50694,27
47110,27
35499,27
37155,27
37152,27
2023,27
58116,27
97908,27
1208,27
50827,27
4407,27
56545,27
37202,27
45827,27
95253,27
35945,27
95258,27
50824,27
35522,27
47001,27
37619,27
40248,27
50782,27
40246,27
4379,27
56492,27
41444,27
62707,27
42814,27
35646,27
51647,27
57611,27
57619,27
35789,27
51417,27
40646,27
61220,27
46212,27
57665,27
62782,27
98396,27
51720,27
51361,27
46545,27
98150,27
46190,27
57127,27
98365,27
98363,27
37469,27
57502,27
4955,27
94679,27
1634,27
4940,27
1587,27
51523,27
40757,27
98309,27
37399,27
98209,27
37409,27
40945,27
40701,27
51638,27
51645,27
4862,27
40611,27
57119,27
46172,27
61294,27
40510,27
7205,27
46063,27
41336,27
40496,27
92456,27
41342,27
46051,27
92350,27
57819,27
41406,27
57826,27
95068,27
37548,27
51919,27
4577,27
51177,27
94969,27
41155,27
46611,27
4743,27
7100,27
62749,27
41225,27
5119,27
61266,27
46119,27
40534,27
4692,27
35826,27
94946,27
1762,27
98111,27
61055,27
92358,27
94950,27
37150,27
94179,27
50635,27
98808,27
52905,27
93708,27
39457,27
63258,27
99265,27
5829,27
42587,27
36918,27
39438,27
58979,27
47833,27
42603,27
91069,27
52977,27
95785,27
2486,27
3878,27
36935,27
37874,27
42555,27
58835,27
60660,27
58782,27
55715,27
45149,27
91087,27
47746,27
3940,27
55671,27
99225,27
50062,27
36141,27
95738,27
726,27
2433,27
6847,27
45059,27
55538,27
52996,27
47879,27
53160,27
59185,27
35282,27
95884,27
7913,27
42766,27
42770,27
48052,27
42777,27
95859,27
59250,27
93545,27
42802,27
42808,27
53184,27
39206,27
97282,27
47990,27
35293,27
59018,27
39358,27
47880,27
62424,27
44946,27
5868,27
49904,27
59039,27
91046,27
44927,27
59126,27
42649,27
49871,27
97349,27
47925,27
47943,27
42700,27
59124,27
92087,27
36118,27
8441,27
42126,27
58316,27
97791,27
4206,27
37088,27
58385,27
995,27
45557,27
6954,27
58303,27
975,27
52359,27
97750,27
39917,27
52392,27
7375,27
963,27
97796,27
40065,27
58456,27
60864,27
98811,27
95337,27
94152,27
56300,27
92207,27
2041,27
45676,27
37131,27
4250,27
1067,27
63113,27
8387,27
7337,27
35472,27
52276,27
45631,27
61536,27
52447,27
58746,27
58700,27
5636,27
5646,27
97581,27
92665,27
55862,27
6874,27
97560,27
50175,27
42296,27
47637,27
45230,27
93811,27
47646,27
8016,27
2341,27
55766,27
97603,27
58597,27
39901,27
93972,27
63163,27
95603,27
37033,27
52507,27
50306,27
92622,27
8052,27
52551,27
92652,27
58522,27
36057,27
52565,27
97613,27
92635,27
95622,27
58543,27
56435,27
74695,27
65558,27
20604,27
27254,27
84033,27
13763,27
29500,27
74167,27
79192,27
69287,27
30945,27
73788,27
34458,27
81388,27
11358,27
11368,27
84091,27
81687,27
67831,27
29495,27
31051,27
74238,27
15283,27
67617,27
29456,27
17978,27
83939,27
31146,27
31137,27
24790,27
31132,27
15320,27
67650,27
65533,27
71616,27
67683,27
89634,27
31053,27
30898,27
87951,27
17945,27
11476,27
30700,27
68063,27
87141,27
18470,27
71928,27
17930,27
78273,27
17683,27
21035,27
21032,27
9331,27
73832,27
30666,27
65003,27
73817,27
9615,27
84153,27
84110,27
27066,27
11400,27
13849,27
15159,27
25095,27
21067,27
64554,27
84129,27
67917,27
12177,27
89716,27
64989,27
73959,27
11467,27
79526,27
64788,27
11224,27
31176,27
15405,27
67398,27
78064,27
90531,27
83608,27
64042,27
85646,27
81346,27
80426,27
74820,27
34575,27
11123,27
74806,27
67445,27
19690,27
88209,27
11147,27
24233,27
89568,27
74728,27
69430,27
13600,27
86997,27
83440,27
15804,27
67257,27
15799,27
83464,27
67293,27
19672,27
24129,27
24130,27
31411,27
20550,27
34007,27
24203,27
74731,27
78108,27
78176,27
83788,27
67535,27
67537,27
89830,27
79625,27
83845,27
74514,27
24638,27
83861,27
79623,27
67556,27
69360,27
74491,27
78174,27
11211,27
80570,27
24578,27
17562,27
74706,27
8995,27
85632,27
83711,27
15565,27
18552,27
74685,27
79633,27
17556,27
19708,27
89604,27
78122,27
24525,27
83781,27
24529,27
78126,27
71512,27
73816,27
84211,27
15820,27
11842,27
26712,27
26708,27
30119,27
19946,27
30100,27
84730,27
34221,27
68708,27
73737,27
14487,27
30069,27
14474,27
72243,27
26228,27
84780,27
26235,27
87542,27
85131,27
14131,27
68640,27
73065,27
72151,27
73050,27
20707,27
17770,27
85210,27
25944,27
78599,27
79242,27
11766,27
26739,27
30178,27
84645,27
33514,27
9671,27
64477,27
65069,27
11875,27
9236,27
14328,27
26430,27
26438,27
81502,27
14209,27
11955,27
85046,27
20788,27
68926,27
65036,27
64452,27
26504,27
84997,27
20003,27
14240,27
11942,27
78502,27
12052,27
17831,27
14436,27
72633,27
33531,27
87275,27
9228,27
20832,27
26320,27
20734,27
80140,27
17874,27
26358,27
12029,27
79266,27
14346,27
68851,27
73067,27
20930,27
9205,27
64318,27
79222,27
90127,27
29646,27
33465,27
69114,27
11607,27
25495,27
85319,27
30494,27
12108,27
25512,27
69105,27
87717,27
25521,27
80485,27
87181,27
11570,27
87710,27
68225,27
68151,27
30602,27
34370,27
13931,27
12144,27
15011,27
25352,27
73692,27
68184,27
73673,27
78638,27
26990,27
68215,27
84309,27
81617,27
84352,27
25528,27
89771,27
25687,27
30331,27
14814,27
30327,27
25712,27
84426,27
73240,27
25726,27
14785,27
25748,27
80503,27
14767,27
73196,27
12102,27
20692,27
73159,27
29669,27
68447,27
87703,27
73289,27
87699,27
26934,27
84361,27
14890,27
87684,27
11646,27
30393,27
69101,27
84378,27
25607,27
65019,27
33591,27
25663,27
78367,27
14021,27
90563,27
34592,27
88342,27
21543,27
70771,27
22718,27
20213,27
28853,27
88996,27
10369,27
22796,27
22799,27
76540,27
63836,27
66217,27
76509,27
76503,27
27993,27
66241,27
70767,27
17329,27
19481,27
8789,27
28748,27
17313,27
17314,27
22574,27
70712,27
32601,27
32591,27
89025,27
82702,27
32573,27
82713,27
22695,27
22698,27
18106,27
16473,27
66277,27
23142,27
82847,27
22969,27
33185,27
69801,27
22987,27
32334,27
13322,27
17376,27
32296,27
13328,27
27868,27
32249,27
88855,27
76231,27
16329,27
76202,27
76357,27
34770,27
17495,27
16435,27
16448,27
76421,27
21527,27
66312,27
89451,27
12581,27
22919,27
33913,27
13277,27
78844,27
20431,27
76367,27
19060,27
32368,27
28171,27
70095,27
16691,27
16698,27
89265,27
17232,27
33094,27
77262,27
70431,27
65730,27
80386,27
70453,27
78962,27
19406,27
28365,27
86388,27
70505,27
86368,27
22114,27
12857,27
17043,27
77306,27
77406,27
8715,27
12915,27
17146,27
77516,27
65576,27
33077,27
77404,27
10065,27
33810,27
32985,27
17084,27
82116,27
78940,27
21736,27
70524,27
89222,27
86513,27
70630,27
82491,27
16773,27
82539,27
89920,27
65902,27
70112,27
22430,27
77005,27
32671,27
33145,27
10245,27
33789,27
79896,27
65956,27
32734,27
33855,27
16922,27
28586,27
16918,27
22181,27
34891,27
16896,27
28303,27
63760,27
19269,27
17282,27
70589,27
28613,27
82460,27
18187,27
32774,27
22290,27
23116,27
69815,27
75615,27
31769,27
65306,27
81322,27
77883,27
69562,27
27671,27
31781,27
13508,27
83128,27
90613,27
18598,27
27647,27
27634,27
34678,27
18595,27
69591,27
90633,27
69592,27
85876,27
20487,27
16090,27
69595,27
20482,27
71168,27
90033,27
23503,27
83146,27
31997,27
29161,27
21410,27
88681,27
21414,27
71258,27
33717,27
86960,27
75292,27
78005,27
21297,27
27512,27
81878,27
75221,27
31481,27
15862,27
27528,27
23957,27
75263,27
85732,27
29302,27
23926,27
75283,27
31525,27
13535,27
67147,27
10991,27
31579,27
10979,27
75389,27
8911,27
77955,27
23836,27
88403,27
83318,27
79128,27
20526,27
12368,27
77947,27
16133,27
78533,27
76056,27
17401,27
23298,27
85951,27
71058,27
32173,27
21440,27
69656,27
75880,27
69693,27
16169,27
10561,27
16199,27
69712,27
76093,27
13372,27
16195,27
75875,27
29022,27
18654,27
10641,27
13437,27
9855,27
32196,27
79805,27
32046,27
10547,27
12526,27
88807,27
64689,27
32045,27
83030,27
5267,26
58388,26
69030,26
20004,26
81056,26
12546,26
59127,26
79135,26
79203,26
29745,26
40320,26
69417,26
86992,26
39655,26
39651,26
5812,26
58619,26
39320,26
69800,26
29381,26
29128,26
69190,26
40342,26
20307,26
12531,26
12881,26
86491,26
29832,26
79272,26
68968,26
12342,26
39500,26
12875,26
29305,26
39255,26
29008,26
5256,26
29547,26
39274,26
87119,26
81085,26
81081,26
94360,26
39709,26
29327,26
39706,26
69398,26
87291,26
87014,26
59157,26
39699,26
70177,26
58007,26
5491,26
69223,26
78995,26
69310,26
81166,26
12392,26
29485,26
69986,26
86943,26
86770,26
58308,26
39569,26
5840,26
86688,26
28803,26
58298,26
93974,26
59007,26
87068,26
39573,26
697,26
99241,26
12435,26
29462,26
86730,26
58270,26
58507,26
20212,26
93919,26
12261,26
86613,26
5710,26
69805,26
49915,26
28597,26
58883,26
40088,26
12063,26
59102,26
70176,26
12272,26
20090,26
18307,26
58438,26
12810,26
86611,26
69728,26
47953,26
28949,26
69303,26
87051,26
18306,26
18196,26
69720,26
39627,26
39780,26
59023,26
99354,26
69763,26
11470,26
93562,26
88845,26
66598,26
7225,26
19558,26
32125,26
7248,26
79796,26
7253,26
7262,26
80720,26
10570,26
32170,26
88812,26
7278,26
7305,26
7312,26
92373,26
7314,26
10493,26
32307,26
66368,26
7345,26
37095,26
10454,26
66343,26
88914,26
37076,26
10446,26
37059,26
10435,26
7377,26
92362,26
37365,26
11026,26
37560,26
18586,26
67132,26
6959,26
92571,26
6983,26
92562,26
60892,26
60900,26
37648,26
31654,26
88467,26
88475,26
10886,26
92490,26
66971,26
10691,26
10826,26
61037,26
61049,26
66902,26
37490,26
31845,26
66799,26
88641,26
18621,26
66761,26
88664,26
66722,26
66713,26
7162,26
61546,26
37041,26
19506,26
200,26
61895,26
61896,26
36713,26
80634,26
36707,26
10144,26
36696,26
89214,26
65769,26
36683,26
65757,26
19412,26
32845,26
65750,26
7609,26
48465,26
89234,26
32887,26
91903,26
48561,26
89282,26
36568,26
91849,26
89325,26
33013,26
91827,26
89349,26
89352,26
33041,26
62104,26
10160,26
89192,26
65866,26
19438,26
37011,26
48468,26
92111,26
7422,26
32464,26
48472,26
36959,26
18689,26
99733,26
89015,26
61649,26
10330,26
32538,26
80677,26
48495,26
66024,26
48497,26
66006,26
89086,26
49278,26
89089,26
36836,26
99758,26
65928,26
92006,26
32680,26
61826,26
36770,26
7551,26
31510,26
60745,26
11979,26
68314,26
59634,26
11731,26
48080,26
11720,26
38836,26
18421,26
30326,26
11703,26
11697,26
59710,26
30377,26
11678,26
30395,26
38723,26
30487,26
30264,26
38685,26
11605,26
11592,26
38666,26
87753,26
11587,26
48129,26
38627,26
30581,26
93190,26
68171,26
30628,26
87830,26
30677,26
68523,26
38884,26
60732,26
68725,26
29873,26
68909,26
87372,26
49790,26
39169,26
29924,26
29950,26
87407,26
11925,26
87422,26
39102,26
59403,26
79326,26
68757,26
30056,26
19916,26
19964,26
79337,26
39041,26
39022,26
49763,26
30122,26
81015,26
99426,26
18374,26
68633,26
68621,26
532,26
99446,26
30239,26
11510,26
38533,26
59984,26
37935,26
38072,26
11198,26
79619,26
67544,26
60501,26
37999,26
6764,26
92772,26
18561,26
60546,26
6789,26
31308,26
67422,26
67414,26
6815,26
93111,26
31325,26
37904,26
60604,26
37897,26
60607,26
80816,26
60623,26
48290,26
88290,26
37859,26
60696,26
92666,26
88337,26
60728,26
67620,26
31121,26
6685,26
38142,26
68010,26
60023,26
38475,26
79534,26
30770,26
49607,26
49606,26
60101,26
60108,26
67908,26
38364,26
67863,26
437,26
67853,26
30942,26
67801,26
30960,26
11327,26
38215,26
11311,26
88021,26
38191,26
92914,26
38176,26
92906,26
31072,26
31075,26
92878,26
6673,26
40381,26
5002,26
47743,26
83500,26
81858,26
83451,26
2810,26
83427,26
75160,26
15848,26
23989,26
97087,26
2746,26
15882,26
23935,26
83376,26
2700,26
15908,26
83352,26
17509,26
44351,26
2969,26
44346,26
24331,26
83624,26
74835,26
74838,26
15699,26
15716,26
24221,26
53728,26
74958,26
1239,26
74986,26
83543,26
2866,26
2858,26
81828,26
75380,26
53430,26
53429,26
75387,26
16042,26
44777,26
23630,26
16060,26
83181,26
44812,26
16070,26
44836,26
75698,26
77879,26
23551,26
23547,26
16094,26
2526,26
53067,26
53202,26
44764,26
83219,26
44678,26
21330,26
23798,26
23793,26
15963,26
46842,26
44675,26
77936,26
75575,26
15998,26
75534,26
46828,26
17447,26
51015,26
44746,26
46947,26
24366,26
73952,26
84064,26
50729,26
74163,26
84052,26
24970,26
24962,26
74169,26
43651,26
78210,26
54428,26
84026,26
96478,26
3244,26
43713,26
21113,26
83985,26
43610,26
96438,26
83654,26
3301,26
43464,26
43469,26
84135,26
54597,26
15148,26
84118,26
74048,26
81667,26
43546,26
47074,26
25055,26
96417,26
15186,26
43568,26
3302,26
24877,26
3237,26
54312,26
54294,26
24594,26
3084,26
3069,26
74609,26
44063,26
81785,26
3036,26
50851,26
24470,26
74696,26
24438,26
3018,26
24422,26
44135,26
53853,26
54042,26
54046,26
74507,26
15386,26
78195,26
50763,26
24828,26
96553,26
47022,26
54168,26
96593,26
43936,26
74415,26
47016,26
83896,26
74457,26
50813,26
74500,26
23506,26
23501,26
83143,26
76871,26
52097,26
76882,26
52076,26
1920,26
77630,26
1909,26
16753,26
1872,26
51953,26
51949,26
22289,26
17281,26
45982,26
51942,26
22247,26
76875,26
82571,26
77864,26
97929,26
97798,26
2070,26
2061,26
21578,26
77683,26
77680,26
82653,26
45730,26
76770,26
45746,26
76797,26
97889,26
1991,26
51307,26
76852,26
1814,26
17275,26
82418,26
77593,26
21996,26
21729,26
46278,26
21937,26
82245,26
51579,26
21891,26
46341,26
98358,26
46460,26
98273,26
46391,26
46414,26
77489,26
82152,26
98180,26
77270,26
51718,26
22105,26
16891,26
98103,26
22169,26
16925,26
22132,26
82356,26
82328,26
22029,26
21701,26
17243,26
98383,26
77235,26
46203,26
17005,26
46622,26
1450,26
46624,26
82915,26
45115,26
23224,26
23221,26
52762,26
23188,26
52742,26
77771,26
76142,26
23162,26
77768,26
76237,26
52639,26
45280,26
17378,26
76310,26
52841,26
51123,26
97458,26
44968,26
23482,26
23471,26
53008,26
53003,26
44953,26
75853,26
75864,26
17407,26
75877,26
52957,26
23392,26
75934,26
1375,26
97434,26
16378,26
45344,26
45600,26
45348,26
77719,26
76455,26
22869,26
76480,26
52377,26
76524,26
22814,26
76552,26
76555,26
22774,26
2118,26
45561,26
76601,26
17338,26
52298,26
22890,26
22897,26
45444,26
51182,26
45355,26
76343,26
2228,26
76346,26
17372,26
52530,26
77740,26
52465,26
82875,26
82872,26
45421,26
22924,26
76404,26
22916,26
73955,26
84145,26
70334,26
41355,26
13631,26
879,26
27437,26
27429,26
85655,26
99045,26
13669,26
85627,26
71494,26
71507,26
27358,26
27350,26
27324,26
85597,26
95106,26
71421,26
41349,26
13477,26
95010,26
20511,26
85810,26
94918,26
94923,26
94928,26
4714,26
41254,26
27561,26
71332,26
94967,26
85738,26
27519,26
27494,26
71391,26
78736,26
56736,26
41532,26
78699,26
13748,26
71882,26
56491,26
13895,26
56459,26
934,26
41789,26
13944,26
41820,26
26959,26
72011,26
81419,26
41844,26
95327,26
4312,26
85316,26
41730,26
81401,26
4399,26
4474,26
95159,26
85554,26
56677,26
71674,26
27241,26
95173,26
20605,26
41700,26
4446,26
27140,26
56560,26
27109,26
98993,26
85417,26
13487,26
27697,26
84150,26
78911,26
28241,26
40616,26
5075,26
776,26
94584,26
5048,26
28176,26
70671,26
94607,26
57584,26
57569,26
28141,26
28124,26
50127,26
13153,26
40608,26
70599,26
57120,26
13063,26
86456,26
5203,26
12933,26
28448,26
57864,26
28445,26
57853,26
70392,26
70451,26
28371,26
70534,26
28313,26
47712,26
94514,26
40581,26
13187,26
86191,26
94677,26
99128,26
99100,26
85972,26
57254,26
71092,26
57209,26
27770,26
4808,26
27761,26
85908,26
57176,26
13445,26
57170,26
57145,26
57132,26
47587,26
20447,26
13364,26
86020,26
70928,26
86169,26
81261,26
86134,26
94709,26
27964,26
40888,26
86076,26
18075,26
40931,26
4886,26
57316,26
40948,26
27884,26
40961,26
14014,26
20682,26
41937,26
25688,26
3676,26
42984,26
42993,26
43028,26
43029,26
43034,26
14867,26
73440,26
78357,26
84355,26
96090,26
3610,26
50606,26
73488,26
73498,26
42958,26
42944,26
72130,26
14813,26
78390,26
78385,26
3844,26
25957,26
73009,26
25917,26
84584,26
20928,26
3805,26
81577,26
42822,26
84497,26
73185,26
42860,26
42890,26
81602,26
73507,26
81607,26
25488,26
50679,26
25223,26
43386,26
73866,26
84176,26
15095,26
1129,26
96289,26
15102,26
96300,26
81659,26
25182,26
73907,26
25174,26
43441,26
25254,26
54749,26
98798,26
25436,26
73527,26
55017,26
43149,26
25453,26
14939,26
43183,26
73596,26
84231,26
96141,26
54916,26
54877,26
84272,26
54812,26
54802,26
25987,26
72969,26
42639,26
42276,26
4139,26
50408,26
20761,26
72344,26
56028,26
56011,26
42180,26
4111,26
55946,26
42239,26
84979,26
72451,26
55933,26
986,26
42262,26
56069,26
42106,26
4164,26
56149,26
14057,26
56255,26
56224,26
85183,26
4228,26
47400,26
14140,26
14187,26
72232,26
85111,26
72240,26
56127,26
81467,26
26670,26
55914,26
50453,26
72917,26
4042,26
50487,26
42500,26
14519,26
55638,26
72818,26
78425,26
84721,26
26111,26
14553,26
95780,26
55580,26
84706,26
42588,26
3885,26
55556,26
26205,26
55705,26
26210,26
1018,26
84914,26
50457,26
84878,26
47331,26
72580,26
72610,26
84851,26
14468,26
95675,26
14442,26
26269,26
84803,26
55728,26
55721,26
13708,26
1542,26
49141,26
91212,26
62449,26
9413,26
65110,26
36150,26
133,26
36470,26
65089,26
36418,26
8862,26
64703,26
33962,26
91791,26
34722,26
64387,26
48948,26
90963,26
99852,26
34710,26
91557,26
49086,26
91595,26
62447,26
8781,26
140,26
91628,26
62407,26
80399,26
62800,26
63521,26
89689,26
8309,26
33983,26
62299,26
34795,26
80155,26
89715,26
35572,26
90669,26
33444,26
91742,26
80115,26
34748,26
36413,26
7949,26
62499,26
90001,26
91201,26
33136,26
34606,26
90545,26
89932,26
35896,26
48822,26
80531,26
8418,26
64817,26
35419,26
35327,26
63935,26
35966,26
80233,26
18932,26
64190,26
80446,26
34473,26
9023,26
34492,26
90492,26
65418,26
35449,26
9096,26
36451,26
91534,26
91369,26
64358,26
8162,26
34674,26
65445,26
48660,26
89808,26
62550,26
35248,26
89963,26
80528,26
33607,26
36028,26
48957,26
64986,26
8397,26
91480,26
63313,26
62996,26
19279,26
9779,26
34027,26
90798,26
7907,26
35631,26
63612,26
62358,26
48886,26
62359,26
33360,26
89556,26
64556,26
8664,26
36240,26
90124,26
65517,26
65230,26
36401,26
34121,26
8745,26
8676,26
34871,26
89595,26
34072,26
36492,26
65193,26
18998,26
33082,26
89652,26
91691,26
62304,26
8690,26
8663,26
9358,26
90206,26
80137,26
62833,26
64520,26
35630,26
62683,25
18140,25
40542,25
95229,25
41661,25
34049,25
94503,25
64774,25
40511,25
9493,25
41352,25
99006,25
78922,25
86334,25
57535,25
94639,25
20374,25
57562,25
57592,25
86258,25
70657,25
27175,25
57613,25
86267,25
5045,25
917,25
94587,25
40644,25
5079,25
40583,25
40582,25
40580,25
13053,25
56611,25
13046,25
86385,25
78648,25
5163,25
71810,25
28689,25
26999,25
28697,25
86643,25
86646,25
85339,25
79004,25
5366,25
41783,25
81160,25
35929,25
71989,25
5374,25
40179,25
86672,25
95317,25
40170,25
5410,25
35932,25
13965,25
99240,25
4322,25
69930,25
28848,25
8127,25
94262,25
40231,25
89917,25
56518,25
12965,25
4409,25
70416,25
18156,25
28468,25
50298,25
47742,25
41706,25
12888,25
28514,25
12876,25
28558,25
41760,25
5272,25
86517,25
4394,25
28596,25
58018,25
94335,25
58030,25
27049,25
9517,25
86557,25
86587,25
50300,25
57427,25
4988,25
41610,25
71263,25
85622,25
95077,25
71255,25
90049,25
57076,25
20509,25
41168,25
85856,25
81311,25
62838,25
9369,25
71182,25
71519,25
56778,25
27341,25
13457,25
85880,25
49081,25
85608,25
27732,25
13446,25
71162,25
27611,25
13532,25
41429,25
85638,25
71406,25
4652,25
92,25
81339,25
27501,25
19237,25
94981,25
27409,25
33996,25
85713,25
41423,25
95062,25
35767,25
71314,25
85776,25
20525,25
64647,25
27591,25
99064,25
57030,25
27373,25
57033,25
41090,25
4796,25
85932,25
95147,25
81365,25
47628,25
70967,25
57330,25
81267,25
40919,25
18836,25
27954,25
40875,25
86133,25
78691,25
88,25
13789,25
62818,25
27185,25
70791,25
86220,25
86222,25
94660,25
70736,25
50129,25
86233,25
86057,25
57312,25
47609,25
90024,25
71079,25
41473,25
27795,25
41029,25
40080,25
56730,25
4818,25
71060,25
4821,25
4822,25
47621,25
71635,25
86009,25
85592,25
71005,25
4854,25
20441,25
81358,25
4869,25
40962,25
47626,25
4514,25
89368,25
12394,25
5446,25
30896,25
67981,25
60088,25
67958,25
6521,25
6534,25
30843,25
38351,25
38348,25
443,25
30861,25
87932,25
48200,25
19775,25
36211,25
9690,25
67837,25
79575,25
60196,25
38277,25
11335,25
11330,25
11318,25
99553,25
11312,25
31019,25
88030,25
6643,25
65188,25
30744,25
60037,25
80926,25
68048,25
65099,25
19872,25
38751,25
30441,25
93280,25
59790,25
30485,25
38690,25
91586,25
68286,25
93253,25
68270,25
49667,25
11567,25
19844,25
79479,25
49653,25
30589,25
9700,25
68165,25
59919,25
68142,25
68120,25
68110,25
93156,25
87844,25
11496,25
31073,25
11272,25
88063,25
60625,25
67321,25
9822,25
31448,25
60674,25
365,25
37823,25
49496,25
31472,25
19665,25
88350,25
6891,25
92646,25
88360,25
67221,25
92629,25
49489,25
67185,25
67158,25
92589,25
60833,25
31599,25
79695,25
48333,25
31630,25
99647,25
60965,25
67029,25
88284,25
67362,25
38128,25
31349,25
92871,25
31104,25
67647,25
31124,25
31144,25
92833,25
60451,25
49547,25
18533,25
36251,25
60492,25
67519,25
67504,25
38001,25
31233,25
67491,25
67476,25
67475,25
48270,25
49521,25
37954,25
19353,25
6802,25
92745,25
37917,25
80817,25
67378,25
93318,25
11706,25
69909,25
12310,25
5589,25
90139,25
49920,25
93935,25
35975,25
93903,25
58604,25
93891,25
69506,25
69487,25
69478,25
33678,25
58685,25
39670,25
79433,25
33676,25
39660,25
9596,25
29401,25
87050,25
64931,25
18284,25
9601,25
69366,25
29453,25
87083,25
93775,25
79190,25
12405,25
18812,25
99283,25
12428,25
49981,25
28927,25
94088,25
12576,25
47824,25
28970,25
5492,25
5495,25
39977,25
79058,25
33767,25
86825,25
58420,25
39949,25
69749,25
47832,25
79066,25
81127,25
58458,25
29084,25
20171,25
79082,25
58494,25
39861,25
86892,25
29171,25
47854,25
91481,25
91483,25
80065,25
99853,25
59302,25
93537,25
39155,25
39152,25
29941,25
79315,25
68793,25
59433,25
59448,25
59489,25
59518,25
89785,25
38996,25
49757,25
59545,25
6138,25
81010,25
59567,25
59580,25
99442,25
68588,25
81000,25
93372,25
93370,25
6186,25
19900,25
68469,25
59283,25
39230,25
58856,25
89803,25
58864,25
12198,25
64996,25
614,25
39450,25
81078,25
29634,25
33602,25
609,25
29661,25
29665,25
59015,25
59026,25
602,25
39375,25
69065,25
59089,25
69051,25
36059,25
59143,25
5904,25
59162,25
39272,25
39266,25
39265,25
87309,25
8047,25
72034,25
26664,25
35674,25
90922,25
52986,25
44958,25
16149,25
77849,25
2518,25
48949,25
16112,25
75757,25
77871,25
75727,25
75720,25
21387,25
98586,25
23597,25
2560,25
46805,25
75643,25
75602,25
23681,25
53245,25
97251,25
46829,25
75544,25
53277,25
44710,25
77924,25
44698,25
17453,25
2651,25
16152,25
90942,25
51082,25
2394,25
98511,25
1398,25
2333,25
52740,25
76120,25
77788,25
21473,25
2347,25
2356,25
76085,25
98523,25
45137,25
8590,25
51127,25
97410,25
51124,25
81960,25
16232,25
83052,25
16224,25
83053,25
23321,25
16219,25
81956,25
23333,25
75947,25
63423,25
63900,25
75487,25
53350,25
83295,25
53697,25
53596,25
24061,25
83449,25
17505,25
24092,25
83505,25
75036,25
53678,25
24152,25
24154,25
24165,25
53689,25
2862,25
53702,25
75123,25
74955,25
24229,25
96930,25
15711,25
83588,25
74807,25
74802,25
35310,25
74783,25
2980,25
2994,25
15597,25
24414,25
97013,25
64010,25
44642,25
15886,25
53382,25
2679,25
97168,25
19087,25
75398,25
15925,25
23853,25
23864,25
8528,25
75350,25
44559,25
23928,25
23931,25
90583,25
15826,25
97103,25
44525,25
2748,25
34640,25
53512,25
15855,25
23988,25
21303,25
75184,25
91017,25
50957,25
75148,25
15828,25
76151,25
23137,25
41870,25
97567,25
98176,25
98153,25
77234,25
22058,25
22074,25
46175,25
1732,25
22087,25
16958,25
77184,25
82337,25
46137,25
22131,25
51398,25
77146,25
98108,25
22184,25
46069,25
1781,25
21692,25
22213,25
82420,25
77056,25
34885,25
22250,25
77597,25
51936,25
82060,25
82057,25
98181,25
34928,25
21986,25
98281,25
1545,25
21771,25
1554,25
51467,25
21786,25
46434,25
1561,25
63689,25
46425,25
17166,25
98315,25
21817,25
21821,25
80356,25
46258,25
21858,25
77407,25
77392,25
51575,25
46329,25
17088,25
51584,25
77366,25
46293,25
82254,25
77322,25
51642,25
51438,25
76999,25
35032,25
98415,25
16391,25
45521,25
52372,25
34800,25
22881,25
76439,25
52433,25
16451,25
35105,25
80302,25
82870,25
45406,25
82886,25
45380,25
35126,25
52355,25
81974,25
52548,25
45354,25
48861,25
52571,25
52590,25
2263,25
82927,25
98506,25
23076,25
45275,25
16342,25
35140,25
22839,25
63505,25
46562,25
46591,25
76946,25
51325,25
34865,25
22404,25
52065,25
1949,25
16720,25
16717,25
16716,25
22489,25
76837,25
76819,25
82599,25
76782,25
63831,25
2013,25
63804,25
76747,25
77676,25
52244,25
97822,25
99990,25
2064,25
22668,25
21574,25
82720,25
82731,25
63826,25
44109,25
8980,25
8983,25
83712,25
98867,25
26080,25
14563,25
42577,25
64414,25
55590,25
26102,25
98878,25
95762,25
26126,25
95758,25
55687,25
26199,25
42476,25
90258,25
80145,25
8315,25
42450,25
50481,25
72686,25
55740,25
78446,25
84810,25
55760,25
95684,25
1024,25
26298,25
26305,25
80144,25
26064,25
26058,25
26042,25
84547,25
96003,25
34266,25
55208,25
35518,25
3700,25
73228,25
84468,25
19187,25
73184,25
42824,25
50553,25
25853,25
35534,25
55393,25
84650,25
95885,25
84563,25
25884,25
34240,25
84588,25
25924,25
25930,25
72984,25
42679,25
64408,25
14630,25
72955,25
84647,25
20824,25
26342,25
55847,25
26744,25
56122,25
90213,25
72244,25
9270,25
14145,25
35649,25
85118,25
95480,25
42050,25
95472,25
4207,25
14112,25
95445,25
56185,25
35642,25
41969,25
56236,25
78607,25
50359,25
4257,25
20690,25
26855,25
95376,25
26874,25
95360,25
72062,25
26901,25
56338,25
26672,25
89543,25
9230,25
72439,25
26382,25
72562,25
17828,25
84923,25
78503,25
26440,25
26449,25
20792,25
72464,25
84970,25
84971,25
26489,25
42246,25
72421,25
34154,25
14272,25
35623,25
95577,25
4102,25
26534,25
26557,25
26612,25
79,25
95532,25
26629,25
42122,25
72295,25
95520,25
3681,25
55177,25
34272,25
80212,25
21141,25
35366,25
99956,25
24792,25
15339,25
64164,25
54297,25
74293,25
43710,25
84025,25
24934,25
43638,25
24982,25
24987,25
43833,25
54499,25
25019,25
43583,25
15195,25
96426,25
96413,25
15176,25
43542,25
74030,25
74019,25
73988,25
96339,25
96335,25
24765,25
64158,25
73957,25
21153,25
3024,25
15550,25
8985,25
24481,25
1203,25
90516,25
34537,25
35336,25
96713,25
1191,25
83838,25
78172,25
43930,25
9010,25
15384,25
24671,25
74479,25
24680,25
15429,25
74466,25
3138,25
43882,25
15424,25
19126,25
50794,25
15398,25
74410,25
96591,25
96326,25
98776,25
25654,25
84331,25
84288,25
18887,25
98807,25
90357,25
3559,25
14940,25
47162,25
54977,25
25463,25
20972,25
63104,25
17734,25
25487,25
91175,25
34351,25
96108,25
3598,25
80477,25
34294,25
96095,25
80166,25
73433,25
3629,25
47186,25
98818,25
96036,25
34274,25
25642,25
96161,25
43241,25
73933,25
50673,25
84154,25
25189,25
54659,25
98779,25
50689,25
25219,25
34396,25
96274,25
73849,25
81650,25
34393,25
80188,25
54733,25
25281,25
73690,25
3471,25
3472,25
84215,25
1111,25
54787,25
21017,25
81636,25
96186,25
43263,25
17705,25
1103,25
64277,25
43252,25
60967,25
26839,25
88831,25
88555,25
66976,25
7681,25
10044,25
66579,25
49273,25
62194,25
7056,25
36442,25
32115,25
65433,25
10611,25
36809,25
37269,25
185,25
66199,25
65351,25
18704,25
88772,25
65296,25
36562,25
89478,25
10595,25
66762,25
89542,25
99790,25
7595,25
89216,25
65594,25
65581,25
36766,25
65790,25
19575,25
313,25
66996,25
10142,25
7169,25
89350,25
7164,25
32715,25
92130,25
66255,25
7788,25
7403,25
19619,25
62198,25
36995,25
32086,25
49456,25
92479,25
7159,25
37298,25
33007,25
32705,25
32137,25
92192,25
37374,25
48437,25
36427,25
66840,25
7450,25
61079,25
89497,25
31839,25
65676,25
61096,25
66425,25
99811,25
10515,25
61080,25
10783,25
66070,25
32569,25
32216,25
10539,25
36375,25
10311,25
7459,25
7113,25
61422,25
10315,25
66886,25
89044,25
79742,25
7642,25
89068,25
36337,25
36842,25
31800,25
19369,25
49242,25
10812,25
7265,25
36632,25
61466,25
80712,25
99749,25
65421,25
36622,25
61074,25
61369,25
32193,25
36620,25
7095,25
32272,25
62036,25
88870,25
7483,25
66407,25
88587,25
61073,25
62161,25
61957,25
32924,25
32795,25
91817,25
65546,25
62107,25
49264,25
32395,25
32746,25
89195,25
65800,25
88925,25
66321,25
66319,25
92506,25
65554,25
88933,25
7570,25
32423,25
80594,25
31998,25
62203,25
48526,25
32799,25
10674,25
99762,25
92154,25
19624,25
19424,25
68020,24
11687,24
98761,24
52558,24
17183,24
44494,24
18425,24
87642,24
80414,24
78245,24
4996,24
91108,24
13133,24
47679,24
25087,24
40718,24
25094,24
9710,24
79154,24
37229,24
82900,24
38808,24
8427,24
5022,24
6201,24
74101,24
65096,24
13122,24
35855,24
75205,24
89975,24
22,24
76321,24
59694,24
52579,24
38817,24
10720,24
34753,24
69323,24
81297,24
61120,24
70686,24
52543,24
93310,24
70822,24
76358,24
68370,24
48602,24
79464,24
19259,24
13178,24
40775,24
43473,24
70772,24
70780,24
16402,24
11651,24
68352,24
93836,24
54620,24
70792,24
10268,24
96320,24
81250,24
59767,24
70750,24
32757,24
3364,24
9463,24
59737,24
7636,24
4980,24
91388,24
11675,24
79780,24
63468,24
22977,24
3366,24
19548,24
32183,24
3365,24
38756,24
40758,24
18433,24
87666,24
27729,24
778,24
5036,24
54530,24
54528,24
54405,24
30203,24
59596,24
43668,24
61681,24
54413,24
70562,24
33252,24
33694,24
33507,24
40559,24
43658,24
23132,24
23822,24
93375,24
52679,24
3278,24
2309,24
15934,24
20478,24
50735,24
38925,24
76130,24
23180,24
16616,24
66767,24
52743,24
54351,24
50092,24
74247,24
79945,24
54982,24
86352,24
24909,24
19932,24
46711,24
65726,24
34743,24
70537,24
28327,24
28322,24
11754,24
5097,24
87586,24
28209,24
28228,24
57649,24
15204,24
74121,24
61994,24
40636,24
18128,24
52631,24
13102,24
93841,24
36636,24
64195,24
88594,24
633,24
15189,24
27719,24
30316,24
94600,24
99151,24
99879,24
36126,24
84054,24
6168,24
81966,24
18919,24
97559,24
43643,24
43639,24
19912,24
91562,24
47060,24
91970,24
30261,24
86296,24
62263,24
32637,24
46701,24
38870,24
86292,24
28235,24
73950,24
40804,24
47159,24
13382,24
50657,24
73712,24
80405,24
25344,24
85983,24
39669,24
82019,24
68095,24
96188,24
25329,24
76551,24
19827,24
71056,24
57247,24
36180,24
35254,24
29367,24
73588,24
8178,24
57282,24
54850,24
84217,24
81647,24
78298,24
47893,24
93097,24
25272,24
19040,24
66490,24
94775,24
19833,24
44515,24
45534,24
84225,24
68143,24
45638,24
50966,24
16495,24
76523,24
87807,24
10291,24
23892,24
49203,24
87062,24
6441,24
96142,24
14957,24
3556,24
45625,24
48705,24
6448,24
11489,24
27741,24
69372,24
84305,24
18276,24
62779,24
7651,24
39654,24
20977,24
80179,24
64669,24
73644,24
13423,24
82011,24
6412,24
30681,24
57233,24
92376,24
6404,24
10770,24
22726,24
68064,24
89049,24
23953,24
826,24
90028,24
90706,24
78324,24
43227,24
62018,24
27766,24
59972,24
14977,24
17694,24
62023,24
57448,24
25196,24
32021,24
483,24
3417,24
75223,24
81979,24
94721,24
79476,24
91886,24
2685,24
8827,24
8620,24
81992,24
2060,24
18272,24
78855,24
98461,24
84163,24
10273,24
35237,24
10533,24
7809,24
2729,24
3401,24
4945,24
88622,24
66020,24
21054,24
93275,24
32190,24
76376,24
84152,24
90577,24
25450,24
91132,24
51195,24
43425,24
62458,24
79470,24
25179,24
50148,24
54665,24
40866,24
2139,24
37361,24
57337,24
43361,24
63845,24
4892,24
61101,24
59872,24
32593,24
59877,24
4889,24
69449,24
20976,24
58786,24
45501,24
15077,24
76477,24
63841,24
50676,24
15075,24
15921,24
33653,24
96287,24
47907,24
99490,24
38659,24
51208,24
35440,24
11581,24
23848,24
81995,24
32776,24
27950,24
94749,24
18273,24
20422,24
63496,24
40901,24
3441,24
43370,24
46651,24
25231,24
48928,24
53296,24
49747,24
99362,24
98693,24
50875,24
28938,24
23561,24
58565,24
96857,24
39781,24
2543,24
5911,24
2959,24
28930,24
12187,24
33720,24
35200,24
44863,24
53816,24
97336,24
12040,24
24334,24
33254,24
88737,24
15641,24
98691,24
69050,24
93620,24
23611,24
15677,24
74856,24
83600,24
94072,24
5895,24
44408,24
47962,24
12556,24
69028,24
40011,24
2945,24
8897,24
53804,24
69026,24
1335,24
86791,24
74818,24
35309,24
33771,24
83672,24
90525,24
5943,24
68971,24
49206,24
83675,24
69937,24
96811,24
83691,24
90958,24
20218,24
12652,24
29841,24
81035,24
12660,24
74710,24
83698,24
3013,24
5412,24
15812,24
98566,24
83667,24
96847,24
74770,24
5449,24
15626,24
58295,24
87292,24
59181,24
2819,24
12026,24
16116,24
40075,24
23508,24
94132,24
53061,24
28874,24
99246,24
69916,24
35939,24
32833,24
50864,24
47978,24
33774,24
24290,24
48996,24
89158,24
93986,24
44733,24
39864,24
44735,24
39865,24
5790,24
69152,24
29138,24
86889,24
79209,24
9561,24
50905,24
35963,24
87184,24
34684,24
87190,24
53301,24
74995,24
74981,24
53636,24
39493,24
65011,24
90552,24
79107,24
20086,24
2837,24
29576,24
78048,24
75039,24
39489,24
24144,24
8935,24
79791,24
21255,24
15746,24
97237,24
83255,24
93701,24
93696,24
62162,24
66647,24
29159,24
39886,24
69567,24
86958,24
12087,24
39376,24
44780,24
58418,24
66623,24
39959,24
99356,24
9539,24
83207,24
69067,24
24268,24
98684,24
35952,24
12547,24
98592,24
53180,24
50881,24
18798,24
90626,24
47871,24
93638,24
34689,24
2608,24
69092,24
48964,24
47941,24
74953,24
59000,24
59001,24
39410,24
18298,24
97264,24
94017,24
29663,24
29080,24
65012,24
62288,24
93655,24
20176,24
87224,24
49958,24
44275,24
81817,24
91059,24
78111,24
70007,24
89092,24
12878,24
94389,24
83316,24
10247,24
48988,24
52241,24
90937,24
1175,24
2410,24
2774,24
28498,24
9666,24
23289,24
93445,24
76030,24
7511,24
43835,24
40401,24
68701,24
18177,24
1376,24
65071,24
48028,24
81746,24
40330,24
39083,24
11880,24
68747,24
50053,24
32853,24
58648,24
24010,24
96642,24
33640,24
65943,24
57963,24
30046,24
35903,24
50058,24
96619,24
31952,24
30057,24
32655,24
20316,24
74688,24
54264,24
96510,24
57814,24
32650,24
96509,24
94455,24
48046,24
28385,24
48990,24
50758,24
97071,24
83981,24
24862,24
50757,24
70470,24
75526,24
28367,24
40494,24
5147,24
5145,24
20337,24
81221,24
3177,24
68669,24
2390,24
23260,24
96555,24
30107,24
68681,24
50777,24
54224,24
68674,24
20328,24
64785,24
6110,24
52780,24
74349,24
93403,24
15944,24
1172,24
43783,24
46728,24
17617,24
19557,24
54096,24
54095,24
24538,24
68866,24
3065,24
64109,24
9652,24
24548,24
58124,24
50835,24
40224,24
99212,24
49392,24
21177,24
64972,24
36444,24
54012,24
33137,24
94282,24
52961,24
87391,24
83806,24
61168,24
2492,24
51099,24
58139,24
5393,24
77858,24
53013,24
35324,24
83730,24
40168,24
53945,24
74655,24
93739,24
49799,24
70028,24
23443,24
94198,24
24523,24
68895,24
58870,24
24047,24
75851,24
24530,24
96707,24
51084,24
58103,24
23783,24
70195,24
63250,24
63248,24
49267,24
86535,24
92388,24
18731,24
51097,24
24643,24
11903,24
87438,24
48394,24
43922,24
9578,24
68776,24
54090,24
43916,24
35912,24
19965,24
68802,24
31996,24
36751,24
63903,24
58099,24
24589,24
58607,24
24601,24
28635,24
28633,24
94311,24
96688,24
70171,24
6011,24
98729,24
12356,24
45015,24
89924,24
74516,24
34517,24
74510,24
40288,24
57799,24
4112,24
33954,24
19487,24
95242,24
22195,24
98093,24
50520,24
56552,24
14622,24
8235,24
61492,24
14602,24
90274,24
98997,24
84678,24
80389,24
27085,24
1776,24
7065,24
60527,24
84687,24
50311,24
60491,24
95192,24
3829,24
50537,24
32323,24
89614,24
67590,24
49545,24
25932,24
7885,24
84601,24
67568,24
82400,24
38037,24
82411,24
85471,24
47475,24
95226,24
25981,24
56571,24
60486,24
26060,24
56509,24
95256,24
46504,24
72812,24
84728,24
67411,24
77178,24
19384,24
90785,24
7816,24
48282,24
77197,24
32333,24
66978,24
13949,24
42515,24
55652,24
26971,24
78427,24
82099,24
10025,24
22115,24
55634,24
49037,24
41780,24
71869,24
1770,24
26075,24
91308,24
46097,24
72886,24
92761,24
26092,24
16913,24
9213,24
61612,24
55586,24
22134,24
33328,24
42563,24
46130,24
17787,24
1811,24
63766,24
85621,24
73139,24
21637,24
45924,24
20936,24
55352,24
50555,24
71553,24
90092,24
84524,24
13706,24
7721,24
99038,24
41498,24
65620,24
95132,24
62392,24
88072,24
42790,24
77010,24
19741,24
65190,24
61486,24
60310,24
42838,24
71511,24
37514,24
85620,24
46563,24
32299,24
95092,24
84494,24
46561,24
95104,24
56768,24
16781,24
7334,24
80026,24
52008,24
76968,24
38171,24
17982,24
45959,24
95142,24
67670,24
60435,24
13755,24
21657,24
13764,24
41570,24
32489,24
56665,24
38080,24
17968,24
73054,24
41524,24
34242,24
62056,24
56638,24
22252,24
56637,24
71742,24
33166,24
49363,24
51943,24
25874,24
90100,24
95158,24
85580,24
41526,24
22296,24
37116,24
82462,24
79604,24
55389,24
27262,24
8758,24
48721,24
4508,24
22288,24
6700,24
4506,24
90099,24
9771,24
36954,24
95308,24
55654,24
84748,24
36308,24
37716,24
6953,24
77405,24
37713,24
84933,24
67140,24
88387,24
35607,24
20804,24
85160,24
98254,24
47396,24
1623,24
21859,24
26463,24
8718,24
80791,24
34187,24
62977,24
67157,24
10370,24
60782,24
49490,24
9286,24
72548,24
46330,24
37747,24
81,24
67190,24
89551,24
72537,24
6945,24
95626,24
4213,24
77400,24
46345,24
79686,24
7821,24
21878,24
98957,24
46378,24
56139,24
42060,24
14263,24
72429,24
17857,24
72304,24
72307,24
72309,24
95581,24
98932,24
98320,24
26590,24
4064,24
4123,24
51468,24
7019,24
91721,24
42171,24
65278,24
14241,24
42174,24
26508,24
10934,24
51505,24
80126,24
99643,24
55917,24
51533,24
21828,24
10425,24
17187,24
48334,24
95492,24
99912,24
91715,24
88954,24
46451,24
50397,24
37650,24
19209,24
80576,24
34185,24
56192,24
14368,24
1651,24
56349,24
26208,24
79987,24
31404,24
92699,24
32352,24
13971,24
940,24
14467,24
37851,24
67277,24
14460,24
92682,24
79815,24
10379,24
26884,24
78631,24
72071,24
21721,24
31398,24
46494,24
98151,24
22041,24
9809,24
41825,24
20860,24
60611,24
9839,24
22057,24
26949,24
84765,24
82302,24
19379,24
37881,24
67344,24
13962,24
10372,24
9816,24
20666,24
56373,24
46240,24
56286,24
4025,24
92165,24
61584,24
26343,24
72589,24
84862,24
81433,24
80501,24
6896,24
34981,24
37776,24
26283,24
95647,24
55852,24
42345,24
18681,24
92637,24
88491,24
72176,24
85209,24
77545,24
95405,24
85233,24
20829,24
22003,24
50353,24
88332,24
92667,24
67259,24
17033,24
91828,24
49497,24
77301,24
51652,24
41917,24
50471,24
35588,24
64509,24
56272,24
95665,24
48583,24
4574,24
34232,24
39639,24
43140,24
60077,24
38253,24
87993,24
35508,24
35786,24
52170,24
80508,24
45777,24
81598,24
95970,24
38365,24
11340,24
80171,24
80111,24
13635,24
94971,24
79540,24
71226,24
2015,24
30904,24
47560,24
85705,24
56835,24
82030,24
14923,24
87996,24
13591,24
55078,24
84371,24
92966,24
41232,24
42952,24
73344,24
41173,24
10076,24
43129,24
76874,24
1947,24
73426,24
37160,24
17747,24
20948,24
19174,24
73268,24
14786,24
7446,24
30845,24
92957,24
17744,24
42985,24
27607,24
71418,24
30786,24
66131,24
62030,24
92945,24
41219,24
27424,24
85664,24
84435,24
33965,24
16693,24
90086,24
92080,24
93034,24
91176,24
30790,24
8656,24
50608,24
85665,24
42903,24
95965,24
92061,24
25758,24
87984,24
65312,24
18665,24
87910,24
92987,24
27379,24
90280,24
4591,24
82656,24
45715,24
88854,24
97959,24
9377,24
55137,24
92066,24
76760,24
84358,24
78343,24
71333,24
32273,24
1081,24
60298,24
19781,24
6592,24
60198,24
73492,24
99061,24
60128,24
16677,24
94962,24
79535,24
76870,24
45802,24
25562,24
80046,24
87971,24
42972,24
3744,24
55000,24
87989,24
20539,24
67778,24
42874,24
38445,24
22619,24
95048,24
85675,24
92932,24
82576,24
55121,24
13658,24
95957,24
42975,24
90757,24
873,24
41134,24
38355,24
89662,24
22512,24
55143,24
45671,24
27520,24
52238,24
52189,24
92992,24
88572,24
66892,24
89279,24
11387,24
6594,24
3682,24
37483,24
36588,24
45789,24
35808,23
62993,23
49182,23
53768,23
89463,23
42353,23
32213,23
94020,23
94907,23
50900,23
29081,23
14891,23
13522,23
81633,23
17893,23
53737,23
47141,23
86857,23
5526,23
44292,23
225,23
72572,23
72165,23
29028,23
91035,23
4249,23
80540,23
44259,23
12508,23
69746,23
4017,23
83567,23
96922,23
26784,23
39944,23
3624,23
86829,23
39946,23
15703,23
9394,23
72585,23
28916,23
1218,23
12603,23
62625,23
40049,23
56328,23
78634,23
19200,23
2964,23
41885,23
78444,23
92124,23
41891,23
3642,23
26882,23
74828,23
57289,23
27870,23
25573,23
64056,23
15038,23
24260,23
74778,23
9436,23
58274,23
35574,23
42471,23
66409,23
32537,23
40074,23
96038,23
73772,23
85292,23
42461,23
63085,23
53845,23
91237,23
58297,23
41867,23
41868,23
53827,23
47562,23
24318,23
99745,23
33210,23
47614,23
50654,23
25568,23
15694,23
95660,23
14396,23
94050,23
35951,23
32435,23
37196,23
72594,23
72127,23
72129,23
28994,23
78811,23
96904,23
83570,23
58407,23
84244,23
85263,23
71280,23
32579,23
96055,23
54797,23
28954,23
32440,23
36406,23
13351,23
3496,23
69834,23
94081,23
53801,23
58364,23
56281,23
13362,23
44226,23
46938,23
92048,23
55777,23
18250,23
8196,23
71075,23
90340,23
85090,23
92157,23
4177,23
41142,23
44481,23
4068,23
53552,23
12330,23
32411,23
15851,23
43073,23
87006,23
7307,23
85065,23
81468,23
69477,23
95598,23
18036,23
94844,23
72290,23
41096,23
88937,23
78003,23
83411,23
78513,23
43126,23
26477,23
20732,23
4791,23
18943,23
656,23
69529,23
90208,23
24040,23
15824,23
71197,23
34149,23
55020,23
92160,23
1263,23
48833,23
24015,23
53573,23
95518,23
1090,23
58661,23
41114,23
26573,23
15872,23
95557,23
4117,23
80648,23
69422,23
33675,23
57147,23
55993,23
8093,23
3567,23
29392,23
23946,23
83393,23
4770,23
84322,23
43160,23
93809,23
75300,23
14255,23
26543,23
72433,23
5676,23
78526,23
72430,23
92153,23
26518,23
73571,23
33950,23
26630,23
1266,23
85053,23
1093,23
65852,23
4097,23
90221,23
96125,23
99713,23
85028,23
26582,23
58702,23
58703,23
86970,23
36752,23
43120,23
78493,23
78582,23
26742,23
56174,23
65330,23
85937,23
5550,23
25380,23
15616,23
49941,23
42019,23
81631,23
20964,23
93971,23
42022,23
37014,23
66100,23
27664,23
14339,23
35656,23
72538,23
9854,23
81115,23
84275,23
81509,23
64028,23
29096,23
64027,23
43074,23
64359,23
50379,23
42323,23
84273,23
74996,23
86881,23
72194,23
93999,23
42006,23
24180,23
50218,23
48747,23
93994,23
63124,23
61262,23
84286,23
24052,23
42046,23
81495,23
69564,23
852,23
75107,23
9901,23
26461,23
93912,23
90367,23
25506,23
8268,23
26705,23
61868,23
90560,23
48523,23
83439,23
12376,23
85846,23
12375,23
53592,23
14136,23
42044,23
34343,23
85134,23
41063,23
69604,23
29198,23
78040,23
99291,23
29213,23
3545,23
3603,23
48397,23
664,23
54927,23
10664,23
81292,23
71141,23
41167,23
50939,23
73633,23
64484,23
98661,23
70988,23
84106,23
79852,23
27229,23
4961,23
65973,23
85541,23
86370,23
95168,23
70511,23
42752,23
64730,23
74285,23
12991,23
74187,23
62850,23
25143,23
12988,23
95180,23
3393,23
71735,23
55424,23
43753,23
64400,23
55405,23
42758,23
18142,23
27256,23
73211,23
57497,23
57733,23
43485,23
40766,23
25744,23
86354,23
47050,23
21107,23
56695,23
41545,23
25743,23
84013,23
74226,23
48482,23
49000,23
83998,23
41554,23
5137,23
49089,23
95015,23
49384,23
94442,23
18877,23
28461,23
35365,23
806,23
24771,23
81386,23
73011,23
12917,23
74382,23
40825,23
8137,23
28488,23
32511,23
98852,23
72993,23
27156,23
42683,23
84418,23
40395,23
25927,23
21138,23
57825,23
28449,23
13811,23
35714,23
35521,23
40451,23
41611,23
4947,23
99721,23
92190,23
57441,23
21137,23
27177,23
86429,23
57439,23
71766,23
54228,23
13825,23
74360,23
35887,23
24779,23
74193,23
17993,23
90129,23
37227,23
25036,23
20365,23
19151,23
17652,23
13694,23
55335,23
55291,23
78898,23
43572,23
55341,23
55387,23
85643,23
78907,23
89517,23
4548,23
18657,23
92037,23
61745,23
35733,23
74017,23
95053,23
25774,23
74096,23
19467,23
78902,23
13679,23
84104,23
33162,23
14748,23
43548,23
886,23
70701,23
90463,23
49364,23
14741,23
55306,23
94615,23
17666,23
5021,23
84495,23
43556,23
4590,23
66389,23
40731,23
50706,23
84130,23
32148,23
74168,23
14700,23
41511,23
56719,23
50277,23
13717,23
14694,23
57504,23
71461,23
37138,23
57707,23
20352,23
28277,23
40567,23
19235,23
43652,23
47671,23
78705,23
88894,23
4521,23
62692,23
71563,23
85586,23
50705,23
47064,23
55356,23
47228,23
96439,23
41398,23
3774,23
13086,23
64756,23
13082,23
80526,23
14709,23
50104,23
51,23
91736,23
13073,23
4606,23
24963,23
35390,23
57928,23
41649,23
27139,23
92001,23
62638,23
4897,23
41284,23
18213,23
96265,23
21191,23
40910,23
55649,23
13288,23
95297,23
24738,23
24492,23
5383,23
86669,23
24488,23
53952,23
74660,23
15541,23
25631,23
73351,23
85714,23
41286,23
1028,23
19179,23
42537,23
15495,23
5328,23
54016,23
74583,23
7481,23
56444,23
61306,23
64250,23
47449,23
57360,23
58120,23
41289,23
90268,23
94257,23
84179,23
46978,23
44019,23
47447,23
56412,23
12693,23
32694,23
90128,23
56384,23
15589,23
40113,23
56383,23
96804,23
26946,23
27553,23
3450,23
29404,23
92046,23
819,23
32265,23
50595,23
15608,23
33915,23
72031,23
74752,23
56371,23
2978,23
35317,23
58225,23
14515,23
35824,23
20662,23
12690,23
78362,23
86087,23
28777,23
61822,23
13956,23
12680,23
96410,23
70957,23
26955,23
89913,23
17547,23
50854,23
3657,23
40132,23
96790,23
81336,23
302,23
81338,23
62642,23
72838,23
62657,23
70873,23
91769,23
70246,23
70876,23
14603,23
94711,23
94717,23
43900,23
42627,23
70238,23
64812,23
62868,23
48759,23
47100,23
9346,23
57402,23
28582,23
54093,23
24652,23
47470,23
24689,23
13886,23
14823,23
96597,23
40832,23
85460,23
41332,23
78864,23
61680,23
72972,23
70290,23
73908,23
78958,23
88771,23
41328,23
40366,23
56564,23
27483,23
63167,23
28535,23
74454,23
3144,23
78645,23
70223,23
78163,23
99116,23
70914,23
35917,23
26100,23
96285,23
42570,23
78414,23
62646,23
13927,23
43962,23
92096,23
61609,23
35561,23
26112,23
20881,23
81760,23
50825,23
8460,23
26122,23
55610,23
13916,23
27050,23
25665,23
41740,23
50045,23
3118,23
32529,23
42604,23
42600,23
5283,23
43932,23
63036,23
4382,23
32270,23
70900,23
55566,23
78267,23
56495,23
32669,23
62872,23
78755,23
58039,23
85395,23
714,23
27330,23
87768,23
52473,23
19401,23
34767,23
38741,23
22960,23
22954,23
11631,23
11630,23
82871,23
48112,23
8832,23
21521,23
77731,23
38428,23
19320,23
62006,23
93249,23
52434,23
68263,23
62450,23
93239,23
68261,23
93235,23
478,23
30549,23
61114,23
11665,23
18432,23
2225,23
52646,23
49719,23
2276,23
17381,23
16345,23
30297,23
33494,23
23051,23
1407,23
93338,23
21500,23
2256,23
48091,23
52598,23
33484,23
76316,23
49695,23
76332,23
77751,23
63460,23
38791,23
19871,23
52537,23
61105,23
49665,23
22846,23
59968,23
45601,23
87849,23
92425,23
48155,23
51255,23
30703,23
87859,23
11485,23
51262,23
60008,23
80924,23
11478,23
19037,23
65134,23
16601,23
45651,23
38472,23
22660,23
97830,23
63539,23
52245,23
67988,23
45687,23
16564,23
30690,23
63503,23
98449,23
68167,23
31879,23
87798,23
87802,23
22823,23
87810,23
137,23
87811,23
68123,23
48141,23
93171,23
48143,23
46637,23
34811,23
68099,23
99504,23
68093,23
82776,23
80616,23
35081,23
45565,23
6398,23
30679,23
30262,23
45256,23
11741,23
579,23
44957,23
2494,23
75861,23
79301,23
8029,23
79303,23
21441,23
98546,23
24,23
29945,23
87399,23
45004,23
45010,23
2463,23
83081,23
75904,23
81954,23
68803,23
2455,23
34729,23
6031,23
2447,23
16205,23
66732,23
21434,23
87448,23
83121,23
44901,23
18760,23
61928,23
87321,23
51068,23
29825,23
16132,23
62532,23
5952,23
90640,23
33564,23
17417,23
31965,23
29859,23
97356,23
83124,23
89793,23
75808,23
93557,23
81946,23
11970,23
87356,23
75815,23
97429,23
59415,23
63453,23
6115,23
23236,23
34737,23
23222,23
59538,23
9967,23
23197,23
23195,23
51148,23
63445,23
11781,23
45199,23
539,23
30200,23
97545,23
16306,23
6156,23
66781,23
38912,23
31925,23
97558,23
51159,23
52662,23
79397,23
6124,23
18623,23
48025,23
76066,23
62503,23
11876,23
32856,23
11871,23
63433,23
45063,23
52880,23
59461,23
6062,23
23312,23
75994,23
36103,23
30080,23
68696,23
23264,23
8004,23
52815,23
87524,23
76052,23
6095,23
2379,23
77811,23
97499,23
89718,23
11452,23
18331,23
60713,23
31763,23
11074,23
6853,23
60658,23
51695,23
77284,23
67294,23
98173,23
67287,23
92669,23
91830,23
63632,23
88593,23
61003,23
61001,23
33026,23
92663,23
37795,23
1521,23
60729,23
77336,23
31745,23
17061,23
18995,23
79654,23
82104,23
31386,23
22046,23
62380,23
46077,23
88534,23
46513,23
6780,23
22153,23
63605,23
82360,23
48885,23
17253,23
37942,23
77575,23
6812,23
6819,23
51762,23
92728,23
11111,23
92720,23
66983,23
46188,23
88268,23
19678,23
37561,23
19621,23
21921,23
63639,23
46403,23
17148,23
46409,23
62310,23
49462,23
98306,23
10944,23
88434,23
82161,23
31666,23
67070,23
92547,23
51500,23
10926,23
31678,23
60936,23
88457,23
46430,23
31693,23
10904,23
67042,23
7016,23
7021,23
31716,23
63693,23
21825,23
21743,23
21841,23
17077,23
37760,23
65523,23
88367,23
46335,23
67187,23
6940,23
17096,23
37726,23
63705,23
21762,23
154,23
98259,23
77413,23
6962,23
67124,23
46370,23
99820,23
67104,23
31730,23
67100,23
98286,23
7834,23
60510,23
19712,23
37539,23
16701,23
49587,23
82582,23
31827,23
99541,23
77658,23
30911,23
22484,23
1956,23
67806,23
33401,23
76861,23
36216,23
187,23
38251,23
52110,23
90868,23
16731,23
1923,23
63571,23
49575,23
37508,23
30969,23
52070,23
79565,23
67848,23
1472,23
60168,23
99514,23
77671,23
97856,23
76743,23
30811,23
97864,23
36336,23
16657,23
19785,23
97872,23
38372,23
16663,23
38358,23
60124,23
79559,23
52188,23
30859,23
93016,23
35051,23
32931,23
60147,23
89692,23
60166,23
22406,23
31007,23
88154,23
38105,23
62055,23
6705,23
98401,23
11241,23
67631,23
46001,23
91656,23
31793,23
77048,23
60444,23
65613,23
6725,23
60447,23
51923,23
49548,23
46025,23
77066,23
46052,23
19713,23
7067,23
82088,23
22209,23
60494,23
19731,23
38106,23
37513,23
89630,23
62050,23
65630,23
51329,23
1900,23
88028,23
60308,23
18606,23
45907,23
19743,23
60321,23
67701,23
51340,23
22340,23
80013,23
16809,23
79598,23
16813,23
80614,23
1868,23
51351,23
21652,23
35029,23
92867,23
29798,23
2876,23
69160,23
5917,23
89817,23
2562,23
77882,23
8903,23
80636,23
97305,23
12199,23
90980,23
5879,23
83290,23
35230,23
34690,23
39357,23
93733,23
59068,23
29540,23
58888,23
15992,23
81911,23
83305,23
46799,23
87100,23
58818,23
639,23
98648,23
91000,23
93780,23
5731,23
99321,23
87084,23
29761,23
29758,23
81087,23
49878,23
33646,23
21391,23
53384,23
98579,23
75679,23
2557,23
2676,23
624,23
75607,23
53304,23
65016,23
29601,23
89821,23
69159,23
29612,23
87218,23
12133,23
53249,23
39440,23
17444,23
87147,23
23677,23
33605,23
87207,23
39412,23
69112,23
17442,23
2607,23
20062,23
83252,23
48954,23
44686,23
69199,23
12179,23
20051,23
19078,23
53295,23
16045,23
59045,23
23732,23
97277,23
29687,23
29677,23
16041,23
29578,23
616,23
8545,23
53278,23
97272,23
53275,23
62152,23
79185,23
69260,23
12251,23
69393,23
23549,23
53448,23
97143,23
53091,23
12035,23
29417,23
16105,23
64943,23
8557,23
5713,23
46780,23
80544,22
93000,22
1959,22
16708,22
78744,22
60176,22
97914,22
10796,22
27490,22
73291,22
30916,22
89436,22
30932,22
47201,22
55191,22
13607,22
38289,22
53652,22
60207,22
13619,22
27476,22
99825,22
67049,22
78531,22
10075,22
45828,22
60229,22
48601,22
3706,22
92975,22
50580,22
20767,22
49582,22
51317,22
93952,22
73276,22
31686,22
32510,22
65446,22
41337,22
78532,22
91210,22
46908,22
52161,22
75318,22
30897,22
78535,22
50597,22
9255,22
50412,22
77662,22
84377,22
25577,22
43042,22
84372,22
30851,22
48190,22
71284,22
82615,22
84369,22
49310,22
72410,22
15748,22
38367,22
30849,22
93038,22
63309,22
48193,22
66299,22
55127,22
80314,22
27440,22
71358,22
42211,22
60165,22
85716,22
98430,22
92071,22
14267,22
13574,22
66910,22
18709,22
47195,22
60151,22
30877,22
39471,22
49128,22
58951,22
79561,22
20533,22
55133,22
91785,22
93826,22
90286,22
42846,22
83458,22
95098,22
82515,22
53622,22
36224,22
71527,22
81351,22
55327,22
65385,22
25792,22
95082,22
67730,22
55959,22
95079,22
25789,22
32291,22
2643,22
44689,22
80122,22
79119,22
42841,22
415,22
77930,22
73160,22
50551,22
45957,22
58890,22
93911,22
69409,22
93727,22
1877,22
1879,22
42795,22
95124,22
85593,22
99562,22
82487,22
38154,22
85596,22
83375,22
37635,22
73148,22
66388,22
25810,22
85602,22
42842,22
32032,22
39485,22
47525,22
22429,22
67057,22
42887,22
3721,22
95032,22
15884,22
41382,22
14770,22
80162,22
58927,22
92531,22
38239,22
3714,22
30959,22
4620,22
46426,22
55263,22
82563,22
36423,22
35041,22
52096,22
22427,22
60254,22
29228,22
58924,22
55311,22
22393,22
20937,22
76937,22
71491,22
16752,22
55961,22
50564,22
97222,22
14756,22
5593,22
51321,22
36419,22
56819,22
31001,22
14758,22
38212,22
67776,22
84462,22
30974,22
45738,22
55092,22
6537,22
52335,22
4110,22
91355,22
4810,22
34819,22
42189,22
7947,22
39430,22
71102,22
16562,22
73667,22
62765,22
18474,22
57231,22
16022,22
97777,22
96952,22
27802,22
72390,22
92381,22
21558,22
33932,22
67034,22
22708,22
90707,22
25407,22
57172,22
7013,22
20074,22
38499,22
81819,22
14947,22
36376,22
36188,22
11494,22
57180,22
57192,22
22686,22
31861,22
97802,22
830,22
85915,22
65885,22
44333,22
96953,22
34834,22
73697,22
36424,22
36204,22
31723,22
36495,22
27869,22
24213,22
4853,22
1442,22
96947,22
2132,22
13333,22
87796,22
6364,22
54777,22
68158,22
36887,22
61383,22
10540,22
97753,22
49301,22
40959,22
86049,22
93187,22
10281,22
15023,22
93179,22
27860,22
309,22
15737,22
55991,22
38563,22
77899,22
44315,22
79177,22
24199,22
54827,22
171,22
3499,22
22822,22
19164,22
99662,22
39895,22
35813,22
49951,22
7299,22
58467,22
49370,22
62947,22
20079,22
79519,22
46616,22
81296,22
97863,22
3612,22
99070,22
99925,22
33736,22
85811,22
57075,22
10526,22
69621,22
61232,22
9717,22
85820,22
52216,22
49610,22
87896,22
27670,22
36921,22
45699,22
30794,22
57096,22
61267,22
48183,22
27642,22
36924,22
42202,22
49232,22
73135,22
66309,22
96067,22
78760,22
30831,22
86923,22
23713,22
20520,22
94908,22
60106,22
25548,22
64361,22
97865,22
20519,22
65882,22
25544,22
67919,22
90735,22
2024,22
69174,22
96097,22
34305,22
2619,22
99278,22
50622,22
25457,22
80915,22
26539,22
76680,22
82689,22
60034,22
12454,22
64324,22
67990,22
5703,22
60947,22
61203,22
6466,22
72397,22
48161,22
64319,22
41098,22
29143,22
9712,22
48974,22
79555,22
38438,22
79542,22
82039,22
3592,22
89893,22
52222,22
19516,22
95548,22
60069,22
80902,22
85866,22
18491,22
60068,22
85868,22
73534,22
22613,22
96121,22
45669,22
22629,22
38451,22
75004,22
42788,22
60364,22
50550,22
63739,22
33642,22
31437,22
91275,22
56327,22
31432,22
49049,22
19675,22
81090,22
82283,22
46222,22
26908,22
98987,22
85299,22
55716,22
15899,22
67313,22
51704,22
37853,22
4304,22
77273,22
26215,22
53547,22
22010,22
20849,22
92125,22
95674,22
14405,22
23833,22
77458,22
67255,22
63001,22
17039,22
992,22
41910,22
19669,22
42427,22
78630,22
61594,22
26878,22
98348,22
88329,22
17808,22
88517,22
19670,22
22008,22
4308,22
60869,22
8306,22
81420,22
82101,22
80785,22
34216,22
41813,22
22079,22
42507,22
82324,22
90262,22
58768,22
48286,22
80000,22
5762,22
72805,22
71975,22
35983,22
71972,22
20659,22
6805,22
2783,22
18565,22
46138,22
84753,22
35570,22
42493,22
23999,22
62348,22
32350,22
17006,22
42473,22
92705,22
4181,22
39560,22
22038,22
4329,22
39558,22
77216,22
56380,22
51735,22
36746,22
92717,22
51516,22
82103,22
34909,22
22065,22
83307,22
77313,22
36393,22
85589,22
26759,22
99631,22
5672,22
60851,22
36516,22
67170,22
8720,22
55882,22
80796,22
84920,22
67179,22
95441,22
98231,22
53516,22
37745,22
9279,22
98360,22
63645,22
42000,22
55872,22
58777,22
42327,22
95463,22
75241,22
21876,22
64444,22
4061,22
82189,22
37351,22
62129,22
77441,22
29362,22
14309,22
82203,22
49471,22
64948,22
33295,22
55904,22
37017,22
10392,22
12306,22
56148,22
55897,22
98250,22
26423,22
37712,22
26758,22
4234,22
46479,22
92138,22
6892,22
46457,22
34119,22
82177,22
6890,22
95411,22
88499,22
81519,22
41945,22
8726,22
92568,22
11034,22
29339,22
87085,22
339,22
46283,22
42384,22
44613,22
65810,22
64431,22
14029,22
42366,22
48613,22
60740,22
80807,22
91258,22
1650,22
83401,22
18583,22
35239,22
48310,22
95422,22
84877,22
53520,22
77348,22
39587,22
46302,22
95420,22
8302,22
34124,22
79782,22
85219,22
91706,22
6898,22
55835,22
16946,22
63029,22
90125,22
48722,22
56630,22
87061,22
23776,22
42728,22
25910,22
3810,22
80005,22
1827,22
1832,22
34651,22
64399,22
83283,22
88896,22
51371,22
14674,22
27228,22
10053,22
84564,22
50290,22
41575,22
71685,22
38062,22
38061,22
67598,22
98076,22
72994,22
66954,22
56600,22
34239,22
81390,22
51898,22
42101,22
20615,22
18669,22
98073,22
63040,22
79609,22
37105,22
32027,22
16860,22
62058,22
93744,22
84589,22
22246,22
84587,22
11239,22
84191,22
31771,22
73090,22
79843,22
80770,22
5617,22
82166,22
85575,22
56710,22
19734,22
92451,22
73121,22
41520,22
60370,22
85582,22
95139,22
47233,22
6681,22
14195,22
1855,22
89298,22
75368,22
21343,22
92874,22
80862,22
82463,22
98627,22
99295,22
67633,22
22274,22
88436,22
8228,22
82454,22
25873,22
95163,22
27257,22
34180,22
31123,22
13746,22
51945,22
62192,22
71657,22
4505,22
33637,22
21810,22
69255,22
63588,22
51951,22
82081,22
61032,22
1050,22
80843,22
99592,22
63749,22
46111,22
71925,22
85371,22
23788,22
91232,22
1501,22
63034,22
50499,22
71883,22
84696,22
80001,22
95270,22
90115,22
82373,22
58623,22
27067,22
64891,22
11168,22
36553,22
84707,22
37957,22
51804,22
27012,22
88908,22
31302,22
14535,22
62195,22
47917,22
55928,22
98386,22
13930,22
51799,22
93863,22
11140,22
41767,22
7569,22
20886,22
55604,22
51803,22
20655,22
26488,22
11138,22
56465,22
13888,22
89599,22
51861,22
42668,22
36966,22
99704,22
75142,22
82397,22
39537,22
1286,22
6990,22
79700,22
27131,22
13847,22
77103,22
69282,22
91675,22
38029,22
72982,22
9837,22
65211,22
18853,22
55485,22
32480,22
20640,22
7391,22
8240,22
6761,22
77140,22
19489,22
56525,22
16899,22
26047,22
26044,22
67497,22
14593,22
84673,22
37540,22
98096,22
71839,22
99000,22
85427,22
10181,22
11183,22
92790,22
72963,22
18871,22
923,22
63504,22
18727,22
22842,22
34700,22
48048,22
50760,22
83015,22
3230,22
63235,22
90923,22
54279,22
69793,22
62492,22
16058,22
7610,22
15321,22
15323,22
96513,22
12956,22
74328,22
49136,22
15338,22
6123,22
66559,22
30120,22
38971,22
97523,22
99178,22
40499,22
82999,22
94761,22
1166,22
1170,22
80223,22
43724,22
13007,22
62490,22
43726,22
51145,22
11801,22
90486,22
35879,22
48686,22
61967,22
59084,22
53783,22
48935,22
91559,22
8142,22
28427,22
30117,22
99434,22
23606,22
39029,22
76032,22
57911,22
83605,22
76027,22
86479,22
94407,22
57922,22
76014,22
68713,22
52848,22
59481,22
92020,22
51114,22
18173,22
20310,22
15396,22
16231,22
24304,22
63434,22
7514,22
57909,22
74384,22
62665,22
5193,22
61782,22
28432,22
58376,22
19373,22
18159,22
12072,22
24788,22
43804,22
53156,22
69046,22
5485,22
6093,22
74366,22
39014,22
74853,22
59109,22
88775,22
98535,22
96564,22
97484,22
6141,22
6143,22
23028,22
9038,22
3294,22
48375,22
19316,22
70620,22
68516,22
39958,22
2286,22
43611,22
19908,22
5077,22
64755,22
50727,22
65024,22
7499,22
28242,22
33585,22
59060,22
57683,22
12529,22
5082,22
9492,22
97586,22
61991,22
74141,22
54526,22
57598,22
86264,22
39374,22
70656,22
88808,22
97606,22
59041,22
16364,22
57632,22
45296,22
30284,22
76288,22
87623,22
96431,22
39954,22
53769,22
33495,22
40638,22
48649,22
33229,22
68536,22
40595,22
2338,22
54462,22
68586,22
81698,22
76164,22
32077,22
66556,22
54393,22
50739,22
18387,22
5126,22
43686,22
69788,22
16298,22
8851,22
50102,22
34742,22
16285,22
21376,22
39976,22
83992,22
77783,22
3249,22
45225,22
64771,22
6158,22
76189,22
35143,22
54454,22
86308,22
33848,22
54451,22
57700,22
32150,22
11747,22
11751,22
77767,22
40561,22
28274,22
11764,22
47056,22
35869,22
70586,22
59605,22
76177,22
86324,22
15248,22
75980,22
12880,22
62175,22
61915,22
32099,22
83768,22
7226,22
15529,22
99382,22
93540,22
50845,22
21436,22
36357,22
69875,22
63391,22
75839,22
50849,22
20000,22
40169,22
23459,22
24473,22
10207,22
44082,22
28770,22
47788,22
74611,22
306,22
39190,22
23438,22
86635,22
23419,22
91076,22
49832,22
23434,22
5980,22
68865,22
96721,22
93538,22
96734,22
65052,22
97368,22
15518,22
5356,22
66587,22
24324,22
32683,22
87381,22
720,22
34538,22
8972,22
12687,22
53799,22
70009,22
12658,22
87287,22
61836,22
86721,22
74798,22
5430,22
75788,22
33256,22
29820,22
61919,22
87313,22
1211,22
23495,22
24370,22
39262,22
66604,22
32828,22
39269,22
29795,22
29794,22
62545,22
94156,22
86706,22
29845,22
23472,22
81933,22
81048,22
59251,22
86685,22
90953,22
16096,22
15554,22
15558,22
44095,22
33563,22
48945,22
88749,22
29857,22
68929,22
11987,22
7535,22
711,22
29781,22
53028,22
44112,22
33544,22
37284,22
29921,22
11947,22
70232,22
24665,22
65348,22
70230,22
52893,22
40014,22
68760,22
75957,22
43914,22
87466,22
79048,22
59411,22
36810,22
49769,22
91541,22
65752,22
49968,22
5475,22
86534,22
53137,22
75921,22
28957,22
52885,22
28564,22
35299,22
1177,22
97448,22
97443,22
28541,22
12866,22
2561,22
86507,22
52883,22
12859,22
24309,22
30032,22
75973,22
97436,22
11870,22
23323,22
28554,22
54109,22
64805,22
65932,22
12853,22
37413,22
49772,22
45032,22
86607,22
69011,22
54031,22
17586,22
68836,22
23400,22
36467,22
40033,22
79305,22
28677,22
94106,22
51085,22
89391,22
12764,22
65053,22
29931,22
88665,22
54014,22
44983,22
96852,22
12585,22
90508,22
54033,22
5292,22
99401,22
34707,22
75909,22
58041,22
94328,22
99264,22
83859,22
86779,22
97408,22
87411,22
48658,22
64117,22
59350,22
86565,22
1187,22
43965,22
92007,22
90507,22
70134,22
86588,22
3089,22
76306,22
75312,22
91506,22
66833,22
86102,22
54619,22
34411,22
59729,22
63489,22
27934,22
43516,22
11648,22
63494,22
73850,22
61108,22
54614,22
15137,22
82880,22
63151,22
45367,22
59732,22
25097,22
30432,22
78887,22
80971,22
57398,22
70924,22
43512,22
493,22
65704,22
18962,22
62455,22
46650,22
43360,22
65109,22
74051,22
52504,22
96393,22
8846,22
64255,22
70801,22
97731,22
34789,22
22882,22
40914,22
30366,22
35433,22
99142,22
18445,22
78266,22
27929,22
87686,22
63488,22
78842,22
63846,22
18794,22
76360,22
6267,22
94742,22
19063,22
499,22
15157,22
13152,22
96347,22
81921,22
13263,22
46656,22
98770,22
43397,22
59754,22
4971,22
70913,22
47641,22
82888,22
68372,22
93294,22
57500,22
4912,22
35438,22
76350,22
38755,22
73871,22
63884,22
57496,22
8885,22
91133,22
81977,22
78847,22
6312,22
5855,22
52436,22
25102,22
66016,22
54611,22
76425,22
35848,22
4984,22
43500,22
4918,22
93309,22
12491,22
34397,22
18437,22
52516,22
99684,22
69104,22
89383,22
27,22
50143,22
40867,22
66635,22
40741,22
61115,22
16392,22
63155,22
65358,22
29044,22
28167,22
30486,22
23001,22
57423,22
33472,22
13227,22
76479,22
44299,22
15125,22
94681,22
82000,22
91508,22
59889,22
23664,22
86158,22
62461,22
22937,22
97669,22
45336,22
76397,22
70679,22
87721,22
52576,22
48113,22
12518,22
97652,22
13304,22
18423,22
6291,22
27899,22
23015,22
16484,22
61998,22
40942,22
94693,22
10650,22
40836,22
7771,22
64724,22
29054,22
59878,22
62456,22
48701,22
83561,22
47682,22
84099,22
57465,22
33895,22
70960,22
96913,22
31921,22
15109,22
10754,22
81997,22
70806,22
64708,22
73821,22
314,22
68209,22
87631,22
22864,22
75676,21
90720,21
7521,21
51738,21
98202,21
73922,21
25175,21
2546,21
83877,21
97394,21
1230,21
42480,21
21147,21
52958,21
19103,21
62088,21
43433,21
89100,21
79972,21
81522,21
3933,21
54992,21
84755,21
84841,21
2084,21
53533,21
72606,21
15487,21
24666,21
75968,21
98645,21
2438,21
18726,21
53739,21
54108,21
72755,21
72591,21
90595,21
45053,21
73894,21
83409,21
98432,21
49334,21
32454,21
75952,21
53392,21
75699,21
54077,21
50816,21
83078,21
34921,21
66081,21
77829,21
65508,21
36598,21
34206,21
97425,21
14974,21
98161,21
8496,21
46230,21
2077,21
72721,21
90690,21
16186,21
61888,21
54963,21
3116,21
7406,21
61683,21
84781,21
76654,21
63735,21
84771,21
44833,21
16085,21
43968,21
22042,21
48986,21
26309,21
97175,21
77305,21
80602,21
55700,21
52438,21
21573,21
82115,21
63984,21
78464,21
73603,21
15468,21
98644,21
22923,21
51668,21
95730,21
98675,21
75953,21
8734,21
77835,21
42468,21
10180,21
63419,21
64249,21
50474,21
76415,21
19105,21
1201,21
75561,21
17151,21
65414,21
23474,21
26495,21
73831,21
24348,21
73742,21
15588,21
84981,21
66052,21
48850,21
45507,21
96797,21
53036,21
23534,21
77487,21
34378,21
21208,21
79921,21
97736,21
36452,21
84978,21
48943,21
23535,21
25236,21
73727,21
75806,21
16470,21
76459,21
24458,21
98352,21
76529,21
78514,21
15561,21
80234,21
82816,21
97355,21
46870,21
79908,21
51515,21
61854,21
14290,21
4074,21
9995,21
2710,21
4093,21
63271,21
4104,21
46641,21
83557,21
83152,21
95570,21
53059,21
43328,21
89145,21
65544,21
9247,21
80421,21
48783,21
8710,21
82147,21
53733,21
65536,21
17347,21
53860,21
17540,21
24380,21
46953,21
23494,21
25288,21
22852,21
64062,21
7567,21
51496,21
15058,21
80235,21
80660,21
51067,21
15607,21
23492,21
21317,21
80642,21
46958,21
61929,21
78104,21
55982,21
25273,21
42201,21
1594,21
90695,21
72465,21
44325,21
82743,21
78314,21
45589,21
72563,21
51595,21
45588,21
51241,21
96723,21
15514,21
90949,21
46327,21
21898,21
73682,21
44029,21
84266,21
96179,21
81508,21
65562,21
76597,21
48748,21
75862,21
82121,21
43390,21
83805,21
43225,21
82246,21
18743,21
42363,21
95657,21
90897,21
26352,21
75576,21
42347,21
52975,21
89045,21
52979,21
44503,21
8967,21
44747,21
53523,21
92044,21
52310,21
82756,21
98800,21
45568,21
77839,21
52999,21
15915,21
996,21
44588,21
75310,21
61884,21
44197,21
7479,21
62012,21
47137,21
83734,21
65760,21
65526,21
21557,21
84962,21
50977,21
33131,21
75345,21
78085,21
99995,21
83743,21
25226,21
53979,21
47106,21
98603,21
2172,21
52416,21
19003,21
15090,21
24509,21
34362,21
1241,21
42307,21
51456,21
78497,21
53713,21
44595,21
43377,21
52411,21
35605,21
63806,21
45691,21
77205,21
74023,21
10059,21
53604,21
3768,21
76178,21
75516,21
34756,21
89262,21
47225,21
1984,21
3658,21
2925,21
97550,21
24951,21
76818,21
81578,21
43008,21
16390,21
32890,21
22317,21
44246,21
25083,21
54447,21
45929,21
33089,21
76962,21
53629,21
22506,21
53772,21
16776,21
42823,21
2847,21
23657,21
51334,21
22988,21
96909,21
74910,21
35144,21
24267,21
82509,21
75518,21
35531,21
98000,21
98002,21
53782,21
52686,21
83302,21
36754,21
52187,21
24148,21
24918,21
8762,21
91199,21
63768,21
55390,21
52730,21
15750,21
3251,21
74195,21
23645,21
44422,21
7436,21
82457,21
74257,21
43045,21
45991,21
98749,21
8446,21
84545,21
66122,21
20958,21
20957,21
84540,21
73133,21
76806,21
82601,21
61980,21
43671,21
76798,21
61768,21
52700,21
61770,21
55381,21
45363,21
98021,21
89013,21
54394,21
1996,21
52702,21
45966,21
14692,21
96449,21
3287,21
75051,21
54510,21
22437,21
64376,21
20946,21
89433,21
76276,21
50584,21
91206,21
95963,21
52077,21
17638,21
7667,21
42961,21
47067,21
32498,21
90867,21
96419,21
43553,21
98833,21
83569,21
83479,21
74113,21
53201,21
47069,21
74086,21
42939,21
2255,21
76302,21
14802,21
55236,21
16373,21
74095,21
14801,21
47206,21
42916,21
66156,21
75530,21
64011,21
3309,21
49009,21
83493,21
97605,21
1944,21
48792,21
1962,21
54545,21
73298,21
35277,21
14754,21
9936,21
77922,21
45260,21
97580,21
43619,21
15230,21
76835,21
21263,21
53286,21
50557,21
55323,21
10189,21
77622,21
63457,21
51035,21
77755,21
2230,21
1402,21
3749,21
76241,21
14825,21
10067,21
55285,21
63793,21
75086,21
3731,21
22414,21
45868,21
9042,21
35397,21
46580,21
35214,21
98419,21
55167,21
82955,21
74068,21
21617,21
25777,21
52054,21
21633,21
2245,21
77040,21
78061,21
51939,21
51845,21
51853,21
76045,21
36661,21
8616,21
62132,21
45697,21
61731,21
16911,21
54171,21
84344,21
43817,21
3165,21
53216,21
81552,21
42584,21
8327,21
77152,21
34410,21
52498,21
51824,21
91847,21
17741,21
46890,21
98870,21
63750,21
3183,21
83414,21
51874,21
21694,21
76736,21
17781,21
42613,21
2937,21
61959,21
10363,21
74377,21
55554,21
96569,21
22162,21
46090,21
20902,21
72897,21
80420,21
65430,21
22953,21
8380,21
52869,21
61953,21
9092,21
22118,21
72833,21
91899,21
52884,21
47293,21
91844,21
45416,21
51785,21
17599,21
36595,21
22113,21
16622,21
89076,21
89326,21
44461,21
84329,21
8743,21
15130,21
82348,21
24167,21
52865,21
73510,21
80423,21
82873,21
50697,21
44453,21
45813,21
61668,21
45690,21
15714,21
72861,21
32549,21
2621,21
63241,21
77819,21
52223,21
80257,21
76724,21
22127,21
9013,21
83419,21
34890,21
82064,21
19478,21
42723,21
20926,21
17500,21
51921,21
73423,21
25916,21
48592,21
90623,21
43740,21
15713,21
96096,21
46023,21
32645,21
21670,21
53586,21
3220,21
22231,21
3369,21
17267,21
97512,21
21281,21
3812,21
23772,21
82429,21
84558,21
61640,21
74275,21
77791,21
90658,21
8780,21
22980,21
83435,21
34245,21
53339,21
43490,21
55416,21
73062,21
1457,21
81976,21
96927,21
45172,21
74291,21
46010,21
76755,21
83211,21
3370,21
43475,21
1083,21
78393,21
52209,21
53790,21
22197,21
74918,21
84640,21
61961,21
10265,21
46733,21
35158,21
49324,21
95806,21
62065,21
97857,21
54201,21
97203,21
22186,21
21599,21
95817,21
22210,21
34417,21
52779,21
20923,21
34238,21
16268,21
21468,21
15324,21
82083,21
76076,21
84628,21
81663,21
24831,21
21382,21
74337,21
47254,21
76746,21
72978,21
24806,21
63321,21
84356,21
22962,21
65864,21
42020,21
20532,21
12387,21
58560,21
6341,21
11551,21
57526,21
56755,21
30585,21
474,21
68239,21
477,21
28123,21
13691,21
30540,21
87757,21
10747,21
59839,21
56774,21
99846,21
29258,21
35734,21
30519,21
324,21
62603,21
99300,21
4987,21
91453,21
39759,21
93197,21
68074,21
80552,21
38552,21
68086,21
37335,21
79101,21
68112,21
33200,21
35728,21
6380,21
66650,21
79108,21
58549,21
95133,21
11545,21
39798,21
41492,21
4535,21
57532,21
6350,21
17979,21
5601,21
68175,21
19847,21
18441,21
13747,21
19866,21
36146,21
6237,21
28057,21
81342,21
56850,21
18264,21
69493,21
94674,21
4617,21
13641,21
39716,21
68424,21
12329,21
61117,21
56872,21
41362,21
19298,21
12322,21
99471,21
87009,21
20398,21
40807,21
38818,21
5654,21
79140,21
59812,21
64906,21
86971,21
79122,21
13168,21
29280,21
9370,21
64609,21
50268,21
87705,21
38707,21
71478,21
7132,21
57491,21
38720,21
99131,21
30429,21
17990,21
93291,21
29298,21
68378,21
59764,21
6253,21
79445,21
11667,21
41533,21
13138,21
56507,21
41678,21
38374,21
38379,21
10463,21
11420,21
39955,21
58425,21
60105,21
4428,21
30814,21
10468,21
67934,21
12497,21
64870,21
64564,21
20175,21
47478,21
93064,21
13835,21
40645,21
79798,21
94592,21
50308,21
58464,21
67895,21
49152,21
86269,21
57657,21
5086,21
41708,21
6566,21
92345,21
19331,21
440,21
99271,21
91623,21
13880,21
49595,21
48197,21
93015,21
31838,21
94046,21
95246,21
38349,21
13876,21
88592,21
85428,21
47699,21
87921,21
66621,21
99001,21
56598,21
10652,21
39821,21
9464,21
30713,21
6440,21
6437,21
70692,21
49639,21
81374,21
57568,21
5013,21
81238,21
56671,21
58517,21
49151,21
64580,21
41568,21
29182,21
38526,21
12425,21
57553,21
4496,21
36183,21
56693,21
93158,21
20371,21
68035,21
88710,21
6488,21
68011,21
5037,21
70647,21
71768,21
58487,21
67994,21
66364,21
95198,21
70676,21
93987,21
50299,21
86891,21
56622,21
11471,21
37108,21
66643,21
60024,21
33729,21
71753,21
60012,21
86919,21
28161,21
91318,21
40691,21
27454,21
58674,21
69456,21
71210,21
41154,21
39513,21
29543,21
31960,21
19542,21
37411,21
68850,21
39164,21
27693,21
29918,21
58914,21
68864,21
88847,21
48004,21
20492,21
57301,21
85863,21
47998,21
33927,21
61419,21
64997,21
59273,21
41127,21
57307,21
68828,21
37175,21
80058,21
68728,21
93478,21
39075,21
39078,21
66440,21
29510,21
79196,21
81029,21
48703,21
93746,21
69279,21
31995,21
39526,21
68798,21
6014,21
11918,21
39127,21
37371,21
29967,21
29525,21
87107,21
69253,21
78767,21
87369,21
57138,21
58682,21
18323,21
18052,21
69086,21
79256,21
66698,21
18304,21
94831,21
59064,21
71120,21
33931,21
9632,21
89493,21
87258,21
57202,21
66481,21
85970,21
18633,21
29707,21
87250,21
12075,21
94822,21
59087,21
27793,21
92382,21
5913,21
94807,21
29586,21
18067,21
91362,21
37375,21
68915,21
29875,21
66454,21
33553,21
85890,21
49812,21
29627,21
93576,21
69130,21
19247,21
10535,21
93586,21
92383,21
18797,21
37382,21
31991,21
33570,21
39390,21
61388,21
99092,21
85993,21
13512,21
49875,21
8015,21
20409,21
30252,21
78750,21
80551,21
68546,21
518,21
11763,21
99312,21
37357,21
80066,21
33669,21
9384,21
9679,21
71377,21
68583,21
87053,21
9385,21
11772,21
79377,21
38934,21
58778,21
66770,21
57393,21
58780,21
40851,21
93359,21
8014,21
69399,21
20402,21
59689,21
29347,21
68459,21
47653,21
9376,21
30318,21
18416,21
18414,21
56891,21
86137,21
30315,21
92400,21
29366,21
29371,21
11717,21
80993,21
32019,21
27473,21
99461,21
32015,21
40844,21
59624,21
11780,21
66769,21
19243,21
71343,21
35771,21
40908,21
68698,21
39570,21
93764,21
87092,21
81021,21
87093,21
65324,21
59487,21
8007,21
40929,21
6073,21
81330,21
93451,21
27630,21
66679,21
30064,21
4737,21
13521,21
66502,21
33974,21
27636,21
94931,21
5738,21
58802,21
87076,21
89504,21
30186,21
27546,21
47553,21
27952,21
87073,21
62804,21
40884,21
40885,21
30155,21
29449,21
92392,21
71329,21
87548,21
27566,21
27940,21
48429,21
91555,21
6127,21
71304,21
4899,21
66758,21
49360,21
9626,21
49551,21
36362,21
705,21
6927,21
12814,21
20343,21
40244,21
92324,21
65249,21
14188,21
64516,21
88375,21
50340,21
94323,21
47438,21
94488,21
31139,21
10440,21
88105,21
69951,21
65399,21
7891,21
94172,21
69969,21
48450,21
72259,21
92491,21
81464,21
57772,21
67198,21
41883,21
60457,21
37531,21
38056,21
28810,21
70433,21
72051,21
13966,21
28831,21
31590,21
7863,21
94334,21
50009,21
11110,21
38124,21
61296,21
31099,21
71999,21
13951,21
62387,21
35914,21
60714,21
57747,21
71984,21
37807,21
49474,21
88393,21
18241,21
92865,21
38113,21
72000,21
94423,21
8275,21
48284,21
38096,21
88251,21
48728,21
64836,21
56388,21
67644,21
91299,21
18603,21
86728,21
47413,21
28395,21
70200,21
78632,21
12672,21
69979,21
5389,21
95474,21
72227,21
31252,21
31251,21
10836,21
9519,21
66968,21
41911,21
58158,21
88177,21
80573,21
12938,21
42041,21
36361,21
60751,21
62323,21
48268,21
37965,21
31265,21
41921,21
78984,21
37949,21
62668,21
5166,21
26829,21
65285,21
85232,21
40479,21
49071,21
81225,21
37944,21
78950,21
70014,21
70461,21
57800,21
61523,21
62635,21
70495,21
85107,21
19219,21
50091,21
72057,21
31315,21
72056,21
64775,21
56262,21
31497,21
37255,21
20270,21
61324,21
37293,21
85087,21
79820,21
50007,21
86599,21
60487,21
88160,21
67231,21
41903,21
32381,21
92789,21
49351,21
66990,21
81227,21
26698,21
18227,21
70498,21
60502,21
56301,21
65226,21
95484,21
70502,21
40418,21
37559,21
89938,21
67682,21
67086,21
79584,21
11067,21
332,21
32375,21
98966,21
37816,21
64804,21
86641,21
56468,21
62877,21
86640,21
70598,21
5263,21
72372,21
20195,21
79714,21
12594,21
5349,21
26741,21
6981,21
28281,21
41766,21
47779,21
5180,21
87995,21
49580,21
19336,21
90118,21
20202,21
67094,21
72200,21
61308,21
72332,21
69890,21
27032,21
67064,21
9751,21
37614,21
19762,21
47774,21
35628,21
38280,21
12865,21
9741,21
71870,21
10896,21
67825,21
66924,21
86810,21
87959,21
88474,21
5343,21
58122,21
70069,21
57959,21
92960,21
61292,21
18670,21
12583,21
4374,21
20265,21
17859,21
86305,21
81177,21
48342,21
60222,21
57961,21
47707,21
64536,21
67048,21
7349,21
38263,21
18572,21
64814,21
6980,21
47450,21
13948,21
49983,21
88053,21
71968,21
70412,21
41791,21
19528,21
37810,21
70371,21
11294,21
60314,21
11297,21
99833,21
67725,21
61342,21
72300,21
56211,21
88744,21
57927,21
94451,21
13031,21
62632,21
95312,21
38149,21
86467,21
7088,21
61047,21
98988,21
31352,21
28857,21
81408,21
40085,21
10586,21
61553,21
70037,21
48406,21
57719,21
92923,21
28413,21
12604,21
81193,21
41775,21
40317,21
18242,21
61345,21
89564,21
78969,21
67323,21
5450,21
94232,21
88283,21
48226,21
7854,21
18158,21
416,21
41782,21
61508,21
71944,21
28658,20
39599,20
29493,20
29508,20
49391,20
21332,20
40229,20
54021,20
93756,20
86605,20
75434,20
39576,20
23803,20
12215,20
29470,20
83800,20
91428,20
62641,20
28683,20
9604,20
46851,20
74560,20
64969,20
70116,20
17563,20
47914,20
69317,20
61886,20
32786,20
29479,20
12762,20
58370,20
29509,20
39386,20
77886,20
40321,20
23674,20
24655,20
12120,20
29640,20
53240,20
43917,20
86524,20
83232,20
15444,20
29629,20
2616,20
63367,20
39445,20
87158,20
16015,20
54084,20
613,20
33612,20
24645,20
59022,20
28577,20
7805,20
2598,20
63244,20
75630,20
28542,20
3142,20
75618,20
59073,20
75610,20
87238,20
98599,20
7584,20
96637,20
29696,20
94352,20
40343,20
69080,20
23661,20
51032,20
15433,20
44772,20
1181,20
28573,20
17449,20
75546,20
24591,20
97216,20
86551,20
15991,20
40278,20
96684,20
43958,20
86569,20
70139,20
17461,20
81182,20
5776,20
5304,20
86589,20
17467,20
83815,20
5768,20
15483,20
2661,20
99856,20
91731,20
39545,20
43981,20
1298,20
98733,20
58016,20
80635,20
65793,20
24644,20
40304,20
40301,20
75543,20
69192,20
5803,20
44697,20
24641,20
49865,20
20287,20
31994,20
58917,20
93726,20
3107,20
88762,20
15454,20
39501,20
34675,20
640,20
58905,20
74591,20
61236,20
44594,20
39830,20
2850,20
12612,20
50925,20
12427,20
2852,20
58289,20
69908,20
10629,20
53833,20
58516,20
91979,20
83657,20
74784,20
2973,20
91989,20
40061,20
91945,20
29127,20
89157,20
10209,20
69670,20
58479,20
69684,20
53676,20
58523,20
2877,20
39827,20
83457,20
69941,20
69939,20
74729,20
12634,20
50946,20
65437,20
40094,20
15771,20
93943,20
75069,20
17542,20
53648,20
96828,20
8126,20
29205,20
2846,20
53891,20
63310,20
96837,20
74761,20
89128,20
99289,20
47847,20
83552,20
48956,20
21228,20
58409,20
44255,20
8961,20
69857,20
50883,20
39966,20
53779,20
94094,20
86822,20
78079,20
35944,20
9530,20
69779,20
86794,20
44243,20
12560,20
79055,20
88734,20
19282,20
39986,20
62620,20
53797,20
28974,20
49111,20
53767,20
7544,20
20199,20
39899,20
39900,20
61276,20
28895,20
83642,20
24220,20
1233,20
29078,20
62617,20
79037,20
29066,20
53743,20
28915,20
53812,20
2903,20
96931,20
32718,20
5518,20
47818,20
19443,20
5513,20
48398,20
12514,20
96809,20
32029,20
36758,20
96744,20
58755,20
77972,20
3050,20
96754,20
46868,20
63971,20
87047,20
39648,20
91007,20
35331,20
20110,20
97101,20
91464,20
69425,20
50969,20
28760,20
12697,20
63979,20
21313,20
15869,20
19119,20
69436,20
7531,20
61810,20
66591,20
93914,20
89833,20
63965,20
83786,20
12238,20
77956,20
24545,20
12246,20
44026,20
74597,20
77957,20
15910,20
83785,20
96731,20
34652,20
58136,20
15906,20
81892,20
94216,20
91072,20
12722,20
75339,20
21321,20
88683,20
77962,20
58699,20
63332,20
49965,20
32692,20
20139,20
39743,20
64075,20
81868,20
35981,20
53583,20
49908,20
97036,20
18237,20
24045,20
39757,20
5415,20
47797,20
29266,20
32028,20
12372,20
81136,20
69552,20
69553,20
28830,20
75120,20
35978,20
34619,20
61823,20
64005,20
40140,20
28779,20
28763,20
70018,20
77980,20
81100,20
44080,20
61241,20
2763,20
80069,20
2767,20
44085,20
58190,20
58627,20
12339,20
70003,20
24001,20
28789,20
24014,20
2782,20
99302,20
75162,20
19437,20
69985,20
63305,20
2881,20
89211,20
92892,20
60304,20
22382,20
22373,20
31039,20
31809,20
38174,20
1884,20
16785,20
90765,20
88556,20
46554,20
76984,20
98414,20
76988,20
48359,20
21640,20
7917,20
52044,20
19761,20
1927,20
46574,20
67787,20
21626,20
22443,20
17303,20
87990,20
22435,20
31819,20
76938,20
82554,20
16742,20
11314,20
6628,20
31005,20
76933,20
22398,20
98010,20
62393,20
89379,20
80857,20
67619,20
98052,20
51924,20
46532,20
6727,20
51912,20
88121,20
11200,20
49558,20
46038,20
35017,20
1496,20
77071,20
11199,20
38032,20
9776,20
65208,20
38079,20
66951,20
31143,20
31096,20
79602,20
60368,20
19735,20
16828,20
77021,20
60393,20
67646,20
31117,20
90777,20
34881,20
77033,20
92842,20
82451,20
67632,20
92951,20
92959,20
30745,20
36199,20
455,20
38415,20
67946,20
38411,20
87897,20
6505,20
30805,20
63805,20
67965,20
76740,20
76741,20
67928,20
45711,20
52208,20
89256,20
38393,20
45692,20
87877,20
30950,20
87871,20
76683,20
49628,20
22635,20
60048,20
76689,20
60053,20
38448,20
97838,20
19796,20
51280,20
22620,20
87874,20
82667,20
30762,20
87875,20
60075,20
16653,20
80557,20
30825,20
98417,20
52160,20
16700,20
80885,20
60182,20
30910,20
11372,20
19765,20
16712,20
38384,20
8773,20
77638,20
89277,20
22468,20
45824,20
38257,20
67798,20
35049,20
22503,20
87953,20
60162,20
45734,20
19784,20
22555,20
16668,20
22551,20
35054,20
16669,20
82607,20
11402,20
38347,20
90879,20
16685,20
66904,20
1986,20
87947,20
80003,20
33349,20
67533,20
31516,20
98214,20
98219,20
88364,20
9824,20
77521,20
36519,20
67205,20
77386,20
17068,20
77387,20
51449,20
1642,20
49488,20
60796,20
60806,20
7839,20
82235,20
88354,20
1788,20
31474,20
17046,20
77316,20
21960,20
9823,20
77320,20
46280,20
48307,20
91701,20
6897,20
31478,20
1670,20
65568,20
51622,20
60739,20
46297,20
60741,20
67144,20
89546,20
36515,20
21807,20
7832,20
51520,20
10953,20
88426,20
6992,20
80357,20
10939,20
88441,20
1625,20
19635,20
21792,20
31696,20
10902,20
60975,20
7826,20
60971,20
77465,20
21827,20
6978,20
10964,20
49481,20
77410,20
1617,20
1613,20
31591,20
155,20
48610,20
6968,20
21846,20
10875,20
10970,20
79694,20
31614,20
31617,20
17131,20
21973,20
17045,20
46265,20
37552,20
80321,20
62364,20
46122,20
31283,20
35004,20
37551,20
51790,20
384,20
88255,20
6811,20
31319,20
19685,20
51777,20
82329,20
46162,20
51758,20
98114,20
89592,20
77155,20
37547,20
88541,20
36329,20
31226,20
89310,20
51392,20
7878,20
22180,20
88167,20
82385,20
22173,20
9783,20
19029,20
6773,20
60549,20
1502,20
9805,20
61008,20
21979,20
89336,20
60651,20
6864,20
92680,20
46237,20
60670,20
31451,20
22004,20
60690,20
51748,20
362,20
51667,20
77547,20
21992,20
33017,20
51657,20
33301,20
17015,20
88314,20
34924,20
60649,20
91832,20
1510,20
98146,20
88265,20
31359,20
48289,20
88278,20
34996,20
92708,20
22032,20
88309,20
31410,20
22027,20
77266,20
88310,20
38462,20
7942,20
47960,20
16230,20
99664,20
45064,20
48026,20
16220,20
36471,20
46746,20
93458,20
1379,20
59426,20
52853,20
90654,20
87501,20
83047,20
91933,20
11852,20
16238,20
59427,20
87440,20
68845,20
75916,20
29946,20
5996,20
2467,20
83087,20
93522,20
59367,20
89388,20
32846,20
29997,20
6018,20
11915,20
93497,20
23361,20
63899,20
18359,20
68782,20
93440,20
16243,20
49248,20
30185,20
36474,20
87555,20
51141,20
83003,20
543,20
66763,20
38953,20
51152,20
52827,20
45194,20
91930,20
99441,20
52725,20
23171,20
6148,20
76157,20
83008,20
6133,20
23211,20
30145,20
39018,20
46734,20
11829,20
48038,20
83037,20
33520,20
48041,20
38993,20
77809,20
87535,20
83018,20
51132,20
65732,20
70258,20
99424,20
52953,20
59336,20
16612,20
61184,20
23563,20
75712,20
53125,20
23560,20
21395,20
98572,20
19072,20
49829,20
46792,20
16098,20
9958,20
5921,20
98568,20
87293,20
29789,20
90637,20
90979,20
69013,20
49784,20
69034,20
65028,20
5891,20
44818,20
97314,20
2563,20
80061,20
1324,20
1325,20
12048,20
23599,20
83175,20
91940,20
18319,20
83170,20
62551,20
87271,20
9635,20
97347,20
44900,20
9960,20
577,20
97362,20
36682,20
90952,20
83111,20
29904,20
80289,20
18351,20
93581,20
44971,20
39170,20
5983,20
90652,20
52970,20
97395,20
2474,20
19999,20
23453,20
7594,20
53004,20
34715,20
68983,20
7160,20
29808,20
89807,20
68965,20
63401,20
49816,20
17419,20
11993,20
36342,20
39218,20
29869,20
29884,20
91523,20
18768,20
6153,20
97548,20
21547,20
18454,20
99496,20
63501,20
11548,20
76486,20
10101,20
38611,20
97747,20
22880,20
48640,20
37468,20
18615,20
62438,20
31867,20
38583,20
59921,20
30564,20
36168,20
16310,20
87731,20
45431,20
52475,20
7131,20
48372,20
34794,20
6304,20
97695,20
87739,20
97713,20
65695,20
481,20
52445,20
45461,20
19052,20
6317,20
77720,20
59922,20
76541,20
11518,20
33447,20
45611,20
45612,20
63818,20
22699,20
82721,20
52279,20
52274,20
21576,20
38558,20
11477,20
19397,20
51272,20
10092,20
11472,20
82693,20
11469,20
22701,20
99986,20
2088,20
87853,20
63829,20
22756,20
59954,20
82755,20
82753,20
51233,20
68073,20
8633,20
38536,20
17340,20
93149,20
30691,20
76622,20
48152,20
90895,20
77732,20
68323,20
9693,20
52611,20
89236,20
76265,20
82945,20
76286,20
30309,20
79407,20
99793,20
59658,20
65705,20
52605,20
23043,20
23026,20
89767,20
89756,20
11710,20
35135,20
48077,20
36130,20
97583,20
79402,20
16311,20
52684,20
68569,20
79388,20
76180,20
38904,20
80999,20
87592,20
82961,20
68535,20
97578,20
90920,20
48553,20
45262,20
23088,20
45324,20
52585,20
98471,20
87677,20
38773,20
93304,20
66798,20
30411,20
16401,20
59766,20
68368,20
91576,20
52583,20
11640,20
35118,20
80052,20
93278,20
38705,20
38704,20
11620,20
46683,20
21506,20
10725,20
6231,20
89536,20
82913,20
76328,20
89754,20
11701,20
48096,20
6221,20
51171,20
21504,20
45351,20
68426,20
46686,20
11686,20
87644,20
11683,20
3148,20
67011,20
769,20
10477,20
50215,20
66503,20
54501,20
63191,20
15197,20
10365,20
40641,20
61505,20
72086,20
94585,20
70634,20
61742,20
14419,20
95087,20
43582,20
41908,20
41916,20
84838,20
13100,20
56649,20
48434,20
13234,20
7423,20
81424,20
57092,20
43598,20
14407,20
73879,20
4352,20
64650,20
40935,20
10448,20
20573,20
27361,20
42568,20
72646,20
34391,20
3757,20
95268,20
71212,20
55037,20
56293,20
32199,20
61520,20
41577,20
13696,20
73842,20
73511,20
25160,20
89971,20
8311,20
66093,20
40917,20
84800,20
26881,20
47504,20
94594,20
17806,20
35783,20
41451,20
70959,20
78463,20
91217,20
17645,20
70645,20
98759,20
14731,20
71107,20
42417,20
85833,20
14567,20
40818,20
47313,20
71497,20
84073,20
20856,20
55536,20
64766,20
90165,20
88834,20
85799,20
78378,20
47058,20
47601,20
63204,20
72087,20
72916,20
94542,20
34469,20
63146,20
64393,20
36414,20
86301,20
86050,20
54766,20
57697,20
94765,20
95759,20
33149,20
57710,20
84043,20
27785,20
84467,20
25767,20
86123,20
54884,20
64360,20
73455,20
43075,20
27388,20
4792,20
85222,20
57425,20
66404,20
25531,20
20827,20
13087,20
56799,20
43232,20
4398,20
36948,20
20904,20
91347,20
85817,20
56646,20
73481,20
73826,20
26836,20
3753,20
15224,20
28225,20
99160,20
55810,20
84057,20
62225,20
35804,20
18085,20
88881,20
63095,20
18856,20
4012,20
17709,20
96247,20
1084,20
56527,20
35864,20
85229,20
84690,20
73186,20
27372,20
3402,20
18090,20
4515,20
86112,20
72787,20
70922,20
99115,20
25124,20
25401,20
9871,20
1138,20
7775,20
86104,20
73974,20
78408,20
242,20
56415,20
70904,20
26973,20
47295,20
32197,20
70926,20
85877,20
20935,20
3936,20
19544,20
98,20
95736,20
3572,20
27711,20
94865,20
70716,20
14711,20
18043,20
71574,20
54993,20
57139,20
48719,20
86224,20
14520,20
96344,20
96294,20
34415,20
10267,20
57473,20
90102,20
94841,20
41097,20
91236,20
13205,20
4365,20
13257,20
81295,20
34091,20
96316,20
71617,20
3921,20
800,20
3563,20
86120,20
41800,20
61688,20
70786,20
4915,20
57161,20
71596,20
64415,20
55365,20
55368,20
72808,20
26093,20
70825,20
56688,20
79808,20
98887,20
61682,20
27289,20
7309,20
57521,20
15180,20
14922,20
95717,20
14455,20
55346,20
78232,20
3584,20
55028,20
26900,20
10451,20
85393,20
13981,20
66044,20
3582,20
81422,20
14564,20
25080,20
28140,20
70699,20
8405,20
50615,20
99150,20
55408,20
50171,20
3793,20
40684,20
9088,20
14566,20
57353,20
9056,20
84283,20
81254,20
62770,20
43373,20
34040,20
34437,20
8383,20
9405,20
84551,20
26224,20
71542,20
66226,20
42585,20
50169,20
71186,20
70930,20
42482,20
71894,20
4986,20
85320,20
47238,20
14494,20
91114,20
42489,20
72762,20
14557,20
7781,20
9863,20
73150,20
96368,20
49292,20
28134,20
26216,20
34407,20
41859,20
13968,20
94877,20
70707,20
25475,20
54923,20
41849,20
42810,20
41845,20
81626,20
40725,20
4735,20
34472,20
25429,20
4638,20
41078,20
20782,20
56581,20
80455,20
56963,20
55948,20
78570,20
42935,20
37190,20
96547,20
90218,20
43807,20
41768,20
13252,20
42665,20
25710,20
27464,20
28456,20
95587,20
56075,20
99674,20
55486,20
50232,20
73334,20
14198,20
41340,20
42673,20
18896,20
47552,20
41651,20
70347,20
84228,20
14279,20
55153,20
24775,20
42100,20
3193,20
54218,20
85084,20
43013,20
4182,20
43299,20
96530,20
25918,20
35753,20
25714,20
85105,20
25317,20
17720,20
63069,20
4468,20
5182,20
99180,20
72246,20
21136,20
26481,20
55937,20
85081,20
96185,20
55494,20
43010,20
8272,20
80133,20
54223,20
14690,20
78576,20
72274,20
25983,20
32652,20
91755,20
5185,20
83953,20
64472,20
74378,20
25969,20
10410,20
42957,20
56924,20
27484,20
56927,20
20887,20
64456,20
74414,20
4122,20
56903,20
18003,20
72366,20
15395,20
56933,20
43857,20
95288,20
26585,20
24721,20
62664,20
84292,20
18070,20
14822,20
71030,20
35627,20
90073,20
55462,20
35543,20
64792,20
26548,20
84161,20
50530,20
42186,20
43866,20
55175,20
57943,20
32275,20
32130,20
27823,20
10471,20
94794,20
42988,20
74385,20
90222,20
47379,20
25933,20
3842,20
78857,20
78300,20
72316,20
96573,20
25962,20
3686,20
99717,20
70999,20
96191,20
71012,20
42949,20
747,20
96002,20
99709,20
14223,20
42149,20
15387,20
36438,20
63083,20
14220,20
95211,20
42982,20
54162,20
71370,20
42144,20
15383,20
56901,20
78665,20
28294,20
99056,20
24818,20
25566,20
1161,20
3550,20
48687,20
40529,20
95432,20
14366,20
13022,20
85786,20
21105,20
17742,20
95641,20
27401,20
95431,20
43685,20
95643,20
9098,20
4722,20
95181,20
81580,20
42885,20
62797,20
13647,20
14096,20
98912,20
15048,20
54355,20
70997,20
66479,20
90269,20
86362,20
14355,20
24898,20
64285,20
64170,20
33209,20
55093,20
42338,20
80713,20
50146,20
84875,20
78649,20
26776,20
96458,20
74198,20
13036,20
47566,20
15119,20
17762,20
84466,20
26361,20
42872,20
73800,20
57051,20
10302,20
13662,20
32490,20
55531,20
74199,20
40549,20
84365,20
96466,20
73205,20
74210,20
66554,20
961,20
3520,20
78653,20
4604,20
36981,20
90088,20
48412,20
98969,20
72940,20
24935,20
83966,20
66057,20
54345,20
71071,20
62799,20
88968,20
56146,20
32254,20
27190,20
83971,20
34143,20
35540,20
14865,20
36929,20
9276,20
3415,20
55501,20
81359,20
85185,20
13334,20
41024,20
25913,20
61326,20
42068,20
62858,20
26701,20
73383,20
84379,20
42272,20
63168,20
8266,20
57290,20
17942,20
55497,20
9373,20
98739,20
24832,20
48598,20
27442,20
94458,20
13859,20
34138,20
47041,20
13003,20
85669,20
90247,20
94477,20
13640,20
8299,20
5143,20
83988,20
73613,20
57778,20
13642,20
57015,20
88923,20
70860,20
9421,20
47040,20
27434,20
81561,20
85154,20
17628,20
66273,20
43309,20
71437,20
62823,20
8141,20
55622,20
56160,20
43737,20
62981,20
84714,20
81375,20
27992,20
45583,19
65121,19
22740,19
49644,19
41555,19
28534,19
98439,19
33449,19
49633,19
47498,19
27197,19
73041,19
17327,19
3813,19
18481,19
45644,19
7943,19
30739,19
55444,19
80687,19
80922,19
37482,19
84595,19
81565,19
85483,19
38458,19
50531,19
25938,19
67984,19
78676,19
42699,19
16592,19
6450,19
2080,19
22705,19
80931,19
55404,19
77692,19
66883,19
97787,19
93132,19
99983,19
16568,19
80123,19
25885,19
34246,19
6449,19
62020,19
25898,19
25900,19
91889,19
42737,19
36187,19
68049,19
93113,19
47499,19
85515,19
97780,19
9203,19
20595,19
22991,19
71456,19
41388,19
34251,19
93311,19
73209,19
30385,19
14776,19
41373,19
8210,19
79434,19
38799,19
30353,19
45576,19
61997,19
84436,19
91573,19
45343,19
2235,19
76338,19
42911,19
13632,19
25729,19
66405,19
38810,19
30402,19
55278,19
6249,19
32892,19
17989,19
30463,19
62829,19
38717,19
52487,19
35116,19
45408,19
17368,19
59787,19
80121,19
38722,19
30451,19
61113,19
30438,19
25763,19
21512,19
82881,19
59773,19
91334,19
85644,19
77744,19
95951,19
65703,19
68448,19
13630,19
30344,19
71407,19
8848,19
97600,19
49369,19
25691,19
68483,19
68498,19
76268,19
25689,19
68505,19
1405,19
76255,19
30281,19
2285,19
8605,19
68518,19
30269,19
9682,19
98508,19
99456,19
99924,19
16331,19
38875,19
41323,19
52621,19
97604,19
34257,19
25693,19
14791,19
16379,19
7137,19
42920,19
88876,19
41351,19
80598,19
97612,19
95989,19
56887,19
38828,19
30322,19
42930,19
56890,19
84423,19
79416,19
79409,19
38841,19
96000,19
76292,19
52614,19
13621,19
14815,19
41416,19
3747,19
76381,19
82797,19
38586,19
87803,19
38593,19
66387,19
51220,19
76517,19
32918,19
48138,19
45527,19
27302,19
893,19
34023,19
81354,19
52364,19
14717,19
2143,19
76495,19
41483,19
61644,19
98835,19
91329,19
95105,19
22853,19
87809,19
76531,19
36173,19
6377,19
95887,19
52320,19
16552,19
78695,19
63052,19
66381,19
16543,19
56711,19
55383,19
16526,19
2116,19
30675,19
11513,19
22772,19
8809,19
76559,19
9703,19
90899,19
66384,19
41515,19
49440,19
4520,19
18462,19
88612,19
37466,19
22930,19
42825,19
48642,19
84487,19
30517,19
88887,19
56794,19
52446,19
55324,19
76417,19
10744,19
45447,19
21528,19
13681,19
76412,19
95933,19
97692,19
37454,19
6301,19
92204,19
63482,19
50560,19
38699,19
7329,19
84473,19
27343,19
48125,19
52382,19
32494,19
2155,19
52390,19
84509,19
59874,19
76474,19
68208,19
8625,19
84500,19
71538,19
32903,19
887,19
475,19
45483,19
65113,19
65111,19
27332,19
30554,19
38640,19
59857,19
41464,19
73163,19
76694,19
10750,19
13829,19
35042,19
22626,19
65262,19
46195,19
37886,19
82307,19
22056,19
72571,19
31355,19
4247,19
88971,19
14075,19
85212,19
89565,19
37063,19
82315,19
77219,19
84870,19
67382,19
36540,19
81516,19
91251,19
77209,19
14068,19
16965,19
46169,19
95658,19
46166,19
41960,19
72141,19
14078,19
34126,19
42008,19
21710,19
77293,19
66989,19
1002,19
48351,19
81453,19
48890,19
1518,19
51689,19
84896,19
88322,19
31759,19
46227,19
4030,19
85189,19
14363,19
61579,19
36405,19
11069,19
9,19
369,19
95429,19
376,19
99816,19
90786,19
26375,19
26372,19
41983,19
65596,19
10031,19
67403,19
22091,19
16919,19
79644,19
16916,19
946,19
79849,19
22152,19
90143,19
88191,19
22156,19
49526,19
46099,19
33335,19
60541,19
88182,19
26868,19
72080,19
80839,19
67485,19
72079,19
51870,19
60528,19
98104,19
84830,19
88172,19
88169,19
78456,19
88538,19
80711,19
89585,19
55805,19
67412,19
31321,19
92741,19
33320,19
22095,19
65506,19
20694,19
46149,19
90163,19
22107,19
6813,19
46145,19
61525,19
85227,19
61014,19
99604,19
4259,19
46136,19
78472,19
79650,19
67433,19
31293,19
33325,19
92755,19
64432,19
17812,19
26325,19
1689,19
36293,19
67982,19
51521,19
18754,19
20760,19
92151,19
34968,19
4140,19
48347,19
88938,19
31621,19
261,19
46458,19
37678,19
88406,19
17867,19
55968,19
31601,19
20742,19
51540,19
21854,19
26641,19
26642,19
51543,19
89453,19
61547,19
42114,19
9832,19
56080,19
51557,19
88478,19
21818,19
1686,19
9999,19
98342,19
77509,19
80705,19
14253,19
42183,19
51484,19
60946,19
26569,19
1557,19
49211,19
92530,19
55988,19
72375,19
48580,19
60931,19
31675,19
33047,19
62309,19
92553,19
1575,19
14228,19
4126,19
31640,19
72338,19
17186,19
55976,19
31631,19
99999,19
10872,19
37718,19
19212,19
46294,19
80706,19
82252,19
47351,19
62332,19
98201,19
51629,19
72515,19
82255,19
4204,19
90800,19
8296,19
37802,19
20728,19
31469,19
26727,19
88338,19
46268,19
37058,19
14338,19
56163,19
42025,19
26411,19
85169,19
62341,19
55884,19
37061,19
42279,19
26711,19
42054,19
77370,19
88487,19
79687,19
67161,19
98943,19
11011,19
89351,19
67181,19
11017,19
72454,19
92624,19
21900,19
8286,19
60991,19
62201,19
62093,19
37578,19
31498,19
8289,19
17074,19
95491,19
67229,19
42267,19
1525,19
51442,19
1664,19
72229,19
88161,19
60513,19
42418,19
52112,19
80030,19
76866,19
10368,19
46575,19
27054,19
30944,19
38267,19
1955,19
65411,19
60215,19
41734,19
71879,19
92443,19
56496,19
71876,19
87977,19
47271,19
90751,19
55560,19
56503,19
89381,19
97907,19
4389,19
1979,19
51304,19
67845,19
56510,19
90758,19
56475,19
41902,19
38249,19
82547,19
31003,19
30999,19
64525,19
52068,19
67772,19
13928,19
3904,19
38233,19
19745,19
52078,19
27015,19
76904,19
65389,19
60247,19
27022,19
55593,19
52089,19
76889,19
92947,19
33171,19
76229,19
17785,19
52098,19
85345,19
47455,19
22455,19
48205,19
13883,19
6562,19
27086,19
52200,19
90738,19
89711,19
47258,19
25986,19
76754,19
87906,19
56574,19
11428,19
84639,19
50525,19
92095,19
25974,19
38414,19
52221,19
66195,19
4442,19
98853,19
85479,19
18494,19
76722,19
25956,19
46605,19
64574,19
6491,19
97844,19
95841,19
22565,19
77663,19
65661,19
14614,19
11383,19
52179,19
9348,19
76809,19
3868,19
19778,19
30865,19
19036,19
27092,19
50506,19
52185,19
21606,19
50512,19
13852,19
65658,19
99534,19
95245,19
45743,19
79556,19
95810,19
25994,19
55506,19
97874,19
22560,19
90271,19
30829,19
88017,19
82543,19
48568,19
51355,19
19199,19
399,19
67601,19
85291,19
60442,19
33364,19
4305,19
60438,19
98038,19
37078,19
82448,19
80861,19
77043,19
90854,19
95325,19
60423,19
31128,19
6710,19
60417,19
88094,19
937,19
6699,19
49073,19
88091,19
88085,19
33373,19
55681,19
60449,19
38054,19
38051,19
21680,19
36557,19
14432,19
16892,19
8752,19
31219,19
3977,19
77097,19
95703,19
14441,19
72058,19
55739,19
35582,19
60469,19
79956,19
98088,19
944,19
72692,19
84793,19
26247,19
26242,19
11205,19
67587,19
56322,19
26239,19
95715,19
21665,19
62884,19
95315,19
76929,19
6680,19
76972,19
17295,19
67714,19
3923,19
45912,19
22360,19
97996,19
41787,19
14531,19
42533,19
60307,19
19034,19
18770,19
97980,19
418,19
66348,19
9753,19
7419,19
1903,19
27001,19
90121,19
67739,19
7092,19
60293,19
72852,19
48569,19
36480,19
45917,19
67706,19
51995,19
31088,19
9892,19
6677,19
26182,19
90768,19
46547,19
51970,19
31090,19
22319,19
47298,19
72775,19
72782,19
22321,19
71982,19
92895,19
51342,19
26162,19
11264,19
82486,19
92877,19
41803,19
92885,19
82507,19
80562,19
56429,19
92889,19
42523,19
27485,19
93393,19
4654,19
44392,19
90446,19
61866,19
25104,19
44406,19
54591,19
96362,19
49919,19
83463,19
63311,19
86244,19
15790,19
33222,19
50943,19
49921,19
86248,19
69575,19
29225,19
57542,19
28133,19
74027,19
49119,19
17668,19
96381,19
43529,19
90554,19
9557,19
80096,19
83510,19
93909,19
19096,19
40734,19
43498,19
20136,19
86987,19
44450,19
29290,19
40776,19
35844,19
10183,19
75147,19
18262,19
39747,19
40767,19
5633,19
7273,19
49374,19
86229,19
4973,19
62601,19
19565,19
25122,19
73992,19
25114,19
99296,19
94649,19
86240,19
29255,19
43497,19
58571,19
81665,19
34432,19
33632,19
24228,19
69694,19
32047,19
679,19
21243,19
8956,19
94596,19
47840,19
44303,19
20172,19
32161,19
89894,19
70643,19
88716,19
12487,19
69611,19
64194,19
69738,19
86849,19
3300,19
29043,19
9490,19
15202,19
94034,19
44274,19
44273,19
86843,19
96925,19
98683,19
64872,19
32162,19
28193,19
53710,19
35410,19
39836,19
66005,19
54552,19
9852,19
64207,19
57575,19
2856,19
61740,19
81237,19
39853,19
24172,19
91777,19
53695,19
62712,19
47848,19
8432,19
12458,19
9550,19
94612,19
33872,19
29124,19
86876,19
37232,19
29108,19
94000,19
20364,19
93865,19
44454,19
50702,19
75381,19
7288,19
29468,19
40905,19
17687,19
15927,19
75391,19
58795,19
12235,19
29455,19
53417,19
64716,19
93783,19
96275,19
34654,19
97059,19
44583,19
23878,19
35437,19
1274,19
84170,19
44572,19
37359,19
70895,19
29418,19
97148,19
77968,19
47101,19
86122,19
75427,19
44622,19
70949,19
31,19
5788,19
40963,19
21022,19
5782,19
40956,19
63941,19
83282,19
43333,19
69270,19
15973,19
61714,19
39536,19
2660,19
73819,19
27888,19
92248,19
21029,19
54746,19
96249,19
27891,19
2673,19
94754,19
3451,19
53364,19
43352,19
78293,19
63340,19
58754,19
44556,19
90588,19
12311,19
15857,19
89844,19
50964,19
75209,19
53540,19
91375,19
43453,19
35259,19
69492,19
9457,19
90567,19
98659,19
29308,19
20394,19
53564,19
50958,19
21296,19
25137,19
33705,19
8102,19
61732,19
44465,19
97063,19
8104,19
17672,19
58636,19
57482,19
87013,19
69447,19
20412,19
81095,19
81094,19
90079,19
39643,19
2728,19
18944,19
91472,19
17475,19
70880,19
19429,19
79877,19
48697,19
44539,19
27988,19
8916,19
23940,19
58740,19
94701,19
1269,19
86136,19
15873,19
3410,19
15116,19
53501,19
69439,19
29355,19
98656,19
87016,19
32061,19
12515,19
58422,19
54026,19
83956,19
70387,19
70093,19
24559,19
40435,19
18828,19
81767,19
78156,19
80090,19
50776,19
40242,19
74361,19
15362,19
1195,19
5375,19
81217,19
12777,19
74364,19
64159,19
20320,19
12784,19
9509,19
24596,19
96559,19
61784,19
86584,19
15475,19
36436,19
28711,19
99876,19
43785,19
57848,19
12964,19
24513,19
5172,19
15524,19
74612,19
86663,19
18151,19
43764,19
92312,19
74327,19
7237,19
19446,19
21127,19
64829,19
78131,19
15329,19
15331,19
83782,19
20262,19
3208,19
12738,19
7502,19
54257,19
15341,19
3204,19
70410,19
94446,19
12927,19
50043,19
40268,19
96656,19
70315,19
86520,19
15391,19
83929,19
64129,19
12886,19
64137,19
5228,19
40329,19
35898,19
74483,19
57981,19
57978,19
64801,19
74478,19
34508,19
78175,19
94355,19
57964,19
43887,19
9015,19
15416,19
89094,19
64795,19
35902,19
50803,19
86493,19
58010,19
36824,19
43963,19
43925,19
58079,19
74532,19
3094,19
58078,19
12922,19
92308,19
83842,19
17594,19
24618,19
83937,19
86448,19
54063,19
64120,19
9511,19
15376,19
58043,19
19277,19
12906,19
12903,19
37276,19
34515,19
15379,19
3168,19
58024,19
94412,19
24748,19
64157,19
9503,19
24502,19
1156,19
5099,19
3280,19
96858,19
28934,19
44204,19
58326,19
10583,19
94532,19
78093,19
40578,19
28907,19
34580,19
57705,19
40047,19
89909,19
28751,19
47815,19
84036,19
94528,19
69898,19
74186,19
80222,19
15629,19
9528,19
88788,19
84030,19
33846,19
53840,19
91432,19
94093,19
58361,19
66614,19
40599,19
88727,19
91440,19
12527,19
54491,19
69771,19
28229,19
94042,19
70617,19
21094,19
61746,19
43612,19
43615,19
57679,19
58387,19
43617,19
79049,19
94563,19
12551,19
7211,19
58375,19
20359,19
18246,19
19283,19
96443,19
24976,19
54474,19
63288,19
28307,19
2977,19
12623,19
35318,19
74703,19
24894,19
57777,19
32696,19
94175,19
21204,19
83982,19
80435,19
57794,19
54304,19
40159,19
24465,19
80673,19
5157,19
94461,19
8476,19
43742,19
58180,19
3229,19
88752,19
96504,19
86674,19
58170,19
96758,19
96756,19
70446,19
79007,19
36839,19
3011,19
74773,19
28341,19
98705,19
64173,19
69925,19
62269,19
44152,19
74763,19
74213,19
78096,19
8144,19
24392,19
28321,19
96827,19
40092,19
37252,19
70538,19
12629,19
91429,19
66594,19
2997,19
7807,19
8444,19
50098,19
53916,19
3250,19
12650,19
3248,19
40121,19
7474,19
26563,19
2648,19
75898,19
25516,19
75917,19
7310,19
16188,19
43104,19
97417,19
55046,19
87426,19
49773,19
8023,19
43107,19
52932,19
6006,19
50612,19
59332,19
64345,19
65058,19
83088,19
68825,19
23399,19
71216,19
34311,19
79308,19
43122,19
91350,19
97398,19
41151,19
43128,19
57090,19
14905,19
39111,19
99413,19
99417,19
47182,19
93472,19
13518,19
89225,19
59443,19
52882,19
3615,19
91190,19
11860,19
90050,19
6048,19
30036,19
87483,19
43088,19
48655,19
27653,19
30011,19
90939,19
75959,19
59420,19
8019,19
19971,19
85812,19
48656,19
23345,19
61667,19
23405,19
61164,19
51065,19
66465,19
65043,19
2508,19
79282,19
59246,19
27731,19
41102,19
29846,19
68941,19
29834,19
59221,19
50631,19
54969,19
49820,19
90356,19
48008,19
3560,19
31970,19
66715,19
8867,19
85903,19
57177,19
29793,19
17725,19
4794,19
594,19
73617,19
21399,19
49827,19
47595,19
4775,19
10530,19
29874,19
87390,19
2480,19
83093,19
96118,19
23415,19
44977,19
48944,19
63102,19
4762,19
75854,19
49793,19
59304,19
66735,19
55015,19
75510,19
43148,19
68902,19
80685,19
5973,19
55012,19
65048,19
14932,19
48853,19
94864,19
87350,19
53015,19
37176,19
554,19
61955,19
68715,19
11782,19
98819,19
25644,19
13583,19
30192,19
52732,19
25635,19
61976,19
56957,19
52737,19
56962,19
73366,19
38944,19
85746,19
87571,19
30068,19
27549,19
52749,19
59557,19
11788,19
21474,19
11790,19
38962,19
83006,19
88862,19
36119,19
87554,19
41259,19
14863,19
59584,19
33509,19
49244,19
16302,19
82963,19
65722,19
71390,19
68537,19
48070,19
42969,19
47543,19
61132,19
87582,19
2310,19
55169,19
14831,19
71382,19
78753,19
42978,19
76168,19
11771,19
49243,19
90303,19
62808,19
84398,19
80290,19
6151,19
73325,19
38927,19
3668,19
82981,19
3654,19
23212,19
79996,19
23261,19
79359,19
59508,19
9668,19
68694,19
61439,19
90936,19
57038,19
23278,19
99884,19
57039,19
83050,19
63435,19
85788,19
14885,19
2408,19
52852,19
76013,19
16234,19
27622,19
96076,19
45092,19
71264,19
59474,19
39046,19
79344,19
36377,19
80550,19
41234,19
91552,19
25594,19
45126,19
13559,19
90927,19
30141,19
2365,19
87538,19
41249,19
7999,19
3645,19
37422,19
9182,19
94939,19
43036,19
71296,19
97503,19
16260,19
17400,19
68670,19
87531,19
64364,19
57013,19
59515,19
63436,19
16249,19
78361,19
548,19
88861,19
87521,19
99742,19
59292,19
2533,19
44736,19
5820,19
16067,19
83180,19
97238,19
44724,19
90404,19
75549,19
16014,19
93692,19
81287,19
44729,19
89409,19
25325,19
75651,19
87159,19
35208,19
80464,19
39347,19
73683,19
93617,19
71083,19
50645,19
36030,19
65473,19
17714,19
8873,19
57198,19
12059,19
61187,19
93707,19
7590,19
65032,19
12066,19
62768,19
23601,19
32820,19
65000,19
27771,19
29592,19
25318,19
98612,19
53179,19
1108,19
89815,19
32566,19
75598,19
71051,19
8179,19
39294,19
71029,19
65787,19
73704,19
8549,19
81071,19
87217,19
19576,19
96197,19
96202,19
39400,19
33588,19
83214,19
93656,19
65020,19
10287,19
20059,19
2590,19
87204,19
75604,19
47935,19
43250,19
1102,19
47612,19
54851,19
27857,19
77911,19
33606,19
35814,19
77891,19
54839,19
66684,19
90401,19
57269,19
27812,19
69116,19
62554,19
36040,19
66474,19
71032,19
5916,19
64701,19
7170,19
58909,19
97234,19
15997,19
75523,19
8071,19
59154,19
71127,19
53114,19
23559,19
85926,19
17718,19
69003,19
93712,19
21021,19
5909,19
53120,19
13325,19
2537,19
23721,19
3480,19
23730,19
54784,19
54932,19
97228,19
87126,19
79199,19
32804,19
1110,19
69230,19
61384,19
69016,19
3485,19
73648,19
69209,19
623,19
27756,19
75528,19
10139,19
48538,19
57293,19
88673,19
81887,18
79198,18
20069,18
99003,18
435,18
50052,18
81587,18
81343,18
20564,18
18929,18
47371,18
19744,18
18575,18
19888,18
17621,18
17832,18
98623,18
760,18
49895,18
80429,18
47461,18
80516,18
49063,18
17786,18
272,18
21053,18
19257,18
360,18
81272,18
18068,18
19456,18
18014,18
20556,18
50848,18
20922,18
99447,18
1454,18
50087,18
20908,18
81896,18
79974,18
99418,18
20644,18
498,18
79708,18
81503,18
48813,18
98801,18
78965,18
1077,18
50972,18
80625,18
50500,18
98728,18
429,18
50820,18
17306,18
99547,18
79186,18
78178,18
47738,18
78839,18
77652,18
46743,18
453,18
78985,18
278,18
78567,18
20757,18
80761,18
46693,18
46719,18
81751,18
17197,18
21600,18
79892,18
80,18
452,18
50594,18
50403,18
18619,18
80591,18
49423,18
50984,18
48217,18
21759,18
98493,18
79406,18
50310,18
99200,18
19638,18
18662,18
46698,18
47111,18
80797,18
71,18
48698,18
1309,18
19653,18
18648,18
81737,18
48377,18
1279,18
81178,18
50815,18
50685,18
79986,18
78521,18
49387,18
99211,18
98989,18
48898,18
80603,18
47905,18
19254,18
78659,18
81648,18
349,18
20517,18
99849,18
99099,18
48691,18
1441,18
20674,18
99797,18
49413,18
98680,18
48965,18
79503,18
98404,18
21065,18
48416,18
80955,18
49947,18
78693,18
81484,18
1237,18
49041,18
98660,18
47230,18
20167,18
46766,18
81630,18
20865,18
50196,18
19416,18
1365,18
46933,18
51407,18
99156,18
50107,18
1438,18
78623,18
80077,18
77838,18
50490,18
78883,18
81031,18
50111,18
98756,18
19993,18
19994,18
80829,18
1336,18
19527,18
20006,18
19982,18
47856,18
50203,18
77598,18
21664,18
48880,18
80654,18
79851,18
79730,18
51229,18
98663,18
592,18
80254,18
21396,18
77869,18
19149,18
78383,18
18632,18
78047,18
81110,18
48788,18
17513,18
1492,18
19195,18
18468,18
99931,18
19612,18
81042,18
50624,18
18954,18
1339,18
1059,18
51366,18
18750,18
18629,18
18536,18
79614,18
18464,18
80317,18
46523,18
18252,18
99900,18
18332,18
81122,18
17268,18
17291,18
80306,18
81794,18
99488,18
79656,18
50101,18
49569,18
20396,18
78687,18
81660,18
47290,18
766,18
49303,18
99129,18
78765,18
50558,18
79148,18
46493,18
81547,18
377,18
289,18
78255,18
79244,18
99898,18
17231,18
98377,18
21108,18
18626,18
21453,18
47096,18
17299,18
21517,18
20241,18
46873,18
80768,18
20236,18
77553,18
20717,18
82111,18
20234,18
50746,18
48997,18
49844,18
98481,18
77737,18
48614,18
20216,18
20209,18
21378,18
80968,18
81288,18
20037,18
78613,18
80564,18
17635,18
771,18
1505,18
48399,18
47584,18
99133,18
21233,18
18138,18
47297,18
78070,18
17813,18
98455,18
20502,18
48733,18
151,18
78881,18
18562,18
50543,18
80674,18
51210,18
79651,18
18482,18
79872,18
48821,18
79756,18
98700,18
81990,18
824,18
99010,18
958,18
21102,18
81065,18
18742,18
19154,18
281,18
1476,18
20507,18
50214,18
78914,18
99660,18
20888,18
90807,18
4978,18
13495,18
57068,18
71259,18
61567,18
71266,18
27619,18
71267,18
71281,18
85778,18
13537,18
57008,18
85771,18
13554,18
4688,18
4685,18
10389,18
88972,18
56953,18
56947,18
85707,18
37004,18
32441,18
88947,18
94896,18
4656,18
61560,18
41073,18
85912,18
41077,18
27744,18
10442,18
37057,18
94847,18
27720,18
27718,18
4774,18
32390,18
57128,18
57125,18
88942,18
94883,18
85862,18
4753,18
57108,18
13486,18
41162,18
57102,18
94984,18
71386,18
73040,18
56699,18
10318,18
10313,18
13778,18
32557,18
71716,18
85518,18
56641,18
71741,18
27183,18
4466,18
56623,18
66058,18
10282,18
27178,18
89063,18
27169,18
95208,18
61733,18
41633,18
41638,18
95215,18
56696,18
89022,18
41314,18
32492,18
71401,18
56900,18
27461,18
32472,18
27419,18
27416,18
95036,18
56838,18
4600,18
85640,18
41414,18
56806,18
85623,18
95075,18
71526,18
66193,18
71566,18
27307,18
71595,18
66185,18
71605,18
57186,18
57188,18
4805,18
57642,18
61339,18
57600,18
28147,18
88795,18
10575,18
13136,18
40703,18
57550,18
28138,18
70709,18
32186,18
37219,18
61366,18
13158,18
28097,18
37201,18
94667,18
13177,18
28074,18
66485,18
28043,18
61331,18
28214,18
41057,18
28221,18
28331,18
94490,18
13023,18
66584,18
94507,18
13032,18
5110,18
28271,18
5094,18
88758,18
28253,18
7245,18
88767,18
28249,18
86295,18
13085,18
32131,18
57660,18
57659,18
88773,18
5069,18
7302,18
70808,18
86180,18
37170,18
10486,18
57335,18
10481,18
86066,18
4878,18
27882,18
37099,18
10462,18
86006,18
71027,18
61502,18
57264,18
27829,18
94804,18
57262,18
27814,18
32340,18
92177,18
57223,18
94821,18
66338,18
40921,18
27923,18
66397,18
92218,18
70823,18
70828,18
86159,18
40820,18
86150,18
86146,18
92222,18
4942,18
10510,18
94719,18
4895,18
4922,18
86127,18
10498,18
94726,18
40881,18
40882,18
57376,18
57368,18
32286,18
27150,18
71793,18
4436,18
89243,18
42387,18
42390,18
55804,18
14399,18
62017,18
26303,18
14418,18
26286,18
42416,18
36607,18
55757,18
26278,18
62021,18
3970,18
32942,18
10073,18
91851,18
65608,18
84743,18
72774,18
95737,18
11379,18
26333,18
4067,18
42377,18
14298,18
4058,18
84949,18
55906,18
72503,18
14326,18
26431,18
84925,18
42302,18
26415,18
55880,18
26405,18
55874,18
36623,18
72551,18
4029,18
42330,18
84880,18
4016,18
26354,18
4009,18
72800,18
42516,18
55648,18
26145,18
14597,18
72949,18
72958,18
72964,18
42652,18
42657,18
3849,18
36487,18
95827,18
25975,18
33093,18
55474,18
55469,18
84602,18
7739,18
14656,18
73002,18
73016,18
33102,18
9966,18
55449,18
55550,18
72902,18
3883,18
14545,18
72823,18
3918,18
55616,18
65591,18
33010,18
84716,18
42553,18
33011,18
84711,18
26103,18
42605,18
55597,18
72874,18
42580,18
26083,18
3886,18
65560,18
91820,18
42598,18
26067,18
42264,18
55924,18
41648,18
7516,18
65946,18
32677,18
65922,18
41839,18
91995,18
13969,18
26922,18
56350,18
61837,18
56342,18
41872,18
72055,18
61847,18
56316,18
61853,18
95371,18
26870,18
65879,18
34959,18
72100,18
85228,18
56413,18
41795,18
42258,18
61795,18
71801,18
85448,18
66002,18
13860,18
13861,18
85439,18
85430,18
13874,18
27093,18
95251,18
27089,18
85416,18
41710,18
41721,18
27030,18
71938,18
71941,18
36844,18
13939,18
65971,18
65955,18
41950,18
72132,18
26800,18
32748,18
56083,18
56079,18
4150,18
42127,18
89204,18
32805,18
72317,18
14215,18
65756,18
26546,18
42206,18
14270,18
61956,18
65735,18
4095,18
7613,18
14276,18
32873,18
10113,18
72440,18
36645,18
95508,18
65829,18
14189,18
56188,18
14065,18
72154,18
61871,18
85213,18
56210,18
36747,18
65861,18
14085,18
32766,18
14092,18
14185,18
56186,18
95444,18
85164,18
32773,18
10165,18
85146,18
14150,18
14157,18
4172,18
37296,18
57767,18
28339,18
68651,18
59531,18
88189,18
11820,18
87530,18
31261,18
87528,18
6099,18
88190,18
68690,18
30081,18
87500,18
93457,18
87499,18
31270,18
30059,18
6052,18
59425,18
59417,18
87459,18
68780,18
11905,18
88184,18
60535,18
60478,18
6776,18
38874,18
38885,18
30249,18
6174,18
38891,18
6169,18
6161,18
38905,18
68574,18
11767,18
38928,18
93384,18
87576,18
59585,18
68594,18
87574,18
59569,18
11787,18
6142,18
68616,18
30176,18
29991,18
93495,18
59387,18
68808,18
29852,18
59231,18
68949,18
68959,18
59216,18
29810,18
39261,18
60621,18
29796,18
59176,18
88296,18
88298,18
87279,18
59158,18
29767,18
39304,18
31396,18
31409,18
39321,18
67305,18
67303,18
93561,18
59269,18
59271,18
67413,18
31294,18
60566,18
37933,18
59335,18
11937,18
5991,18
39161,18
39162,18
39168,18
59312,18
31332,18
11953,18
68877,18
68892,18
59287,18
37920,18
60596,18
67395,18
29893,18
68906,18
30266,18
87602,18
92677,18
6492,18
92949,18
6477,18
60047,18
93090,18
38467,18
38236,18
93094,18
6462,18
93102,18
38492,18
93105,18
30723,18
6439,18
60250,18
6426,18
30695,18
92938,18
67748,18
87839,18
6406,18
87838,18
38437,18
6586,18
59646,18
11458,18
60150,18
67881,18
67882,18
38340,18
60130,18
87924,18
93020,18
30854,18
30893,18
60115,18
87909,18
30903,18
60180,18
67921,18
92998,18
87979,18
92983,18
60209,18
38418,18
67810,18
87888,18
68102,18
30648,18
68117,18
30636,18
87667,18
11659,18
87662,18
38125,18
30412,18
87657,18
11679,18
6233,18
68428,18
59693,18
11708,18
88117,18
59674,18
68474,18
6730,18
67596,18
59665,18
59660,18
31174,18
31179,18
92812,18
68363,18
87674,18
30476,18
11561,18
30613,18
31023,18
38600,18
11552,18
93215,18
38193,18
67727,18
30568,18
30562,18
68228,18
68311,18
68241,18
67712,18
68250,18
11277,18
38660,18
38676,18
68287,18
59818,18
87727,18
67299,18
6871,18
40518,18
58287,18
12615,18
58263,18
66908,18
86732,18
86723,18
10771,18
86719,18
12664,18
28804,18
61095,18
66864,18
61106,18
12675,18
40139,18
94177,18
10740,18
58169,18
94195,18
86668,18
70032,18
12713,18
58277,18
28884,18
58470,18
31812,18
60980,18
39898,18
58466,18
29090,18
7031,18
69739,18
69781,18
58392,18
94058,18
69798,18
86803,18
58357,18
86780,18
58329,18
88549,18
66943,18
40050,18
58307,18
40056,18
31802,18
66938,18
70058,18
88645,18
28718,18
94248,18
28491,18
32014,18
10669,18
57880,18
86443,18
61250,18
5189,18
57863,18
40433,18
28440,18
37339,18
61259,18
5181,18
40453,18
57827,18
28408,18
70438,18
57805,18
61290,18
92335,18
40509,18
92378,18
37362,18
61205,18
94318,18
58131,18
40225,18
61144,18
5324,18
40247,18
37421,18
86595,18
66753,18
12788,18
28606,18
57944,18
86533,18
5282,18
61191,18
61194,18
57986,18
28565,18
28561,18
28557,18
94365,18
39894,18
60970,18
67266,18
87125,18
6941,18
58926,18
58904,18
58903,18
87106,18
93748,18
58846,18
31563,18
10994,18
10989,18
31582,18
12227,18
5744,18
69331,18
5732,18
5730,18
10984,18
12236,18
39602,18
69346,18
58785,18
31548,18
58930,18
29100,18
87129,18
12085,18
31470,18
60718,18
31485,18
59034,18
59030,18
29679,18
69097,18
31492,18
58998,18
29659,18
31499,18
93659,18
87192,18
69140,18
87176,18
31509,18
60775,18
87151,18
69187,18
87130,18
92574,18
69394,18
58751,18
67105,18
86957,18
60873,18
39801,18
31641,18
31645,18
12395,18
86953,18
39814,18
69590,18
69597,18
93958,18
86926,18
31669,18
93965,18
29158,18
92543,18
88459,18
39857,18
58502,18
10895,18
69688,18
67087,18
58594,18
12371,18
29313,18
29386,18
29385,18
39679,18
88404,18
58687,18
58673,18
5663,18
29337,18
31620,18
29307,18
58599,18
88411,18
29297,18
93867,18
93870,18
69507,18
86982,18
93882,18
86972,18
29273,18
42720,18
84857,18
36463,18
34446,18
75873,18
52972,18
75882,18
83091,18
23401,18
2470,18
45003,18
97400,18
23381,18
45023,18
9045,18
64192,18
52894,18
16218,18
2432,18
97449,18
45083,18
75985,18
23296,18
2411,18
76024,18
16156,18
75846,18
83029,18
83118,18
75730,18
23546,18
16093,18
23544,18
75744,18
53083,18
23533,18
75747,18
23518,18
53052,18
75782,18
34428,18
9068,18
44913,18
83139,18
2512,18
53033,18
53020,18
23462,18
2502,18
23448,18
2391,18
83027,18
75718,18
45261,18
76266,18
63264,18
52616,18
76315,18
34570,18
76337,18
22993,18
2232,18
22992,18
52547,18
63283,18
8968,18
63293,18
45376,18
35291,18
45396,18
90550,18
8510,18
45404,18
64009,18
22946,18
82956,18
64094,18
76068,18
76213,18
63224,18
2372,18
76080,18
63226,18
23228,18
23191,18
45175,18
2345,18
23189,18
34494,18
23183,18
63238,18
2335,18
64144,18
2334,18
63253,18
45205,18
76141,18
16309,18
82972,18
64112,18
2538,18
53129,18
76394,18
34200,18
34205,18
75200,18
53546,18
23969,18
35579,18
15865,18
75244,18
53502,18
15874,18
75281,18
44545,18
75313,18
53458,18
23904,18
75330,18
2702,18
83371,18
23882,18
34225,18
2692,18
23873,18
15845,18
64436,18
23838,18
75161,18
24139,18
15761,18
24133,18
35622,18
44375,18
75062,18
9246,18
24112,18
75070,18
15775,18
35617,18
34186,18
83474,18
96995,18
53614,18
24074,18
75137,18
75150,18
91265,18
2794,18
24019,18
35551,18
97162,18
97334,18
16019,18
63116,18
91165,18
44767,18
64274,18
16047,18
83206,18
97286,18
2583,18
16057,18
75637,18
90422,18
44821,18
34392,18
75673,18
64247,18
63178,18
2551,18
53142,18
75684,18
83171,18
83165,18
23701,18
64308,18
83322,18
97246,18
63067,18
44627,18
75450,18
90293,18
2659,18
83286,18
23770,18
84581,18
83276,18
64373,18
91205,18
53317,18
83271,18
97219,18
15996,18
44701,18
44702,18
35492,18
9174,18
9168,18
2626,18
2197,18
76398,18
34163,18
22265,18
46015,18
46026,18
22236,18
16866,18
35067,18
1803,18
1797,18
34836,18
90732,18
51899,18
90744,18
46049,18
51891,18
90863,18
46084,18
34886,18
82376,18
51849,18
22155,18
35016,18
82359,18
46003,18
34821,18
51794,18
1840,18
51994,18
45926,18
51993,18
90911,18
16798,18
45935,18
8618,18
77001,18
45950,18
22316,18
34785,18
51964,18
82475,18
63851,18
16823,18
82470,18
77023,18
22291,18
45980,18
63511,18
16842,18
46125,18
90845,18
52004,18
8724,18
21946,18
21930,18
8722,18
21917,18
34942,18
63653,18
1645,18
46334,18
21894,18
98241,18
51570,18
51564,18
17109,18
82200,18
82184,18
21833,18
82174,18
98296,18
63667,18
17149,18
17176,18
51624,18
82257,18
77185,18
21961,18
46154,18
46160,18
82325,18
90841,18
1733,18
22077,18
34895,18
1719,18
51733,18
77246,18
46206,18
51726,18
8689,18
98166,18
22014,18
77287,18
46239,18
82269,18
98182,18
21994,18
21991,18
97998,18
90675,18
97680,18
63958,18
8896,18
76542,18
76556,18
22764,18
52316,18
16553,18
2108,18
76611,18
34679,18
90982,18
90621,18
45594,18
22715,18
22712,18
90630,18
76629,18
45608,18
8871,18
22684,18
90970,18
16587,18
76521,18
52358,18
22678,18
22844,18
22925,18
16432,18
16443,18
52462,18
82850,18
97702,18
45454,18
22901,18
22894,18
76434,18
2173,18
2171,18
63986,18
34648,18
8533,18
22883,18
45484,18
22863,18
22861,18
97734,18
35236,18
82707,18
90959,18
52028,18
63409,18
76840,18
52146,18
52142,18
8579,18
90657,18
90660,18
35136,18
1953,18
90919,18
1935,18
45844,18
76900,18
97953,18
76926,18
52062,18
22403,18
97974,18
82538,18
34754,18
52037,18
8611,18
1969,18
1971,18
76655,18
63408,18
82704,18
45641,18
63402,18
76675,18
2048,18
16623,18
90957,18
16630,18
2037,18
97854,18
16635,18
82659,18
22598,18
45721,18
76757,18
97873,18
52191,18
97877,18
16675,18
16686,18
97897,18
34175,18
53336,18
75009,18
3151,18
9676,18
54645,18
3404,18
43437,18
25163,18
73947,18
91554,18
15131,18
96338,18
8008,18
84138,18
73979,18
43488,18
43495,18
65059,18
3360,18
36093,18
89791,18
96392,18
43412,18
43411,18
65083,18
7971,18
84198,18
43335,18
36178,18
33456,18
33461,18
65108,18
65107,18
54727,18
54723,18
33501,18
15082,18
84180,18
54712,18
43374,18
3434,18
65102,18
65101,18
25212,18
43536,18
62549,18
36056,18
54295,18
54373,18
64869,18
74259,18
15299,18
15300,18
24869,18
43734,18
15312,18
24855,18
33722,18
83957,18
9505,18
43799,18
24781,18
54200,18
54198,18
15370,18
54159,18
33724,18
74218,18
74106,18
64970,18
25031,18
3308,18
91493,18
3306,18
9610,18
36018,18
62941,18
74126,18
24984,18
96468,18
54485,18
43621,18
54466,18
24966,18
3277,18
33689,18
43656,18
43676,18
65139,18
65169,18
15024,18
73319,18
7783,18
55265,18
55250,18
89456,18
33189,18
9876,18
25686,18
96019,18
73332,18
55276,18
14850,18
89530,18
43011,18
89533,18
25596,18
73386,18
73396,18
36318,18
84454,18
42881,18
89545,18
42794,18
84550,18
91784,18
25870,18
73097,18
25842,18
42784,18
25834,18
3772,18
73137,18
55292,18
3769,18
42798,18
3767,18
84513,18
25820,18
89425,18
55307,18
95934,18
96054,18
73421,18
62416,18
25370,18
84297,18
96135,18
54928,18
14971,18
96152,18
89607,18
14984,18
25376,18
73691,18
73593,18
9765,18
54841,18
91637,18
84247,18
62397,18
65176,18
15020,18
9736,18
73602,18
84320,18
43076,18
55043,18
96088,18
9833,18
3616,18
25527,18
43092,18
33288,18
55054,18
7849,18
84342,18
73584,18
73514,18
96119,18
43150,18
3574,18
14927,18
14931,18
54988,18
9803,18
83927,18
96435,18
93010,18
35679,18
3087,18
34095,18
44048,18
3072,18
2949,18
83758,18
83572,18
15705,18
74497,18
64618,18
96739,18
90052,18
91391,18
54013,18
43977,18
24248,18
89960,18
24678,18
74913,18
44211,18
33877,18
96893,18
9375,18
62738,18
64667,18
44017,18
64711,18
62840,18
34028,18
53856,18
54054,18
53795,18
62785,18
91364,18
64612,18
62836,18
96677,18
44233,18
74606,18
9363,18
44239,18
34015,18
54006,18
35785,18
90112,18
3091,18
35677,18
54127,18
74997,18
90159,18
43879,18
74699,18
43992,18
15563,18
24478,18
62849,18
90017,18
2880,18
34123,18
74667,18
48902,18
90111,18
33985,18
89940,18
83904,18
64779,18
64751,18
35670,18
74830,18
74926,18
24393,18
15610,18
24397,18
9437,18
35827,18
53915,18
3081,18
24484,18
3006,18
74821,18
35774,18
34113,18
15532,18
24202,18
83549,18
74562,18
90261,17
88922,17
64582,17
92170,17
88122,17
91235,17
60476,17
89253,17
61330,17
62343,17
89584,17
88141,17
67559,17
92342,17
80165,17
49246,17
63417,17
79823,17
49160,17
80565,17
91664,17
79822,17
91668,17
65725,17
61990,17
88175,17
67500,17
91920,17
91918,17
63060,17
64401,17
89596,17
88153,17
60437,17
91230,17
67546,17
88765,17
89576,17
65244,17
65693,17
49174,17
92811,17
90892,17
63536,17
60430,17
65569,17
92980,17
89431,17
67788,17
62185,17
65412,17
63719,17
79590,17
61493,17
89447,17
99906,17
90787,17
60249,17
90825,17
64441,17
79810,17
91762,17
80331,17
65547,17
61490,17
49072,17
90162,17
49365,17
67849,17
92213,17
80600,17
64488,17
90815,17
63695,17
91783,17
65529,17
67842,17
49589,17
63697,17
99996,17
92996,17
61427,17
88901,17
61378,17
88019,17
60405,17
99557,17
67677,17
64424,17
67671,17
89293,17
91872,17
92760,17
60373,17
79953,17
61348,17
89257,17
91890,17
49555,17
88087,17
64420,17
63816,17
92862,17
49233,17
90871,17
60347,17
62883,17
91732,17
63747,17
65366,17
62271,17
92262,17
79995,17
91248,17
65600,17
89312,17
89539,17
88043,17
88045,17
80863,17
66514,17
66527,17
63006,17
91243,17
89646,17
61645,17
67458,17
92419,17
64726,17
79743,17
99753,17
61629,17
80431,17
91386,17
89877,17
63254,17
79878,17
89951,17
89083,17
89895,17
64151,17
89002,17
60860,17
91439,17
49442,17
66014,17
79884,17
90000,17
90517,17
79888,17
90539,17
92603,17
64039,17
66231,17
88995,17
64933,17
64719,17
91044,17
80428,17
66811,17
65981,17
79689,17
63273,17
63267,17
64911,17
99637,17
99959,17
92560,17
63230,17
89671,17
61684,17
64188,17
91414,17
92500,17
66930,17
92051,17
79724,17
66994,17
61004,17
92484,17
61727,17
99740,17
88532,17
66187,17
62677,17
92476,17
66953,17
79731,17
61663,17
49318,17
63205,17
66067,17
99874,17
80080,17
62624,17
91438,17
91431,17
61707,17
60898,17
63223,17
60901,17
64166,17
64818,17
99949,17
64171,17
62656,17
89933,17
90480,17
80453,17
90474,17
91028,17
67160,17
80747,17
90326,17
80288,17
61893,17
60578,17
89189,17
60585,17
92147,17
89751,17
61565,17
49337,17
63182,17
64346,17
65830,17
88252,17
60608,17
65846,17
65104,17
67353,17
99930,17
64362,17
89744,17
89723,17
49339,17
90066,17
88208,17
63910,17
79647,17
61562,17
88717,17
90954,17
61949,17
65755,17
88211,17
48946,17
67447,17
89708,17
61936,17
61926,17
92083,17
65795,17
66667,17
49021,17
91564,17
66749,17
91152,17
64679,17
90565,17
62746,17
65055,17
67218,17
80261,17
62529,17
88361,17
60778,17
60790,17
91501,17
61134,17
88984,17
88650,17
61128,17
89090,17
65881,17
49269,17
88282,17
60723,17
61204,17
79917,17
99714,17
49018,17
66697,17
90599,17
64273,17
66700,17
64678,17
88955,17
60694,17
67258,17
66708,17
60701,17
60712,17
89164,17
66717,17
61906,17
77508,17
67857,17
74222,17
74111,17
54509,17
96433,17
54489,17
54481,17
74174,17
54409,17
54390,17
74240,17
96396,17
96488,17
54329,17
96494,17
96501,17
96505,17
74317,17
74329,17
74345,17
74074,17
74052,17
81729,17
84172,17
98783,17
96252,17
54729,17
84188,17
54726,17
73855,17
54693,17
73869,17
84171,17
74049,17
54657,17
84156,17
96312,17
84140,17
54598,17
96370,17
74034,17
74047,17
96532,17
54238,17
74850,17
96831,17
54004,17
54000,17
74607,17
74638,17
53947,17
53935,17
74689,17
53894,17
74766,17
81762,17
53865,17
53863,17
74791,17
74816,17
83632,17
83630,17
81804,17
53809,17
54019,17
96716,17
50774,17
74503,17
74386,17
74433,17
54137,17
74461,17
96638,17
96640,17
96645,17
54097,17
98734,17
96710,17
83863,17
54073,17
96682,17
83844,17
83826,17
96697,17
74561,17
81757,17
54748,17
84190,17
54757,17
72986,17
72844,17
78419,17
72863,17
55573,17
50504,17
50518,17
55496,17
72975,17
98847,17
78423,17
50534,17
95858,17
55423,17
55401,17
84546,17
50548,17
98834,17
84510,17
98885,17
95756,17
96240,17
84822,17
55892,17
55890,17
72549,17
72590,17
55815,17
98907,17
55784,17
72659,17
95697,17
55677,17
78448,17
72676,17
72697,17
50482,17
55719,17
55697,17
81544,17
55678,17
95927,17
55312,17
55299,17
84248,17
54961,17
81618,17
54904,17
54899,17
54880,17
84264,17
73694,17
96181,17
54815,17
73217,17
84242,17
54809,17
84240,17
96211,17
54796,17
84227,17
54783,17
84209,17
50629,17
73580,17
54972,17
54976,17
73235,17
84428,17
81594,17
73260,17
98828,17
84410,17
84394,17
73337,17
73356,17
55136,17
96039,17
73405,17
73416,17
50603,17
73483,17
55044,17
96120,17
74837,17
96907,17
67877,17
51261,17
52356,17
76519,17
76538,17
52308,17
51242,17
97784,17
76627,17
52287,17
52269,17
52409,17
52263,17
97835,17
97846,17
82627,17
51299,17
98429,17
82589,17
51306,17
97745,17
76437,17
52141,17
82896,17
52627,17
82923,17
76294,17
51168,17
52559,17
52549,17
52541,17
52538,17
76352,17
52415,17
52520,17
98486,17
52513,17
51185,17
52502,17
97648,17
77723,17
76433,17
51309,17
82579,17
74905,17
51437,17
51787,17
51412,17
77229,17
82309,17
77559,17
98162,17
82265,17
77552,17
77326,17
51394,17
82239,17
82230,17
98223,17
51559,17
82142,17
82175,17
98295,17
82171,17
98112,17
82386,17
82578,17
82474,17
52129,17
52119,17
76948,17
97982,17
52012,17
82505,17
76994,17
77611,17
82459,17
82387,17
51937,17
98046,17
77057,17
77063,17
51905,17
51901,17
51896,17
77079,17
97596,17
76271,17
76225,17
53433,17
53537,17
97082,17
77976,17
53510,17
97098,17
83394,17
53455,17
75351,17
83340,17
75171,17
53409,17
83334,17
97172,17
53354,17
83280,17
83272,17
75506,17
53291,17
97070,17
53569,17
82964,17
50911,17
96934,17
74930,17
74934,17
53715,17
96957,17
81822,17
96958,17
81827,17
75022,17
53572,17
83523,17
75052,17
96986,17
78021,17
83477,17
83429,17
83421,17
53581,17
53271,17
97235,17
81915,17
52776,17
52870,17
97451,17
75997,17
77817,17
76036,17
97481,17
52821,17
52801,17
97506,17
75547,17
81963,17
76114,17
52748,17
52745,17
77775,17
76125,17
76132,17
82975,17
75940,17
97423,17
52993,17
75803,17
53251,17
83247,17
83227,17
53230,17
53228,17
75573,17
97270,17
53199,17
83203,17
97298,17
51042,17
53152,17
81925,17
53143,17
75705,17
53045,17
77866,17
78506,17
72518,17
50440,17
93760,17
69147,17
87165,17
69182,17
87120,17
69211,17
58865,17
69293,17
69304,17
93761,17
58978,17
87090,17
49886,17
99316,17
87065,17
58748,17
87044,17
69445,17
69489,17
69141,17
58987,17
69538,17
59092,17
59161,17
69012,17
59139,17
79255,17
59120,17
59115,17
59096,17
59093,17
69052,17
49845,17
87236,17
59059,17
79240,17
93633,17
69074,17
69076,17
87233,17
59004,17
58641,17
69561,17
55935,17
86715,17
58319,17
49976,17
69892,17
79029,17
69904,17
58258,17
58248,17
58238,17
81137,17
69821,17
69967,17
86699,17
69972,17
58196,17
58182,17
86651,17
86644,17
70065,17
94109,17
69812,17
58551,17
69645,17
69573,17
81109,17
58545,17
93959,17
93961,17
79092,17
99280,17
93981,17
58471,17
86811,17
58468,17
69700,17
58448,17
86856,17
86853,17
58434,17
69747,17
79053,17
59174,17
93593,17
68989,17
68260,17
59946,17
68164,17
87778,17
59871,17
49658,17
59865,17
68214,17
59852,17
59824,17
87841,17
59819,17
68303,17
68332,17
79456,17
68386,17
93297,17
68404,17
59707,17
68089,17
59966,17
68964,17
87898,17
99535,17
60121,17
67891,17
67916,17
60107,17
67925,17
60096,17
67938,17
60089,17
59973,17
87890,17
67974,17
79539,17
67985,17
93078,17
60039,17
60014,17
80923,17
59702,17
59701,17
59688,17
68841,17
59457,17
99415,17
59446,17
68765,17
93509,17
99402,17
59355,17
79310,17
59317,17
68475,17
59310,17
59288,17
87373,17
59276,17
99380,17
81032,17
68928,17
68940,17
93463,17
93435,17
93422,17
87537,17
59668,17
80985,17
68477,17
93340,17
68481,17
68493,17
59644,17
59637,17
68517,17
68525,17
79390,17
59601,17
81008,17
49742,17
59544,17
68643,17
87545,17
94233,17
94241,17
86618,17
56604,17
71706,17
99011,17
56640,17
56620,17
71763,17
81384,17
95204,17
56607,17
71769,17
56667,17
56570,17
95239,17
85446,17
71824,17
85424,17
56542,17
50319,17
71946,17
56664,17
95166,17
56971,17
56812,17
85729,17
71376,17
85696,17
78751,17
56913,17
85688,17
95020,17
95051,17
95101,17
95157,17
71535,17
95126,17
56735,17
56714,17
71627,17
71642,17
56704,17
78696,17
85331,17
71959,17
85328,17
98942,17
98953,17
56087,17
95509,17
50404,17
72310,17
72313,17
85052,17
72328,17
85039,17
50332,17
95555,17
85016,17
56001,17
95580,17
55972,17
55962,17
78524,17
81491,17
72211,17
72208,17
72205,17
72185,17
95301,17
85327,17
56379,17
72024,17
56356,17
50342,17
56319,17
56297,17
85269,17
95379,17
72085,17
72098,17
56249,17
56237,17
56201,17
81450,17
56194,17
85748,17
94937,17
70124,17
94576,17
70526,17
57751,17
57689,17
70602,17
70608,17
78908,17
57672,17
99154,17
57609,17
70464,17
57608,17
57579,17
50114,17
57564,17
94638,17
57536,17
81245,17
94643,17
57787,17
57804,17
57044,17
94383,17
50037,17
81180,17
86580,17
58086,17
86529,17
78970,17
86519,17
81196,17
86488,17
81222,17
94403,17
70307,17
57937,17
86447,17
57891,17
86437,17
86433,17
70402,17
82143,17
86236,17
86221,17
71195,17
57240,17
57227,17
85961,17
85918,17
99094,17
94839,17
57162,17
71176,17
94884,17
78879,17
50213,17
57099,17
57095,17
57079,17
78764,17
85805,17
57065,17
57048,17
94796,17
50178,17
81282,17
57303,17
86198,17
57469,17
57459,17
78866,17
86142,17
94691,17
70867,17
57400,17
78849,17
94744,17
86097,17
70943,17
78838,17
57331,17
86055,17
57306,17
86043,17
80367,17
50001,17
36068,17
21601,17
5890,17
36576,17
10809,17
22439,17
20083,17
46365,17
26378,17
22024,17
13001,17
36583,17
5875,17
45329,17
26356,17
23513,17
12977,17
5899,17
41982,17
10822,17
10823,17
39275,17
34120,17
34122,17
46360,17
5930,17
34155,17
39278,17
39280,17
36552,17
34172,17
3025,17
26425,17
5851,17
27821,17
18780,17
21580,17
16151,17
24249,17
33944,17
20133,17
8650,17
39174,17
30522,17
26308,17
3079,17
33961,17
5769,17
48127,17
13094,17
10758,17
8634,17
1387,17
33971,17
13088,17
29215,17
8626,17
5795,17
34000,17
5798,17
26332,17
24256,17
48102,17
27850,17
5815,17
34018,17
18774,17
24740,17
36535,17
29194,17
34395,17
39381,17
26531,17
47277,17
2250,17
12747,17
34398,17
41756,17
30403,17
12756,17
34386,17
39365,17
2990,17
29301,17
41794,17
36416,17
6209,17
47981,17
6239,17
12709,17
47976,17
6256,17
22737,17
45456,17
22463,17
12695,17
2948,17
6307,17
41624,17
6313,17
47312,17
41599,17
8419,17
27757,17
22448,17
16336,17
27781,17
41912,17
29277,17
12867,17
12862,17
10846,17
34249,17
22021,17
2218,17
23539,17
12842,17
739,17
3008,17
48039,17
39322,17
47264,17
45390,17
23545,17
27769,17
41876,17
12816,17
41838,17
755,17
6082,17
46322,17
26482,17
2233,17
12800,17
34321,17
41816,17
24796,17
45281,17
38823,17
5407,17
17569,17
39012,17
24886,17
5416,17
24891,17
5411,17
42655,17
13407,17
26023,17
20368,17
38983,17
5372,17
46498,17
28022,17
33528,17
33533,17
10634,17
48264,17
27970,17
42608,17
45145,17
33555,17
13425,17
13424,17
1428,17
5463,17
33593,17
36784,17
5469,17
36783,17
42540,17
17600,17
22849,17
48299,17
33378,17
33312,17
18641,17
15891,17
22383,17
5254,17
42877,17
18652,17
5291,17
17624,17
33356,17
20433,17
42818,17
46516,17
23417,17
25946,17
38930,17
23421,17
28045,17
28041,17
13492,17
42782,17
42773,17
42756,17
36865,17
48319,17
42743,17
20393,17
36862,17
20382,17
23905,17
33603,17
5477,17
33925,17
42359,17
24825,17
16110,17
22819,17
13231,17
33811,17
33805,17
13246,17
596,17
2162,17
13249,17
39123,17
30582,17
30590,17
42378,17
26226,17
29173,17
42288,17
5638,17
10714,17
23880,17
39134,17
36669,17
24236,17
46420,17
24237,17
29192,17
13156,17
5677,17
33917,17
36649,17
48142,17
47173,17
10682,17
5572,17
21520,17
13397,17
5478,17
2129,17
5507,17
18712,17
30635,17
5516,17
45192,17
13343,17
20278,17
5533,17
1418,17
1417,17
33670,17
13327,17
13287,17
39090,17
42422,17
10668,17
24852,17
48216,17
42414,17
26159,17
45208,17
48208,17
3147,17
20249,17
16040,17
42404,17
36738,17
41595,17
12649,17
24296,17
35225,17
17162,17
11315,17
47677,17
17173,17
19519,17
29866,17
16807,17
7304,17
7203,17
7202,17
40000,17
1196,17
40669,17
22646,17
7230,17
29851,17
11326,17
11346,17
40613,17
19262,17
1036,17
7255,17
40579,17
29839,17
40560,17
19276,17
19280,17
35772,17
7284,17
35754,17
7755,17
7184,17
47459,17
35179,17
39907,17
35082,17
19607,17
39847,17
19604,17
35090,17
2722,17
2721,17
12017,17
19593,17
29934,17
21773,17
35117,17
19180,17
21776,17
35132,17
39969,17
39922,17
23644,17
35139,17
27042,17
17182,17
22531,17
27385,17
29520,17
7852,17
2465,17
23654,17
27378,17
40700,17
1016,17
2668,17
2490,17
8294,17
1100,17
35651,17
35652,17
24467,17
11516,17
11618,17
7539,17
40296,17
40520,17
7515,17
40306,17
2601,17
40337,17
11658,17
2522,17
7663,17
11522,17
22572,17
40211,17
7593,17
7606,17
47533,17
11526,17
40194,17
40191,17
46027,17
2539,17
7635,17
11534,17
19344,17
27283,17
7649,17
47596,17
19410,17
27222,17
40448,17
47505,17
40514,17
27151,17
35735,17
7330,17
40487,17
35379,17
40472,17
11821,17
19297,17
7370,17
29765,17
2647,17
11777,17
7383,17
35668,17
7389,17
11745,17
11462,17
21826,17
11483,17
2632,17
11702,17
27311,17
17057,17
7433,17
47605,17
35486,17
21875,17
19411,17
47432,17
21920,17
7029,17
36271,17
41306,17
19795,17
30153,17
47864,17
30154,17
34698,17
22707,17
40817,17
12417,17
47360,17
30166,17
6585,17
39596,17
39580,17
6608,17
41278,17
41277,17
12366,17
16585,17
47855,17
34757,17
29414,17
39653,17
23816,17
36202,17
41214,17
34807,17
34812,17
6706,17
41200,17
24620,17
41345,17
34647,17
34641,17
2911,17
36364,17
6423,17
21646,17
6429,17
36349,17
41479,17
12608,17
24676,17
36343,17
12574,17
46247,17
6485,17
34559,17
24672,17
12535,17
6577,17
11078,17
41413,17
818,17
26690,17
12520,17
16492,17
12517,17
2904,17
8241,17
6542,17
6573,17
46234,17
6576,17
47889,17
39666,17
36194,17
26808,17
8000,17
12143,17
16699,17
8031,17
27497,17
24583,17
8024,17
19130,17
11234,17
23799,17
40969,17
47775,17
6918,17
12132,17
26938,17
17239,17
8058,17
12114,17
23629,17
26951,17
7989,17
19157,17
11251,17
35031,17
16730,17
47418,17
27469,17
27467,17
39807,17
7958,17
12060,17
6857,17
24598,17
41178,17
21950,17
46196,17
39680,17
23613,17
45642,17
8099,17
29445,17
47384,17
24607,17
1251,17
34903,17
8094,17
47388,17
47389,17
19746,17
26833,17
41032,17
19726,17
8080,17
36095,17
6816,17
41067,17
34952,17
19720,17
41064,17
39721,17
30018,17
45680,17
11193,17
930,17
30010,17
10536,17
36760,17
29042,17
43768,17
4429,17
24101,17
14357,17
9381,17
1891,17
31257,17
46966,17
4458,17
207,17
31249,17
28356,17
211,17
48624,17
46674,17
15502,17
31241,17
4500,17
37342,17
38241,17
22170,17
28827,17
10138,17
32522,17
9350,17
25540,17
20472,17
1907,17
14289,17
28353,17
14372,17
4421,17
32325,17
28795,17
169,17
20950,17
9417,17
17877,17
31327,17
43854,17
15431,17
46706,17
48673,17
4320,17
43832,17
23022,17
32389,17
43828,17
44708,17
23238,17
4342,17
44712,17
20915,17
43808,17
43805,17
9398,17
14408,17
32421,17
32424,17
9392,17
46695,17
20889,17
43779,17
43661,17
20813,17
48605,17
3557,17
23292,17
22161,17
37241,17
1938,17
4706,17
43509,17
10216,17
43502,17
14129,17
38357,17
43476,17
37226,17
48554,17
10222,17
1560,17
43452,17
9249,17
43438,17
23303,17
38394,17
4746,17
43405,17
9241,17
14103,17
43400,17
37210,17
327,17
43389,17
18489,17
9268,17
10192,17
25052,17
3537,17
10147,17
9333,17
43650,17
9326,17
28350,17
44786,17
32586,17
28838,17
25061,17
25059,17
28840,17
4615,17
15542,17
15544,17
38320,17
17819,17
4641,17
44804,17
14203,17
31191,17
14200,17
22952,17
32625,17
31181,17
28340,17
14191,17
9289,17
17809,17
20953,17
17889,17
20736,17
31895,17
44337,17
44313,17
21161,17
31900,17
37852,17
15194,17
3996,17
37615,17
4004,17
44278,17
31523,17
18188,17
46897,17
31957,17
44260,17
21242,17
28668,17
1807,17
21251,17
21126,17
28675,17
48803,17
9919,17
4050,17
37926,17
14753,17
25306,17
31495,17
28687,17
14873,17
28527,17
31335,17
31581,17
3,17
18083,17
18087,17
44482,17
25216,17
37774,17
44474,17
44506,17
46823,17
48881,17
15016,17
44512,17
1700,17
31785,17
1752,17
14990,17
3903,17
3789,17
25240,17
14954,17
3919,17
18113,17
3926,17
1682,17
37649,17
9720,17
31882,17
44367,17
3958,17
4087,17
9607,17
9593,17
44163,17
32181,17
3673,17
21015,17
14638,17
32215,17
20992,17
38111,17
46726,17
9479,17
37447,17
24095,17
14609,17
48715,17
28403,17
23978,17
28399,17
20978,17
9448,17
14584,17
4272,17
37438,17
31347,17
31344,17
18360,17
46716,17
20970,17
43906,17
17890,17
32319,17
1849,17
44024,17
44027,17
28469,17
44607,17
3709,17
23086,17
4118,17
37991,17
14726,17
21081,17
32065,17
37529,17
1816,17
17958,17
1819,17
24063,17
14689,17
18311,17
44105,17
38022,17
28446,17
15297,17
21284,17
1831,17
14669,17
48755,17
44044,17
48752,17
23074,17
46920,17
44035,17
3488,17
7650,17
48524,17
43035,17
20521,17
2045,17
9114,17
13891,17
48474,17
10474,17
22871,17
13887,17
402,17
9109,17
30844,17
33180,17
33174,17
13877,17
47075,17
22110,17
20544,17
4933,17
43047,17
47073,17
37096,17
20633,17
3430,17
43235,17
25888,17
38599,17
375,17
4876,17
3330,17
42991,17
15727,17
31002,17
20503,17
9123,17
15819,17
13910,17
28106,17
3433,17
32912,17
17735,17
20634,17
46576,17
25864,17
32995,17
20620,17
37127,17
37024,17
13704,17
5012,17
22888,17
20572,17
30886,17
5039,17
44990,17
28978,17
28971,17
17697,17
43050,17
13726,17
1495,17
43091,17
22886,17
18591,17
44985,17
13740,17
48413,17
18589,17
23364,17
48435,17
22877,17
38706,17
21418,17
15766,17
28989,17
43064,17
2039,17
4953,17
38746,17
48401,17
4974,17
33048,17
414,17
17717,17
9059,17
30912,17
33058,17
33059,17
33134,17
10398,17
22362,17
18553,17
21415,17
43265,17
1993,17
2051,17
42941,17
20711,17
24187,17
8934,17
30796,17
13581,17
3462,17
47095,17
47089,17
45024,17
1477,17
15682,17
42946,17
43336,17
18528,17
42964,17
10506,17
38807,17
28231,17
46615,17
43288,17
10509,17
10290,17
38551,17
1994,17
10309,17
38447,17
31044,17
14004,17
46537,17
48357,17
8933,17
31097,17
21465,17
46587,17
39050,16
51105,16
39017,16
9574,16
27298,16
9548,16
27300,16
28570,16
60735,16
7930,16
75114,16
81147,16
8785,16
71462,16
90499,16
24057,16
70239,16
27433,16
39025,16
70235,16
90491,16
80178,16
7889,16
90724,16
51094,16
71602,16
59483,16
9563,16
37792,16
39851,16
38015,16
7899,16
2525,16
60738,16
71417,16
74938,16
58556,16
38839,16
89948,16
7658,16
89632,16
60413,16
58570,16
9772,16
19140,16
38820,16
91878,16
80217,16
89616,16
98017,16
80790,16
46732,16
81051,16
98139,16
18088,16
39792,16
39823,16
81089,16
91606,16
91868,16
9037,16
7950,16
91597,16
90602,16
46756,16
70382,16
7977,16
8913,16
60743,16
81263,16
75108,16
9510,16
7983,16
58554,16
77104,16
38861,16
97346,16
60704,16
7875,16
59742,16
37837,16
51057,16
46505,16
70287,16
77403,16
2087,16
80086,16
22225,16
91768,16
2483,16
7758,16
80088,16
28040,16
60613,16
90636,16
18146,16
80099,16
9684,16
24404,16
60673,16
90631,16
7756,16
77385,16
58280,16
40070,16
74723,16
19287,16
60652,16
91793,16
8960,16
80757,16
40055,16
97370,16
59611,16
24048,16
38902,16
59607,16
9718,16
60648,16
7754,16
90627,16
89732,16
59717,16
89741,16
70732,16
51447,16
40131,16
51030,16
7820,16
71500,16
58380,16
27375,16
51352,16
75154,16
70751,16
19225,16
7829,16
80779,16
38987,16
37989,16
8824,16
27380,16
7680,16
90612,16
19208,16
59630,16
7672,16
37811,16
89814,16
37932,16
18201,16
46775,16
18131,16
27352,16
90638,16
8856,16
40001,16
8850,16
46095,16
18114,16
58264,16
80048,16
51353,16
9000,16
80696,16
90662,16
89795,16
8831,16
2073,16
80114,16
81171,16
60700,16
38110,16
38710,16
8028,16
77177,16
8367,16
8369,16
58999,16
39409,16
75059,16
27736,16
22007,16
71154,16
2262,16
39180,16
59049,16
24250,16
97617,16
90375,16
51603,16
59056,16
91126,16
38576,16
39364,16
90902,16
80951,16
59067,16
9295,16
59285,16
59938,16
97968,16
58975,16
27961,16
58971,16
59880,16
91280,16
27674,16
91274,16
39512,16
91270,16
91266,16
80608,16
51316,16
97574,16
8305,16
22043,16
59325,16
90386,16
27686,16
8337,16
18952,16
39461,16
97973,16
28352,16
51313,16
46281,16
18928,16
58967,16
70662,16
8428,16
60175,16
8434,16
90182,16
28247,16
71025,16
59168,16
91019,16
9169,16
2208,16
28255,16
80925,16
9181,16
46355,16
80559,16
27792,16
38380,16
8532,16
60020,16
27799,16
18500,16
46628,16
91008,16
75034,16
77161,16
46367,16
9201,16
90270,16
60065,16
28310,16
97679,16
46348,16
46332,16
8435,16
97688,16
44500,16
38569,16
75053,16
91077,16
9143,16
18769,16
91068,16
60158,16
8475,16
90198,16
80577,16
8483,16
46636,16
71010,16
28315,16
90216,16
8494,16
38548,16
90345,16
77255,16
91040,16
59256,16
24240,16
8260,16
8678,16
38681,16
80799,16
77231,16
8097,16
1874,16
19076,16
27560,16
90453,16
80281,16
18400,16
46209,16
27943,16
38688,16
59412,16
71326,16
38683,16
27927,16
1883,16
91421,16
19042,16
8140,16
2354,16
58738,16
8150,16
51713,16
27584,16
80270,16
58681,16
90031,16
2401,16
91524,16
27958,16
39756,16
71371,16
90764,16
51458,16
81050,16
70921,16
80249,16
27521,16
80256,16
91502,16
9055,16
91498,16
46453,16
46171,16
74797,16
60372,16
18587,16
40156,16
71349,16
1873,16
75087,16
60062,16
39110,16
58763,16
80397,16
51708,16
18989,16
80383,16
27646,16
60276,16
39554,16
97725,16
28361,16
58843,16
39546,16
77118,16
60253,16
24235,16
18986,16
90839,16
28175,16
59365,16
90398,16
90843,16
71237,16
59879,16
91297,16
97554,16
80394,16
51666,16
2312,16
97538,16
59368,16
60277,16
51162,16
27918,16
59393,16
2150,16
70956,16
9082,16
51707,16
80341,16
51160,16
77315,16
58775,16
46565,16
60297,16
90832,16
8174,16
90831,16
19013,16
91349,16
97995,16
75081,16
80353,16
59849,16
74923,16
90072,16
70485,16
39503,16
72159,16
40176,16
96292,16
94652,16
78694,16
78692,16
94683,16
94692,16
43217,16
54908,16
94708,16
21417,16
43230,16
20646,16
54896,16
78662,16
54888,16
94728,16
96284,16
21407,16
54876,16
94738,16
54874,16
73181,16
94646,16
43169,16
78702,16
43054,16
43061,16
20552,16
43084,16
96354,16
5076,16
44989,16
55067,16
5071,16
25819,16
96345,16
43115,16
94597,16
52978,16
55018,16
73165,16
3389,16
94636,16
4993,16
96279,16
54847,16
72807,16
44862,16
44873,16
44872,16
20714,16
73300,16
43365,16
43380,16
94872,16
96215,16
73329,16
78564,16
73242,16
43402,16
43413,16
43424,16
54634,16
78558,16
74088,16
94924,16
96187,16
4716,16
44874,16
73295,16
44877,16
20709,16
74119,16
4874,16
43275,16
73252,16
96256,16
54816,16
53064,16
4839,16
96242,16
94803,16
21392,16
20677,16
44887,16
43305,16
94819,16
54772,16
94832,16
44884,16
94840,16
5091,16
52947,16
20541,16
55470,16
55533,16
24888,16
42675,16
94205,16
94207,16
42681,16
45128,16
24895,16
42688,16
72945,16
55118,16
55464,16
72948,16
94224,16
78901,16
78900,16
55441,16
3245,16
55437,16
94235,16
94163,16
94148,16
55544,16
26053,16
74292,16
42464,16
72827,16
5505,16
5501,16
26130,16
94060,16
72851,16
42519,16
5483,16
42529,16
96570,16
20301,16
55598,16
42566,16
21499,16
74272,16
20326,16
42612,16
20389,16
96473,16
42735,16
55203,16
96412,16
94434,16
94439,16
20488,16
5174,16
52916,16
3325,16
96401,16
55179,16
5169,16
25889,16
25883,16
20505,16
25869,16
94505,16
43022,16
78761,16
94515,16
24952,16
24937,16
5204,16
72968,16
3313,16
25988,16
94255,16
25947,16
94286,16
94288,16
42812,16
55348,16
24923,16
5302,16
94320,16
78826,16
73025,16
55309,16
94377,16
94381,16
25915,16
55246,16
55230,16
55220,16
25624,16
20753,16
3518,16
44192,16
95979,16
95544,16
95569,16
21097,16
44166,16
53843,16
4085,16
95606,16
44186,16
4059,16
95467,16
44216,16
53798,16
44228,16
53776,16
78057,16
53435,16
95946,16
4021,16
73931,16
44616,16
95981,16
95983,16
21076,16
53353,16
21287,16
53974,16
21033,16
78009,16
73678,16
25364,16
53946,16
3691,16
73971,16
44088,16
95987,16
25343,16
78253,16
44126,16
73964,16
44130,16
53896,16
78238,16
44270,16
25166,16
95654,16
3790,16
21192,16
21193,16
53503,16
53504,16
53608,16
3895,16
44416,16
3870,16
44447,16
44456,16
73864,16
3841,16
3811,16
78091,16
44484,16
95839,16
44487,16
3817,16
73875,16
44403,16
95763,16
95930,16
3906,16
44293,16
73791,16
44304,16
3754,16
95923,16
78165,16
95711,16
3965,16
53654,16
95914,16
78075,16
95739,16
73834,16
73899,16
95905,16
21230,16
78137,16
95896,16
73840,16
73672,16
21289,16
20758,16
73457,16
96140,16
43640,16
43654,16
95074,16
74060,16
4571,16
78488,16
20815,16
95118,16
78478,16
96016,16
78476,16
95150,16
4502,16
54338,16
25498,16
54311,16
4445,16
54300,16
95218,16
4596,16
53189,16
43622,16
95031,16
44827,16
4694,16
73375,16
73376,16
43539,16
54548,16
96165,16
54543,16
20771,16
53165,16
94975,16
54529,16
4666,16
20787,16
53170,16
78517,16
20790,16
73399,16
3533,16
54296,16
95222,16
54288,16
44677,16
53309,16
25415,16
4273,16
95388,16
95390,16
3643,16
73998,16
43948,16
78338,16
95400,16
95401,16
44667,16
25404,16
4256,16
21292,16
3670,16
44021,16
21028,16
25119,16
54083,16
4283,16
20869,16
78351,16
3619,16
3625,16
4425,16
25481,16
25478,16
54258,16
44721,16
78409,16
96068,16
43798,16
78403,16
4362,16
25455,16
21315,16
54146,16
25103,16
95341,16
4299,16
20968,16
45200,16
78992,16
51929,16
92649,16
6943,16
57326,16
97083,16
74564,16
92627,16
92636,16
57298,16
26931,16
40977,16
19691,16
45685,16
72045,16
2780,16
41013,16
52212,16
92698,16
41034,16
6839,16
41040,16
6836,16
57340,16
40906,16
2747,16
2745,16
92482,16
92494,16
45787,16
24560,16
74580,16
7017,16
57414,16
92521,16
92522,16
57409,16
40854,16
7004,16
92538,16
19630,16
45771,16
79697,16
57370,16
79696,16
19656,16
2799,16
72069,16
5554,16
6656,16
92845,16
41206,16
57023,16
26786,16
18060,16
41247,16
26781,16
77569,16
92897,16
45595,16
52233,16
52303,16
92911,16
26772,16
26769,16
56966,16
41288,16
72193,16
56926,16
6597,16
52278,16
92843,16
92835,16
52271,16
19719,16
92737,16
97026,16
41084,16
79605,16
77550,16
92780,16
41132,16
19751,16
97018,16
19752,16
92808,16
6744,16
92817,16
97015,16
41165,16
41172,16
77557,16
41175,16
52138,16
7076,16
97135,16
57818,16
57938,16
92094,16
57926,16
45914,16
27196,16
97224,16
2649,16
7359,16
97213,16
27159,16
79766,16
40481,16
57790,16
92212,16
52038,16
40515,16
27138,16
79866,16
92241,16
92247,16
40382,16
7434,16
7447,16
79940,16
58162,16
7628,16
71624,16
19355,16
7617,16
97313,16
40233,16
58100,16
27260,16
40263,16
58082,16
91977,16
92004,16
92017,16
40310,16
19396,16
79952,16
7475,16
40345,16
21822,16
7293,16
7283,16
97156,16
19538,16
57597,16
27065,16
57588,16
79794,16
7139,16
71891,16
57556,16
92406,16
2703,16
71896,16
97146,16
24531,16
7120,16
79786,16
77502,16
92432,16
27038,16
40739,16
74616,16
74618,16
97181,16
45843,16
27110,16
97179,16
92285,16
45872,16
2672,16
57692,16
57687,16
45859,16
40624,16
74630,16
57658,16
71857,16
7229,16
71861,16
92334,16
92337,16
7217,16
7196,16
74620,16
26740,16
56914,16
19802,16
45318,16
72568,16
42047,16
42063,16
93676,16
20101,16
96735,16
93679,16
42084,16
79182,16
21586,16
6001,16
3067,16
3068,16
74370,16
42105,16
5796,16
56050,16
42150,16
56045,16
24782,16
93632,16
24759,16
5880,16
5884,16
5978,16
26436,16
93543,16
96786,16
72517,16
79233,16
79230,16
56238,16
26409,16
20068,16
26402,16
56228,16
41968,16
56218,16
24750,16
93603,16
5910,16
24754,16
3042,16
42154,16
79153,16
42155,16
45235,16
3126,16
42343,16
42348,16
79043,16
72745,16
5608,16
93931,16
96635,16
5596,16
52703,16
52704,16
93940,16
45212,16
55803,16
21534,16
26176,16
93966,16
55781,16
5560,16
5624,16
55886,16
5773,16
3114,16
42164,16
26304,16
79139,16
79134,16
55990,16
55984,16
93806,16
21571,16
45251,16
45250,16
42237,16
20157,16
42244,16
5658,16
93857,16
93858,16
55915,16
20174,16
5641,16
52525,16
3012,16
52331,16
79422,16
79468,16
56754,16
74472,16
56734,16
56733,16
56731,16
96901,16
96899,16
6386,16
52414,16
20044,16
2932,16
19892,16
72339,16
56645,16
41616,16
24691,16
45467,16
79394,16
79392,16
41461,16
93104,16
45500,16
52381,16
56905,16
79528,16
92990,16
21688,16
21684,16
72221,16
19813,16
79513,16
41383,16
26702,16
41387,16
6528,16
6525,16
52365,16
93067,16
72265,16
72267,16
6467,16
6463,16
93267,16
72378,16
56566,16
79313,16
26503,16
19978,16
74427,16
41808,16
26487,16
6087,16
45402,16
93442,16
93443,16
45399,16
41851,16
20002,16
79277,16
45392,16
26455,16
96799,16
93499,16
79251,16
56307,16
56426,16
19970,16
6275,16
93382,16
2966,16
21638,16
6248,16
26561,16
2979,16
6245,16
19950,16
6217,16
79349,16
26536,16
41722,16
19955,16
56487,16
56484,16
6184,16
72427,16
52474,16
19968,16
93381,16
70213,16
46644,16
89598,16
34870,16
86998,16
885,16
47843,16
12325,16
12300,16
63819,16
63807,16
63784,16
22694,16
64049,16
63774,16
30072,16
34879,16
99019,16
87074,16
82660,16
34915,16
912,16
68671,16
30123,16
34763,16
874,16
64037,16
12506,16
86846,16
12493,16
86866,16
47890,16
30172,16
49913,16
63934,16
859,16
865,16
49925,16
75675,16
12399,16
12385,16
82717,16
68656,16
918,16
63694,16
920,16
47773,16
63589,16
22665,16
63566,16
964,16
35057,16
16740,16
12073,16
98950,16
87260,16
87266,16
50060,16
12045,16
68843,16
12027,16
12025,16
16747,16
12010,16
12109,16
82568,16
76653,16
87187,16
63688,16
98994,16
12159,16
87143,16
30005,16
82593,16
50011,16
87156,16
47782,16
75642,16
12142,16
12137,16
34977,16
75639,16
87174,16
87175,16
34990,16
23582,16
64058,16
36307,16
64396,16
30415,16
68380,16
68392,16
719,16
99214,16
86498,16
68398,16
64404,16
68407,16
75695,16
76582,16
64382,16
48036,16
75737,16
30378,16
16343,16
34303,16
86566,16
82980,16
86468,16
99232,16
16286,16
86319,16
49685,16
30500,16
34036,16
68308,16
64570,16
13021,16
48085,16
64557,16
34062,16
64551,16
64542,16
34080,16
34099,16
703,16
64489,16
12907,16
16366,16
48007,16
68454,16
64197,16
30282,16
23568,16
12673,16
12656,16
99137,16
47942,16
64140,16
47938,16
68522,16
23571,16
68524,16
86762,16
68541,16
82828,16
86788,16
30234,16
34554,16
68506,16
47969,16
86582,16
34438,16
86586,16
30332,16
68467,16
12772,16
34380,16
12760,16
82894,16
64254,16
99167,16
34405,16
30310,16
64225,16
16405,16
86661,16
49818,16
82869,16
775,16
990,16
87322,16
63463,16
69276,16
62669,16
50328,16
11286,16
1200,16
69274,16
88054,16
62655,16
23785,16
82139,16
11990,16
22521,16
35920,16
35936,16
50351,16
22520,16
75464,16
88077,16
35947,16
82145,16
1198,16
62679,16
23778,16
35661,16
1146,16
62904,16
87857,16
11492,16
11461,16
69164,16
11439,16
69180,16
17094,16
11399,16
82185,16
35816,16
35817,16
69240,16
1192,16
35860,16
35992,16
62595,16
98697,16
29422,16
11129,16
47363,16
62417,16
1265,16
11113,16
62388,16
62385,16
11107,16
62378,16
69413,16
69416,16
88293,16
36294,16
17334,16
62338,16
11080,16
29379,16
82049,16
75438,16
17216,16
82050,16
36021,16
11233,16
11217,16
62543,16
82086,16
50383,16
50384,16
17260,16
62528,16
62510,16
76824,16
11185,16
62488,16
36125,16
75446,16
82066,16
29440,16
62912,16
62913,16
1140,16
11922,16
23669,16
35284,16
47664,16
63299,16
16845,16
47662,16
16848,16
68951,16
35301,16
11858,16
87505,16
87513,16
50158,16
76705,16
29813,16
63231,16
11835,16
35242,16
63341,16
98856,16
35232,16
16769,16
82511,16
11976,16
23653,16
63427,16
1011,16
68883,16
63418,16
35173,16
35177,16
35191,16
82502,16
22647,16
47694,16
29900,16
63376,16
29887,16
35376,16
29804,16
35653,16
69063,16
11594,16
87746,16
76750,16
11591,16
35589,16
11559,16
22570,16
87772,16
69107,16
50242,16
1125,16
29655,16
50248,16
29644,16
76766,16
82285,16
87817,16
16959,16
35516,16
1053,16
11643,16
87534,16
87544,16
82410,16
87558,16
11744,16
11729,16
16910,16
1076,16
47608,16
11680,16
29714,16
63090,16
16940,16
11660,16
35510,16
75541,16
22582,16
13061,16
16167,16
68280,16
22994,16
67472,16
84930,16
31238,16
49167,16
15517,16
66142,16
99756,16
66125,16
31211,16
85290,16
83739,16
22981,16
66042,16
85049,16
67573,16
85069,16
48579,16
65984,16
49154,16
15490,16
23003,16
84903,16
14516,16
49099,16
67390,16
31329,16
32370,16
76312,16
76317,16
23014,16
99800,16
14403,16
66267,16
14395,16
66248,16
67441,16
66235,16
14389,16
14377,16
83703,16
14167,16
14166,16
49258,16
83633,16
22935,16
14088,16
85201,16
15664,16
14054,16
99648,16
65838,16
65831,16
85231,16
83602,16
14030,16
65792,16
65786,16
65751,16
99626,16
48499,16
85186,16
85181,16
14164,16
85170,16
279,16
14160,16
15591,16
67612,16
14151,16
76370,16
15598,16
49231,16
14148,16
76371,16
14147,16
32668,16
49240,16
297,16
99676,16
15636,16
49254,16
67368,16
14565,16
66436,16
14942,16
66861,16
67116,16
48953,16
15162,16
67134,16
67135,16
84109,16
23148,16
84384,16
31911,16
66783,16
66782,16
67175,16
31532,16
84416,16
67183,16
99926,16
31869,16
76166,16
31522,16
39,16
67014,16
48892,16
15071,16
67025,16
48889,16
31703,16
31766,16
31768,16
31772,16
66966,16
48868,16
15002,16
66947,16
76208,16
31825,16
31828,16
84310,16
48981,16
31517,16
84668,16
66600,16
15289,16
32100,16
67267,16
83984,16
67271,16
67298,16
15352,16
32168,16
23073,16
14645,16
66500,16
84632,16
66469,16
15408,16
48725,16
84652,16
15415,16
66596,16
14691,16
23158,16
14710,16
48987,16
84034,16
84028,16
31507,16
32000,16
67230,16
49004,16
32017,16
23169,16
23090,16
48782,16
15282,16
87,16
32066,16
23177,16
32071,16
32076,16
31041,16
99623,16
13079,16
64956,16
68090,16
30656,16
33625,16
64980,16
16009,16
83250,16
16016,16
33650,16
64949,16
65742,16
33657,16
48225,16
49571,16
83238,16
611,16
64927,16
86035,16
49578,16
65007,16
65009,16
15990,16
85944,16
30708,16
33491,16
76492,16
15954,16
76493,16
30701,16
68053,16
33504,16
15957,16
85905,16
49524,16
83292,16
99379,16
13430,16
83291,16
33552,16
13416,16
86042,16
16026,16
33755,16
13191,16
86225,16
48154,16
13162,16
68234,16
13148,16
75783,16
86256,16
30531,16
13110,16
75780,16
16158,16
86276,16
48130,16
99285,16
30518,16
64652,16
83103,16
30555,16
68221,16
13286,16
86189,16
64854,16
75817,16
86099,16
64849,16
64830,16
99328,16
99325,16
75811,16
13255,16
49608,16
86132,16
68189,16
638,16
33844,16
16115,16
30557,16
68219,16
68038,16
65132,16
68030,16
33014,16
13851,16
15769,16
15773,16
48451,16
67826,16
33050,16
33053,16
85487,16
67846,16
15789,16
13806,16
75932,16
85517,16
67860,16
436,16
83454,16
30853,16
65587,16
85441,16
65428,16
408,16
22927,16
32879,16
99614,16
67742,16
23325,16
75962,16
65685,16
83535,16
85375,16
83532,16
65663,16
83531,16
32935,16
15747,16
30961,16
49333,16
85434,16
30848,16
33153,16
48305,16
15880,16
65259,16
22857,16
65245,16
49461,16
33337,16
65203,16
75872,16
15922,16
15924,16
33419,16
30730,16
30729,16
65142,16
33439,16
30719,16
23423,16
48306,16
516,16
67959,16
15811,16
85703,16
65408,16
65404,16
23378,16
76462,16
99511,16
472,16
99494,16
65363,16
15829,16
30808,16
33255,16
65321,16
33262,16
49434,16
85699,16
49437,16
30795,16
11079,16
53538,16
62319,16
81731,16
10519,16
50693,16
81695,16
88848,16
47107,16
10541,16
1462,16
81722,16
50672,16
36860,16
98447,16
36944,16
10578,16
61758,16
88779,16
81756,16
36825,16
29106,16
22407,16
47145,16
61824,16
61825,16
69756,16
17663,16
1533,16
37065,16
10327,16
17736,16
47039,16
10334,16
61491,16
1520,16
89010,16
28948,16
23924,16
47047,16
81625,16
47083,16
88960,16
61548,16
1504,16
88930,16
88924,16
61602,16
36990,16
22372,16
36979,16
28993,16
88729,16
88721,16
81777,16
17494,16
88595,16
62010,16
1388,16
10788,16
88588,16
98529,16
69577,16
36596,16
88573,16
47224,16
98547,16
61851,16
47240,16
10835,16
47245,16
17474,16
62100,16
88513,16
10857,16
88508,16
10876,16
69516,16
23874,16
36619,16
36625,16
88601,16
36772,16
98480,16
10666,16
29133,16
1413,16
17537,16
88672,16
61914,16
61916,16
69628,16
22426,16
88658,16
81824,16
88637,16
36652,16
81830,16
23877,16
61979,16
22432,16
47207,16
10765,16
61475,16
98353,16
17435,16
75199,16
28693,16
9950,16
89403,16
50924,16
89398,16
17952,16
98218,16
89393,16
61063,16
70061,16
89369,16
60995,16
9988,16
9989,16
89364,16
61098,16
23985,16
70039,16
98238,16
10028,16
1636,16
22287,16
37563,16
9917,16
28937,16
50965,16
77050,16
60822,16
70189,16
37704,16
22261,16
50982,16
18032,16
98179,16
81321,16
28631,16
9864,16
37599,16
60909,16
50960,16
60920,16
60926,16
98194,16
60950,16
50950,16
28666,16
60960,16
9893,16
37443,16
81432,16
23975,16
10228,16
28863,16
89176,16
28872,16
37262,16
23960,16
10203,16
10205,16
61352,16
17778,16
10225,16
98329,16
81440,16
37197,16
69883,16
17761,16
37184,16
75262,16
10251,16
89078,16
17754,16
61429,16
61434,16
17826,16
98285,16
61274,16
77009,16
81446,16
28782,16
61155,16
46944,16
81477,16
61173,16
89274,16
61178,16
23973,16
37388,16
69973,16
17835,16
75231,16
10122,16
69949,16
37346,16
61244,16
89220,16
37341,16
61260,16
10140,16
1340,16
17704,16
62247,16
88317,16
81982,16
98602,16
17426,16
88446,16
29310,16
62242,16
62168,16
11073,16
88356,16
1302,16
62171,16
10918,16
47315,16
22450,16
17411,16
62176,16
36412,16
88343,16
11021,16
47319,16
69945,15
94675,15
73156,15
73154,15
85523,15
62251,15
30884,15
61275,15
94599,15
9357,15
94665,15
30878,15
15794,15
4948,15
38260,15
83459,15
78731,15
54948,15
80266,15
73182,15
20594,15
85470,15
38242,15
9355,15
54979,15
78700,15
80267,15
33072,15
25798,15
58666,15
8084,15
73172,15
39700,15
28832,15
67823,15
5001,15
67852,15
55007,15
73161,15
20563,15
11445,15
5072,15
65383,15
94524,15
5108,15
8322,15
65394,15
13686,15
13683,15
33197,15
13680,15
62505,15
89171,15
18469,15
38303,15
71351,15
13655,15
15833,15
67923,15
67924,15
30810,15
78778,15
28330,15
20495,15
71356,15
73104,15
20531,15
85564,15
89196,15
15806,15
85573,15
20557,15
38222,15
85591,15
89200,15
85598,15
43089,15
67894,15
33148,15
33152,15
33184,15
5085,15
80957,15
5088,15
94543,15
61289,15
33160,15
67902,15
81521,15
37305,15
90170,15
36144,15
58689,15
25771,15
20680,15
18403,15
58705,15
38180,15
15674,15
31068,15
15686,15
4790,15
39674,15
85264,15
32811,15
31059,15
9367,15
43304,15
32844,15
17290,15
43300,15
9396,15
80280,15
32855,15
88201,15
37397,15
18431,15
94849,15
17875,15
39667,15
94850,15
14110,15
61121,15
19067,15
37437,15
15645,15
90003,15
94878,15
69378,15
90011,15
80286,15
67658,15
83629,15
54708,15
20725,15
60343,15
20723,15
94858,15
39505,15
89302,15
70459,15
20713,15
94792,15
94791,15
70479,15
65675,15
32923,15
54881,15
61212,15
37369,15
60272,15
65660,15
9378,15
10110,15
60267,15
25750,15
65634,15
13890,15
9371,15
73210,15
32977,15
54906,15
32978,15
91496,15
54909,15
28360,15
69359,15
27551,15
85361,15
54808,15
69970,15
89267,15
85300,15
54818,15
13985,15
28362,15
4868,15
4872,15
13958,15
43264,15
89266,15
32882,15
88193,15
11156,15
67750,15
78640,15
20650,15
94751,15
94745,15
13921,15
13914,15
9383,15
65325,15
65303,15
69913,15
26077,15
65054,15
26059,15
8338,15
55555,15
85921,15
55561,15
78932,15
65047,15
65046,15
5451,15
42578,15
81584,15
20322,15
94112,15
26091,15
60033,15
26094,15
38470,15
65041,15
72872,15
20312,15
61404,15
80900,15
83294,15
90263,15
20363,15
62245,15
17765,15
13451,15
62536,15
94197,15
55493,15
5385,15
10241,15
42651,15
26027,15
72927,15
55535,15
60056,15
72924,15
72921,15
60052,15
38460,15
65078,15
38464,15
55532,15
30693,15
11206,15
94104,15
42549,15
60018,15
93977,15
10269,15
26146,15
18524,15
10270,15
90343,15
93993,15
71373,15
27708,15
89072,15
20260,15
72795,15
85950,15
64895,15
86053,15
33711,15
33725,15
86069,15
68157,15
16036,15
90348,15
33759,15
62546,15
90333,15
9163,15
55713,15
59981,15
80892,15
38494,15
20297,15
18502,15
28263,15
61406,15
55640,15
68104,15
18508,15
61407,15
94069,15
82084,15
88370,15
72843,15
30640,15
38509,15
16018,15
28245,15
30630,15
18514,15
42470,15
38439,15
68044,15
71204,15
65235,15
18475,15
28885,15
5242,15
69905,15
42905,15
55262,15
83378,15
42896,15
94368,15
33330,15
42873,15
73042,15
78816,15
37242,15
85768,15
90220,15
85769,15
94327,15
33344,15
5300,15
13533,15
15913,15
55242,15
83388,15
85872,15
33291,15
38331,15
28325,15
85700,15
4742,15
60145,15
55198,15
5202,15
85702,15
60143,15
85728,15
78794,15
78803,15
85730,15
8331,15
89151,15
78797,15
30775,15
55216,15
90210,15
20465,15
5220,15
94409,15
33368,15
78835,15
89135,15
55443,15
65140,15
89120,15
78878,15
70559,15
17774,15
33443,15
55436,15
90244,15
88369,15
28290,15
91503,15
94301,15
65131,15
65130,15
15951,15
55455,15
65126,15
33452,15
37198,15
68041,15
42685,15
85864,15
69896,15
33433,15
60111,15
8063,15
65196,15
71357,15
33381,15
15918,15
55354,15
55357,15
9260,15
72999,15
37234,15
85826,15
55377,15
20416,15
55379,15
94267,15
72988,15
65168,15
42763,15
72976,15
94256,15
17272,15
85832,15
17920,15
54639,15
32707,15
31468,15
25322,15
31486,15
4128,15
95549,15
91325,15
37628,15
37622,15
73723,15
9888,15
84523,15
9698,15
66657,15
70284,15
58813,15
44134,15
53903,15
53907,15
84530,15
82020,15
32082,15
60954,15
58803,15
21089,15
91324,15
83917,15
17328,15
88318,15
67213,15
80372,15
84027,15
44195,15
14760,15
78204,15
67224,15
44185,15
11054,15
4078,15
44157,15
53836,15
9713,15
84484,15
25307,15
66668,15
89724,15
37634,15
84491,15
66658,15
4099,15
4158,15
66599,15
15288,15
73661,15
25373,15
60589,15
27604,15
19014,15
31424,15
66517,15
32176,15
70310,15
66497,15
61002,15
32207,15
78261,15
95430,15
4239,15
43999,15
25395,15
66488,15
20999,15
84642,15
43974,15
73635,15
95410,15
60590,15
31434,15
9655,15
84604,15
25351,15
70300,15
44076,15
78271,15
62350,15
44072,15
78277,15
71224,15
82022,15
53949,15
78280,15
4190,15
60594,15
14675,15
95481,15
89459,15
15313,15
14667,15
84582,15
67276,15
15319,15
37644,15
67206,15
15246,15
28614,15
60764,15
15083,15
89579,15
14997,15
31681,15
3900,15
18978,15
67056,15
84167,15
58852,15
14955,15
39553,15
84151,15
58861,15
31632,15
18035,15
88300,15
3925,15
36298,15
95741,15
15139,15
18033,15
81270,15
60811,15
44418,15
66967,15
60791,15
67004,15
15043,15
66998,15
60788,15
67019,15
60785,15
18069,15
95837,15
70198,15
9789,15
36304,15
37757,15
21195,15
15017,15
9793,15
44451,15
31773,15
44441,15
44429,15
31777,15
31874,15
66859,15
78188,15
18018,15
36323,15
31938,15
44291,15
73786,15
89687,15
21139,15
44279,15
27663,15
70247,15
31954,15
60891,15
3930,15
95653,15
53765,15
60681,15
18125,15
60894,15
84431,15
84432,15
84433,15
95632,15
95629,15
89538,15
3998,15
60705,15
84086,15
73833,15
84333,15
60852,15
60727,15
44372,15
67117,15
60856,15
78150,15
14908,15
18104,15
89672,15
3969,15
9831,15
95690,15
95683,15
70165,15
81319,15
31901,15
44309,15
3992,15
21160,15
81366,15
84651,15
14116,15
66037,15
54461,15
85020,15
20806,15
32592,15
4608,15
95039,15
91392,15
91398,15
9520,15
67558,15
85040,15
43636,15
61085,15
43590,15
14210,15
70398,15
14193,15
54506,15
38098,15
4649,15
60419,15
78518,15
67550,15
14244,15
19015,15
32543,15
60471,15
25534,15
37498,15
31223,15
25539,15
95112,15
29415,15
32535,15
9537,15
54416,15
32547,15
83744,15
54432,15
54433,15
67528,15
66085,15
83753,15
18285,15
15539,15
32571,15
78495,15
43642,15
15570,15
9997,15
70043,15
4724,15
54601,15
89976,15
43491,15
94930,15
65926,15
8276,15
4717,15
14127,15
29421,15
4720,15
70425,15
82045,15
85149,15
43451,15
65916,15
14117,15
43440,15
32701,15
5576,15
4733,15
54643,15
94911,15
54596,15
83669,15
83676,15
70418,15
80406,15
9485,15
65967,15
43555,15
38103,15
43554,15
65964,15
91271,15
65958,15
54550,15
43545,15
81410,15
37461,15
58736,15
81411,15
17923,15
73370,15
17380,15
62261,15
4703,15
37451,15
95140,15
73472,15
15511,15
84806,15
54129,15
43872,15
66355,15
62362,15
32337,15
84789,15
32351,15
70081,15
58772,15
95329,15
66324,15
43812,15
78377,15
84808,15
32393,15
54183,15
84818,15
95299,15
66305,15
54192,15
81378,15
14423,15
78358,15
25428,15
37549,15
66377,15
37939,15
54061,15
37952,15
32230,15
78339,15
15414,15
73622,15
89427,15
18216,15
14592,15
84679,15
28691,15
9599,15
66416,15
14547,15
70329,15
14532,15
14527,15
29391,15
83890,15
95367,15
54196,15
54203,15
25522,15
4456,15
15466,15
54292,15
8271,15
43741,15
89882,15
67459,15
71301,15
81104,15
43730,15
66194,15
60481,15
14409,15
17933,15
43721,15
20859,15
66172,15
43711,15
25511,15
78461,15
39632,15
43700,15
37500,15
4430,15
67449,15
84888,15
20875,15
32418,15
58770,15
54212,15
70338,15
29361,15
66276,15
73546,15
88261,15
70341,15
78411,15
54250,15
15457,15
17949,15
60514,15
14391,15
84866,15
60507,15
84879,15
78424,15
9963,15
31281,15
59945,15
89066,15
17750,15
12037,15
87248,15
68829,15
17180,15
16745,15
19628,15
8683,15
36673,15
79722,15
80618,15
87277,15
87286,15
88660,15
63509,15
61947,15
57467,15
62674,15
7041,15
39136,15
57474,15
57479,15
71932,15
79751,15
29952,15
10708,15
19220,15
87214,15
35006,15
27740,15
40938,15
36694,15
35009,15
18903,15
16724,15
40915,15
35024,15
10701,15
29964,15
58399,15
59374,15
90837,15
59371,15
82558,15
92557,15
19636,15
79705,15
40871,15
71149,15
92539,15
40781,15
68844,15
39138,15
92375,15
7128,15
63428,15
71493,15
59042,15
39166,15
11969,15
88037,15
7168,15
59313,15
36642,15
63403,15
35106,15
17522,15
8638,15
39368,15
69259,15
36437,15
29892,15
59291,15
63375,15
11307,15
16797,15
92412,15
39985,15
35166,15
61973,15
79755,15
79759,15
16749,15
36433,15
88632,15
7081,15
40749,15
35119,15
10739,15
7105,15
63473,15
59348,15
68861,15
19577,15
79776,15
16766,15
35142,15
57539,15
7828,15
71492,15
27894,15
90830,15
34984,15
39042,15
16637,15
63771,15
70908,15
41170,15
60792,15
34878,15
27960,15
12249,15
7860,15
29115,15
10947,15
12231,15
80659,15
88707,15
68726,15
63726,15
57134,15
63722,15
79596,15
34925,15
6784,15
41095,15
41093,15
6728,15
34872,15
59035,15
12289,15
12335,15
12326,15
79569,15
69667,15
26792,15
6692,15
63842,15
92855,15
57047,15
7869,15
61845,15
68704,15
87042,15
26803,15
34837,15
18707,15
34866,15
26805,15
39053,15
70903,15
57081,15
39931,15
87116,15
39069,15
82619,15
92671,15
18720,15
27931,15
79641,15
63657,15
41018,15
57253,15
18723,15
41007,15
10683,15
19214,15
61901,15
26871,15
79649,15
57281,15
57285,15
88678,15
87164,15
39114,15
92642,15
17539,15
63637,15
27915,15
16690,15
26891,15
12152,15
11285,15
87122,15
81779,15
27944,15
58416,15
82611,15
63690,15
36759,15
88698,15
72073,15
63686,15
79622,15
26883,15
12160,15
92721,15
6831,15
10672,15
79624,15
87135,15
87137,15
27938,15
34966,15
35218,15
40663,15
7209,15
40215,15
71650,15
19362,15
91957,15
40251,15
79988,15
40240,15
40235,15
62837,15
82314,15
79993,15
87762,15
7563,15
91053,15
62992,15
7749,15
8485,15
7621,15
58146,15
36499,15
62113,15
62986,15
35603,15
59151,15
10855,15
59282,15
58012,15
87670,15
40336,15
87671,15
57988,15
29575,15
7482,15
40325,15
62090,15
87679,15
27782,15
87682,15
29685,15
71089,15
39366,15
29706,15
40290,15
63049,15
71662,15
7550,15
11627,15
10851,15
91965,15
62979,15
39326,15
62116,15
10903,15
40124,15
80037,15
87837,15
88465,15
19325,15
19323,15
35676,15
40093,15
40091,15
10899,15
87860,15
62126,15
39361,15
58271,15
7717,15
91809,15
29608,15
11456,15
80062,15
87878,15
62861,15
7742,15
88468,15
11508,15
36479,15
71121,15
27279,15
16996,15
62968,15
62962,15
88485,15
59114,15
91880,15
80016,15
82233,15
71608,15
58306,15
11529,15
17014,15
80017,15
58198,15
58305,15
71110,15
91097,15
17029,15
91099,15
91861,15
7470,15
40041,15
27226,15
71034,15
87464,15
82435,15
71820,15
11872,15
87497,15
35343,15
35349,15
92244,15
81845,15
82183,15
71036,15
69560,15
82427,15
7315,15
29556,15
27144,15
17510,15
71048,15
16858,15
57783,15
18792,15
11830,15
92267,15
63281,15
18773,15
79844,15
11926,15
63346,15
40652,15
59280,15
7801,15
87427,15
63319,15
62716,15
63306,15
40626,15
36612,15
59054,15
92316,15
87439,15
27846,15
19250,15
27099,15
29224,15
63292,15
11353,15
11894,15
92210,15
81928,15
57967,15
27210,15
92112,15
62060,15
40402,15
63135,15
40394,15
17121,15
36560,15
88550,15
57935,15
92093,15
87636,15
68988,15
69043,15
39282,15
16934,15
17484,15
92082,15
16937,15
27218,15
35501,15
36543,15
10830,15
7410,15
29564,15
7398,15
79922,15
59205,15
92195,15
11824,15
87964,15
63208,15
7342,15
59194,15
16876,15
79891,15
7368,15
59193,15
81876,15
29759,15
63161,15
92162,15
7380,15
92155,15
16890,15
11756,15
27182,15
16898,15
71152,15
57007,15
81593,15
93619,15
61598,15
93635,15
90490,15
61601,15
64546,15
68330,15
35971,15
34066,15
12997,15
34075,15
12996,15
56156,15
42001,15
91580,15
12981,15
30465,15
62615,15
56199,15
83022,15
79210,15
38752,15
41974,15
62605,15
56154,15
5806,15
64607,15
88957,15
64617,15
27654,15
79179,15
72598,15
86331,15
5819,15
93685,15
16187,15
5828,15
13043,15
93649,15
5832,15
83067,15
27716,15
86343,15
69822,15
37022,15
34052,15
35980,15
64559,15
93654,15
34107,15
86424,15
86427,15
79254,15
20045,15
62200,15
61658,15
81686,15
8948,15
36928,15
30383,15
41886,15
70755,15
59704,15
71164,15
81656,15
70762,15
29507,15
59696,15
30365,15
6045,15
6050,15
30362,15
93473,15
86539,15
7936,15
5998,15
10484,15
41918,15
36963,15
82994,15
86452,15
86454,15
93580,15
35961,15
79224,15
93567,15
20058,15
17673,15
12899,15
69783,15
41949,15
5960,15
88893,15
29321,15
8382,15
26435,15
86477,15
90526,15
64416,15
41927,15
64619,15
36390,15
63861,15
20179,15
72733,15
64767,15
42319,15
88126,15
16119,15
55879,15
42309,15
70659,15
68218,15
72719,15
93875,15
89042,15
38607,15
61473,15
13200,15
42280,15
58586,15
79081,15
64746,15
86212,15
62232,15
90389,15
55864,15
79050,15
8356,15
5598,15
13285,15
28216,15
13276,15
59066,15
59934,15
59929,15
61449,15
93932,15
19117,15
17738,15
72757,15
13224,15
93924,15
42364,15
9129,15
20200,15
37133,15
13244,15
93915,15
86163,15
36067,15
30570,15
55940,15
33900,15
55947,15
91565,15
62591,15
9112,15
59863,15
30526,15
80437,15
37075,15
58563,15
86286,15
69835,15
88988,15
80202,15
88388,15
79158,15
68271,15
30515,15
68273,15
83095,15
93732,15
37064,15
17215,15
10393,15
5799,15
81614,15
36013,15
56007,15
64690,15
8017,15
9116,15
68235,15
55952,15
72679,15
26267,15
42223,15
83132,15
55971,15
72663,15
11240,15
55978,15
55980,15
83122,15
68248,15
79124,15
5717,15
93784,15
5726,15
72649,15
42176,15
93456,15
86558,15
64337,15
36830,15
72263,15
82814,15
70832,15
12543,15
8864,15
34577,15
6495,15
30219,15
82801,15
17591,15
41392,15
26663,15
11269,15
27405,15
26700,15
56842,15
68584,15
64019,15
90665,15
30198,15
41380,15
56855,15
41440,15
90648,15
64332,15
26654,15
19862,15
64136,15
71447,15
17605,15
86740,15
34526,15
56739,15
64106,15
82831,15
91647,15
6451,15
41446,15
91650,15
88768,15
64088,15
81750,15
68553,15
16477,15
72273,15
38938,15
59573,15
86796,15
41376,15
80689,15
26717,15
56958,15
18908,15
92958,15
61815,15
41300,15
79552,15
92943,15
34736,15
70875,15
59499,15
80666,15
86975,15
41371,15
82711,15
56977,15
8798,15
86985,15
79558,15
30124,15
79560,15
69673,15
26780,15
39914,15
56931,15
39394,15
10627,15
86934,15
12476,15
6568,15
16528,15
86875,15
41358,15
18685,15
86887,15
34649,15
56892,15
18690,15
86906,15
86908,15
41326,15
63950,15
61796,15
12429,15
17573,15
26732,15
28002,15
19797,15
41315,15
36847,15
56716,15
6417,15
16398,15
17627,15
8908,15
30319,15
6160,15
59639,15
91170,15
61704,15
64241,15
64235,15
38868,15
30299,15
82866,15
61708,15
82882,15
59628,15
81717,15
7925,15
93302,15
6244,15
34434,15
30291,15
86664,15
36897,15
34379,15
12768,15
62644,15
68444,15
38819,15
82924,15
91620,15
93441,15
79292,15
82916,15
6088,15
72457,15
34322,15
81930,15
41814,15
59686,15
36901,15
79307,15
8929,15
59680,15
64283,15
62643,15
12773,15
56433,15
88817,15
6257,15
6405,15
64147,15
88427,15
41592,15
64160,15
56648,15
86716,15
56656,15
56657,15
56658,15
68515,15
64149,15
41567,15
36869,15
12642,15
26618,15
93168,15
41551,15
19884,15
56697,15
34506,15
93162,15
81733,15
28025,15
59599,15
56627,15
82855,15
70815,15
93288,15
8892,15
19935,15
6261,15
86670,15
81723,15
64203,15
39859,15
86678,15
56580,15
41655,15
19923,15
64193,15
28039,15
12685,15
35911,15
41631,15
72352,15
35909,15
88813,15
34486,15
6735,15
84206,15
3349,15
25014,15
97045,15
77249,15
97621,15
23371,15
2901,15
52224,15
50467,15
51268,15
2709,15
98288,15
99228,15
2373,15
3693,15
51740,15
75112,15
49613,15
46973,15
22689,15
22203,15
24065,15
76039,15
48261,15
21273,15
97152,15
993,15
23291,15
2386,15
99611,15
49534,15
99018,15
51274,15
52591,15
24517,15
24772,15
3440,15
97504,15
49189,15
22766,15
50688,15
46990,15
22656,15
76161,15
48484,15
49193,15
21351,15
48255,15
48254,15
97999,15
77695,15
98305,15
44758,15
3677,15
74494,15
22982,15
46466,15
76422,15
24142,15
74204,15
1238,15
75045,15
96145,15
96111,15
96006,15
46411,15
47736,15
73977,15
46617,15
53188,15
52540,15
75382,15
74813,15
47038,15
74209,15
44908,15
52689,15
48275,15
49113,15
45854,15
52693,15
51592,15
76250,15
46139,15
46140,15
48223,15
1000,15
52976,15
76498,15
45506,15
48528,15
97786,15
49877,15
49514,15
459,15
51181,15
22299,15
96337,15
49775,15
74772,15
48014,15
1132,15
51180,15
50532,15
24055,15
75125,15
46603,15
47530,15
77358,15
75373,15
77706,15
51079,15
99250,15
48388,15
24627,15
76126,15
49993,15
24056,15
52103,15
96436,15
97475,15
44806,15
49398,15
47732,15
47509,15
53176,15
21660,15
49530,15
73963,15
50283,15
21782,15
98066,15
75911,15
50275,15
23376,15
22015,15
47911,15
75317,15
49933,15
451,15
99254,15
24209,15
648,15
45055,15
76502,15
97468,15
46608,15
98307,15
97051,15
45801,15
21308,15
2296,15
22675,15
52526,15
24243,15
22331,15
45290,15
2752,15
51489,15
50376,15
77538,15
97594,15
21696,15
52184,15
51493,15
52315,15
74401,15
46713,15
49208,15
98611,15
73997,15
47285,15
75622,15
46250,15
51135,15
1318,15
53313,15
97565,15
22661,15
47091,15
75467,15
1481,15
77828,15
53025,15
45291,15
44682,15
74354,15
77682,15
74563,15
99090,15
53218,15
53298,15
46718,15
2284,15
49572,15
96967,15
22000,15
74859,15
24145,15
23353,15
44693,15
44694,15
24777,15
158,15
97933,15
1943,15
23332,15
2291,15
75678,15
24242,15
3576,15
23357,15
99905,15
51246,15
21439,15
76876,15
22835,15
96712,15
49323,15
50485,15
303,15
98715,15
3096,15
21772,15
1306,15
74399,15
49549,15
2342,15
96395,15
48247,15
99947,15
22669,15
52151,15
48557,15
77000,15
23536,15
2144,15
75105,15
52965,15
77816,15
99223,15
50769,15
49312,15
75801,15
591,15
97609,15
51457,15
46619,15
51711,15
97608,15
99723,15
74160,15
21768,15
50507,15
48784,15
24552,15
76970,15
21766,15
24653,15
44920,15
1553,15
44774,15
75098,15
97547,15
99542,15
77579,15
22532,15
74183,15
52521,15
76995,15
21305,15
97599,15
96290,15
22967,15
49751,15
98591,15
51670,15
77522,15
46244,15
47767,15
97119,15
50381,15
2733,15
22658,15
47749,15
46621,15
74057,15
96351,15
99902,15
48791,15
96678,15
1562,15
75621,15
76816,15
99359,15
97902,15
99255,15
99564,15
45114,15
48365,15
2530,15
52566,15
22672,15
98378,15
21503,15
46352,15
22611,15
21602,15
50640,15
46351,15
46836,15
21508,15
47048,15
48872,15
51218,15
48364,15
52426,15
52825,15
3798,15
21501,15
47986,15
2020,15
52282,15
96567,15
96204,15
77418,15
51992,15
76197,15
73897,15
25085,15
96490,15
46844,15
52754,15
49053,15
76044,15
47991,15
802,15
48807,15
96836,15
2813,15
51886,15
99331,15
2440,15
22785,15
98375,15
53471,15
95917,15
47929,15
3167,15
74284,15
46816,15
77195,15
96748,15
2509,15
487,15
50641,15
77194,15
49999,15
24266,15
76206,15
51006,15
96331,15
48806,15
99438,15
1744,15
96071,15
48119,15
799,15
47203,15
52994,15
45442,15
2195,15
46006,15
3491,15
74438,15
23403,15
50948,15
2200,15
48893,15
44741,15
51950,15
75668,15
22628,15
52458,15
23196,15
53517,15
75420,15
52459,15
49726,15
96515,15
75580,15
47654,15
74149,15
77042,15
77448,15
47658,15
21716,15
99449,15
98491,15
46552,15
97657,15
515,15
97852,15
3606,15
98872,15
99263,15
98868,15
1420,15
49600,15
76525,15
3189,15
44511,15
45146,15
21857,15
50736,15
96083,15
22259,15
99272,15
97014,15
47193,15
22631,15
527,15
99073,15
78081,15
96840,15
22918,15
2594,15
77135,15
48361,15
46548,15
2206,15
73893,15
98207,15
48107,15
46543,15
2600,15
45144,15
50157,15
51554,15
2816,15
22618,15
24694,15
764,15
3510,15
48128,15
24391,15
1435,15
98790,15
96916,15
47326,15
758,15
75218,15
24713,15
97189,15
2456,15
22830,15
46396,15
75819,15
75013,15
99621,15
74308,15
24495,15
52047,15
1791,15
23609,15
51836,15
75866,15
3158,15
1922,15
51226,15
77203,15
1109,15
22792,15
76936,15
96334,15
45659,15
99568,15
24762,15
48308,15
49998,15
24925,15
51061,15
50538,15
97025,15
2914,15
97790,15
96625,15
46951,15
76656,15
22821,15
1005,15
45503,15
47532,15
49779,15
45863,15
46773,15
50536,15
372,15
23466,15
96817,15
1981,15
50871,15
46600,15
45072,15
52713,15
51821,15
75519,15
24500,15
99394,15
98399,15
53425,15
75064,15
25051,15
22710,15
50097,15
46520,15
21621,15
45899,15
2488,15
49058,15
53145,15
75542,15
1632,15
96898,15
98527,15
1390,15
23129,15
74875,15
3750,15
77028,15
45900,15
96834,15
550,15
46087,15
3037,15
96236,15
74286,15
22596,15
24872,15
48001,15
96585,15
50021,15
47144,15
74043,15
98459,15
96892,15
74741,15
50906,15
49226,15
49601,15
77381,15
98519,15
74748,15
47138,15
2989,15
74147,15
2657,15
21241,15
485,15
75282,15
46101,15
48934,15
49862,15
48131,15
52849,15
53467,15
46593,15
46810,15
22165,15
1095,15
98521,15
3052,15
73920,15
96903,15
1767,15
31145,14
77142,14
288,14
41930,14
18484,14
38389,14
93587,14
46645,14
56248,14
76372,14
14128,14
68346,14
90197,14
38311,14
52557,14
70547,14
9261,14
41959,14
60118,14
75754,14
75755,14
72532,14
86419,14
21612,14
96777,14
32675,14
80928,14
60120,14
28328,14
46638,14
74403,14
28304,14
1915,14
79229,14
18505,14
97928,14
18563,14
28206,14
59923,14
80842,14
38584,14
70642,14
59917,14
85215,14
18551,14
67672,14
6177,14
56470,14
19962,14
34050,14
93357,14
28187,14
38606,14
30481,14
15661,14
41772,14
64567,14
6128,14
86361,14
93406,14
56425,14
22933,14
38557,14
70626,14
80851,14
21630,14
59930,14
18539,14
93394,14
83054,14
6147,14
96829,14
18544,14
41779,14
30490,14
14064,14
18486,14
26525,14
6224,14
56520,14
32777,14
26547,14
90416,14
26556,14
70684,14
52457,14
64600,14
9074,14
56541,14
6252,14
90442,14
19939,14
74445,14
41681,14
80803,14
6218,14
38650,14
18573,14
41729,14
90387,14
24177,14
28183,14
80818,14
22112,14
46571,14
41733,14
18567,14
28170,14
38626,14
38629,14
59868,14
56505,14
80810,14
65836,14
6211,14
24160,14
90339,14
14082,14
38540,14
60057,14
34079,14
45389,14
699,14
90275,14
51259,14
6026,14
56329,14
31122,14
83647,14
32709,14
41875,14
32714,14
23305,14
75761,14
3005,14
93482,14
20036,14
93504,14
9211,14
38407,14
99243,14
28298,14
5990,14
38404,14
26442,14
16247,14
41897,14
70567,14
67640,14
70573,14
52524,14
83652,14
38432,14
70578,14
70580,14
93512,14
14108,14
77647,14
31114,14
2998,14
18511,14
46607,14
46604,14
56394,14
74424,14
28236,14
56399,14
90331,14
86372,14
38516,14
59970,14
38528,14
75762,14
49702,14
18521,14
80860,14
19992,14
13010,14
26464,14
1973,14
60032,14
77646,14
60030,14
72469,14
56361,14
323,14
60017,14
56368,14
24725,14
79286,14
77643,14
75992,14
38496,14
80943,14
28258,14
59997,14
56207,14
35290,14
68353,14
60595,14
14295,14
37847,14
84972,14
42428,14
1787,14
26157,14
21529,14
93980,14
1795,14
76588,14
70299,14
89759,14
60618,14
89763,14
15525,14
83770,14
89769,14
72781,14
70304,14
89784,14
72778,14
34335,14
60653,14
68460,14
94006,14
42475,14
60706,14
1761,14
86601,14
51034,14
24868,14
60689,14
72815,14
83773,14
99179,14
60659,14
51037,14
84967,14
12778,14
82906,14
24030,14
37835,14
1779,14
37838,14
93992,14
24847,14
26174,14
22245,14
26175,14
70324,14
81157,14
31216,14
9608,14
60540,14
20194,14
67530,14
46761,14
3128,14
83754,14
60532,14
751,14
20192,14
96649,14
96652,14
70331,14
66080,14
86548,14
67539,14
98063,14
93898,14
18219,14
20198,14
20211,14
20221,14
46778,14
75132,14
32544,14
55802,14
28502,14
42389,14
26177,14
5587,14
37922,14
72763,14
64350,14
20217,14
5595,14
93936,14
82930,14
34309,14
60561,14
31218,14
5603,14
72753,14
84958,14
72828,14
28335,14
1713,14
37655,14
24006,14
75173,14
5435,14
70157,14
1692,14
42596,14
37664,14
60866,14
50976,14
81317,14
32477,14
99157,14
94121,14
9825,14
45148,14
42569,14
67469,14
46847,14
84919,14
37707,14
96541,14
75176,14
66209,14
28641,14
78910,14
9874,14
55520,14
52797,14
37632,14
89495,14
17997,14
84887,14
28643,14
202,14
23565,14
49833,14
60911,14
37639,14
23258,14
66215,14
68504,14
74265,14
31274,14
55547,14
42561,14
42554,14
42481,14
64234,14
9761,14
28589,14
34384,14
37772,14
5499,14
9752,14
31228,14
94053,14
46820,14
55673,14
89664,14
32518,14
16394,14
37798,14
55691,14
26134,14
47997,14
94037,14
5511,14
42483,14
94032,14
14325,14
72849,14
66162,14
67478,14
9800,14
21502,14
99774,14
94099,14
20304,14
28603,14
3174,14
89589,14
84928,14
67480,14
60776,14
18062,14
55631,14
70207,14
94082,14
55641,14
81279,14
37749,14
78967,14
86630,14
79057,14
5627,14
89859,14
42080,14
49215,14
90034,14
83708,14
67597,14
81003,14
48055,14
99703,14
28373,14
42094,14
65976,14
86475,14
5814,14
9395,14
713,14
75083,14
34184,14
46700,14
68376,14
77675,14
46689,14
70482,14
56076,14
86481,14
9428,14
5783,14
9446,14
51143,14
72617,14
99705,14
72616,14
83073,14
72615,14
34207,14
85073,14
70445,14
42115,14
5789,14
70448,14
56061,14
90015,14
81016,14
70452,14
28378,14
93719,14
52609,14
12904,14
34166,14
34285,14
99236,14
38266,14
45330,14
42016,14
60217,14
20089,14
5878,14
45332,14
83684,14
96755,14
41999,14
48565,14
70506,14
9312,14
20080,14
86431,14
79207,14
49727,14
90164,14
60193,14
38299,14
97962,14
38262,14
56167,14
65951,14
90106,14
96741,14
83693,14
26349,14
3830,14
72578,14
60258,14
93661,14
9361,14
38238,14
75063,14
77127,14
60234,14
9342,14
65959,14
77126,14
14158,14
60228,14
42031,14
93646,14
5863,14
28388,14
52622,14
64425,14
52623,14
45245,14
34268,14
22758,14
86523,14
24078,14
22763,14
98036,14
20162,14
64386,14
42247,14
38067,14
66046,14
93838,14
32597,14
16328,14
23538,14
14227,14
66040,14
28422,14
85034,14
42233,14
68415,14
20168,14
248,14
31207,14
42310,14
52676,14
31210,14
48600,14
60497,14
55891,14
60493,14
89885,14
99193,14
38020,14
82952,14
24067,14
31206,14
98042,14
16347,14
750,14
82951,14
38040,14
76342,14
9542,14
66036,14
70395,14
64391,14
67582,14
89958,14
49750,14
48591,14
89978,14
5734,14
727,14
51139,14
60377,14
12871,14
82969,14
31192,14
716,14
12879,14
26302,14
83724,14
32627,14
38136,14
56032,14
15557,14
85070,14
20142,14
26281,14
52651,14
76578,14
38077,14
38078,14
67560,14
83735,14
22190,14
55965,14
5693,14
5701,14
5704,14
98028,14
82965,14
70404,14
38101,14
52644,14
9486,14
24802,14
55981,14
75099,14
93805,14
14212,14
38689,14
13976,14
2961,14
79795,14
27055,14
39713,14
99527,14
52107,14
40699,14
33551,14
39725,14
8073,14
23372,14
85601,14
2395,14
75844,14
91490,14
40687,14
71359,14
52105,14
91499,14
65423,14
27064,14
58626,14
75845,14
45835,14
21947,14
7130,14
80800,14
57529,14
76446,14
51727,14
15978,14
58706,14
2366,14
68077,14
40735,14
91452,14
76505,14
2713,14
15970,14
21779,14
21777,14
80276,14
19569,14
85923,14
39689,14
2705,14
58680,14
51745,14
27537,14
46184,14
67897,14
58620,14
92369,14
57678,14
77484,14
15815,14
71854,14
80189,14
92317,14
27458,14
40620,14
74771,14
22868,14
13678,14
83428,14
65062,14
79826,14
19165,14
7934,14
65380,14
58504,14
97173,14
7916,14
51813,14
567,14
21808,14
7973,14
40627,14
57656,14
67909,14
48390,14
2687,14
30686,14
27506,14
39768,14
68062,14
24359,14
57623,14
91537,14
71866,14
8022,14
51779,14
24363,14
21794,14
65081,14
7227,14
33186,14
45853,14
65088,14
77353,14
39795,14
97136,14
446,14
8139,14
49371,14
51658,14
58877,14
79698,14
40883,14
71985,14
51664,14
75832,14
46249,14
8252,14
19633,14
92549,14
8237,14
85525,14
92545,14
40870,14
13777,14
58859,14
26979,14
57397,14
92535,14
71244,14
33090,14
6971,14
79690,14
51653,14
79684,14
83476,14
79662,14
65522,14
24573,14
58925,14
608,14
19661,14
33648,14
27690,14
8312,14
46276,14
79677,14
40909,14
40907,14
57350,14
80410,14
26958,14
8291,14
49560,14
91264,14
79681,14
57413,14
40839,14
57506,14
92461,14
71295,14
33114,14
68088,14
71303,14
27023,14
49546,14
83452,14
85566,14
57488,14
39644,14
24336,14
71250,14
24337,14
7073,14
40763,14
40760,14
91406,14
57501,14
39652,14
80315,14
15983,14
40753,14
58762,14
24326,14
57466,14
19599,14
71253,14
71966,14
40826,14
27618,14
57430,14
21758,14
58811,14
58810,14
40814,14
58800,14
51696,14
16003,14
39605,14
57450,14
26989,14
22840,14
33106,14
83460,14
71289,14
19600,14
19019,14
27438,14
58493,14
40577,14
83368,14
49438,14
52001,14
21865,14
80023,14
30752,14
67987,14
74665,14
92090,14
40376,14
40368,14
13597,14
74668,14
27285,14
45930,14
51990,14
46016,14
24435,14
7448,14
46008,14
7630,14
48337,14
2554,14
7673,14
80029,14
27305,14
91850,14
58269,14
7712,14
51892,14
40089,14
33380,14
71743,14
40099,14
40100,14
65197,14
71740,14
67941,14
57900,14
97229,14
7412,14
7686,14
91843,14
45913,14
27200,14
24421,14
92109,14
13510,14
67952,14
19404,14
71565,14
79978,14
92021,14
85750,14
40300,14
74674,14
45963,14
33318,14
74683,14
24468,14
71677,14
71656,14
24471,14
80004,14
40289,14
40286,14
40284,14
79977,14
67967,14
2580,14
49452,14
79969,14
2585,14
91990,14
58110,14
58017,14
27237,14
58117,14
27275,14
58144,14
85765,14
76476,14
57993,14
7485,14
57995,14
85756,14
27269,14
85721,14
7589,14
58127,14
40221,14
58121,14
79992,14
58006,14
71688,14
40226,14
45946,14
58118,14
7503,14
65186,14
21881,14
52064,14
2460,14
51829,14
57750,14
40536,14
49494,14
91693,14
7857,14
27137,14
57760,14
33442,14
39950,14
79867,14
19230,14
91702,14
39960,14
21823,14
58405,14
24494,14
79870,14
24398,14
91716,14
97207,14
19468,14
40539,14
77376,14
40541,14
77471,14
33208,14
7267,14
58489,14
80169,14
45877,14
13468,14
91646,14
13469,14
85639,14
58457,14
51822,14
71463,14
99489,14
13661,14
13474,14
21905,14
13656,14
65125,14
76489,14
77375,14
40544,14
39990,14
40488,14
97227,14
71760,14
57839,14
79904,14
19285,14
85829,14
40043,14
2489,14
77391,14
40443,14
13488,14
40054,14
65173,14
7822,14
57857,14
542,14
15852,14
13620,14
99431,14
58282,14
92143,14
7722,14
91806,14
40425,14
33414,14
2484,14
65164,14
27340,14
83324,14
2476,14
40475,14
33244,14
19466,14
71503,14
91739,14
85844,14
40015,14
21901,14
7791,14
58348,14
21889,14
91759,14
30809,14
79886,14
40458,14
67935,14
13485,14
33421,14
97382,14
97582,14
57317,14
18949,14
8826,14
32878,14
86232,14
99615,14
2096,14
49642,14
6479,14
2101,14
38981,14
38982,14
33898,14
70858,14
32885,14
33892,14
86218,14
85321,14
64729,14
48492,14
79504,14
59500,14
33874,14
19819,14
21672,14
37629,14
2092,14
97789,14
19850,14
13993,14
21655,14
64696,14
51411,14
68245,14
38936,14
90643,14
6442,14
93118,14
64700,14
28020,14
65736,14
21658,14
59572,14
83125,14
15698,14
6459,14
64705,14
85303,14
33916,14
6464,14
45523,14
56839,14
28028,14
72206,14
2878,14
59434,14
46455,14
96951,14
65688,14
32908,14
67760,14
90804,14
24650,14
30569,14
51472,14
90714,14
27921,14
83538,14
46442,14
46441,14
2854,14
13226,14
72197,14
59384,14
56929,14
96963,14
8763,14
2134,14
56885,14
2886,14
45526,14
93036,14
68223,14
86205,14
93029,14
85333,14
90723,14
23481,14
8784,14
83551,14
99597,14
80662,14
33861,14
27966,14
74937,14
39054,14
8774,14
70905,14
70915,14
22813,14
27956,14
80703,14
28031,14
51483,14
8974,14
56605,14
38770,14
19911,14
8981,14
2940,14
41623,14
67703,14
64636,14
26592,14
59731,14
38784,14
6333,14
72346,14
68279,14
41609,14
2049,14
19909,14
46539,14
80753,14
93212,14
70754,14
59712,14
19919,14
33998,14
31062,14
51354,14
14046,14
6276,14
38702,14
85236,14
9057,14
80794,14
74450,14
79378,14
31077,14
77188,14
70708,14
49277,14
59781,14
684,14
28120,14
32796,14
19925,14
56583,14
70718,14
38747,14
75773,14
64646,14
49285,14
97797,14
90605,14
2929,14
2928,14
18660,14
19880,14
38860,14
56703,14
33940,14
41530,14
85282,14
46524,14
51395,14
14013,14
93146,14
86253,14
83579,14
83114,14
6427,14
32850,14
13123,14
22084,14
41494,14
72288,14
41561,14
41563,14
90585,14
56685,14
74460,14
65784,14
70760,14
56650,14
22779,14
32819,14
45470,14
83590,14
59695,14
13092,14
79411,14
72333,14
28079,14
6353,14
51375,14
74980,14
41574,14
86285,14
86281,14
38833,14
14007,14
45574,14
74921,14
79658,14
6824,14
92749,14
59097,14
39344,14
92743,14
23350,14
16027,14
97032,14
97035,14
57196,14
67809,14
33702,14
79627,14
26879,14
97037,14
65577,14
59072,14
97040,14
16025,14
86041,14
51600,14
39367,14
33692,14
26862,14
59103,14
33015,14
19730,14
92775,14
59135,14
72102,14
92771,14
97630,14
91063,14
27768,14
30610,14
59119,14
22904,14
86077,14
19740,14
13865,14
8469,14
79600,14
2231,14
26849,14
45661,14
6797,14
39336,14
99566,14
71138,14
46311,14
6768,14
83239,14
49355,14
33672,14
39421,14
33671,14
39423,14
91185,14
27722,14
85475,14
91194,14
27712,14
91203,14
71144,14
6913,14
39459,14
18935,14
80430,14
30629,14
48442,14
18936,14
71189,14
65528,14
18942,14
51628,14
18914,14
57265,14
6869,14
92711,14
6841,14
2249,14
77544,14
92707,14
27745,14
59033,14
77543,14
8402,14
19702,14
51616,14
49576,14
91155,14
39385,14
6860,14
26914,14
49352,14
59013,14
57257,14
86031,14
46292,14
6771,14
19749,14
26751,14
92888,14
6647,14
6650,14
39173,14
96977,14
57000,14
6654,14
96979,14
74512,14
26782,14
80592,14
32945,14
48182,14
97691,14
6662,14
22033,14
6672,14
30973,14
27861,14
65646,14
90931,14
2187,14
67779,14
26777,14
52304,14
390,14
45591,14
86164,14
56943,14
52317,14
33831,14
6607,14
32925,14
90840,14
33829,14
90848,14
39133,14
56959,14
19787,14
41273,14
97705,14
45582,14
72175,14
92929,14
80610,14
16078,14
21700,14
56982,14
30584,14
8586,14
91043,14
41159,14
26813,14
6726,14
2818,14
45646,14
85412,14
32970,14
41163,14
13884,14
59179,14
24610,14
57109,14
71013,14
8516,14
404,14
59173,14
99572,14
45655,14
18843,14
72112,14
71082,14
22828,14
2215,14
2820,14
30953,14
64839,14
91001,14
26797,14
8570,14
74895,14
90960,14
72138,14
13259,14
97673,14
6704,14
97005,14
27828,14
27824,14
18784,14
19758,14
59228,14
39243,14
6716,14
2825,14
52275,14
97665,14
18790,14
41183,14
55516,14
71667,14
36909,14
43349,14
35809,14
82187,14
35098,14
81773,14
82705,14
47489,14
78286,14
4780,14
73293,14
82546,14
53088,14
3477,14
78611,14
20693,14
62771,14
1429,14
23145,14
4209,14
36786,14
32147,14
53351,14
98938,14
29545,14
69650,14
99039,14
34783,14
30112,14
78001,14
75334,14
47481,14
35819,14
78294,14
15336,14
82179,14
36778,14
67126,14
25037,14
982,14
29109,14
88732,14
84612,14
67114,14
4823,14
63883,14
54786,14
66851,14
48742,14
82542,14
32178,14
78014,14
3698,14
10605,14
82708,14
53071,14
63888,14
15146,14
84334,14
29092,14
54801,14
94812,14
87940,14
69691,14
25700,14
17125,14
25696,14
66522,14
21038,14
88739,14
31426,14
47492,14
50647,14
95488,14
62783,14
96230,14
87949,14
99042,14
88746,14
17124,14
53954,14
88701,14
88700,14
25355,14
20747,14
1400,14
35867,14
50592,14
94910,14
50593,14
43989,14
66574,14
47467,14
54028,14
84574,14
3494,14
50063,14
61934,14
50600,14
54024,14
16600,14
94899,14
78328,14
36657,14
35838,14
32111,14
78555,14
34829,14
44848,14
68833,14
49039,14
88621,14
47198,14
44851,14
77904,14
25399,14
36653,14
78560,14
73339,14
3505,14
77903,14
98510,14
94914,14
81809,14
3493,14
53335,14
4240,14
54015,14
88003,14
20738,14
63512,14
52,14
29134,14
15165,14
36727,14
62726,14
69245,14
73656,14
49048,14
31446,14
3484,14
34797,14
21023,14
61874,14
10690,14
10693,14
88005,14
32124,14
54020,14
69629,14
88668,14
47177,14
99869,14
54674,14
75346,14
73331,14
63838,14
11319,14
54679,14
88671,14
61911,14
43392,14
69632,14
1412,14
76673,14
50660,14
29193,14
36991,14
94690,14
25773,14
73195,14
73736,14
48716,14
37000,14
78031,14
53867,14
54939,14
98400,14
69807,14
69810,14
37009,14
73189,14
4103,14
62894,14
10428,14
47070,14
1485,14
29019,14
1151,14
43228,14
62874,14
95552,14
87870,14
16575,14
53878,14
50707,14
1484,14
30156,14
47081,14
88898,14
32225,14
25326,14
98757,14
17677,14
61613,14
50714,14
44159,14
62896,14
53405,14
53858,14
88949,14
10412,14
12436,14
49080,14
37036,14
54973,14
850,14
53847,14
24989,14
84666,14
54980,14
83906,14
28964,14
3720,14
15417,14
88958,14
23922,14
43181,14
61563,14
4976,14
12432,14
69811,14
54952,14
87848,14
78221,14
44942,14
37023,14
16559,14
94661,14
67085,14
87843,14
78035,14
4969,14
63440,14
23748,14
83910,14
855,14
61652,14
29914,14
61764,14
99051,14
73698,14
25018,14
96267,14
76939,14
87925,14
99052,14
17105,14
47501,14
73241,14
11405,14
54843,14
25015,14
29069,14
17104,14
29584,14
69727,14
81714,14
25721,14
69719,14
44148,14
94771,14
81741,14
54810,14
88793,14
4844,14
88797,14
53934,14
61749,14
21279,14
23069,14
75320,14
4168,14
4850,14
61744,14
14921,14
10573,14
78016,14
10568,14
20654,14
87917,14
53047,14
29060,14
47510,14
36907,14
62855,14
3702,14
63914,14
53388,14
17065,14
29607,14
78026,14
81689,14
10517,14
36922,14
73220,14
34713,14
1470,14
67328,14
1473,14
29605,14
47098,14
34716,14
69742,14
35748,14
76783,14
50082,14
76944,14
84635,14
4898,14
50683,14
78651,14
83928,14
25011,14
43243,14
36902,14
75303,14
54871,14
53904,14
29603,14
54621,14
74085,14
31849,14
63699,14
54185,14
88155,14
23154,14
88365,14
11018,14
25071,14
36372,14
82570,14
11189,14
73466,14
95307,14
95135,14
62519,14
4528,14
88149,14
22472,14
54176,14
76825,14
69459,14
82575,14
43696,14
29363,14
82067,14
4343,14
25513,14
47393,14
928,14
11049,14
74046,14
82613,14
81989,14
67189,14
43699,14
88171,14
95298,14
99908,14
4509,14
36106,14
84409,14
69471,14
4337,14
17415,14
78376,14
22452,14
88417,14
53209,14
22514,14
32010,14
15232,14
73444,14
99015,14
54157,14
62190,14
43855,14
88442,14
54431,14
73578,14
16643,14
98588,14
69332,14
96130,14
43670,14
30029,14
88383,14
12121,14
43684,14
43683,14
62233,14
31496,14
69336,14
84481,14
20934,14
62530,14
84483,14
96127,14
62224,14
15270,14
88395,14
21338,14
43712,14
88326,14
10929,14
36176,14
84434,14
4423,14
47378,14
12141,14
48815,14
31520,14
88258,14
95264,14
29403,14
95231,14
98981,14
76832,14
66720,14
14811,14
95225,14
54291,14
69404,14
88256,14
36231,14
62298,14
36177,14
11119,14
36218,14
77961,14
95252,14
15243,14
36221,14
54255,14
47370,14
43778,14
74031,14
14796,14
87173,14
43773,14
50428,14
29411,14
66728,14
96073,14
4437,14
20895,14
21331,14
78405,14
66705,14
25091,14
82010,14
36316,14
36319,14
78443,14
62471,14
44715,14
96063,14
54332,14
50458,14
69356,14
67216,14
31983,14
36325,14
81999,14
76855,14
95197,14
36302,14
98630,14
34988,14
62365,14
23094,14
20898,14
11087,14
17324,14
36158,14
22482,14
47785,14
88297,14
1278,14
36290,14
23092,14
14769,14
82063,14
50447,14
36152,14
73436,14
32018,14
73347,14
29252,14
43918,14
10814,14
88561,14
48820,14
66601,14
87232,14
23187,14
81864,14
94953,14
69288,14
35926,14
98954,14
14686,14
54572,14
31905,14
94947,14
23871,14
43538,14
81873,14
81891,14
1367,14
43569,14
17478,14
88533,14
94974,14
23078,14
20775,14
16613,14
47241,14
43909,14
35960,14
68702,14
17205,14
99029,14
66607,14
68823,14
96169,14
88078,14
78342,14
75367,14
36592,14
76898,14
4711,14
73359,14
63540,14
76111,14
62675,14
34851,14
84560,14
96184,14
74084,14
36630,14
82149,14
3656,14
43484,14
10755,14
48828,14
49957,14
61975,14
1392,14
29218,14
35890,14
43511,14
43941,14
43518,14
22524,14
87057,14
12269,14
50559,14
15188,14
95397,14
66810,14
47216,14
53321,14
82144,14
3652,14
11281,14
84555,14
50329,14
94980,14
36518,14
34917,14
36023,14
95052,14
20809,14
23861,14
44791,14
12218,14
54468,14
54133,14
95038,14
17457,14
49978,14
66777,14
54131,14
67168,14
20956,14
10887,14
98689,14
4613,14
88103,14
29300,14
24893,14
54141,14
22681,14
1327,14
62565,14
36036,14
3637,14
11235,14
47268,14
99899,14
43867,14
66656,14
84010,14
32025,14
36454,14
43868,14
14738,14
54457,14
32039,14
99017,14
23866,14
54484,14
4618,14
48777,14
77917,14
16729,14
43895,14
62604,14
62608,14
47252,14
82664,14
4644,14
73395,14
16632,14
95365,14
43578,14
44807,14
54101,14
49972,14
1355,14
44690,14
47259,14
25579,14
11248,14
34894,14
98690,14
1344,14
20801,14
76127,14
88092,14
54492,14
25574,14
63757,14
81905,14
25432,14
12241,14
98695,14
25106,14
43881,14
88086,14
96325,14
76836,14
17803,14
11940,14
28714,14
45052,14
48678,14
3985,14
3986,14
22644,14
45049,14
22315,14
76738,14
77799,14
22614,14
89392,14
73913,14
5219,14
44546,14
46986,14
11809,14
29890,14
10171,14
84267,14
9953,14
50826,14
61045,14
47593,14
52904,14
84274,14
47590,14
49887,14
42739,14
16871,14
63373,14
32338,14
3901,14
95883,14
61252,14
98277,14
64134,14
23966,14
21482,14
28724,14
5240,14
16873,14
11699,14
5234,14
95773,14
16806,14
24912,14
21469,14
30230,14
23,14
37332,14
22637,14
63371,14
75237,14
61060,14
42748,14
55237,14
73044,14
63106,14
44328,14
63103,14
53506,14
45110,14
3879,14
42980,14
63065,14
10214,14
32436,14
35199,14
21135,14
73078,14
35262,14
29806,14
22581,14
87429,14
69901,14
94471,14
44510,14
15425,14
98311,14
66373,14
78769,14
5150,14
66376,14
10224,14
78895,14
11836,14
73093,14
42714,14
94227,14
98322,14
89429,14
67381,14
98215,14
68900,14
68572,14
24938,14
64148,14
35207,14
94243,14
86834,14
45043,14
73064,14
35245,14
20388,14
29895,14
49891,14
25285,14
78886,14
46912,14
5199,14
5170,14
70078,14
5186,14
34503,14
63385,14
20491,14
76744,14
94449,14
5178,14
55433,14
47002,14
94454,14
52862,14
75247,14
44344,14
10129,14
47014,14
23027,14
98891,14
78074,14
37405,14
17902,14
28755,14
76204,14
99978,14
83873,14
1070,14
32394,14
50868,14
17907,14
29861,14
23977,14
37400,14
78140,14
94281,14
94332,14
78136,14
77787,14
42845,14
16895,14
53664,14
35424,14
55315,14
21180,14
29773,14
83874,14
69021,14
12586,14
28762,14
69992,14
37420,14
31317,14
29865,14
99120,14
95901,14
35432,14
64101,14
61137,14
89307,14
32398,14
63166,14
44384,14
67416,14
82399,14
53647,14
63171,14
25245,14
53486,14
20424,14
98890,14
73902,14
37434,14
45081,14
17,14
82827,14
55333,14
82838,14
17880,14
37412,14
5325,14
50898,14
53667,14
55271,14
89248,14
70051,14
99988,14
53626,14
42878,14
53684,14
9991,14
66327,14
87617,14
42768,14
61227,14
23243,14
20453,14
46960,14
64073,14
87621,14
67420,14
28818,14
30272,14
75203,14
69950,14
37489,14
63187,14
16481,14
63121,14
81507,14
94379,14
89224,14
87397,14
1072,14
37390,14
42863,14
73028,14
64083,14
66963,14
35442,14
1022,14
16450,14
81496,14
35443,14
31697,14
55300,14
68920,14
78818,14
44399,14
28806,14
81404,14
11740,14
37470,14
5265,14
25926,14
29776,14
11739,14
76729,14
22281,14
87404,14
67038,14
5260,14
67418,14
50120,14
47690,14
70010,14
87702,14
86865,14
32450,14
89029,14
1543,14
95821,14
11878,14
24971,14
82514,14
21122,14
1528,14
49900,14
81356,14
23104,14
47666,14
50775,14
74159,14
70104,14
37161,14
11874,14
61438,14
37159,14
10339,14
15422,14
43055,14
55479,14
15060,14
73110,14
66236,14
89014,14
50942,14
45005,14
64003,14
37172,14
16839,14
10343,14
75271,14
53570,14
11565,14
87359,14
44469,14
37584,14
78110,14
14576,14
42693,14
55499,14
67359,14
3372,14
16993,14
73873,14
99791,14
10286,14
75515,14
94571,14
25818,14
81596,14
37148,14
23008,14
11550,14
44199,14
53422,14
67080,14
10294,14
53563,14
30189,14
5044,14
21125,14
5371,14
86880,14
99962,14
68509,14
10338,14
68956,14
89067,14
89464,14
21494,14
62944,14
89028,14
50773,14
66249,14
25195,14
68885,14
83835,14
66903,14
32257,14
1669,14
43110,14
37156,14
28667,14
73153,14
89062,14
78117,14
37149,14
72936,14
25300,14
21214,14
50952,14
43041,14
35186,14
10239,14
10376,14
95942,14
14392,14
84874,14
31848,14
35557,14
35643,14
84704,14
5114,14
76089,14
84746,14
84869,14
73101,14
86899,14
17011,14
75276,14
3851,14
78725,14
15126,14
37178,14
32313,14
34615,14
21227,14
89462,14
42709,14
34465,14
55511,14
46904,14
87506,14
26022,14
82343,14
1532,14
87790,14
78050,14
3802,14
87467,14
47955,14
9925,14
87718,14
69851,14
28646,14
9881,14
9884,14
53535,14
15051,14
22326,14
86700,14
98371,14
4079,14
29816,14
23658,14
98339,14
15123,14
99830,14
29682,14
29836,14
63005,14
11579,14
75527,14
78724,14
66392,14
5365,14
61412,14
43037,14
61414,14
83901,14
35593,14
87363,14
73108,14
55008,14
10299,14
14505,14
25217,14
10361,14
76623,14
63024,14
16423,14
23729,14
4080,14
9922,14
47019,14
11540,14
44172,14
69881,14
15104,14
63251,14
73140,14
89434,14
84287,14
78099,14
50371,13
75638,13
1254,13
21989,13
29968,13
63629,13
13310,13
2540,13
8473,13
62446,13
87572,13
85795,13
75583,13
36184,13
87172,13
76481,13
91983,13
68814,13
39329,13
67993,13
48326,13
75631,13
13517,13
35033,13
35993,13
98664,13
27694,13
80492,13
1259,13
35036,13
71199,13
74852,13
82441,13
29965,13
15907,13
13568,13
71177,13
98841,13
58969,13
13307,13
27297,13
58080,13
13347,13
21987,13
16880,13
39332,13
8350,13
91209,13
35306,13
67975,13
58077,13
98840,13
50137,13
75632,13
30753,13
80022,13
75581,13
8449,13
77294,13
27291,13
46002,13
91138,13
79999,13
2258,13
22502,13
63333,13
49460,13
51613,13
50031,13
76822,13
45998,13
59031,13
47634,13
35243,13
7622,13
91188,13
11814,13
35280,13
69355,13
35391,13
11811,13
48343,13
86047,13
91912,13
12128,13
97308,13
18904,13
86048,13
24462,13
8421,13
87425,13
62480,13
23407,13
59061,13
35272,13
36115,13
11843,13
36113,13
1025,13
83377,13
88166,13
99343,13
33700,13
71135,13
18889,13
88164,13
51606,13
76826,13
35350,13
62486,13
16833,13
98859,13
63221,13
87188,13
50130,13
65239,13
11188,13
19358,13
16838,13
24452,13
91156,13
29819,13
71156,13
63197,13
64890,13
11223,13
88111,13
97593,13
91888,13
71615,13
91956,13
13564,13
87492,13
35396,13
1063,13
18915,13
87487,13
50151,13
33715,13
82096,13
68999,13
83223,13
86029,13
82062,13
64937,13
88186,13
29837,13
35027,13
79979,13
77419,13
80447,13
2240,13
8437,13
64923,13
11220,13
62468,13
7629,13
88128,13
23408,13
71647,13
13543,13
23410,13
91896,13
13332,13
29443,13
960,13
80480,13
2548,13
18910,13
58172,13
22019,13
39403,13
27261,13
46295,13
8384,13
69324,13
24436,13
36061,13
48224,13
39411,13
33707,13
91892,13
97439,13
58300,13
21869,13
85919,13
58649,13
19203,13
58655,13
91484,13
58429,13
87751,13
87926,13
69087,13
82208,13
91478,13
33554,13
75599,13
62810,13
65042,13
71344,13
58677,13
74804,13
91681,13
1017,13
11611,13
63415,13
23818,13
47542,13
68070,13
27400,13
35602,13
17066,13
16758,13
97479,13
29602,13
17073,13
29599,13
87773,13
87326,13
35738,13
29597,13
12006,13
58442,13
82446,13
27382,13
58933,13
33435,13
39971,13
87690,13
8119,13
11376,13
91714,13
75838,13
63061,13
8129,13
58715,13
15980,13
83279,13
35527,13
1096,13
91717,13
91411,13
77382,13
80310,13
58395,13
46102,13
11397,13
87311,13
35549,13
82338,13
65038,13
17106,13
68028,13
19215,13
63399,13
82204,13
8098,13
29702,13
87933,13
11636,13
29571,13
97404,13
87692,13
63486,13
29703,13
29923,13
58628,13
11451,13
87819,13
2442,13
21911,13
80185,13
1131,13
24383,13
30710,13
46135,13
13450,13
75505,13
35636,13
16779,13
87342,13
71436,13
46142,13
22556,13
58567,13
39777,13
85879,13
11978,13
58453,13
58519,13
35648,13
65095,13
71416,13
82279,13
11982,13
48281,13
35647,13
62926,13
22553,13
62924,13
2434,13
7972,13
82270,13
17027,13
24381,13
91612,13
35655,13
1128,13
13466,13
50252,13
11989,13
82243,13
85910,13
91528,13
97464,13
71459,13
8038,13
87873,13
62969,13
62971,13
35701,13
29651,13
39741,13
51766,13
80252,13
62865,13
23762,13
13432,13
51819,13
11482,13
58596,13
22651,13
80210,13
58580,13
13443,13
50251,13
62892,13
76499,13
11491,13
33463,13
15959,13
29617,13
27418,13
87865,13
39889,13
77339,13
91655,13
65117,13
87371,13
65146,13
29942,13
74724,13
63357,13
51671,13
11283,13
19311,13
47445,13
35227,13
76800,13
58868,13
1206,13
74844,13
49476,13
17200,13
27668,13
71222,13
71571,13
58879,13
75830,13
58279,13
63538,13
24410,13
83257,13
69264,13
11716,13
58304,13
974,13
33629,13
2495,13
39812,13
99423,13
7737,13
91302,13
85986,13
2498,13
30740,13
97544,13
18982,13
40071,13
58286,13
69285,13
46260,13
13375,13
80047,13
12098,13
7682,13
64961,13
75829,13
58235,13
68818,13
91242,13
7679,13
39495,13
22662,13
46044,13
35968,13
69298,13
50358,13
8323,13
86003,13
13356,13
46046,13
71208,13
50356,13
97569,13
88071,13
63556,13
33636,13
35055,13
63156,13
62631,13
33639,13
1216,13
77409,13
85994,13
98702,13
11750,13
97571,13
23705,13
27685,13
58245,13
30652,13
50192,13
68025,13
74742,13
47480,13
91381,13
87673,13
11337,13
16941,13
22593,13
1085,13
91746,13
551,13
80342,13
75593,13
17155,13
65005,13
87283,13
11322,13
83330,13
87385,13
35088,13
29550,13
35074,13
978,13
19239,13
12024,13
35094,13
17129,13
65018,13
35811,13
19033,13
1094,13
58369,13
11356,13
80325,13
35091,13
39642,13
39637,13
29553,13
29551,13
62742,13
88008,13
83266,13
33423,13
76731,13
11698,13
50195,13
69041,13
24320,13
27621,13
12054,13
64992,13
21887,13
47460,13
88029,13
58817,13
77312,13
30655,13
19000,13
35868,13
71545,13
63529,13
12041,13
35220,13
23774,13
71277,13
27597,13
82362,13
19275,13
24321,13
33611,13
74829,13
46224,13
16924,13
8216,13
91348,13
80352,13
68840,13
22605,13
39591,13
58325,13
58808,13
37626,13
68240,13
1261,13
10261,13
89085,13
10253,13
70439,13
81027,13
70437,13
76987,13
89098,13
37186,13
34210,13
34625,13
86858,13
38132,13
61393,13
60374,13
37193,13
89979,13
22765,13
1548,13
38118,13
16514,13
64407,13
89116,13
89968,13
89966,13
9481,13
75088,13
38140,13
64448,13
64002,13
90064,13
38200,13
63987,13
82976,13
50767,13
38182,13
46705,13
51155,13
10300,13
68381,13
69860,13
47030,13
70457,13
30413,13
86872,13
30407,13
18375,13
22355,13
86484,13
61431,13
37167,13
28381,13
9434,13
50780,13
86490,13
98328,13
89119,13
64016,13
70413,13
10196,13
89915,13
50823,13
61313,13
47903,13
64385,13
37279,13
30381,13
60456,13
77004,13
81529,13
86528,13
28852,13
81527,13
37299,13
61297,13
23964,13
9546,13
51108,13
18266,13
60475,13
48024,13
34574,13
1829,13
1595,13
23959,13
12847,13
28880,13
82787,13
60402,13
12858,13
81053,13
68401,13
1559,13
37220,13
37221,13
18314,13
89127,13
831,13
70403,13
22323,13
61336,13
82789,13
30387,13
38087,13
75248,13
9497,13
12510,13
9507,13
89930,13
34253,13
16496,13
10206,13
12460,13
99088,13
2222,13
61599,13
22159,13
61593,13
61592,13
22164,13
38339,13
97950,13
60137,13
37013,13
28324,13
60142,13
12431,13
1924,13
80934,13
70540,13
22769,13
97958,13
10419,13
38325,13
22368,13
86416,13
38319,13
60167,13
64501,13
68625,13
80940,13
46633,13
10443,13
1888,13
82739,13
88863,13
75032,13
60076,13
81684,13
12408,13
49716,13
28292,13
10499,13
69766,13
81678,13
69769,13
36960,13
90246,13
47870,13
63929,13
69776,13
61630,13
49916,13
49720,13
90233,13
50711,13
77153,13
38363,13
90230,13
90226,13
49725,13
63955,13
38296,13
22366,13
37094,13
10340,13
98361,13
24114,13
86894,13
38234,13
60252,13
34158,13
75753,13
37103,13
51187,13
90093,13
30423,13
81613,13
9380,13
60274,13
37109,13
61485,13
82767,13
12908,13
60279,13
49733,13
24100,13
34639,13
16299,13
75277,13
83000,13
63975,13
10383,13
61552,13
9311,13
37043,13
76967,13
63959,13
12943,13
30428,13
90138,13
81628,13
75284,13
64478,13
68619,13
61504,13
16550,13
70503,13
37069,13
38268,13
16545,13
80959,13
68610,13
844,13
51202,13
68608,13
89006,13
38025,13
34573,13
61273,13
70222,13
37763,13
46826,13
61043,13
1734,13
767,13
47940,13
28705,13
64150,13
18064,13
37736,13
64243,13
47987,13
86720,13
77036,13
1715,13
89407,13
17966,13
37727,13
89593,13
17967,13
12731,13
1714,13
28699,13
89583,13
49843,13
81380,13
89635,13
89203,13
28713,13
46919,13
28732,13
64269,13
60719,13
89669,13
30323,13
60722,13
99123,13
75202,13
89376,13
82845,13
98123,13
37793,13
28569,13
60731,13
77031,13
47937,13
28715,13
1746,13
98129,13
81264,13
89648,13
89645,13
82848,13
89643,13
18040,13
9930,13
89428,13
9798,13
89532,13
9850,13
28630,13
28632,13
22266,13
37605,13
18015,13
70147,13
50963,13
70143,13
64196,13
46898,13
60958,13
76604,13
1676,13
37638,13
89509,13
70119,13
47966,13
28661,13
47957,13
17998,13
81347,13
89474,13
60942,13
46866,13
22735,13
9903,13
60837,13
64167,13
81361,13
60823,13
49811,13
1709,13
30301,13
34482,13
82883,13
86653,13
9913,13
89559,13
49814,13
64209,13
70178,13
89553,13
12670,13
16410,13
70169,13
1695,13
28672,13
9909,13
60855,13
37666,13
9908,13
49860,13
28567,13
81249,13
75227,13
64070,13
69957,13
89242,13
9619,13
89246,13
81164,13
86552,13
70319,13
37959,13
22301,13
9631,13
17837,13
23579,13
37950,13
89812,13
60564,13
60568,13
82931,13
37377,13
10084,13
89261,13
68552,13
49777,13
34548,13
69976,13
89238,13
37356,13
69955,13
60517,13
37326,13
49880,13
70355,13
89205,13
64363,13
9568,13
77012,13
86816,13
37337,13
1823,13
16351,13
68563,13
69954,13
51089,13
18234,13
28487,13
46969,13
17829,13
61249,13
46968,13
64063,13
89842,13
10119,13
37978,13
51070,13
30242,13
24023,13
17864,13
89309,13
81208,13
50880,13
12793,13
82910,13
60665,13
17895,13
70016,13
60667,13
12783,13
64289,13
86756,13
64286,13
81426,13
86755,13
60688,13
64115,13
28742,13
18108,13
64279,13
60698,13
10008,13
9735,13
34365,13
98234,13
22294,13
49787,13
89735,13
16380,13
12580,13
22297,13
40281,13
1810,13
9662,13
34315,13
60599,13
37401,13
37901,13
9681,13
18193,13
37893,13
49867,13
10072,13
89288,13
89766,13
34542,13
28510,13
50878,13
70004,13
75139,13
64310,13
12797,13
89737,13
38434,13
9212,13
75029,13
86186,13
70906,13
13211,13
36462,13
29285,13
62143,13
34904,13
86197,13
24218,13
99309,13
70890,13
97765,13
34902,13
24217,13
22068,13
64742,13
90716,13
36490,13
27981,13
86209,13
98569,13
64737,13
59504,13
8810,13
88504,13
13181,13
76886,13
13215,13
74967,13
39060,13
18734,13
90816,13
1323,13
98589,13
641,13
90812,13
99315,13
8708,13
39099,13
74928,13
50502,13
59414,13
97746,13
59421,13
80647,13
8744,13
8748,13
59429,13
63737,13
39070,13
29304,13
10912,13
46459,13
36456,13
50508,13
39020,13
51434,13
80676,13
62111,13
62069,13
63781,13
50542,13
82685,13
2090,13
48140,13
90634,13
22072,13
28026,13
63787,13
24201,13
895,13
1374,13
64695,13
88566,13
36582,13
28033,13
76545,13
16148,13
90616,13
38903,13
29246,13
2083,13
18671,13
81862,13
98554,13
98557,13
38940,13
64720,13
70863,13
90688,13
68231,13
90685,13
74949,13
27999,13
17459,13
75375,13
1352,13
13171,13
12244,13
59534,13
36529,13
38980,13
90668,13
64715,13
63764,13
50529,13
51420,13
99020,13
70839,13
28010,13
33911,13
49970,13
88431,13
59390,13
81931,13
59279,13
11093,13
68177,13
75424,13
80556,13
59214,13
39249,13
82603,13
1282,13
59230,13
27820,13
936,13
59237,13
50002,13
71031,13
22476,13
30592,13
11070,13
63682,13
8574,13
59255,13
74898,13
8583,13
63683,13
51529,13
59268,13
98985,13
8525,13
69406,13
11108,13
82044,13
629,13
39317,13
80498,13
13294,13
11115,13
17312,13
71084,13
36230,13
80521,13
39287,13
62391,13
17322,13
46356,13
59178,13
98649,13
39279,13
63654,13
29399,13
947,13
36263,13
87155,13
63659,13
51552,13
8597,13
62291,13
82645,13
48181,13
59333,13
90865,13
33814,13
27897,13
8675,13
22466,13
59347,13
18747,13
82617,13
22453,13
2174,13
80617,13
635,13
16107,13
88392,13
48176,13
36387,13
17425,13
97727,13
88416,13
64782,13
22053,13
24234,13
83154,13
80628,13
27895,13
48177,13
98606,13
36354,13
86131,13
90909,13
16673,13
90904,13
99320,13
36346,13
69437,13
62284,13
49989,13
18765,13
27878,13
34948,13
33804,13
83169,13
2183,13
90882,13
68194,13
39172,13
17389,13
46415,13
80599,13
62259,13
51511,13
47314,13
17501,13
59617,13
60064,13
22409,13
69679,13
22130,13
90376,13
49698,13
12354,13
61804,13
28207,13
50652,13
12355,13
877,13
51300,13
29098,13
9137,13
90366,13
13027,13
59937,13
13026,13
38573,13
50656,13
88763,13
47136,13
24166,13
49937,13
88777,13
59949,13
16590,13
81769,13
34861,13
98465,13
47845,13
36777,13
61842,13
81775,13
38635,13
90405,13
1426,13
23899,13
36787,13
63865,13
10645,13
97870,13
38623,13
69668,13
36789,13
59881,13
75766,13
2012,13
80821,13
13035,13
24176,13
49942,13
86349,13
36795,13
18559,13
9145,13
22397,13
10588,13
10585,13
90285,13
9199,13
68331,13
22392,13
1961,13
28279,13
98422,13
61696,13
75304,13
38466,13
34720,13
60040,13
75025,13
90279,13
70585,13
69752,13
38455,13
36912,13
61679,13
77157,13
10521,13
90273,13
22377,13
18497,13
50696,13
60022,13
88832,13
29059,13
17608,13
34746,13
63891,13
98453,13
10582,13
88800,13
59974,13
34061,13
61748,13
1443,13
38514,13
23903,13
36854,13
90295,13
77163,13
59991,13
88816,13
16246,13
64545,13
61719,13
60002,13
75018,13
10563,13
38481,13
9188,13
28166,13
90412,13
87001,13
69613,13
30096,13
2055,13
50578,13
10748,13
23876,13
18622,13
669,13
70763,13
51368,13
675,13
12283,13
90548,13
24186,13
97831,13
70749,13
34827,13
59720,13
16160,13
30099,13
99034,13
683,13
29184,13
10726,13
49955,13
51359,13
667,13
64663,13
76549,13
8904,13
83112,13
64684,13
46514,13
28046,13
68254,13
8901,13
12266,13
80716,13
29234,13
70799,13
81844,13
75365,13
74975,13
36616,13
18655,13
49654,13
64676,13
80721,13
50568,13
24192,13
68257,13
38845,13
8919,13
28060,13
33991,13
88642,13
36776,13
90519,13
90457,13
47842,13
70696,13
12307,13
24184,13
59815,13
36733,13
17550,13
70694,13
70693,13
2025,13
30111,13
38665,13
9104,13
59837,13
90417,13
34784,13
59840,13
30115,13
9107,13
59844,13
10661,13
13040,13
10653,13
70681,13
38697,13
98495,13
36714,13
34003,13
10721,13
88647,13
13077,13
34816,13
70733,13
63832,13
90513,13
47181,13
18611,13
38764,13
68282,13
18609,13
47174,13
97843,13
90502,13
90500,13
63834,13
74988,13
90489,13
28129,13
59783,13
36699,13
2034,13
50611,13
81175,13
21219,13
71668,13
6478,13
6457,13
67273,13
44861,13
15708,13
26660,13
94900,13
56788,13
6474,13
52376,13
77602,13
54661,13
83980,13
111,13
25042,13
19838,13
54655,13
4744,13
94904,13
96205,13
13959,13
79482,13
72255,13
41422,13
45512,13
19853,13
53111,13
79466,13
45497,13
67286,13
93144,13
6420,13
41506,13
24684,13
83578,13
43382,13
32851,13
41499,13
54698,13
22928,13
26648,13
53106,13
93130,13
41488,13
32860,13
79460,13
96917,13
32143,13
83975,13
4764,13
15317,13
67279,13
41420,13
79490,13
31095,13
13920,13
32893,13
65702,13
49036,13
26719,13
54589,13
67265,13
53146,13
85346,13
54582,13
30997,13
43517,13
56886,13
93069,13
30992,13
41344,13
104,13
102,13
45552,13
41334,13
41333,13
54547,13
94970,13
92981,13
79538,13
54592,13
2896,13
52348,13
94933,13
56813,13
53121,13
24670,13
19826,13
77902,13
66581,13
19823,13
6511,13
54623,13
54616,13
85326,13
45517,13
13950,13
85329,13
20748,13
94929,13
45536,13
44843,13
21683,13
2900,13
26714,13
4715,13
78549,13
83580,13
31438,13
83581,13
21401,13
79372,13
41665,13
6280,13
32784,13
19928,13
54837,13
73247,13
124,13
24696,13
23308,13
94783,13
75982,13
26633,13
56588,13
43281,13
43282,13
41641,13
94797,13
94799,13
3457,13
31064,13
26583,13
41628,13
54794,13
25013,13
93281,13
54852,13
31081,13
94732,13
31092,13
41704,13
22932,13
93303,13
79363,13
41696,13
56536,13
44917,13
56537,13
74437,13
76274,13
21406,13
54870,13
20637,13
44914,13
54863,13
19940,13
14634,13
52449,13
73230,13
78647,13
4888,13
41625,13
56613,13
66509,13
83586,13
4789,13
25033,13
93183,13
96887,13
66531,13
84609,13
4779,13
43348,13
94856,13
56682,13
79423,13
43358,13
25668,13
84599,13
54721,13
15689,13
4773,13
53099,13
43364,13
43368,13
66543,13
83583,13
41535,13
6363,13
26606,13
93245,13
14010,13
48740,13
65794,13
56621,13
19910,13
93236,13
66515,13
25711,13
84619,13
56633,13
344,13
20679,13
4814,13
26595,13
56647,13
21643,13
48744,13
25698,13
6342,13
2934,13
84613,13
32825,13
14012,13
78619,13
2864,13
56915,13
3529,13
96093,13
19736,13
33009,13
410,13
25081,13
85447,13
3602,13
43735,13
45664,13
41075,13
33018,13
84442,13
3613,13
15256,13
77954,13
79616,13
6823,13
15768,13
65575,13
30930,13
31515,13
73523,13
95238,13
41044,13
13846,13
6790,13
78433,13
13857,13
65595,13
6746,13
41139,13
92792,13
95178,13
92791,13
69,13
78453,13
66703,13
20862,13
95195,13
84453,13
31977,13
30943,13
25499,13
57130,13
85429,13
15765,13
13867,13
48801,13
78436,13
66711,13
85435,13
20868,13
73531,13
54263,13
74547,13
45718,13
24586,13
67829,13
33055,13
95280,13
92647,13
99555,13
40978,13
97074,13
75938,13
31524,13
20905,13
33060,13
67838,13
85486,13
19683,13
14817,13
19674,13
43815,13
43818,13
83478,13
43820,13
54190,13
95300,13
6889,13
92661,13
6848,13
65549,13
83489,13
30920,13
92697,13
54246,13
57238,13
19705,13
41027,13
54245,13
19701,13
15777,13
84039,13
33044,13
54235,13
92678,13
66740,13
84427,13
67194,13
73552,13
6878,13
40996,13
57271,13
54226,13
72044,13
41153,13
43714,13
72199,13
84506,13
41274,13
41272,13
95005,13
26766,13
6622,13
13904,13
78508,13
15278,13
79557,13
77919,13
67246,13
56985,13
77948,13
31482,13
84502,13
56991,13
54467,13
56995,13
56998,13
92902,13
95054,13
14736,13
32943,13
83525,13
45580,13
54512,13
4647,13
30985,13
92970,13
31463,13
6596,13
96157,13
66613,13
48476,13
54532,13
45572,13
66617,13
92963,13
77912,13
96155,13
41307,13
26746,13
21693,13
24646,13
23081,13
49320,13
92954,13
96154,13
19793,13
4660,13
84526,13
4582,13
43649,13
30976,13
45632,13
74050,13
30956,13
66680,13
25532,13
78477,13
73465,13
53219,13
92834,13
43693,13
14752,13
95148,13
67222,13
15754,13
65624,13
66690,13
66691,13
4494,13
43706,13
57101,13
67791,13
67793,13
95170,13
92809,13
4536,13
41193,13
54442,13
3577,13
25553,13
54435,13
26789,13
57026,13
92873,13
15277,13
41230,13
57036,13
72147,13
4565,13
26794,13
74521,13
84016,13
6693,13
65640,13
41211,13
67780,13
95102,13
393,13
85394,13
13894,13
95110,13
57061,13
73222,13
72398,13
53282,13
52666,13
14249,13
32417,13
84837,13
77789,13
76038,13
26243,13
42282,13
21560,13
52667,13
42796,13
72706,13
79080,13
21564,13
55916,13
93860,13
32415,13
20425,13
79089,13
26255,13
20426,13
79090,13
45079,13
66051,13
3269,13
55367,13
20419,13
79065,13
5323,13
79027,13
194,13
74236,13
55836,13
21550,13
85000,13
24833,13
55851,13
5614,13
21483,13
23247,13
239,13
94258,13
20401,13
93900,13
67541,13
78860,13
76319,13
93890,13
25964,13
21479,13
23019,13
25960,13
3273,13
31318,13
56512,13
45066,13
72641,13
55287,13
55286,13
77793,13
42882,13
45068,13
25923,13
79152,13
178,13
5248,13
72614,13
42135,13
66034,13
79167,13
55256,13
93722,13
24928,13
32360,13
3073,13
49214,13
5231,13
42110,13
23030,13
56084,13
93774,13
79137,13
52878,13
99711,13
24809,13
42227,13
20148,13
79112,13
48670,13
78833,13
42830,13
72662,13
55979,13
42203,13
42848,13
93802,13
23233,13
3288,13
55995,13
79126,13
42859,13
84817,13
72650,13
31322,13
31324,13
32619,13
74216,13
94245,13
52698,13
24842,13
5439,13
84948,13
78941,13
66147,13
42496,13
20284,13
22999,13
78936,13
26133,13
15519,13
99755,13
74269,13
20336,13
83761,13
26136,13
5432,13
77757,13
52786,13
23005,13
78924,13
94005,13
14358,13
55529,13
42441,13
20350,13
15508,13
83789,13
14348,13
26129,13
66173,13
42539,13
31247,13
55620,13
15501,13
94096,13
42547,13
42522,13
32483,13
94105,13
96563,13
49164,13
32513,13
72850,13
14344,13
21509,13
42511,13
42509,13
15503,13
96581,13
31240,13
72882,13
55664,13
23252,13
76326,13
32457,13
66251,13
66108,13
15458,13
55458,13
66254,13
74243,13
55451,13
31292,13
20232,13
99747,13
55800,13
79018,13
66102,13
26183,13
31298,13
83762,13
26006,13
66261,13
55435,13
26191,13
93934,13
14398,13
14400,13
93933,13
42698,13
55466,13
14296,13
20251,13
55734,13
20356,13
24892,13
66127,13
48645,13
55738,13
52799,13
55742,13
5406,13
66229,13
72931,13
55749,13
72933,13
22996,13
199,13
5387,13
15523,13
94189,13
5386,13
74307,13
67443,13
96502,13
66245,13
48577,13
55235,13
49219,13
4982,13
93474,13
20007,13
77645,13
14105,13
67649,13
6063,13
52992,13
54989,13
99842,13
44951,13
19996,13
65880,13
67356,13
25793,13
96315,13
74420,13
6084,13
94655,13
43182,13
14089,13
43184,13
20592,13
93432,13
41823,13
20010,13
94631,13
56345,13
20015,13
83650,13
5016,13
41889,13
56311,13
41888,13
14577,13
84685,13
3386,13
44969,13
316,13
32244,13
153,13
99667,13
32706,13
41884,13
5007,13
6024,13
14115,13
5003,13
6030,13
26452,13
78716,13
48543,13
93426,13
48527,13
67659,13
79328,13
56473,13
66468,13
41747,13
96838,13
15404,13
14062,13
14055,13
56489,13
96293,13
56490,13
6200,13
78666,13
26530,13
20628,13
45439,13
93333,13
54897,13
93331,13
96839,13
20631,13
93330,13
93327,13
52463,13
15662,13
25769,13
41817,13
77857,13
83913,13
19979,13
83627,13
53009,13
65865,13
96818,13
20602,13
6114,13
67662,13
48724,13
25772,13
6129,13
6137,13
32759,13
56445,13
4939,13
45433,13
79323,13
56456,13
43215,13
93369,13
93368,13
4937,13
93517,13
43138,13
15428,13
83888,13
83886,13
14483,13
20093,13
84764,13
74189,13
5160,13
5158,13
42029,13
24943,13
52928,13
5871,13
72567,13
5033,13
45331,13
56175,13
42012,13
5146,13
25878,13
21605,13
94485,13
45345,13
55141,13
21448,13
15604,13
66363,13
65962,13
5183,13
14461,13
5223,13
74371,13
79176,13
72600,13
5221,13
45313,13
20103,13
56105,13
42937,13
79181,13
25905,13
52592,13
14459,13
26350,13
52587,13
26351,13
78787,13
22945,13
42059,13
42057,13
20094,13
67607,13
42950,13
24753,13
14497,13
41979,13
32268,13
14546,13
41951,13
26426,13
55069,13
94570,13
55062,13
5070,13
43095,13
73141,13
31135,13
41913,13
85150,13
76086,13
5051,13
41904,13
72506,13
67364,13
65914,13
14121,13
43114,13
74157,13
55039,13
23047,13
77844,13
25840,13
74178,13
85136,13
20522,13
26396,13
56216,13
78758,13
55111,13
79218,13
73109,13
96762,13
66396,13
24956,13
3035,13
99832,13
3033,13
3031,13
44999,13
41962,13
94554,13
94556,13
56240,13
74394,13
43072,13
20553,13
79225,13
92614,13
48625,13
19662,13
40726,13
76471,13
40733,13
57907,13
76451,13
44661,13
45910,13
4221,13
21001,13
66826,13
40723,13
48407,13
66827,13
73662,13
3961,13
95433,13
21171,13
95716,13
4242,13
44376,13
43990,13
71916,13
67883,13
3951,13
13724,13
27201,13
44004,13
25256,13
19,13
40397,13
78144,13
57522,13
54017,13
92120,13
27045,13
27069,13
7146,13
71889,13
73978,13
57571,13
85681,13
53963,13
27192,13
44330,13
25369,13
44329,13
15810,13
27059,13
57867,13
7386,13
33154,13
53970,13
65432,13
92417,13
83436,13
66955,13
78166,13
53990,13
21,13
85691,13
14901,13
76159,13
2638,13
95466,13
57884,13
66952,13
19426,13
53973,13
7140,13
78317,13
19586,13
76222,13
15181,13
92495,13
71718,13
21188,13
14854,13
57456,13
95396,13
15797,13
84093,13
85555,13
97245,13
65295,13
40377,13
84103,13
97241,13
3796,13
33272,13
92104,13
92069,13
84084,13
15791,13
31704,13
31910,13
92067,13
95782,13
7030,13
40808,13
65291,13
99936,13
57445,13
44409,13
92075,13
19608,13
71939,13
66809,13
441,13
40391,13
27033,13
54045,13
65301,13
7075,13
75922,13
52132,13
67944,13
67876,13
92450,13
95910,13
21294,13
14869,13
67139,13
78138,13
7069,13
53487,13
74596,13
95746,13
27208,13
43960,13
78329,13
67032,13
31699,13
21184,13
7066,13
96031,13
53631,13
23108,13
13739,13
7432,13
73627,13
73802,13
4187,13
40813,13
40585,13
53866,13
85662,13
79835,13
4100,13
25320,13
44256,13
92202,13
95973,13
84158,13
21128,13
65341,13
7258,13
30826,13
4036,13
19511,13
73776,13
2658,13
14934,13
95649,13
57816,13
53884,13
44582,13
40468,13
22867,13
95554,13
85626,13
40470,13
97211,13
25327,13
71842,13
66874,13
78059,13
84146,13
14944,13
52100,13
33225,13
44599,13
84306,13
92264,13
95613,13
7282,13
45880,13
19496,13
78208,13
33226,13
19479,13
44217,13
21120,13
85647,13
4052,13
31843,13
71797,13
2662,13
57771,13
53848,13
44240,13
73953,13
57774,13
33218,13
4039,13
92223,13
78212,13
92225,13
48941,13
84296,13
14945,13
95628,13
40528,13
14976,13
67932,13
21801,13
95672,13
24515,13
85612,13
15814,13
7204,13
40442,13
53929,13
44305,13
3993,13
53925,13
52018,13
77490,13
73796,13
85672,13
53741,13
78269,13
31603,13
4019,13
97223,13
67898,13
57862,13
65417,13
4185,13
23394,13
53948,13
67900,13
92354,13
85610,13
24487,13
95686,13
44073,13
92356,13
79912,13
66928,13
48847,13
78024,13
73961,13
57833,13
65393,13
53893,13
85617,13
4008,13
463,13
48849,13
4157,13
76214,13
71849,13
57670,13
66872,13
79885,13
13639,13
2681,13
7232,13
95661,13
79818,13
27077,13
95662,13
21070,13
44133,13
53750,13
4151,13
40650,13
73711,13
44624,13
44285,13
77486,13
40651,13
57838,13
13761,13
48376,13
40878,13
30890,13
2743,13
21754,13
97116,13
15234,13
21832,13
15787,13
99458,13
4336,13
13580,13
43836,13
57996,13
4295,13
92586,13
78092,13
23122,13
76427,13
30883,13
74672,13
53528,13
15885,13
79668,13
71698,13
67006,13
73862,13
31719,13
3863,13
71967,13
43905,13
31552,13
43902,13
40334,13
67954,13
95802,13
74005,13
45759,13
57342,13
20932,13
78353,13
71673,13
15219,13
40293,13
67177,13
76430,13
3848,13
31935,13
40305,13
78086,13
57383,13
95869,13
74012,13
2589,13
509,13
31732,13
53556,13
40303,13
13794,13
6993,13
4319,13
40302,13
44468,13
54151,13
66772,13
30887,13
7000,13
74570,13
74573,13
33086,13
95811,13
57404,13
66766,13
15233,13
84218,13
33079,13
85726,13
85727,13
27235,13
19645,13
53293,13
67956,13
95812,13
44475,13
52177,13
54145,13
7532,13
33278,13
95335,13
57333,13
54182,13
24477,13
43915,13
54092,13
27225,13
43913,13
40346,13
519,13
40338,13
85493,13
84417,13
43830,13
92053,13
43920,13
25221,13
73567,13
78097,13
6947,13
7024,13
21831,13
69115,12
61556,12
94645,12
22744,12
95623,12
66385,12
31340,12
69818,12
75257,12
61391,12
73938,12
11547,12
76626,12
78192,12
29830,12
94497,12
32475,12
94487,12
69071,12
833,12
81574,12
12741,12
25865,12
12443,12
94513,12
10263,12
61385,12
15097,12
68884,12
67348,12
11639,12
61392,12
98168,12
55578,12
773,12
89091,12
21445,12
22342,12
42593,12
4018,12
52944,12
76212,12
1546,12
67376,12
10258,12
55113,12
82445,12
10260,12
26079,12
37674,12
30167,12
63058,12
87485,12
32504,12
14979,12
94518,12
32302,12
64004,12
82453,12
68942,12
48631,12
98148,12
5106,12
48685,12
34627,12
68591,12
63397,12
60859,12
95664,12
774,12
74191,12
69058,12
43190,12
84773,12
11542,12
78964,12
89524,12
3326,12
31266,12
61379,12
95928,12
21110,12
76331,12
1086,12
81326,12
73075,12
35335,12
48863,12
23562,12
54956,12
61335,12
89166,12
49100,12
34594,12
78927,12
3846,12
15087,12
14464,12
10201,12
47663,12
81331,12
60889,12
61333,12
28882,12
67457,12
60885,12
11975,12
68578,12
76298,12
53740,12
60871,12
48683,12
31339,12
43006,12
28892,12
94481,12
84665,12
26070,12
21240,12
11973,12
78088,12
82874,12
50799,12
55569,12
64014,12
82498,12
67055,12
99827,12
84173,12
34601,12
5445,12
66935,12
94654,12
34602,12
60875,12
11645,12
16796,12
9844,12
76618,12
87489,12
5149,12
31816,12
73089,12
12745,12
3392,12
37073,12
67375,12
24985,12
25161,12
54997,12
55594,12
96340,12
21425,12
43127,12
69093,12
10381,12
11569,12
87776,12
23731,12
37093,12
15113,12
11578,12
12727,12
89020,12
63012,12
96346,12
48699,12
60832,12
81309,12
16534,12
30296,12
35172,12
94588,12
1530,12
28962,12
94115,12
66418,12
31255,12
34642,12
21202,12
52768,12
99162,12
69089,12
84688,12
29674,12
86659,12
95845,12
82303,12
43153,12
88993,12
16540,12
3838,12
43157,12
67077,12
96566,12
63410,12
55002,12
96332,12
70193,12
12447,12
47044,12
1121,12
22568,12
22571,12
87453,12
68614,12
15492,12
84680,12
23925,12
66906,12
10356,12
11902,12
67470,12
16984,12
99777,12
11566,12
16989,12
10359,12
44245,12
16788,12
45159,12
42562,12
87748,12
35182,12
50227,12
11614,12
44994,12
35308,12
23120,12
11616,12
88961,12
75578,12
78190,12
87725,12
66905,12
22649,12
10394,12
24009,12
14975,12
70196,12
73132,12
5081,12
53524,12
43065,12
29692,12
21224,12
25165,12
78747,12
24884,12
77851,12
64001,12
44954,12
67066,12
99158,12
66196,12
99091,12
95953,12
10272,12
47051,12
14542,12
98343,12
81595,12
16964,12
3730,12
22358,12
47715,12
10384,12
66411,12
24977,12
63026,12
35288,12
78710,12
4031,12
87741,12
29684,12
32495,12
87364,12
53551,12
34637,12
31343,12
66410,12
3186,12
87736,12
32242,12
5078,12
98346,12
25838,12
149,12
75533,12
87460,12
29715,12
44955,12
29840,12
89059,12
37143,12
73136,12
11598,12
75685,12
10386,12
84672,12
11920,12
31733,12
17977,12
73000,12
48887,12
3922,12
3862,12
60983,12
15465,12
44385,12
31741,12
32413,12
788,12
81443,12
28767,12
24920,12
96457,12
95807,12
78843,12
49864,12
60977,12
45127,12
86698,12
70109,12
94283,12
46929,12
5321,12
72946,12
34528,12
46901,12
30254,12
60992,12
87563,12
69007,12
75557,12
50885,12
10038,12
42694,12
35421,12
46934,12
53633,12
29860,12
66291,12
63318,12
34474,12
98266,12
81461,12
50185,12
87585,12
95733,12
60957,12
31779,12
12679,12
37609,12
98199,12
34467,12
89295,12
53670,12
14427,12
69989,12
81466,12
25934,12
16468,12
23235,12
94324,12
17885,12
86767,12
16819,12
25940,12
52813,12
66303,12
22268,12
52812,12
50124,12
81355,12
52811,12
84243,12
77792,12
52805,12
5377,12
9894,12
50876,12
3213,12
42820,12
42669,12
42662,12
86766,12
86749,12
89335,12
87519,12
94252,12
31750,12
96470,12
44520,12
94249,12
87526,12
28700,12
98222,12
31749,12
89386,12
75193,12
45103,12
15452,12
42753,12
3242,12
34493,12
75197,12
25233,12
64162,12
3899,12
24911,12
44524,12
95788,12
95792,12
72957,12
16438,12
42722,12
35246,12
98846,12
78891,12
61035,12
84192,12
32429,12
61023,12
87539,12
46911,12
5351,12
37521,12
95877,12
16867,12
89410,12
15037,12
15036,12
78873,12
77782,12
25966,12
78852,12
35404,12
77781,12
64127,12
89353,12
47673,12
5357,12
68984,12
98212,12
46902,12
5360,12
10009,12
34518,12
77029,12
37575,12
66286,12
70099,12
70053,12
48911,12
63325,12
9992,12
25980,12
11807,12
64135,12
63193,12
61071,12
89372,12
50912,12
82412,12
86737,12
23991,12
46917,12
94260,12
14406,12
76063,12
15450,12
42772,12
47619,12
50870,12
86778,12
75243,12
81513,12
31330,12
23257,12
94405,12
16921,12
61277,12
10148,12
37322,12
84788,12
46984,12
67394,12
53705,12
95696,12
95819,12
15001,12
87654,12
45047,12
52789,12
49882,12
47680,12
95699,12
24004,12
95702,12
42914,12
24930,12
95818,12
20461,12
98279,12
42923,12
94390,12
78915,12
68972,12
25911,12
31794,12
83882,12
17827,12
44335,12
10143,12
16854,12
99786,12
74262,12
89191,12
75177,12
64089,12
35491,12
82803,12
3982,12
5208,12
828,12
73801,12
20480,12
25218,12
15086,12
3316,12
31331,12
37653,12
25279,12
55202,12
96415,12
68500,12
37272,12
61319,12
81536,12
76299,12
14458,12
10164,12
28843,12
25278,12
50828,12
12530,12
99104,12
60904,12
75691,12
18008,12
66349,12
86824,12
89182,12
84787,12
63372,12
94422,12
10173,12
50199,12
81526,12
1659,12
12703,12
53577,12
95704,12
67040,12
49114,12
42650,12
87603,12
17851,12
66455,12
22734,12
96517,12
16903,12
35363,12
99112,12
35453,12
87609,12
75182,12
14439,12
89480,12
70128,12
12571,12
61206,12
55293,12
32385,12
73813,12
21235,12
63317,12
55320,12
52873,12
76706,12
188,12
5293,12
11933,12
812,12
25177,12
11913,12
63145,12
42849,12
17988,12
37395,12
98195,12
22733,12
29742,12
20445,12
20450,12
35222,12
99107,12
37625,12
69040,12
11715,12
61231,12
55270,12
87394,12
14443,12
82813,12
55267,12
11707,12
42901,12
42643,12
177,12
99146,12
50853,12
32369,12
11911,12
20454,12
10126,12
55258,12
5249,12
64189,12
84805,12
68974,12
46959,12
84246,12
78161,12
16909,12
10094,12
21167,12
60932,12
69959,12
68975,12
66323,12
28815,12
95714,12
35459,12
61221,12
10102,12
179,12
32379,12
55302,12
36930,12
43191,12
95389,12
4570,12
95083,12
53314,12
53207,12
29316,12
36420,12
30051,12
87246,12
50343,12
54425,12
77937,12
25109,12
76885,12
43663,12
10948,12
44676,12
23854,12
88422,12
14743,12
54078,12
20814,12
88418,12
44770,12
62177,12
32044,12
21348,12
50331,12
12217,12
62662,12
78499,12
50509,12
29289,12
34913,12
23151,12
62659,12
77927,12
36449,12
75386,12
77983,12
44778,12
10919,12
4580,12
88451,12
50503,12
36441,12
62172,12
95069,12
10931,12
77944,12
62204,12
16652,12
62253,12
69292,12
12180,12
81952,12
88376,12
4529,12
73461,12
47423,12
35943,12
54376,12
67225,12
96113,12
95097,12
11022,12
69466,12
98958,12
78469,12
12171,12
99907,12
36358,12
17204,12
23620,12
22474,12
84474,12
20819,12
75628,12
35940,12
76230,12
62210,12
10963,12
88409,12
12084,12
88408,12
82633,12
68739,12
12196,12
74001,12
88401,12
11256,12
96044,12
66669,12
69482,12
10985,12
95381,12
16665,12
66673,12
44679,12
82623,12
95041,12
17455,12
10421,12
69250,12
76115,12
4687,12
32089,12
4684,12
53337,12
53154,12
44822,12
10818,12
62053,12
36572,12
10820,12
63790,12
88553,12
94964,12
20768,12
98548,12
10825,12
98731,12
49964,12
84543,12
43996,12
62070,12
62041,12
11321,12
63542,12
96026,12
68842,12
69244,12
69582,12
54590,12
12270,12
44015,12
25620,12
4230,12
14685,12
30090,12
87999,12
4698,12
1384,12
43513,12
10802,12
43522,12
54576,12
50064,12
3517,12
98732,12
73371,12
81300,12
74077,12
48829,12
53163,12
16639,12
69266,12
44802,12
20798,12
54498,12
14716,12
49975,12
88502,12
48778,12
62121,12
63752,12
95412,12
62704,12
25569,12
47262,12
84005,12
84006,12
73415,12
12224,12
50327,12
12223,12
25115,12
98577,12
43585,12
22534,12
43581,12
12245,12
43986,12
36536,12
23775,12
14707,12
62084,12
62699,12
82548,12
73642,12
73385,12
63527,12
87267,12
17472,12
11298,12
44665,12
17471,12
62686,12
73639,12
25400,12
17468,12
32070,12
43967,12
11036,12
20833,12
17371,12
50413,12
95326,12
29466,12
1229,12
62541,12
44719,12
54243,12
95257,12
82588,12
36196,12
63642,12
16709,12
87163,12
4393,12
4392,12
36181,12
43793,12
29428,12
47401,12
98667,12
21320,12
29434,12
50025,12
98978,12
69382,12
68755,12
50426,12
98655,12
36238,12
48804,12
82094,12
4422,12
88254,12
54152,12
20939,12
96074,12
12136,12
20885,12
17296,12
43775,12
73536,12
98965,12
31964,12
22490,12
63649,12
69384,12
11118,12
14792,12
64,12
82058,12
50386,12
17283,12
36120,12
66752,12
4360,12
4358,12
62476,12
25092,12
36142,12
4353,12
23626,12
62513,12
25096,12
11174,12
50035,12
54184,12
77966,12
16719,12
63613,12
82069,12
36091,12
62500,12
11181,12
1250,12
87191,12
87195,12
20907,12
62470,12
63625,12
16711,12
95314,12
12119,12
66748,12
95275,12
36159,12
36156,12
73557,12
75441,12
77970,12
69339,12
11195,12
63603,12
88147,12
74026,12
36151,12
87178,12
66,12
48817,12
75443,12
36083,12
36239,12
62386,12
36042,12
87131,12
66699,12
1220,12
50364,12
84400,12
73597,12
36320,12
43876,12
78440,12
4464,12
62312,12
17352,12
50451,12
61,12
84455,12
29961,12
69305,12
47341,12
30015,12
96105,12
29492,12
25434,12
88306,12
54339,12
63685,12
31987,12
35040,12
15198,12
43910,12
31501,12
1297,12
22519,12
78347,12
53305,12
15263,12
47323,12
25515,12
43901,12
62607,12
3596,12
87219,12
1217,12
29957,12
77977,12
50461,12
75648,12
17358,12
81993,12
50452,12
31543,12
1270,12
43745,12
11092,12
50435,12
1276,12
36268,12
62568,12
36034,12
4306,12
95339,12
3609,12
63585,12
11100,12
21335,12
43749,12
98685,12
99923,12
48991,12
75425,12
948,12
82035,12
88262,12
23824,12
43754,12
62571,12
54303,12
50010,12
43732,12
75418,12
62333,12
88299,12
36009,12
31975,12
88295,12
22479,12
29382,12
50005,12
15227,12
23093,12
62579,12
20959,12
34969,12
74010,12
98986,12
1277,12
20951,12
47408,12
73581,12
36287,12
17517,12
73361,12
36618,12
69729,12
11488,12
63450,12
12384,12
48851,12
98918,12
73232,12
17062,12
82528,12
76942,12
69731,12
87869,12
25739,12
94757,12
86963,12
81715,12
49066,12
36877,12
17622,12
96270,12
82719,12
81718,12
25145,12
95564,12
31391,12
49938,12
54878,12
74132,12
88856,12
94729,12
35150,12
87851,12
17634,12
11497,12
25001,12
61678,12
94735,12
11495,12
1153,12
66878,12
86954,12
44608,12
32217,12
67091,12
53871,12
25321,12
82724,12
54872,12
75302,12
86967,12
83930,12
1449,12
43293,12
50661,12
87879,12
3453,12
81745,12
84623,12
17598,12
75613,12
84328,12
61773,12
876,12
4836,12
82241,12
10604,12
62854,12
53898,12
66866,12
88764,12
31871,12
35716,12
53386,12
53074,12
88760,12
54811,12
32201,12
15359,12
88798,12
73245,12
53397,12
32208,12
96264,12
98438,12
25330,12
50670,12
82714,12
29076,12
75316,12
69713,12
87335,12
20658,12
62866,12
83936,12
69710,12
23067,12
20669,12
29083,12
30132,12
96253,12
17052,12
10518,12
29621,12
50719,12
17696,12
28985,12
22371,12
94688,12
47066,12
136,12
77856,12
21106,12
81649,12
82282,12
88912,12
73753,12
12422,12
75297,12
75609,12
23055,12
81657,12
11523,12
36978,12
98406,12
47720,12
76954,12
83915,12
69125,12
31644,12
16566,12
88936,12
23744,12
4055,12
82288,12
61575,12
20598,12
4964,12
35615,12
3405,12
4962,12
4057,12
43196,12
4958,12
53007,12
69808,12
53423,12
37007,12
84658,12
81646,12
44194,12
16561,12
53824,12
94697,12
88859,12
87832,12
16777,12
12409,12
1135,12
29018,12
69143,12
30150,12
75674,12
54900,12
10504,12
82519,12
23749,12
858,12
74138,12
34712,12
29910,12
25456,12
14629,12
63443,12
22375,12
84638,12
4913,12
25000,12
31637,12
82728,12
4929,12
17024,12
84307,12
25151,12
3416,12
29909,12
10482,12
78672,12
17656,12
94706,12
31381,12
73207,12
63928,12
66470,12
47868,12
44168,12
24996,12
74142,12
29013,12
88885,12
67083,12
81677,12
3723,12
95985,12
29097,12
66588,12
78563,12
66570,12
29170,12
15153,12
98505,12
61930,12
61931,12
54662,12
34809,12
34810,12
88652,12
12292,12
69213,12
48841,12
62769,12
69218,12
3498,12
29181,12
84343,12
94909,12
66841,12
31584,12
78288,12
87307,12
98929,12
96237,12
69210,12
87312,12
50609,12
3684,12
35787,12
44064,12
14663,12
50075,12
32134,12
67112,12
4192,12
49045,12
62777,12
34805,12
88670,12
11378,12
81808,12
4751,12
94895,12
20745,12
25365,12
62778,12
81812,12
12288,12
53980,12
1174,12
95451,12
25627,12
61982,12
4215,12
29199,12
88615,12
36643,12
44845,12
75361,12
48832,12
29206,12
69233,12
44857,12
36637,12
34842,12
95450,12
98518,12
66830,12
82168,12
17519,12
10768,12
69588,12
47213,12
36644,12
66583,12
29195,12
61977,12
84566,12
87975,12
10727,12
43431,12
50590,12
29191,12
14898,12
12028,12
78559,12
96196,12
17136,12
94917,12
4725,12
76790,12
67127,12
98512,12
25048,12
43459,12
35821,12
96017,12
53135,12
22420,12
54690,12
44864,12
63869,12
95517,12
68854,12
87320,12
53919,12
78258,12
12345,12
15349,12
73284,12
4159,12
83958,12
117,12
29580,12
20710,12
53089,12
78022,12
31875,12
83961,12
84608,12
82701,12
50080,12
99954,12
74102,12
10638,12
47147,12
87914,12
61814,12
12360,12
73263,12
68858,12
25336,12
25708,12
68664,12
36822,12
69683,12
54771,12
20685,12
66863,12
16757,12
73272,12
17079,12
21366,12
68667,12
78251,12
36798,12
21272,12
69677,12
69184,12
67296,12
10647,12
36708,12
98926,12
35111,12
15149,12
1415,12
76785,12
62796,12
16750,12
36730,12
53365,12
88690,12
36729,12
88689,12
12341,12
54697,12
54696,12
29136,12
61891,12
36719,12
68678,12
98744,12
82695,12
54692,12
30109,12
84592,12
23888,12
17551,12
54705,12
61848,12
34780,12
21051,12
49948,12
44087,12
20724,12
84598,12
73310,12
62807,12
50626,12
11395,12
29122,12
4772,12
12320,12
62801,12
82697,12
15332,12
32149,12
12318,12
10671,12
78574,12
4699,12
5534,12
13478,12
93044,12
86210,12
77224,12
2123,12
22810,12
99610,12
90704,12
8814,12
15723,12
56824,12
85633,12
68224,12
24384,12
93063,12
2905,12
65374,12
6493,12
83562,12
56814,12
41415,12
38991,12
33894,12
79484,12
74951,12
93047,12
40587,12
39880,12
79512,12
27969,12
97432,12
7933,12
7928,12
15728,12
13671,12
26715,12
51810,12
97764,12
71426,12
48158,12
23326,12
70888,12
2125,12
67744,12
59485,12
7246,12
33477,12
41384,12
97771,12
24661,12
59492,12
77587,12
41427,12
79480,12
49638,12
90673,12
46500,12
72280,12
40569,12
74956,12
91643,12
33214,12
13988,12
38932,12
72283,12
41481,12
49295,12
79459,12
8875,12
6432,12
59595,12
59597,12
33460,12
22082,12
27432,12
8882,12
96912,12
31040,12
13137,12
6435,12
41466,12
74476,12
51421,12
28003,12
7911,12
74480,12
2100,12
59546,12
59547,12
65106,12
93082,12
52373,12
28004,12
28008,12
64704,12
59555,12
90655,12
80173,12
67735,12
41449,12
33912,12
15706,12
93096,12
92280,12
41455,12
56864,12
90745,12
6552,12
33839,12
83533,12
27471,12
79551,12
18737,12
19794,12
90836,12
8686,12
33833,12
92961,12
22059,12
27913,12
59385,12
92328,12
24375,12
2152,12
19518,12
15744,12
21922,12
21798,12
49414,12
13452,12
80194,12
39808,12
56948,12
387,12
24640,12
92332,12
96971,12
92921,12
39147,12
49408,12
49615,12
85902,12
75852,12
6630,12
86157,12
80611,12
26771,12
40643,12
80205,12
16106,12
90853,12
68204,12
39782,12
97707,12
51498,12
80613,12
71862,12
2169,12
8701,12
48477,12
72222,12
85366,12
13220,12
46118,12
45551,12
80652,12
85357,12
27457,12
15953,12
8767,12
19806,12
45543,12
40606,12
645,12
74932,12
27450,12
19808,12
97757,12
71424,12
51453,12
39058,12
97758,12
57685,12
41367,12
13210,12
85358,12
80650,12
92309,12
86175,12
74501,12
79825,12
58536,12
41324,12
51470,12
99594,12
27937,12
77232,12
39815,12
90797,12
58532,12
71847,12
97743,12
48173,12
81299,12
23476,12
65683,12
77230,12
2135,12
40619,12
23328,12
8742,12
93137,12
22083,12
71395,12
33230,12
28127,12
56577,12
7858,12
86320,12
91692,12
7313,12
93270,12
71802,12
83079,12
51341,12
49276,12
97851,12
97195,12
91695,12
83607,12
90462,12
13652,12
13757,12
18584,12
689,12
71798,12
59804,12
97414,12
99269,12
27391,12
80709,12
99411,12
71471,12
34005,12
65355,12
99406,12
90504,12
76561,12
41643,12
14024,12
30506,12
56589,12
93260,12
2953,12
90498,12
90497,12
51347,12
80780,12
9012,12
65806,12
16172,12
22097,12
77466,12
52050,12
49683,12
80801,12
59808,12
48095,12
21641,12
31093,12
19476,12
45889,12
74998,12
56514,12
59853,12
90410,12
72403,12
34033,12
86339,12
18571,12
2021,12
46568,12
9110,12
33238,12
75768,12
59869,12
19472,12
68307,12
6207,12
2468,12
90396,12
76469,12
74754,12
99646,12
85654,12
77624,12
97412,12
72385,12
41675,12
51832,12
39953,12
39956,12
40525,12
34019,12
31082,12
56544,12
38678,12
41699,12
40522,12
28151,12
70691,12
80804,12
83609,12
39962,12
28158,12
70687,12
9087,12
68297,12
72365,12
79391,12
32800,12
93178,12
351,12
31047,12
65767,12
27417,12
28056,12
19885,12
38844,12
59657,12
21909,12
27410,12
659,12
92272,12
38838,12
75859,12
6383,12
33455,12
13105,12
19189,12
92271,12
65772,12
24503,12
59670,12
90578,12
26631,12
24686,12
24193,12
80159,12
21645,12
23322,12
45489,12
51396,12
6418,12
38877,12
72297,12
38869,12
45488,12
32841,12
7271,12
48136,12
14003,12
79442,12
38865,12
79440,12
18663,12
46525,12
32835,12
19869,12
38858,12
65763,12
19890,12
92270,12
65801,12
72326,12
13083,12
97182,12
77373,12
59719,12
70747,12
19490,12
6319,12
49676,12
46541,12
41608,12
93226,12
57737,12
65127,12
52428,12
49678,12
86299,12
23430,12
96872,12
13071,12
19914,12
85257,12
52435,12
33228,12
96876,12
19905,12
65788,12
38821,12
39903,12
28066,12
18635,12
24190,12
6370,12
75778,12
68036,12
41578,12
52059,12
97422,12
6352,12
13084,12
64655,12
91661,12
56659,12
48116,12
93198,12
6339,12
18618,12
65782,12
90549,12
79847,12
65657,12
86149,12
30819,12
57297,12
15981,12
6907,12
58720,12
8135,12
57291,12
18926,12
86024,12
51724,12
97511,12
99347,12
7094,12
8122,12
85472,12
58992,12
26916,12
83445,12
33673,12
92674,12
27728,12
6870,12
77539,12
24593,12
57261,12
40745,12
39451,12
79781,12
83447,12
8335,12
51640,12
39474,12
6930,12
45805,12
13735,12
40754,12
58946,12
13415,12
91220,12
85490,12
15782,12
72028,12
79761,12
52131,12
49568,12
2759,12
51722,12
21958,12
13349,12
45735,12
57300,12
33063,12
57260,12
8385,12
51729,12
39402,12
27749,12
52220,12
27754,12
59050,12
59051,12
97047,12
57219,12
74867,12
19714,12
97620,12
8106,12
64913,12
13848,12
57211,12
65571,12
52124,12
57208,12
77325,12
85449,12
19571,12
45677,12
83498,12
24600,12
57224,12
59043,12
71148,12
68131,12
65552,12
8393,12
74552,12
6866,12
91161,12
27737,12
51730,12
71158,12
22900,12
19075,12
8115,12
21954,12
13840,12
48448,12
59024,12
2788,12
71913,12
97602,12
85931,12
92691,12
13715,12
49577,12
7074,12
97086,12
8332,12
92536,12
2329,12
65489,12
39612,12
30880,12
91315,12
80376,12
7032,12
77311,12
74836,12
39556,12
92520,12
46241,12
71283,12
18988,12
21765,12
51702,12
75927,12
30651,12
58845,12
58847,12
71240,12
58850,12
39616,12
57419,12
8176,12
40834,12
19010,12
27609,12
7026,12
46225,12
8195,12
91345,12
40812,12
58801,12
46226,12
8209,12
99360,12
39586,12
19005,12
92507,12
91354,12
49375,12
40822,12
58815,12
92513,12
24319,12
71262,12
19007,12
58821,12
75929,12
24558,12
26941,12
51674,12
2301,12
8273,12
57364,12
19021,12
58753,12
92583,12
49383,12
91259,12
91254,12
58911,12
8303,12
26956,12
27581,12
26953,12
92596,12
45757,12
79671,12
40923,12
6935,12
57329,12
92608,12
2716,12
39480,12
51710,12
39515,12
13802,12
71943,12
97553,12
52167,12
33085,12
58862,12
39535,12
71230,12
79739,12
45772,12
21752,12
21964,12
71990,12
85953,12
46255,12
71220,12
71940,12
18966,12
92566,12
2303,12
58880,12
58881,12
74845,12
74846,12
6817,12
71902,12
39158,12
71871,12
46155,12
79579,12
8053,12
90973,12
33785,12
90969,12
8051,12
46376,12
39227,12
41205,12
15751,12
67781,12
19766,12
45626,12
80578,12
92355,12
19109,12
7201,12
86125,12
71016,12
18771,12
51773,12
26795,12
65063,12
99520,12
59080,12
71043,12
68176,12
67896,12
74887,12
71059,12
40677,12
79586,12
97010,12
57080,12
39734,12
40675,12
6720,12
46163,12
40671,12
71052,12
79585,12
71049,12
90990,12
51765,12
33156,12
77267,12
71046,12
90985,12
33783,12
97001,12
32953,12
39205,12
59272,12
71865,12
8643,12
58581,12
72162,12
86139,12
71864,12
52085,12
49327,12
27886,12
13902,12
6653,12
77572,12
56993,12
2417,12
90881,12
32936,12
59323,12
2421,12
56987,12
13688,12
24247,12
6645,12
85378,12
90890,12
8642,12
52295,12
39193,12
27852,12
57029,12
19770,12
46151,12
33169,12
64819,12
45849,12
46399,12
40658,12
96996,12
72153,12
77565,12
45620,12
46400,12
33800,12
80590,12
58584,12
2834,12
41240,12
70996,12
57016,12
59300,12
57084,12
59203,12
97476,12
13702,12
52248,12
39697,12
72101,12
2226,12
77500,12
39328,12
2377,12
92767,12
46333,12
41119,12
58664,12
57143,12
77279,12
58662,12
39698,12
22845,12
67804,12
97493,12
19748,12
45833,12
91048,12
91047,12
71100,12
26841,12
39696,12
97147,12
18883,12
97031,12
97624,12
77546,12
57184,12
57183,12
24347,12
21778,12
48258,12
51587,12
13314,12
41085,12
68153,12
8445,12
83221,12
71113,12
7123,12
45663,12
58678,12
40711,12
45662,12
8086,12
39693,12
92783,12
6759,12
39729,12
24270,12
64851,12
13284,12
40688,12
57098,12
71074,12
45639,12
39276,12
71069,12
97482,12
75956,12
59189,12
39273,12
16053,12
41176,12
86107,12
7161,12
59196,12
30593,12
27805,12
39259,12
64844,12
57582,12
64843,12
40689,12
99526,12
18832,12
18845,12
24520,12
86089,12
83198,12
80506,12
72110,12
68172,12
27780,12
74881,12
48204,12
49594,12
59160,12
24264,12
49533,12
8076,12
8512,12
13875,12
40696,12
65607,12
57570,12
92796,12
80264,12
59172,12
56494,12
59798,12
23306,12
96657,12
46042,12
28447,12
75890,12
7421,12
52671,12
98043,12
72710,12
30793,12
97345,12
79070,12
9555,12
79069,12
81111,12
96660,12
68425,12
9558,12
83361,12
14256,12
98047,12
5630,12
60500,12
81121,12
1824,12
85015,12
9551,12
66061,12
91856,12
45916,12
83737,12
23413,12
89914,12
18288,12
79097,12
79091,12
30748,12
58220,12
22862,12
92101,12
34276,12
55925,12
22762,12
79086,12
92100,12
40135,12
45243,12
60463,12
7418,12
70375,12
99737,12
46031,12
75732,12
42238,12
40386,12
51081,12
18226,12
52688,12
89831,12
81155,12
42352,12
81156,12
91883,12
79040,12
16352,12
237,12
13534,12
37962,12
15054,12
83760,12
83372,12
49179,12
5600,12
97249,12
24839,12
75126,12
51988,12
40175,12
91882,12
46758,12
66084,12
42314,12
24426,12
80018,12
98050,12
42311,12
30360,12
81139,12
81141,12
32564,12
21559,12
71607,12
20185,12
9575,12
51920,12
80015,12
79932,12
24822,12
72730,12
22855,12
243,12
77704,12
2545,12
1813,12
5671,12
71729,12
83404,12
85695,12
99222,12
56058,12
65990,12
15916,12
18363,12
52613,12
65192,12
58255,12
34209,12
45294,12
79159,12
93738,12
24783,12
48581,12
76483,12
7698,12
85693,12
57894,12
20132,12
5761,12
57896,12
60367,12
72636,12
26324,12
98006,12
5794,12
72609,12
92127,12
45305,12
93709,12
18399,12
40084,12
3070,12
42104,12
40414,12
14169,12
93716,12
30410,12
38156,12
9420,12
40413,12
56074,12
60332,12
13503,12
91825,12
38159,12
21877,12
92123,12
90021,12
77685,12
64585,12
30747,12
33376,12
66023,12
34244,12
22189,12
79930,12
60416,12
85043,12
74347,12
79117,12
92107,12
31197,12
76028,12
19332,12
60424,12
26277,12
92106,12
5700,12
42220,12
9498,12
5692,12
71730,12
51116,12
23279,12
28421,12
32608,12
89955,12
15545,12
60389,12
30396,12
34223,12
67577,12
20135,12
46724,12
86505,12
52632,12
15546,12
9470,12
67572,12
14207,12
40114,12
19328,12
46725,12
51133,12
5722,12
79129,12
46730,12
18322,12
32609,12
64403,12
45266,12
83373,12
89809,12
77454,12
14313,12
92015,12
19389,12
89680,12
45188,12
49791,12
49792,12
40261,12
40262,12
82897,12
26135,12
30783,12
19365,12
21836,12
14308,12
40265,12
227,12
75723,12
19368,12
32519,12
72836,12
26132,12
13566,12
96583,12
55707,12
45969,12
42474,12
97307,12
51946,12
71682,12
9726,12
92023,12
66130,12
94007,12
21515,12
22232,12
37821,12
7576,12
64282,12
55711,12
42456,12
40245,12
7571,12
89694,12
26140,12
42459,12
20281,12
33290,12
45974,12
77062,12
46817,12
27239,12
85709,12
24021,12
98136,12
16396,12
89611,12
5489,12
24879,12
7529,12
5480,12
74279,12
47988,12
7530,12
40276,12
40277,12
51000,12
30311,12
23556,12
58067,12
71663,12
58057,12
34408,12
23267,12
89600,12
37731,12
1717,12
27251,12
86627,12
31243,12
89653,12
97296,12
42497,12
13577,12
37789,12
77053,12
37786,12
22747,12
81256,12
18097,12
46821,12
22745,12
99170,12
89651,12
15505,12
28588,12
214,12
40285,12
7556,12
64257,12
49800,12
9767,12
1740,12
20276,12
27264,12
55731,12
58058,12
1802,12
51984,12
58153,12
85767,12
12802,12
42397,12
7471,12
55785,12
37900,12
13587,12
24444,12
20240,12
71700,12
32542,12
66110,12
86573,12
55779,12
5563,12
96618,12
86574,12
71699,12
72792,12
60620,12
93962,12
21861,12
93960,12
66101,12
58165,12
64341,12
51986,12
7633,12
45216,12
26190,12
86563,12
34312,12
64334,12
49776,12
85773,12
51064,12
60581,12
9647,12
20230,12
45937,12
37919,12
42391,12
91907,12
71707,12
83763,12
52711,12
5561,12
52719,12
64317,12
64296,12
42430,12
14292,12
55748,12
40218,12
48339,12
18162,12
5541,12
1780,12
76336,12
46801,12
21522,12
81205,12
60664,12
42435,12
30784,12
20269,12
79957,12
67512,12
34348,12
81236,12
60677,12
2592,12
77077,12
67514,12
24449,12
86578,12
18189,12
93973,12
74693,12
19399,12
27233,12
32541,12
86576,12
46796,12
7487,12
18184,12
14285,12
20263,12
97271,12
60636,12
68457,12
34326,12
58001,12
37867,12
34328,12
58126,12
96612,12
77724,12
90048,12
86496,12
5971,12
72468,12
92193,12
77156,12
12982,12
92191,12
72501,12
6005,12
34084,12
9218,12
34085,12
85666,12
56299,12
27163,12
67636,12
7356,12
38429,12
38426,12
28291,12
74650,12
90253,12
34092,12
5997,12
26441,12
38402,12
97387,12
56315,12
38441,12
72493,12
70593,12
48082,12
80897,12
24728,12
64539,12
38473,12
24156,12
71506,12
93477,12
57812,12
60043,12
80109,12
38461,12
22936,12
7798,12
27160,12
38453,12
60054,12
32704,12
51257,12
60058,12
51256,12
12969,12
79243,12
9242,12
41964,12
68345,12
96773,12
9274,12
79900,12
67625,12
3028,12
19284,12
58323,12
67624,12
60148,12
31141,12
52024,12
38326,12
58322,12
96765,12
93590,12
90196,12
30448,12
72543,12
80079,12
60161,12
5926,12
72535,12
75050,12
40030,12
5961,12
7360,12
5975,12
92175,12
71534,12
79237,12
74405,12
49483,12
65925,12
45369,12
2485,12
41948,12
93572,12
77148,12
15614,12
5959,12
38352,12
18478,12
5957,12
76374,12
291,12
83666,12
71539,12
93469,12
57811,12
90193,12
22142,12
39984,12
9131,12
56458,12
6170,12
34053,12
15659,12
15657,12
32762,12
24399,12
2986,12
15942,12
97891,12
28215,12
72432,12
65144,12
59941,12
32758,12
67664,12
18538,12
75868,12
27368,12
75011,12
93398,12
79325,12
93362,12
19470,12
79342,12
28181,12
59886,12
6194,12
34041,12
7325,12
86345,12
6189,12
59895,12
14067,12
48373,12
56479,12
16215,12
41748,12
34048,12
59902,12
49270,12
24174,12
93355,12
46583,12
40500,12
79335,12
99652,12
7332,12
41802,12
90347,12
97904,12
41830,12
14094,12
52499,12
49708,12
52032,12
74418,12
1976,12
40480,12
52503,12
38497,12
83638,12
56387,12
75897,12
83035,12
38495,12
26475,12
49709,12
90299,12
74416,12
38484,12
41854,12
48083,12
64552,12
41828,12
21625,12
92197,12
33431,12
16226,12
85199,12
76566,12
96816,12
51286,12
38538,12
56411,12
52489,12
79302,12
24718,12
24402,12
26500,12
80870,12
335,12
6102,12
13012,12
15652,12
51283,12
59983,12
6094,12
83631,12
85125,12
57443,12
60235,12
7382,12
40051,12
20082,12
76004,12
76368,12
46079,12
51204,12
20100,12
34165,12
57870,12
20096,12
24104,12
57871,12
80958,12
42064,12
51179,12
38219,12
16281,12
21587,12
5892,12
26345,12
46657,12
86430,12
19310,12
97373,12
5831,12
32646,12
93681,12
96728,12
71762,12
83408,12
19433,12
46680,12
23527,12
80954,12
85097,12
5874,12
46676,12
93686,12
56144,12
12935,12
83333,12
18447,12
22168,12
52586,12
24767,12
38231,12
58292,12
68367,12
93657,12
71755,12
97986,12
46065,12
58291,12
82997,12
72575,12
21883,12
22175,12
5857,12
33259,12
2639,12
57854,12
57856,12
9324,12
26363,12
18457,12
31155,12
51186,12
30425,12
9335,12
93669,12
56138,12
7734,12
27191,12
24411,12
83694,12
19434,12
97989,12
64492,12
486,12
60299,12
34131,12
60189,12
45316,12
56212,12
80948,12
45347,12
45309,12
49234,12
20076,12
64498,12
34135,12
93606,12
9397,12
20073,12
93608,12
28345,12
92136,12
3039,12
97961,12
19448,12
16280,12
18409,12
60190,12
93691,12
70519,12
30446,12
28363,12
26401,12
45346,12
42092,12
56093,12
74652,12
96761,12
33412,12
79211,12
65972,12
56196,12
96760,12
76576,12
80989,12
33240,11
65248,11
517,11
30812,11
68918,11
63530,11
98944,11
85569,11
87259,11
49435,11
31896,11
85887,11
33597,11
31909,11
469,11
15830,11
31795,11
65257,11
63307,11
87265,11
65308,11
15989,11
85684,11
85847,11
50139,11
33120,11
572,11
65459,11
15860,11
13579,11
65382,11
84380,11
30668,11
13413,11
16760,11
13644,11
16744,11
33181,11
998,11
68888,11
49447,11
23656,11
30840,11
85624,11
35125,11
15840,11
75865,11
47725,11
30704,11
83383,11
35062,11
15009,11
63550,11
66909,11
76494,11
13756,11
30776,11
75625,11
23638,11
15107,11
49380,11
15995,11
22848,11
50050,11
13502,11
33236,11
75923,11
85747,11
13499,11
13400,11
30658,11
82555,11
47723,11
13507,11
48906,11
35124,11
15140,11
82534,11
63543,11
35171,11
76487,11
33113,11
99963,11
15856,11
31649,11
63471,11
47730,11
65369,11
84245,11
65440,11
31854,11
48321,11
65061,11
13634,11
63381,11
31755,11
48371,11
977,11
67099,11
13434,11
99531,11
67914,11
13539,11
33348,11
98936,11
65328,11
13509,11
574,11
68903,11
11977,11
35192,11
66893,11
23106,11
48283,11
82525,11
23445,11
99486,11
35195,11
63393,11
85803,11
16822,11
87423,11
85830,11
99422,11
66879,11
31883,11
33139,11
534,11
16790,11
83311,11
13700,11
82520,11
67028,11
85595,11
31767,11
47674,11
67947,11
33549,11
85787,11
48857,11
31814,11
66881,11
65112,11
15078,11
23112,11
87421,11
48836,11
63490,11
99397,11
13666,11
66973,11
48259,11
30835,11
67948,11
65056,11
575,11
99957,11
15975,11
83287,11
48408,11
33265,11
15929,11
11912,11
65027,11
84174,11
15958,11
65128,11
85878,11
84165,11
76501,11
68014,11
66819,11
65407,11
50078,11
33446,11
68019,11
65025,11
23139,11
99427,11
33324,11
68837,11
65379,11
66816,11
82481,11
561,11
87432,11
65077,11
33321,11
33480,11
63425,11
35278,11
99410,11
13419,11
82503,11
31813,11
31600,11
29943,11
63514,11
13482,11
33425,11
29905,11
99398,11
87314,11
49404,11
66821,11
14878,11
16830,11
85911,11
98889,11
85827,11
65286,11
12011,11
83329,11
65067,11
98899,11
75901,11
67997,11
13549,11
68905,11
63517,11
30688,11
30860,11
14946,11
15040,11
76207,11
85857,11
23651,11
15917,11
64240,11
48245,11
32297,11
67377,11
82782,11
84745,11
12946,11
15599,11
64487,11
34137,11
67380,11
30437,11
65945,11
64015,11
30205,11
12944,11
85110,11
32314,11
82786,11
86848,11
14138,11
15423,11
16256,11
66401,11
16257,11
76377,11
65920,11
12461,11
83663,11
14125,11
64515,11
30190,11
22938,11
12472,11
30457,11
49091,11
86409,11
86410,11
32276,11
22720,11
68597,11
832,11
34607,11
85104,11
76009,11
86474,11
15583,11
23581,11
174,11
16314,11
48677,11
14452,11
30414,11
23580,11
12550,11
16486,11
83714,11
65989,11
14447,11
68561,11
14184,11
86809,11
16488,11
65970,11
86462,11
84777,11
82998,11
49223,11
14161,11
64031,11
31334,11
86441,11
68361,11
66361,11
99234,11
86837,11
99238,11
48064,11
66357,11
23584,11
16284,11
32329,11
22714,11
15618,11
85968,11
68296,11
13042,11
83612,11
22773,11
16200,11
64589,11
134,11
15397,11
75767,11
65837,11
337,11
66473,11
14613,11
23595,11
16214,11
34691,11
48731,11
86931,11
16580,11
34721,11
702,11
49692,11
76272,11
14028,11
85245,11
871,11
32789,11
83077,11
86966,11
86328,11
15667,11
99267,11
23216,11
86332,11
15393,11
16582,11
34017,11
86961,11
65826,11
34051,11
16217,11
49699,11
83626,11
31116,11
32713,11
86384,11
318,11
82766,11
23302,11
86895,11
32695,11
66432,11
23523,11
12986,11
65909,11
32253,11
66424,11
48078,11
86397,11
66421,11
86383,11
32725,11
49083,11
48711,11
30159,11
66463,11
65858,11
67663,11
65862,11
63938,11
13024,11
63942,11
34661,11
16245,11
76289,11
63951,11
67655,11
48533,11
76379,11
47878,11
83718,11
32378,11
34558,11
48005,11
66234,11
64307,11
34470,11
12796,11
67446,11
66123,11
64295,11
34463,11
232,11
14380,11
68463,11
34461,11
30283,11
86598,11
12775,11
66220,11
34355,11
67516,11
32448,11
76016,11
64316,11
31296,11
23248,11
68512,11
48013,11
83766,11
86704,11
84986,11
12669,11
64325,11
16367,11
64172,11
99187,11
195,11
84980,11
49139,11
86691,11
84867,11
14356,11
66213,11
785,11
34356,11
64216,11
217,11
47995,11
66161,11
76047,11
49801,11
64230,11
84936,11
66186,11
75719,11
86636,11
68480,11
14340,11
83804,11
66170,11
64237,11
84934,11
12766,11
12712,11
47977,11
31222,11
34449,11
83775,11
84900,11
67508,11
86602,11
15469,11
205,11
84959,11
75715,11
68468,11
48616,11
34442,11
12708,11
67460,11
14304,11
84910,11
793,11
16434,11
796,11
64110,11
32603,11
68547,11
14222,11
67557,11
734,11
741,11
84824,11
84826,11
67410,11
75700,11
32590,11
14242,11
85021,11
82953,11
14247,11
14410,11
49123,11
66308,11
12854,11
68549,11
32380,11
85066,11
83723,11
64421,11
66004,11
47916,11
48049,11
267,11
49872,11
23280,11
14208,11
76606,11
64406,11
86787,11
86785,11
83731,11
64398,11
30253,11
85010,11
797,11
86537,11
14402,11
801,11
66269,11
12637,11
49851,11
68433,11
67425,11
84848,11
16355,11
83851,11
67525,11
75731,11
30348,11
66099,11
86560,11
64154,11
64155,11
32552,11
86733,11
85005,11
34514,11
86754,11
68532,11
64121,11
34280,11
67417,11
68527,11
30361,11
48663,11
66083,11
30359,11
84839,11
30355,11
86546,11
64132,11
31306,11
85008,11
68289,11
76386,11
32205,11
68147,11
31969,11
86061,11
86065,11
33737,11
13853,11
15255,11
85443,11
22671,11
942,11
33745,11
66710,11
23349,11
87142,11
85433,11
12155,11
99334,11
30606,11
64885,11
66718,11
16664,11
15249,11
34976,11
33037,11
33034,11
86040,11
23166,11
49347,11
66727,11
64912,11
68137,11
33697,11
68139,11
30937,11
14784,11
65582,11
68145,11
627,11
68146,11
87139,11
34956,11
23622,11
30601,11
63702,11
68754,11
48797,11
85403,11
85400,11
82614,11
16667,11
68750,11
33782,11
32965,11
87117,11
99007,11
12183,11
85397,11
83519,11
83189,11
49005,11
13270,11
63701,11
33769,11
22826,11
48206,11
68762,11
99330,11
82606,11
31984,11
48199,11
84464,11
23344,11
31993,11
83503,11
66694,11
30948,11
70,11
926,11
66688,11
63698,11
49350,11
63644,11
65559,11
75636,11
65505,11
29976,11
99546,11
87210,11
87208,11
63591,11
76511,11
35018,11
85506,11
13374,11
13368,11
68800,11
83246,11
68799,11
30892,11
49362,11
64965,11
16725,11
65504,11
66773,11
31919,11
29956,11
33100,11
65487,11
65488,11
14845,11
83261,11
83465,11
87216,11
84405,11
13767,11
63,11
83260,11
599,11
47764,11
63580,11
68106,11
64963,11
68119,11
64920,11
16723,11
67835,11
13830,11
50029,11
64940,11
86027,11
83481,11
64936,11
49356,11
48816,11
23157,11
33674,11
952,11
951,11
84046,11
50023,11
29999,11
82584,11
86015,11
31953,11
33062,11
49565,11
85495,11
48231,11
48230,11
35001,11
87193,11
64953,11
65525,11
33654,11
16714,11
63615,11
66757,11
22836,11
84421,11
63616,11
68791,11
34992,11
86119,11
13256,11
15377,11
63824,11
99035,11
48151,11
75791,11
15707,11
49953,11
76400,11
32129,11
13141,11
87028,11
31035,11
49952,11
84590,11
34801,11
76396,11
48137,11
33929,11
13121,11
34813,11
87032,11
64828,11
87033,11
12275,11
65706,11
34847,11
75794,11
99875,11
13192,11
68689,11
85332,11
75666,11
64739,11
87040,11
99307,11
33882,11
14677,11
63817,11
13964,11
650,11
84596,11
13113,11
84600,11
32156,11
32814,11
76387,11
86980,11
99641,11
33986,11
66513,11
84620,11
32807,11
85260,11
31422,11
31065,11
83949,11
31421,11
76636,11
83948,11
15356,11
84629,11
49059,11
32175,11
85265,11
31048,11
47846,11
661,11
666,11
32829,11
14653,11
48753,11
49660,11
47849,11
65780,11
86282,11
64662,11
86288,11
23202,11
23208,11
12346,11
33968,11
33863,11
14683,11
75797,11
67253,11
84493,11
67239,11
16072,11
14729,11
66646,11
34910,11
84504,11
13237,11
16099,11
13235,11
32930,11
16102,11
84521,11
34889,11
63754,11
99891,11
99588,11
82655,11
48178,11
23170,11
32949,11
75653,11
31491,11
32954,11
33788,11
75810,11
63727,11
64824,11
15749,11
33799,11
15273,11
33794,11
83184,11
82648,11
34920,11
86130,11
49980,11
16636,11
31465,11
13924,11
99589,11
63782,11
15286,11
83150,11
64769,11
49029,11
23077,11
67260,11
49314,11
12265,11
63792,11
15741,11
85349,11
76258,11
86181,11
76536,11
13923,11
16606,11
15742,11
66609,11
34869,11
86171,11
65662,11
76123,11
49974,11
15284,11
82675,11
75656,11
76534,11
13907,11
47828,11
48175,11
49966,11
87067,11
16611,11
32084,11
75660,11
65677,11
68700,11
75075,11
87445,11
92644,11
45740,11
72033,11
92634,11
52194,11
2765,11
6912,11
45732,11
45731,11
57292,11
45727,11
45897,11
2771,11
92651,11
6894,11
19684,11
24590,11
72040,11
19693,11
92679,11
6865,11
6923,11
40950,11
57313,11
79659,11
97115,11
40856,11
97112,11
71973,11
79709,11
92548,11
2735,11
19632,11
19634,11
97107,11
92569,11
26964,11
40896,11
26960,11
92588,11
40900,11
57354,11
72023,11
40940,11
52210,11
19697,11
77540,11
57169,11
6785,11
41105,11
41108,11
41110,11
41113,11
57149,11
57146,11
57142,11
6774,11
21728,11
74535,11
21727,11
41146,11
6752,11
97017,11
72115,11
52258,11
24609,11
6742,11
26851,11
41087,11
72049,11
45665,11
26911,11
41022,11
19710,11
97056,11
41031,11
45696,11
57229,11
57216,11
57215,11
72065,11
72067,11
72068,11
24599,11
2801,11
57200,11
41054,11
72076,11
41065,11
92740,11
71971,11
45783,11
71970,11
71840,11
92304,11
79827,11
57681,11
40612,11
71851,11
27084,11
19514,11
92321,11
7234,11
45858,11
97167,11
92325,11
40640,11
57641,11
7224,11
57633,11
7212,11
40660,11
24512,11
45861,11
40586,11
27075,11
97178,11
27157,11
52034,11
7328,11
40504,11
57784,11
92215,11
97204,11
45888,11
92234,11
79865,11
7294,11
57742,11
71819,11
52055,11
40554,11
40557,11
92276,11
7270,11
19507,11
74622,11
57616,11
92518,11
40732,11
52126,11
92435,11
92438,11
71918,11
79754,11
57478,11
19597,11
79744,11
97126,11
27003,11
57460,11
40803,11
79734,11
26992,11
19616,11
52156,11
92511,11
71961,11
71964,11
40737,11
2708,11
92353,11
57543,11
40668,11
7192,11
79814,11
97158,11
71875,11
40672,11
92377,11
19550,11
19551,11
71887,11
40692,11
7150,11
19562,11
7143,11
92396,11
40706,11
2701,11
7127,11
57544,11
19753,11
26816,11
92820,11
19898,11
52419,11
19901,11
93204,11
19903,11
52423,11
6334,11
41596,11
79405,11
6326,11
41604,11
6315,11
52427,11
72349,11
79398,11
56602,11
2946,11
93252,11
56585,11
74453,11
74462,11
6347,11
93269,11
19894,11
93125,11
41482,11
19858,11
74469,11
41501,11
79451,11
41508,11
93147,11
41517,11
2923,11
6416,11
6400,11
77612,11
56694,11
45476,11
72321,11
26613,11
93177,11
96889,11
56576,11
72374,11
41476,11
79329,11
41759,11
56450,11
72428,11
79321,11
56442,11
79314,11
21627,11
2993,11
6122,11
93409,11
93412,11
93414,11
6096,11
56392,11
96813,11
41831,11
45401,11
2999,11
26480,11
41757,11
6179,11
93271,11
74436,11
41663,11
6283,11
74449,11
19934,11
93276,11
24698,11
72380,11
72383,11
41677,11
77620,11
26555,11
19948,11
56523,11
6230,11
45446,11
56519,11
96841,11
45437,11
26529,11
6434,11
6445,11
6737,11
41238,11
41253,11
92900,11
56986,11
6636,11
72171,11
56974,11
19783,11
6619,11
21699,11
79554,11
41281,11
52313,11
79553,11
45577,11
72182,11
92955,11
45567,11
92968,11
52327,11
92894,11
6674,11
26734,11
92870,11
72119,11
6731,11
45635,11
57089,11
6721,11
72123,11
72126,11
6714,11
26804,11
52280,11
57055,11
52284,11
41209,11
74525,11
72144,11
41222,11
6688,11
92869,11
21712,11
26735,11
72209,11
93112,11
56854,11
52353,11
45532,11
72233,11
21676,11
93052,11
56827,11
72247,11
56820,11
56816,11
77599,11
41447,11
56786,11
19845,11
2912,11
56781,11
41452,11
52379,11
41460,11
45499,11
6545,11
2897,11
2867,11
6549,11
41330,11
92986,11
19804,11
92989,11
41343,11
74496,11
45546,11
6574,11
41353,11
56883,11
56881,11
6571,11
56877,11
19812,11
93009,11
56870,11
24657,11
6561,11
26716,11
7335,11
79879,11
6068,11
18964,11
39482,11
8317,11
71207,11
58918,11
97575,11
58908,11
58901,11
58900,11
58899,11
8285,11
27161,11
39519,11
58884,11
27661,11
21972,11
51679,11
74840,11
24307,11
51683,11
39568,11
18956,11
58945,11
21983,11
27705,11
59021,11
59019,11
77292,11
59011,11
91172,11
97597,11
8372,11
91182,11
58989,11
8366,11
58985,11
46285,11
39439,11
51633,11
18927,11
39449,11
18930,11
91208,11
2288,11
71256,11
21966,11
51693,11
8118,11
24340,11
51736,11
46193,11
58686,11
91468,11
19089,11
58668,11
51749,11
91482,11
39717,11
19091,11
80262,11
58643,11
39731,11
8062,11
24354,11
91504,11
80250,11
39742,11
97507,11
2361,11
51697,11
8124,11
51699,11
8181,11
71282,11
58774,11
97532,11
91365,11
80343,11
71300,11
39630,11
8160,11
58750,11
24329,11
91394,11
97524,11
71315,11
46211,11
71322,11
91425,11
8131,11
39384,11
39370,11
18890,11
2186,11
71001,11
90914,11
46398,11
77251,11
39204,11
27849,11
80582,11
77252,11
90948,11
24257,11
39219,11
8571,11
71033,11
77263,11
90988,11
80548,11
80546,11
59206,11
46366,11
8624,11
27876,11
59200,11
74904,11
90828,11
90829,11
97728,11
39129,11
22051,11
2166,11
97716,11
80623,11
39137,11
97703,11
39141,11
59342,11
70974,11
39145,11
90870,11
59328,11
59316,11
39176,11
70991,11
39258,11
59197,11
51598,11
80491,11
59100,11
18878,11
59095,11
59094,11
71117,11
46321,11
80481,11
74872,11
91102,11
8430,11
27759,11
18886,11
71130,11
46319,11
80472,11
39359,11
46318,11
51596,11
39363,11
39340,11
59106,11
39267,11
51586,11
51550,11
18817,11
27796,11
51555,11
24262,11
18844,11
8503,11
91032,11
91037,11
27779,11
46344,11
71101,11
39319,11
39327,11
59122,11
74873,11
51583,11
8464,11
39335,11
58613,11
51768,11
91516,11
45970,11
91961,11
77440,11
40270,11
97294,11
91978,11
7549,11
71666,11
71669,11
27244,11
58051,11
7528,11
92003,11
19387,11
79966,11
40291,11
58036,11
71678,11
71679,11
40299,11
7565,11
7574,11
58011,11
58115,11
51903,11
40133,11
40138,11
71601,11
46040,11
40147,11
58201,11
58188,11
2544,11
71614,11
91891,11
58171,11
80007,11
74701,11
58151,11
7619,11
97319,11
91939,11
19361,11
7517,11
40312,11
19340,11
71733,11
7413,11
79929,11
40410,11
19425,11
57888,11
7404,11
71744,11
19428,11
7396,11
19442,11
79913,11
27188,11
74653,11
52022,11
19462,11
40454,11
71771,11
40462,11
74648,11
57908,11
40392,11
79955,11
7416,11
7492,11
57999,11
57991,11
40326,11
2603,11
40332,11
97265,11
92065,11
92070,11
79937,11
57953,11
79935,11
97244,11
97239,11
21829,11
74663,11
2630,11
40390,11
79931,11
40129,11
58221,11
77337,11
91635,11
21910,11
91640,11
39873,11
58485,11
39878,11
39881,11
74764,11
46114,11
39893,11
39897,11
91658,11
39908,11
7888,11
27397,11
80148,11
51825,11
71469,11
91684,11
39945,11
7910,11
91622,11
58417,11
91618,11
27514,11
80239,11
58598,11
58595,11
19121,11
58588,11
46150,11
21938,11
80220,11
97453,11
80206,11
27475,11
77355,11
2430,11
51797,11
58540,11
46126,11
7955,11
19162,11
7856,11
51833,11
80028,11
97376,11
46074,11
97369,11
40066,11
40069,11
58288,11
7731,11
19319,11
2515,11
91822,11
2521,11
58256,11
74718,11
7691,11
91833,11
71576,11
19329,11
58231,11
58227,11
40123,11
27319,11
27327,11
80128,11
7769,11
7837,11
58397,11
39979,11
39988,11
51848,11
2471,11
39992,11
39993,11
7815,11
46096,11
40002,11
11895,11
40022,11
19253,11
19271,11
58342,11
91765,11
27331,11
58331,11
93449,11
56372,11
8693,11
54521,11
20764,11
25603,11
44815,11
4670,11
54540,11
4667,11
54536,11
43561,11
74075,11
43577,11
43141,11
44810,11
96153,11
25581,11
20799,11
95014,11
43602,11
4627,11
4624,11
53182,11
21358,11
54561,11
73374,11
43531,11
54656,11
54652,11
54647,11
43429,11
77901,11
25046,11
43439,11
54606,11
96183,11
20752,11
3513,11
43506,11
44831,11
54587,11
20756,11
78539,11
25050,11
43530,11
25609,11
20805,11
54478,11
95037,11
78466,11
53226,11
54353,11
20840,11
25508,11
54337,11
4480,11
4477,11
95185,11
73499,11
54323,11
20863,11
43720,11
4459,11
96100,11
53235,11
53237,11
4455,11
4454,11
4451,11
96110,11
25524,11
53187,11
78467,11
25563,11
44789,11
54458,11
73429,11
95057,11
77932,11
20811,11
44769,11
4557,11
73451,11
54404,11
95114,11
43677,11
73453,11
54398,11
73459,11
54378,11
78470,11
78468,11
43404,11
54663,11
94898,11
43216,11
43221,11
24998,11
94714,11
54892,11
3427,11
53037,11
77867,11
54873,11
25740,11
43247,11
4896,11
25735,11
43258,11
4879,11
25723,11
44906,11
43270,11
43271,11
4863,11
3423,11
94696,11
54824,11
78679,11
73164,11
20578,11
94637,11
43164,11
78703,11
94641,11
94642,11
54981,11
54978,11
3395,11
21419,11
44943,11
44941,11
43195,11
96308,11
94678,11
44938,11
53011,11
3409,11
94773,11
3445,11
43398,11
54739,11
20712,11
74104,11
77892,11
43359,11
20718,11
53100,11
96220,11
78581,11
78579,11
43379,11
4767,11
53105,11
43381,11
25040,11
25651,11
94889,11
73330,11
54680,11
73333,11
44875,11
73296,11
25021,11
54750,11
54814,11
21397,11
54807,11
4842,11
94798,11
44893,11
25717,11
43296,11
21374,11
4826,11
4816,11
96231,11
25699,11
54765,11
54760,11
4795,11
73280,11
44883,11
44882,11
78432,11
73516,11
53244,11
44234,11
53787,11
78056,11
44589,11
44247,11
44248,11
44249,11
53773,11
44265,11
3742,11
21133,11
95935,11
53751,11
44283,11
21239,11
4003,11
73923,11
78065,11
21145,11
95671,11
73770,11
44232,11
95673,11
44591,11
44609,11
44160,11
73739,11
44162,11
25310,11
53851,11
78216,11
53408,11
78038,11
53842,11
73748,11
4084,11
73751,11
95596,11
4081,11
44174,11
25154,11
95955,11
44220,11
44557,11
44555,11
21083,11
95892,11
95751,11
53630,11
95888,11
3787,11
25239,11
95769,11
25228,11
44516,11
44514,11
53588,11
3854,11
44509,11
73867,11
95833,11
95834,11
73890,11
3819,11
21215,11
95849,11
44394,11
53638,11
25176,11
95898,11
78069,11
44322,11
3979,11
53701,11
95700,11
44338,11
44340,11
53692,11
53690,11
25268,11
78159,11
78071,11
53669,11
25180,11
44540,11
44377,11
3935,11
44378,11
44537,11
44611,11
53389,11
43744,11
95303,11
77967,11
54174,11
25452,11
4323,11
53287,11
4310,11
78368,11
4296,11
43875,11
95353,11
20966,11
78348,11
43911,11
78346,11
25418,11
20975,11
77982,11
54080,11
73618,11
3633,11
21319,11
78341,11
77964,11
25082,11
43756,11
20877,11
78420,11
74032,11
73535,11
95254,11
53262,11
4400,11
54241,11
54232,11
73547,11
4387,11
4383,11
96066,11
3628,11
95278,11
54213,11
3630,11
4271,11
44672,11
73718,11
25375,11
73670,11
96009,11
25121,11
53357,11
95479,11
44055,11
44637,11
73685,11
25129,11
21045,11
53372,11
4173,11
73696,11
44631,11
25347,11
53378,11
21064,11
25335,11
78242,11
96012,11
21031,11
4268,11
95456,11
44669,11
54058,11
78333,11
20986,11
73636,11
43972,11
53332,11
78319,11
43980,11
43983,11
3665,11
44007,11
25392,11
95435,11
4232,11
4219,11
53999,11
44659,11
21291,11
43146,11
55019,11
6059,11
55870,11
74335,11
55902,11
3113,11
5637,11
52673,11
79060,11
5631,11
26236,11
79059,11
20188,11
94618,11
5620,11
55859,11
55857,11
42349,11
55848,11
79041,11
52692,11
21548,11
55828,11
55909,11
3108,11
72701,11
55922,11
42185,11
79123,11
93803,11
42197,11
96675,11
79116,11
52649,11
93822,11
26261,11
42235,11
21565,11
52657,11
5674,11
93835,11
72687,11
93842,11
96669,11
3106,11
93851,11
74313,11
42373,11
96634,11
26139,11
5517,11
45189,11
72825,11
72829,11
55690,11
55689,11
5510,11
5508,11
55684,11
94047,11
24873,11
52747,11
94055,11
94056,11
55666,11
55661,11
94063,11
5497,11
94065,11
20282,11
42452,11
21536,11
94004,11
72769,11
93949,11
52710,11
93953,11
5565,11
93969,11
96621,11
42405,11
55774,11
26161,11
96615,11
21533,11
93985,11
42429,11
72802,11
20274,11
26147,11
24864,11
55730,11
26284,11
96685,11
74352,11
56284,11
5987,11
45381,11
79238,11
52533,11
93549,11
20054,11
96780,11
72525,11
5954,11
74396,11
26412,11
93584,11
5919,11
26398,11
41978,11
93605,11
5907,11
56195,11
41996,11
52528,11
93530,11
72560,11
79245,11
6056,11
20012,11
96801,11
79265,11
77648,11
20025,11
41882,11
20033,11
45388,11
56320,11
96796,11
56318,11
56314,11
93507,11
20043,11
6007,11
45383,11
72504,11
56296,11
74388,11
5881,11
45282,11
96717,11
93715,11
20115,11
56073,11
56072,11
24776,11
5784,11
79165,11
42140,11
56049,11
79150,11
79144,11
96705,11
96699,11
26297,11
5755,11
56019,11
72645,11
5729,11
20137,11
5804,11
56085,11
93631,11
56086,11
52577,11
26360,11
93647,11
42033,11
52581,11
96743,11
93653,11
42036,11
77672,11
5846,11
5839,11
79183,11
56118,11
26339,11
56110,11
3062,11
72595,11
93702,11
93710,11
5494,11
52750,11
42520,11
74212,11
3293,11
55257,11
20459,11
42913,11
5230,11
94399,11
5227,11
55233,11
55232,11
55229,11
25909,11
5222,11
45051,11
96430,11
94424,11
96424,11
96414,11
96411,11
25893,11
55264,11
55269,11
21460,11
73035,11
94312,11
73012,11
20439,11
3274,11
25931,11
94329,11
52874,11
3283,11
5280,11
5276,11
5275,11
42862,11
55296,11
5266,11
5258,11
55281,11
78814,11
55279,11
42883,11
73070,11
55178,11
52864,11
5092,11
52950,11
43052,11
25854,11
25850,11
43082,11
25835,11
3367,11
52967,11
55061,11
43099,11
94583,11
73147,11
5046,11
55040,11
44978,11
94606,11
94613,11
5026,11
78720,11
3351,11
94529,11
5167,11
21444,11
55170,11
73077,11
74185,11
77824,11
96390,11
94480,11
55147,11
73096,11
94504,11
96385,11
24945,11
94508,11
52937,11
3345,11
43027,11
5107,11
45014,11
96374,11
55117,11
78840,11
5310,11
45178,11
94127,11
42607,11
45142,11
72900,11
42614,11
72903,11
3196,11
72907,11
94150,11
72910,11
94166,11
52793,11
24890,11
26040,11
55527,11
55524,11
94171,11
55515,11
45132,11
77762,11
78931,11
72890,11
55502,11
94117,11
94086,11
72858,11
52757,11
72862,11
55628,11
55627,11
94089,11
55625,11
96572,11
55618,11
55615,11
42543,11
42545,11
55608,11
72869,11
94108,11
20319,11
78949,11
96556,11
42648,11
77763,11
94296,11
42741,11
55411,11
42749,11
25985,11
42765,11
5333,11
25968,11
45101,11
72990,11
55376,11
20418,11
55366,11
5320,11
55363,11
96461,11
45084,11
42799,11
96459,11
5318,11
21476,11
45104,11
25992,11
72937,11
77772,11
96508,11
52810,11
3221,11
94208,11
42684,11
55475,11
55473,11
52820,11
96496,11
26016,11
42701,11
3238,11
72953,11
24900,11
78893,11
21490,11
96483,11
94237,11
96474,11
51479,11
91749,11
92076,11
36137,11
75444,11
11170,11
36147,11
81341,11
50401,11
70140,11
88173,11
70141,11
70145,11
46879,11
37651,11
62481,11
89522,11
37654,11
60884,11
98192,11
50955,11
11164,11
28671,11
88198,11
36167,11
11155,11
37589,11
70110,11
70111,11
60956,11
88185,11
11160,11
60953,11
60952,11
28665,11
37616,11
9880,11
9846,11
77044,11
9910,11
36133,11
81308,11
60834,11
37705,11
11191,11
81307,11
82070,11
9804,11
81305,11
28610,11
60820,11
60818,11
81303,11
60809,11
9790,11
28602,11
62514,11
62509,11
11187,11
9829,11
28624,11
47391,11
69350,11
82068,11
98175,11
36101,11
98170,11
70181,11
37675,11
70168,11
28620,11
36096,11
37689,11
28617,11
29431,11
22272,11
89311,11
89374,11
62351,11
1637,11
36288,11
10007,11
29389,11
36267,11
62370,11
70046,11
81405,11
69400,11
81403,11
23987,11
62376,11
89367,11
88272,11
98239,11
10020,11
47359,11
61122,11
28780,11
10043,11
62331,11
1290,11
46935,11
50884,11
50886,11
62349,11
46930,11
36297,11
76845,11
37445,11
88291,11
23981,11
50914,11
17947,11
37581,11
36235,11
37537,11
81369,11
61018,11
29423,11
50930,11
46906,11
46903,11
88210,11
9926,11
98210,11
17294,11
37576,11
50938,11
29427,11
50940,11
37536,11
89401,11
11135,11
62418,11
23823,11
9964,11
11124,11
89389,11
88233,11
88230,11
70070,11
23814,11
98217,11
81382,11
62419,11
77034,11
50417,11
28706,11
89602,11
50390,11
50997,11
62671,11
9646,11
88062,11
9638,11
50339,11
98068,11
70313,11
29521,11
18212,11
47448,11
60572,11
60571,11
88046,11
60570,11
51075,11
60567,11
89798,11
1207,11
1210,11
62629,11
88080,11
35948,11
70302,11
89774,11
77086,11
62622,11
60600,11
35923,11
9670,11
81176,11
35937,11
88076,11
29512,11
69286,11
89813,11
81165,11
82074,11
75480,11
38038,11
18269,11
60464,11
62696,11
35865,11
88024,11
1194,11
46744,11
89905,11
88023,11
60454,11
88018,11
9525,11
70385,11
38057,11
9549,11
35872,11
89886,11
62681,11
75481,11
37963,11
70330,11
11289,11
37998,11
35882,11
1197,11
17178,11
38007,11
38010,11
28465,11
11295,11
60499,11
88033,11
18192,11
37892,11
35964,11
98080,11
75455,11
89659,11
60733,11
70234,11
37797,11
18105,11
28568,11
82093,11
51024,11
89673,11
22254,11
70240,11
89678,11
9746,11
46814,11
51012,11
50378,11
1741,11
24016,11
24013,11
17273,11
50999,11
60787,11
62531,11
60784,11
88140,11
89625,11
1726,11
37751,11
62534,11
70215,11
1231,11
29465,11
9739,11
28555,11
11219,11
70282,11
70269,11
60642,11
17211,11
18181,11
35984,11
47416,11
69300,11
98098,11
18186,11
35979,11
88084,11
17209,11
98081,11
60622,11
76811,11
75458,11
88110,11
98106,11
11231,11
60686,11
17256,11
9723,11
60678,11
60675,11
77067,11
17221,11
1775,11
82098,11
29482,11
29486,11
18149,11
60657,11
75416,11
37419,11
38066,11
81651,11
88877,11
88886,11
98411,11
61637,11
81673,11
36961,11
1483,11
1358,11
36533,11
69532,11
47247,11
10478,11
88522,11
28999,11
62099,11
69765,11
47088,11
88537,11
29260,11
10528,11
81701,11
17632,11
88563,11
50546,11
10824,11
69750,11
61653,11
29261,11
69753,11
88864,11
88542,11
88865,11
10503,11
61620,11
47248,11
50554,11
28990,11
37035,11
61555,11
10863,11
17699,11
62125,11
36491,11
10408,11
23920,11
47053,11
10395,11
36484,11
22359,11
62133,11
88476,11
10377,11
69520,11
69816,11
28969,11
61577,11
36511,11
36994,11
69803,11
10852,11
61582,11
61580,11
98392,11
23919,11
1354,11
1346,11
1499,11
88943,11
81902,11
88497,11
98544,11
81703,11
88304,11
76924,11
17552,11
36750,11
10731,11
1399,11
47165,11
23894,11
36651,11
17553,11
36767,11
47199,11
76907,11
23897,11
75332,11
47157,11
10649,11
36724,11
36718,11
36664,11
50604,11
50598,11
75352,11
88657,11
50596,11
76908,11
69624,11
23886,11
29139,11
17531,11
61950,11
10687,11
81823,11
76915,11
36716,11
10756,11
1427,11
17623,11
47149,11
88753,11
88754,11
88766,11
17597,11
69699,11
61762,11
61760,11
10579,11
36859,11
47119,11
61728,11
69558,11
88819,11
62035,11
36883,11
10800,11
10620,11
69580,11
61816,11
10643,11
61829,11
29209,11
36791,11
36792,11
36794,11
10632,11
50563,11
29107,11
61806,11
98458,11
88599,11
23902,11
69586,11
62136,11
88986,11
37084,11
75411,11
75239,11
17409,11
98614,11
98284,11
37328,11
11029,11
17385,11
89212,11
17366,11
98280,11
17363,11
17360,11
46971,11
10136,11
98275,11
98607,11
98287,11
61282,11
69922,11
77003,11
81537,11
10186,11
89172,11
69920,11
89174,11
37281,11
98291,11
88379,11
88372,11
81524,11
61293,11
37307,11
1312,11
36345,11
89230,11
88469,11
61237,11
37392,11
82002,11
11066,11
69980,11
29374,11
37402,11
89273,11
98626,11
75222,11
22295,11
37415,11
61157,11
17343,11
69999,11
69421,11
11063,11
37391,11
28793,11
17833,11
69435,11
69952,11
61228,11
36335,11
37364,11
50856,11
81501,11
75226,11
28801,11
81499,11
61201,11
28797,11
46957,11
37386,11
10190,11
46998,11
10990,11
10988,11
10319,11
10314,11
50766,11
10310,11
89046,11
62179,11
36435,11
37141,11
69496,11
29315,11
37162,11
88432,11
81589,11
61430,11
17428,11
62173,11
10927,11
1531,11
10357,11
69839,11
17451,11
69508,11
17723,11
17443,11
69844,11
37090,11
10331,11
37097,11
36450,11
61484,11
1328,11
50756,11
50759,11
50778,11
88421,11
17752,11
76997,11
17783,11
10221,11
69484,11
10218,11
61354,11
37235,11
69902,11
37216,11
75251,11
62218,11
17789,11
17792,11
69481,11
88391,11
50806,11
61370,11
36397,11
28912,11
98341,11
37171,11
29319,11
17757,11
23845,11
89080,11
23947,11
81562,11
88407,11
37192,11
69888,11
1549,11
76878,11
37205,11
69252,11
29174,11
16874,11
29611,11
28064,11
97934,11
18581,11
63111,11
9253,11
11819,11
28155,11
62871,11
38679,11
38969,11
23761,11
70546,11
98845,11
35703,11
90200,11
38324,11
11459,11
18471,11
70536,11
97860,11
46642,11
38958,11
90234,11
70535,11
38952,11
80908,11
28018,11
9214,11
87633,11
69149,11
28287,11
38942,11
87569,11
47549,11
24146,11
38425,11
47516,11
9225,11
80917,11
11692,11
80918,11
59667,11
50278,11
70836,11
28297,11
97925,11
70847,11
69044,11
46490,11
2028,11
18636,11
18628,11
70516,11
9305,11
11825,11
60203,11
90146,11
11826,11
35567,11
60205,11
38274,11
22102,11
46530,11
70510,11
50291,11
11597,11
51336,11
47636,11
63217,11
1049,11
9058,11
8834,11
28344,11
90192,11
77136,11
29799,11
38829,11
60169,11
22542,11
18638,11
51216,11
80945,11
70777,11
82240,11
11822,11
22108,11
22616,11
17069,11
90173,11
50287,11
9290,11
70520,11
90447,11
9292,11
8837,11
9067,11
51254,11
9208,11
35673,11
29645,11
62953,11
59620,11
8891,11
59924,11
9111,11
17016,11
90368,11
1990,11
51384,11
87812,11
38886,11
50188,11
24170,11
47617,11
59614,11
1985,11
8888,11
80723,11
35639,11
90618,11
51326,11
38595,11
63133,11
70787,11
70807,11
97875,11
46577,11
69111,11
62976,11
80823,11
97817,11
70660,11
51310,11
90392,11
50240,11
35610,11
59884,11
50189,11
90395,11
59903,11
29650,11
17013,11
8910,11
59870,11
70650,11
51302,11
1980,11
1978,11
62938,11
38531,11
23750,11
38503,11
47522,11
90642,11
98789,11
59575,11
69103,11
46612,11
87616,11
16882,11
60016,11
75021,11
38474,11
59571,11
60036,11
9200,11
62994,11
35672,11
63174,11
29727,11
60050,11
90639,11
90587,11
70827,11
50264,11
38529,11
22610,11
59975,11
70675,11
70680,11
29748,11
29630,11
18642,11
80881,11
80884,11
46507,11
90413,11
82395,11
50266,11
46609,11
98785,11
63165,11
28165,11
70605,11
46610,11
35737,11
38271,11
2109,11
28108,11
18706,11
38763,11
82430,11
35807,11
90510,11
81034,11
27963,11
98742,11
29555,11
38769,11
38806,11
98738,11
97763,11
22063,11
60376,11
18338,11
63089,11
18620,11
17137,11
23682,11
2047,11
28110,11
1080,11
70436,11
59475,11
90032,11
51150,11
28080,11
90026,11
97825,11
35488,11
87651,11
87511,11
63246,11
38145,11
62766,11
35493,11
87960,11
46721,11
60359,11
70892,11
90737,11
74939,11
89987,11
47648,11
9469,11
11635,11
90725,11
38115,11
11333,11
63261,11
98735,11
80759,11
62720,11
28091,11
18300,11
35512,11
18295,11
35843,11
35523,11
90529,11
82436,11
18718,11
87681,11
8719,11
87454,11
27924,11
87687,11
82164,11
98874,11
28420,11
11336,11
70929,11
35525,11
87664,11
11344,11
46542,11
47582,11
16853,11
22188,11
60403,11
38107,11
35837,11
39061,11
38100,11
90760,11
16943,11
1846,11
8978,11
51367,11
80656,11
27955,11
1836,11
90775,11
9419,11
90010,11
80665,11
60278,11
8818,11
18592,11
70488,11
9372,11
38214,11
24103,11
35760,11
80669,11
27983,11
90078,11
90077,11
70769,11
74978,11
82205,11
80786,11
18594,11
70486,11
35483,11
68981,11
16927,11
74990,11
22541,11
1169,11
29587,11
46658,11
9337,11
90461,11
82228,11
87740,11
90116,11
82223,11
98750,11
9041,11
97975,11
76748,11
38247,11
62826,11
9359,11
9362,11
69185,11
69078,11
39010,11
60255,11
60282,11
62803,11
62802,11
9386,11
38198,11
23689,11
17122,11
62789,11
50161,11
29814,11
38194,11
38753,11
38185,11
59491,11
35368,11
87946,11
11381,11
60315,11
46709,11
38178,11
38758,11
60324,11
59490,11
22177,11
38612,11
38816,11
46550,11
63233,11
38209,11
87934,11
82198,11
51166,11
90708,11
90071,11
38208,11
16646,10
69061,10
16912,10
23718,10
23849,10
73758,10
82485,10
29885,10
25298,10
29282,10
16650,10
82347,10
81909,10
74208,10
23719,10
76081,10
78796,10
15435,10
73948,10
16640,10
73945,10
77797,10
78046,10
21259,10
21254,10
73749,10
21467,10
21096,10
74214,10
82482,10
73051,10
22634,10
78490,10
73031,10
75362,10
31284,10
31712,10
73854,10
78125,10
16857,10
25243,10
16603,10
23006,10
23875,10
78903,10
82688,10
29229,10
21493,10
23691,10
76203,10
17514,10
24896,10
21231,10
30089,10
72942,10
76709,10
26019,10
68931,10
15461,10
81853,10
22617,10
16826,10
21492,10
29248,10
81837,10
25222,10
73775,10
20357,10
20331,10
20334,10
21209,10
81815,10
74267,10
25209,10
29175,10
23673,10
15062,10
68963,10
67452,10
29823,10
69606,10
20339,10
81825,10
67450,10
20346,10
74264,10
76193,10
31715,10
76703,10
73863,10
15068,10
73861,10
72918,10
30098,10
17523,10
25220,10
22622,10
29803,10
73829,10
20372,10
31698,10
25173,10
67050,10
17465,10
76211,10
83867,10
15442,10
76314,10
68716,10
73006,10
67052,10
76893,10
81901,10
69018,10
73787,10
82382,10
15436,10
82381,10
20442,10
25929,10
81903,10
75589,10
29738,10
84166,10
73928,10
29732,10
73780,10
83875,10
73778,10
82375,10
73916,10
73914,10
17479,10
29858,10
82686,10
73818,10
76896,10
20380,10
77769,10
76895,10
22441,10
17485,10
15079,10
21166,10
29262,10
73909,10
20405,10
31309,10
29774,10
20410,10
23244,10
77776,10
67041,10
69541,10
69539,10
74201,10
81883,10
20414,10
82679,10
31688,10
74228,10
29780,10
16795,10
83897,10
15133,10
82091,10
67284,10
78429,10
20737,10
73322,10
29970,10
20876,10
25084,10
22515,10
21363,10
25482,10
75633,10
73311,10
25086,10
74029,10
74100,10
25650,10
20739,10
31452,10
76109,10
25632,10
82692,10
25079,10
15311,10
23193,10
82564,10
75461,10
17234,10
69200,10
25645,10
76107,10
83978,10
25646,10
17223,10
25666,10
29467,10
77971,10
73302,10
20686,10
82238,10
69163,10
73562,10
73267,10
78382,10
74109,10
74021,10
25713,10
75498,10
15236,10
25716,10
73569,10
82530,10
21394,10
29983,10
75494,10
20687,10
73285,10
76144,10
68801,10
84042,10
20893,10
73544,10
25467,10
17075,10
75493,10
69334,10
73282,10
73549,10
22511,10
73551,10
31521,10
69208,10
82192,10
77907,10
68820,10
69261,10
73418,10
23091,10
76243,10
31475,10
78482,10
15268,10
25070,10
25567,10
15279,10
69263,10
29546,10
73471,10
69236,10
25578,10
73420,10
31484,10
69247,10
73432,10
73437,10
25545,10
74061,10
69254,10
68839,10
73446,10
73431,10
77925,10
73447,10
76135,10
25541,10
73430,10
78496,10
73427,10
20794,10
20791,10
25057,10
29563,10
76671,10
15287,10
75468,10
69281,10
69216,10
77909,10
74082,10
78530,10
76807,10
68849,10
73505,10
83991,10
29506,10
83989,10
82136,10
22659,10
23771,10
73482,10
21337,10
29948,10
20785,10
20781,10
20779,10
22657,10
76253,10
82188,10
78457,10
73489,10
22536,10
25507,10
23782,10
25074,10
69352,10
73257,10
25323,10
81971,10
16981,10
67370,10
16979,10
21285,10
17356,10
24961,10
69090,10
21438,10
25856,10
73679,10
67373,10
25366,10
29357,10
76858,10
16955,10
67118,10
15420,10
24969,10
78730,10
31577,10
67130,10
16787,10
78729,10
23220,10
76851,10
69106,10
84123,10
23041,10
69427,10
78289,10
74162,10
73671,10
17355,10
69452,10
23660,10
73576,10
29341,10
82345,10
29330,10
23619,10
69064,10
29326,10
77812,10
15143,10
25890,10
21463,10
25892,10
73724,10
21269,10
21084,10
20481,10
68743,10
73082,10
67102,10
73084,10
25868,10
25356,10
82344,10
23141,10
29335,10
31607,10
22579,10
78262,10
23662,10
29334,10
75537,10
23843,10
68893,10
29697,10
67383,10
25546,10
22567,10
83898,10
30013,10
82059,10
73608,10
15212,10
82053,10
84081,10
21416,10
23754,10
82522,10
67327,10
73216,10
78663,10
67154,10
68783,10
17030,10
24997,10
20965,10
25430,10
25433,10
74013,10
25447,10
15373,10
76148,10
76777,10
31407,10
73250,10
82248,10
15225,10
67172,10
82577,10
15228,10
21314,10
20955,10
78360,10
25754,10
23057,10
78671,10
77998,10
31362,10
78707,10
69120,10
31360,10
76764,10
78715,10
25806,10
25794,10
73650,10
25812,10
75520,10
73158,10
22481,10
31576,10
82032,10
23625,10
29628,10
17307,10
82280,10
82281,10
84097,10
29636,10
20609,10
73995,10
75640,10
69128,10
76224,10
15413,10
20591,10
76155,10
29400,10
78336,10
78557,10
24225,10
24885,10
21862,10
21855,10
28347,10
19351,10
80002,10
19347,10
71623,10
27278,10
77422,10
19346,10
77421,10
15909,10
71575,10
30757,10
74711,10
70522,10
77138,10
30749,10
70525,10
71594,10
83005,10
68351,10
71587,10
71637,10
21844,10
79990,10
83380,10
75085,10
71705,10
30791,10
80978,10
74670,10
68373,10
79960,10
80976,10
77451,10
30782,10
77450,10
15887,10
77116,10
77117,10
80975,10
18442,10
28357,10
68365,10
19371,10
82996,10
24115,10
16277,10
83350,10
24097,10
18510,10
22770,10
28283,10
27371,10
28278,10
28270,10
28257,10
80138,10
19204,10
27395,10
19196,10
80150,10
71573,10
19194,10
83313,10
19193,10
19192,10
70615,10
80871,10
24387,10
83049,10
18530,10
24164,10
30724,10
30466,10
71508,10
71515,10
70543,10
71567,10
74721,10
80929,10
19300,10
16275,10
71554,10
76485,10
19296,10
68013,10
71551,10
19286,10
80076,10
28296,10
70565,10
71531,10
75033,10
27346,10
74735,10
71517,10
80912,10
67949,10
27204,10
72888,10
18265,10
81131,10
67906,10
27076,10
74625,10
81113,10
71863,10
76457,10
28454,10
67907,10
70366,10
28435,10
79836,10
67911,10
70378,10
16339,10
21802,10
27094,10
18283,10
77102,10
70383,10
79829,10
15817,10
18244,10
81143,10
77093,10
21785,10
30864,10
77087,10
15807,10
19578,10
15808,10
71911,10
18209,10
79787,10
27047,10
82932,10
28496,10
23373,10
18218,10
16353,10
19549,10
74614,10
76456,10
18222,10
70332,10
27073,10
70336,10
79831,10
19510,10
18370,10
75089,10
18334,10
79882,10
79887,10
71772,10
22185,10
24491,10
18345,10
30390,10
77459,10
22183,10
75748,10
19509,10
28394,10
30397,10
18350,10
81028,10
30399,10
19423,10
19422,10
74661,10
70443,10
30400,10
74647,10
22187,10
81055,10
28416,10
30382,10
19502,10
70388,10
27106,10
27113,10
28423,10
24079,10
76468,10
81079,10
19495,10
27120,10
71811,10
79855,10
16326,10
81064,10
27141,10
70401,10
27152,10
71788,10
74646,10
30818,10
80855,10
80181,10
19168,10
22020,10
23487,10
70830,10
30614,10
22798,10
71109,10
83220,10
22071,10
80699,10
27765,10
18872,10
28009,10
27787,10
16048,10
27777,10
83204,10
83202,10
18868,10
76539,10
80505,10
77269,10
83197,10
24210,10
68243,10
70820,10
75820,10
23458,10
83234,10
75781,10
77289,10
68132,10
18656,10
77288,10
83229,10
30623,10
77200,10
22089,10
22011,10
68252,10
71133,10
30622,10
22086,10
80708,10
30617,10
71125,10
24198,10
71122,10
28034,10
80683,10
18839,10
19167,10
70976,10
16121,10
70994,10
18763,10
30577,10
18758,10
70909,10
70980,10
70912,10
18756,10
80658,10
27896,10
74950,10
16103,10
83149,10
68212,10
18715,10
70961,10
70932,10
70933,10
83155,10
18724,10
70953,10
30579,10
70893,10
80587,10
80586,10
16137,10
70861,10
80678,10
83138,10
18697,10
18810,10
74947,10
27989,10
18787,10
74945,10
22026,10
70877,10
74894,10
71023,10
70878,10
70879,10
80580,10
30556,10
80585,10
70889,10
71004,10
30625,10
30528,10
74973,10
80279,10
83069,10
83070,10
18576,10
68071,10
74800,10
27536,10
77333,10
71345,10
74805,10
71337,10
23499,10
16020,10
23452,10
77186,10
19055,10
16176,10
27568,10
80311,10
24338,10
74817,10
18599,10
27583,10
27529,10
28163,10
16190,10
71360,10
27446,10
30709,10
28205,10
28203,10
19158,10
24173,10
21923,10
80200,10
23436,10
30698,10
21928,10
24371,10
80207,10
68055,10
19129,10
27498,10
30491,10
77180,10
74794,10
18568,10
19097,10
70720,10
18607,10
75837,10
28087,10
30516,10
74848,10
30642,10
24188,10
83242,10
18958,10
74982,10
71205,10
74851,10
71200,10
71198,10
71193,10
70770,10
18946,10
74855,10
75824,10
80732,10
28065,10
27723,10
70782,10
27725,10
18614,10
27681,10
71291,10
77302,10
23454,10
83094,10
71285,10
30659,10
71276,10
16004,10
71272,10
70737,10
80758,10
28102,10
28101,10
27649,10
28100,10
71241,10
27651,10
76557,10
71234,10
70746,10
68109,10
30650,10
83253,10
24536,10
24537,10
23548,10
69864,10
17724,10
31161,10
72579,10
24763,10
76365,10
28941,10
83687,10
17739,10
69856,10
17740,10
26387,10
74402,10
16518,10
82778,10
68596,10
72546,10
20063,10
72531,10
72530,10
83668,10
76981,10
72522,10
81620,10
26331,10
31167,10
17722,10
72648,10
82746,10
16557,10
22964,10
72642,10
77687,10
81641,10
20127,10
23284,10
74358,10
20126,10
79151,10
74365,10
17713,10
67591,10
31175,10
30174,10
81624,10
23290,10
69836,10
15577,10
22333,10
28917,10
67688,10
19957,10
79311,10
81523,10
19976,10
77628,10
15654,10
82809,10
79322,10
72423,10
28828,10
75234,10
83616,10
20047,10
21632,10
19956,10
67676,10
26533,10
79348,10
22302,10
68559,10
81506,10
26562,10
69956,10
19977,10
79306,10
72449,10
72450,10
17768,10
74407,10
74409,10
76996,10
76615,10
79257,10
79259,10
81543,10
20017,10
24227,10
79267,10
26458,10
72482,10
20013,10
81539,10
19997,10
30214,10
68573,10
76380,10
21624,10
19991,10
74353,10
22973,10
23913,10
78987,10
76920,10
83784,10
72841,10
20286,10
69661,10
72835,10
72830,10
75670,10
69687,10
17582,10
26150,10
24797,10
77733,10
26156,10
69690,10
78993,10
21525,10
16589,10
78999,10
72783,10
29094,10
69706,10
20289,10
23268,10
67492,10
81783,10
20323,10
72879,10
20321,10
77754,10
81813,10
69630,10
83808,10
69633,10
29151,10
26101,10
82696,10
67479,10
69644,10
26114,10
23891,10
67483,10
72854,10
20290,10
23893,10
77747,10
69653,10
72777,10
22396,10
22395,10
26240,10
21563,10
83742,10
26253,10
67552,10
31203,10
20160,10
72688,10
69773,10
23277,10
76031,10
29009,10
24810,10
69780,10
21567,10
20153,10
72669,10
31200,10
69797,10
72665,10
74348,10
79118,10
72705,10
68645,10
17620,10
79073,10
72758,10
77715,10
23908,10
72752,10
16581,10
83757,10
22386,10
72739,10
76341,10
31212,10
79054,10
24824,10
72731,10
76632,10
67540,10
21555,10
30148,10
81697,10
83746,10
69751,10
20178,10
69964,10
15668,10
19590,10
82895,10
30936,10
81275,10
83495,10
70218,10
22256,10
83490,10
30321,10
72060,10
18094,10
28584,10
75159,10
79660,10
30917,10
26917,10
67833,10
70244,10
18112,10
82905,10
70248,10
67836,10
81240,10
70253,10
19715,10
21734,10
81283,10
67807,10
76598,10
28622,10
72122,10
70166,10
23340,10
22264,10
15760,10
70184,10
23557,10
83502,10
30946,10
72111,10
28612,10
24606,10
77051,10
26846,10
26853,10
26857,10
79608,10
19722,10
28599,10
28540,10
18147,10
31076,10
67874,10
82911,10
28507,10
19620,10
74581,10
67866,10
75925,10
75729,10
67871,10
27010,10
83455,10
27020,10
19666,10
71937,10
24550,10
30869,10
24544,10
27026,10
79750,10
19595,10
24050,10
67879,10
21774,10
28515,10
71969,10
28518,10
24567,10
72018,10
30899,10
77534,10
26957,10
77074,10
18160,10
19652,10
76593,10
68458,10
21751,10
76431,10
83468,10
71988,10
22753,10
24034,10
81204,10
70277,10
77078,10
70279,10
18183,10
26980,10
28623,10
74528,10
19763,10
79457,10
17922,10
26623,10
76391,10
81414,10
72303,10
23573,10
16452,10
72298,10
23315,10
26643,10
70040,10
23335,10
77610,10
15692,10
30259,10
68529,10
28736,10
26650,10
15696,10
26652,10
30271,10
70055,10
24687,10
17899,10
83589,10
72334,10
31074,10
26576,10
24695,10
19924,10
79386,10
79387,10
74455,10
23970,10
72358,10
17865,10
81475,10
72345,10
23309,10
75219,10
21642,10
30246,10
70000,10
31061,10
17892,10
76388,10
75701,10
31032,10
28731,10
31021,10
17971,10
79531,10
24654,10
83540,10
17975,10
74502,10
16425,10
26743,10
67767,10
70131,10
70132,10
72168,10
75180,10
19782,10
70135,10
77568,10
79564,10
82861,10
16422,10
18012,10
26802,10
81320,10
75961,10
23569,10
17936,10
30991,10
81387,10
70063,10
26667,10
79481,10
82846,10
26688,10
30275,10
23993,10
21663,10
15724,10
26709,10
75191,10
72226,10
30276,10
70080,10
81373,10
70084,10
75964,10
28696,10
24000,10
75704,10
83646,10
76187,10
59341,10
11669,10
8909,10
42081,10
52806,10
42082,10
52816,10
96506,10
56115,10
96495,10
96492,10
8914,10
87638,10
93682,10
52836,10
59654,10
52844,10
52845,10
11674,10
90584,10
63094,10
59640,10
96531,10
59638,10
3170,10
90609,10
35415,10
38871,10
87565,10
63176,10
93674,10
45187,10
52746,10
11765,10
8902,10
52760,10
3178,10
35434,10
52769,10
96542,10
45143,10
3194,10
63152,10
3260,10
8921,10
11554,10
96462,10
63016,10
90568,10
35569,10
63014,10
11588,10
56064,10
45027,10
63007,10
11580,10
59690,10
52925,10
45022,10
35592,10
90559,10
3332,10
35600,10
62987,10
59700,10
93729,10
35566,10
52901,10
52899,10
63053,10
96460,10
93688,10
87685,10
35519,10
38835,10
52871,10
93695,10
3289,10
63051,10
35559,10
3296,10
87700,10
63045,10
96434,10
63043,10
52889,10
3299,10
45054,10
96590,10
3163,10
56133,10
5842,10
52617,10
11924,10
3078,10
5918,10
41977,10
63324,10
96708,10
56209,10
38949,10
63322,10
52637,10
35266,10
59563,10
52645,10
96674,10
96673,10
11904,10
11898,10
45253,10
41970,10
59553,10
3071,10
3048,10
11963,10
41961,10
35201,10
87374,10
11960,10
96752,10
11958,10
11956,10
63377,10
87405,10
87386,10
35217,10
45327,10
45326,10
8849,10
45319,10
45315,10
35221,10
52653,10
56204,10
41986,10
63218,10
45217,10
96624,10
63229,10
11832,10
35375,10
59602,10
63222,10
52721,10
96614,10
56169,10
3154,10
96606,10
56143,10
96601,10
11805,10
59609,10
38894,10
11800,10
87515,10
3139,10
90645,10
52680,10
63290,10
96664,10
52678,10
11891,10
87463,10
63274,10
87471,10
11882,10
8874,10
87507,10
56181,10
63260,10
45226,10
93629,10
3131,10
11856,10
45222,10
38921,10
8937,10
3344,10
35187,10
53289,10
53238,10
11313,10
5686,10
38719,10
90468,10
38696,10
96070,10
62684,10
35876,10
53261,10
11292,10
88040,10
44718,10
53269,10
35899,10
9065,10
53276,10
35904,10
44706,10
3600,10
53231,10
96106,10
96134,10
87974,10
3543,10
62750,10
38736,10
62743,10
90482,10
35830,10
11341,10
9034,10
62715,10
11338,10
53210,10
38730,10
96128,10
62729,10
96116,10
53223,10
3595,10
96051,10
44699,10
5781,10
5661,10
36007,10
62585,10
53327,10
44664,10
59828,10
88093,10
90438,10
90437,10
90431,10
44650,10
88097,10
44649,10
53355,10
55932,10
88120,10
11214,10
90414,10
53359,10
36065,10
11250,10
59825,10
36003,10
35941,10
44692,10
11259,10
44691,10
53299,10
62640,10
35928,10
96045,10
90451,10
62627,10
38672,10
90441,10
93843,10
35950,10
35957,10
88082,10
11252,10
53318,10
53319,10
62757,10
42219,10
62759,10
3539,10
5764,10
53018,10
87835,10
44934,10
5760,10
87856,10
53026,10
44924,10
44922,10
11487,10
62880,10
93757,10
62873,10
42175,10
35711,10
87882,10
3435,10
87884,10
11447,10
3411,10
93752,10
62920,10
11530,10
62973,10
87786,10
11543,10
52951,10
38802,10
35612,10
62958,10
3352,10
87805,10
56031,10
96361,10
56042,10
3361,10
62934,10
93740,10
56036,10
52982,10
56034,10
35722,10
62845,10
87893,10
42213,10
35766,10
11393,10
53124,10
96194,10
62791,10
87942,10
96193,10
62781,10
44838,10
53123,10
96171,10
59761,10
11375,10
96164,10
53167,10
35805,10
35806,10
53178,10
35765,10
87928,10
8987,10
55996,10
96278,10
11437,10
96268,10
96266,10
59743,10
5719,10
96251,10
11410,10
96239,10
53115,10
55992,10
62824,10
9007,10
53084,10
38760,10
53097,10
53098,10
96219,10
87367,10
45341,10
90411,10
63969,10
8636,10
86850,10
45976,10
51955,10
34614,10
51957,10
34630,10
63998,10
45940,10
51978,10
12475,10
6241,10
97250,10
2623,10
12462,10
2627,10
45911,10
6234,10
12449,10
64026,10
45990,10
90906,10
46013,10
56569,10
90930,10
56563,10
51914,10
34566,10
51915,10
64059,10
46019,10
12533,10
51941,10
34579,10
46009,10
93287,10
90918,10
34593,10
41673,10
46000,10
2556,10
56515,10
63964,10
56455,10
6214,10
34709,10
12396,10
90850,10
41752,10
34726,10
63902,10
86965,10
52093,10
45840,10
45837,10
52101,10
2691,10
41763,10
2699,10
86977,10
86978,10
34765,10
45830,10
52117,10
39139,10
97164,10
97165,10
41735,10
97215,10
8653,10
63961,10
52031,10
52035,10
59334,10
56497,10
86920,10
34670,10
63923,10
97174,10
34680,10
52072,10
6188,10
97170,10
12421,10
97169,10
2682,10
39203,10
41664,10
6287,10
46047,10
6346,10
51770,10
12755,10
90996,10
51774,10
2414,10
64244,10
12728,10
8543,10
6332,10
34419,10
34422,10
97447,10
41605,10
41606,10
8555,10
46127,10
39235,10
93238,10
51757,10
34383,10
93193,10
2370,10
6371,10
51719,10
86570,10
64322,10
97518,10
2359,10
12799,10
6360,10
46192,10
12771,10
39256,10
86590,10
91002,10
97500,10
64291,10
46178,10
34366,10
39251,10
93240,10
51808,10
64210,10
6300,10
34516,10
86743,10
97384,10
56594,10
6303,10
8568,10
34533,10
34536,10
64105,10
97391,10
93264,10
59261,10
64097,10
46056,10
51888,10
8585,10
34547,10
2520,10
97385,10
41635,10
64204,10
39233,10
12700,10
12698,10
2443,10
34460,10
12694,10
97428,10
51814,10
97426,10
34490,10
6311,10
97419,10
39228,10
2466,10
56606,10
59241,10
51843,10
34509,10
8564,10
2706,10
12343,10
5945,10
8802,10
52397,10
8796,10
56317,10
12106,10
52407,10
56306,10
52417,10
41890,10
8800,10
87229,10
41893,10
87241,10
12074,10
96866,10
52439,10
12058,10
63541,10
41895,10
87263,10
35028,10
63579,10
45490,10
2910,10
39051,10
45529,10
2902,10
96933,10
45519,10
6037,10
12126,10
63609,10
52370,10
56323,10
45511,10
93492,10
35023,10
87211,10
2913,10
90740,10
63586,10
90736,10
90713,10
56295,10
39130,10
96851,10
45397,10
96806,10
11988,10
63446,10
90682,10
38990,10
63439,10
3014,10
59528,10
11981,10
35164,10
3021,10
96782,10
52539,10
5948,10
35168,10
63416,10
52556,10
52562,10
11994,10
11995,10
3002,10
87306,10
8806,10
56292,10
93535,10
12030,10
5974,10
12018,10
52468,10
2983,10
5969,10
5955,10
5965,10
63484,10
8815,10
63475,10
93554,10
56258,10
96814,10
87330,10
45537,10
2892,10
39052,10
52337,10
63795,10
2727,10
2731,10
56418,10
56417,10
8727,10
45756,10
97078,10
39095,10
87078,10
2766,10
63756,10
63755,10
41826,10
97068,10
12213,10
8740,10
2784,10
87098,10
59402,10
34857,10
45795,10
87025,10
8684,10
45814,10
63856,10
59382,10
39122,10
8691,10
56448,10
34803,10
2715,10
8703,10
6157,10
56434,10
39108,10
12281,10
63808,10
52145,10
97130,10
93396,10
6085,10
41834,10
12202,10
8772,10
12164,10
87132,10
59449,10
63669,10
56352,10
2840,10
45579,10
90755,10
52318,10
90763,10
90753,10
41865,10
45560,10
41866,10
45559,10
63641,10
87170,10
6042,10
87124,10
6055,10
63728,10
2815,10
93444,10
90776,10
8760,10
97024,10
63723,10
12201,10
34926,10
52250,10
34929,10
12173,10
87109,10
12190,10
45650,10
87114,10
45648,10
8765,10
2823,10
41846,10
59848,10
36069,10
91006,10
61207,10
43557,10
4675,10
37340,10
54549,10
37345,10
10124,10
4682,10
37350,10
37353,10
43537,10
43533,10
5339,10
42761,10
38041,10
89251,10
55399,10
60465,10
55398,10
61209,10
43559,10
10146,10
43575,10
10176,10
4626,10
43603,10
37270,10
61317,10
54493,10
61312,10
4635,10
89175,10
55427,10
4661,10
37286,10
54500,10
54504,10
10170,10
94992,10
54519,10
42740,10
60452,10
61208,10
43503,10
94287,10
4713,10
54668,10
94893,10
10052,10
54678,10
37417,10
94890,10
54685,10
89308,10
89313,10
55372,10
4766,10
43384,10
54700,10
94867,10
55362,10
89323,10
61130,10
94866,10
9560,10
54660,10
4727,10
61163,10
89268,10
94932,10
54603,10
60474,10
43482,10
37385,10
10082,10
61192,10
61190,10
89269,10
42774,10
55395,10
10079,10
43466,10
43465,10
43460,10
55394,10
55386,10
4726,10
38073,10
43614,10
61334,10
10211,10
42641,10
95155,10
61534,10
4507,10
95145,10
38129,10
60375,10
54375,10
61515,10
61512,10
5405,10
88998,10
61509,10
89004,10
89021,10
60379,10
43689,10
60382,10
54386,10
54359,10
37050,10
42640,10
60357,10
95199,10
38148,10
36998,10
54327,10
4471,10
37002,10
10434,10
54340,10
54342,10
55518,10
42635,10
95177,10
88948,10
4491,10
55522,10
9460,10
37038,10
37040,10
95130,10
95127,10
9467,10
37217,10
54452,10
89112,10
60418,10
38099,10
38094,10
61375,10
89122,10
61371,10
89124,10
9484,10
89943,10
42716,10
61355,10
4607,10
10215,10
5355,10
89926,10
89144,10
43646,10
61394,10
61459,10
10274,10
4533,10
61455,10
4544,10
10279,10
42678,10
55484,10
4566,10
61436,10
38108,10
61397,10
54427,10
37163,10
61425,10
38104,10
43659,10
37188,10
4576,10
61398,10
37441,10
94295,10
88917,10
9801,10
60863,10
9834,10
37673,10
60853,10
42959,10
37684,10
94648,10
60627,10
4989,10
43167,10
37878,10
54987,10
60843,10
9821,10
9820,10
54991,10
89557,10
9814,10
94460,10
94662,10
42948,10
9838,10
43211,10
94413,10
37895,10
9862,10
89515,10
9860,10
54926,10
89519,10
5215,10
5214,10
60868,10
43210,10
89757,10
94686,10
54934,10
55204,10
89529,10
89755,10
37879,10
42974,10
94468,10
54719,10
94625,10
60759,10
9759,10
94574,10
55146,10
60748,10
5128,10
55134,10
94520,10
60730,10
37796,10
43078,10
60721,10
37806,10
5096,10
43058,10
55104,10
37817,10
89695,10
89697,10
60760,10
89725,10
43097,10
42994,10
60815,10
94469,10
89582,10
5152,10
5151,10
9787,10
43143,10
55160,10
60789,10
5047,10
42999,10
94601,10
60654,10
9780,10
89609,10
43105,10
94590,10
89727,10
54911,10
89792,10
4928,10
54902,10
5295,10
61070,10
9980,10
43330,10
5288,10
54769,10
54770,10
4812,10
61059,10
94818,10
61051,10
43312,10
37515,10
4815,10
89397,10
37524,10
94815,10
43308,10
9952,10
37997,10
61084,10
94322,10
5303,10
43362,10
94857,10
10029,10
37444,10
43354,10
10017,10
89339,10
54730,10
54740,10
89358,10
60512,10
42829,10
37471,10
94843,10
89354,10
54747,10
94319,10
43338,10
37532,10
43302,10
43298,10
42915,10
60972,10
37595,10
37596,10
9897,10
43248,10
60951,10
55254,10
9636,10
37934,10
37586,10
54882,10
94727,10
4914,10
60577,10
89482,10
89483,10
94401,10
42932,10
89450,10
60984,10
4835,10
9933,10
94337,10
60526,10
61021,10
4846,10
89851,10
89836,10
37974,10
37546,10
94348,10
60985,10
43273,10
43262,10
37571,10
54840,10
37573,10
9924,10
9616,10
43255,10
94155,10
5431,10
62539,10
5575,10
36386,10
9179,10
44364,10
10965,10
55813,10
95721,10
60000,10
62199,10
9183,10
88423,10
88439,10
5586,10
10921,10
9187,10
55798,10
44321,10
3980,10
62157,10
38479,10
53673,10
62230,10
9177,10
59977,10
90344,10
5612,10
55844,10
44405,10
59965,10
53623,10
53624,10
11032,10
59978,10
88381,10
11030,10
88357,10
44379,10
93930,10
62248,10
95726,10
44369,10
42381,10
88462,10
36459,10
60099,10
10898,10
44231,10
62077,10
9221,10
44224,10
10829,10
90256,10
4047,10
90252,10
10819,10
90248,10
55771,10
60094,10
88570,10
36585,10
4072,10
95594,10
10804,10
4083,10
36589,10
60080,10
9220,10
36532,10
88501,10
36464,10
36465,10
38469,10
44302,10
88471,10
60044,10
9204,10
53738,10
10859,10
90264,10
62110,10
38444,10
62101,10
60067,10
60072,10
62095,10
95646,10
36525,10
11046,10
90349,10
53601,10
95793,10
62465,10
36154,10
9120,10
53426,10
44590,10
59899,10
53442,10
11153,10
88204,10
95932,10
42290,10
93878,10
44562,10
11142,10
44558,10
11131,10
3758,10
3759,10
93879,10
9118,10
53416,10
11172,10
95976,10
3696,10
42257,10
42259,10
53376,10
53381,10
36075,10
44620,10
55918,10
59861,10
44601,10
62522,10
53398,10
42268,10
95964,10
44606,10
44605,10
38633,10
59883,10
5632,10
93886,10
88243,10
53555,10
93904,10
3836,10
88308,10
11068,10
95840,10
93907,10
88313,10
3839,10
95831,10
55863,10
95824,10
36339,10
53568,10
44457,10
88328,10
3857,10
44420,10
38562,10
62329,10
62342,10
9128,10
36265,10
44544,10
95916,10
62398,10
42300,10
38596,10
59918,10
9130,10
42321,10
93899,10
36291,10
59926,10
36273,10
62357,10
88286,10
53522,10
3815,10
53526,10
53527,10
95588,10
4090,10
42616,10
10559,10
88787,10
90108,10
88789,10
54128,10
36849,10
61743,10
10576,10
9364,10
61735,10
9368,10
55629,10
88818,10
61721,10
36875,10
61716,10
4316,10
5470,10
95323,10
38210,10
61766,10
95361,10
94077,10
43924,10
10635,10
94051,10
95402,10
4267,10
55670,10
88742,10
94057,10
9313,10
4276,10
10596,10
90135,10
4280,10
9316,10
54102,10
9323,10
55651,10
61783,10
36833,10
60290,10
36890,10
36594,10
43838,10
43791,10
43787,10
36949,10
55572,10
95244,10
61635,10
88891,10
90036,10
94134,10
43770,10
36975,10
42609,10
94141,10
10473,10
95237,10
94144,10
43752,10
95230,10
95228,10
36943,10
36940,10
94120,10
95284,10
36895,10
4338,10
95294,10
36896,10
10543,10
43810,10
54209,10
60295,10
36906,10
54233,10
42565,10
9400,10
9402,10
54227,10
55596,10
10514,10
61660,10
42572,10
43957,10
55683,10
43961,10
43966,10
36638,10
88611,10
38336,10
93995,10
36647,10
95523,10
44124,10
42437,10
5538,10
90202,10
36660,10
53927,10
44097,10
4170,10
53937,10
90201,10
4179,10
36670,10
53944,10
88603,10
9267,10
9266,10
88581,10
53854,10
55765,10
4094,10
93975,10
4096,10
90235,10
62024,10
88577,10
55762,10
44138,10
4113,10
9244,10
4125,10
4129,10
95538,10
42431,10
60127,10
62005,10
36671,10
60160,10
4183,10
9291,10
61867,10
94031,10
55694,10
90167,10
36764,10
88706,10
36771,10
44011,10
4246,10
94030,10
10651,10
10648,10
4251,10
60195,10
9293,10
90160,10
95415,10
42487,10
55701,10
4226,10
4188,10
36691,10
10712,10
4193,10
44059,10
44051,10
38316,10
53968,10
4202,10
90186,10
53975,10
36736,10
36701,10
44040,10
36703,10
94014,10
95455,10
53994,10
10680,10
10678,10
51715,10
37822,10
57367,10
6944,10
32891,10
50338,10
48461,10
14719,10
40916,10
50352,10
32900,10
85368,10
1160,10
14724,10
13909,10
57763,10
57324,10
39739,10
92226,10
65665,10
13934,10
50337,10
50335,10
92592,10
14713,10
98747,10
48457,10
50297,10
57359,10
32881,10
58593,10
50316,10
32069,10
84525,10
58600,10
47453,10
57352,10
13938,10
47452,10
57323,10
32928,10
50374,10
58223,10
58644,10
7319,10
65617,10
14740,10
92639,10
47368,10
85419,10
50418,10
6885,10
1264,10
85423,10
65610,10
39718,10
39704,10
50432,10
48481,10
66648,10
32941,10
32041,10
50377,10
400,10
394,10
50382,10
50388,10
32948,10
6928,10
47397,10
85385,10
6924,10
50400,10
13900,10
58635,10
6922,10
50406,10
14702,10
1159,10
40508,10
40886,10
40880,10
66575,10
65833,10
14048,10
39776,10
66580,10
1113,10
32783,10
32087,10
50230,10
50231,10
47551,10
50234,10
49366,10
99554,10
47546,10
47569,10
14052,10
84579,10
7685,10
32135,10
14080,10
32760,10
7980,10
50201,10
39791,10
65848,10
91834,10
47586,10
32128,10
91835,10
14664,10
7985,10
65841,10
84583,10
14026,10
50245,10
50246,10
412,10
98768,10
65762,10
40895,10
32847,10
65754,10
98763,10
50279,10
32090,10
57365,10
14693,10
13990,10
13987,10
91532,10
1155,10
58591,10
85279,10
1141,10
39773,10
98773,10
92230,10
65805,10
65803,10
32802,10
92570,10
85262,10
99558,10
47536,10
32808,10
65783,10
85268,10
6972,10
413,10
65778,10
85273,10
65602,10
33021,10
280,10
65415,10
58745,10
98496,10
66737,10
98488,10
47166,10
33157,10
40459,10
33158,10
48530,10
6806,10
6801,10
57174,10
48547,10
33168,10
1423,10
33188,10
1408,10
31959,10
57823,10
85594,10
50577,10
1397,10
13734,10
91402,10
85581,10
99657,10
13718,10
14788,10
92730,10
57199,10
13712,10
13711,10
325,10
40151,10
41066,10
85619,10
33194,10
33204,10
65337,10
98446,10
91377,10
57842,10
33248,10
50675,10
57166,10
65320,10
57165,10
50681,10
47112,10
48567,10
33268,10
65300,10
65299,10
65298,10
58758,10
50665,10
65378,10
66751,10
85634,10
40152,10
1424,10
33223,10
47154,10
85652,10
13648,10
50646,10
65345,10
48562,10
57171,10
65342,10
33243,10
47143,10
98457,10
1393,10
98528,10
65580,10
66682,10
40141,10
92686,10
1294,10
14751,10
47322,10
47320,10
92687,10
99625,10
85557,10
13833,10
84470,10
49289,10
92690,10
91460,10
40492,10
98600,10
91470,10
47345,10
85465,10
1288,10
33022,10
58671,10
92214,10
7671,10
33024,10
47361,10
84482,10
8087,10
85451,10
85456,10
65567,10
91474,10
47350,10
13843,10
370,10
1316,10
33069,10
50486,10
57217,10
338,10
58724,10
33091,10
48507,10
85536,10
50547,10
13752,10
65478,10
14778,10
85551,10
33110,10
49268,10
85552,10
8147,10
65472,10
85532,10
40466,10
7331,10
31976,10
350,10
50489,10
47299,10
85494,10
8114,10
85499,10
41028,10
65516,10
57806,10
92695,10
85502,10
1330,10
31981,10
58716,10
41030,10
6996,10
7965,10
7292,10
731,10
92386,10
48072,10
92393,10
48057,10
14343,10
40698,10
7138,10
84922,10
7179,10
58382,10
48044,10
48042,10
49513,10
39980,10
66174,10
66169,10
49516,10
57577,10
49712,10
66439,10
84889,10
32463,10
84689,10
99256,10
84897,10
14354,10
49697,10
48088,10
569,10
7172,10
7764,10
32469,10
66204,10
7800,10
84906,10
7760,10
32507,10
84935,10
99174,10
39964,10
66149,10
772,10
66462,10
99153,10
47972,10
58411,10
39952,10
39951,10
49475,10
92431,10
47928,10
39932,10
14286,10
99114,10
49807,10
84946,10
57668,10
84654,10
49765,10
7759,10
32235,10
32234,10
66453,10
49778,10
57669,10
48012,10
14320,10
58401,10
49502,10
40715,10
48313,10
66154,10
558,10
58330,10
91740,10
1060,10
595,10
91760,10
66326,10
631,10
57625,10
57651,10
84814,10
48246,10
66317,10
14384,10
99322,10
58345,10
634,10
48180,10
84827,10
84724,10
49619,10
7214,10
14446,10
40631,10
49596,10
84757,10
84760,10
14492,10
66369,10
40635,10
49566,10
84775,10
66354,10
48228,10
606,10
14504,10
48209,10
99337,10
604,10
32359,10
40025,10
48249,10
14415,10
99377,10
14561,10
14572,10
48132,10
48122,10
99284,10
670,10
57590,10
66247,10
58332,10
48273,10
49682,10
66243,10
570,10
99261,10
32455,10
40018,10
92372,10
99366,10
49649,10
48169,10
32419,10
66283,10
49629,10
99311,10
84713,10
99367,10
58351,10
49632,10
653,10
40623,10
66417,10
99298,10
49539,10
92320,10
49873,10
7107,10
58310,10
50109,10
14155,10
14152,10
7720,10
47697,10
14149,10
85114,10
47696,10
57438,10
823,10
47689,10
99501,10
14139,10
57433,10
65937,10
66529,10
65935,10
32653,10
98903,10
14159,10
47716,10
57449,10
14176,10
58495,10
66519,10
91634,10
57446,10
65979,10
47726,10
85092,10
32643,10
48374,10
98915,10
66525,10
50099,10
50100,10
84610,10
32165,10
57726,10
91821,10
65897,10
58524,10
39825,10
98864,10
91609,10
91607,10
92519,10
98862,10
32732,10
47640,10
92540,10
40861,10
57735,10
65871,10
14083,10
32708,10
99524,10
32155,10
7010,10
98895,10
47678,10
40824,10
99513,10
32685,10
99516,10
66545,10
7927,10
39848,10
50145,10
98871,10
50149,10
92514,10
65910,10
14119,10
65986,10
49428,10
57453,10
856,10
7884,10
7083,10
14257,10
66076,10
40594,10
66075,10
867,10
7890,10
66072,10
99057,10
39911,10
58299,10
32578,10
7895,10
47834,10
32556,10
85006,10
902,10
537,10
84988,10
66104,10
40604,10
14275,10
66471,10
7104,10
99440,10
84992,10
99097,10
7870,10
47896,10
32548,10
57510,10
92446,10
32555,10
32589,10
84634,10
57458,10
66011,10
14201,10
66007,10
967,10
58480,10
47753,10
85063,10
50054,10
972,10
84626,10
85068,10
65997,10
48370,10
58483,10
92284,10
14180,10
98962,10
7038,10
85027,10
495,10
32209,10
525,10
909,10
99005,10
47793,10
91651,10
7068,10
50017,10
66498,10
39887,10
92475,10
954,10
7047,10
40796,10
7250,10
92161,10
33187,10
33271,10
39377,10
97871,10
14961,10
13118,10
41399,10
51327,10
86271,10
93054,10
13104,10
48781,10
51333,10
13101,10
56826,10
48787,10
97849,10
56825,10
33937,10
64683,10
2053,10
31835,10
48770,10
59016,10
93022,10
51290,10
49030,10
93026,10
59028,10
51294,10
8400,10
64693,10
93035,10
14952,10
84300,10
64687,10
2010,10
97828,10
84289,10
109,10
39355,10
51406,10
46509,10
64601,10
51418,10
48810,10
93083,10
34025,10
40283,10
51429,10
48811,10
64593,10
59077,10
93086,10
56785,10
59083,10
51404,10
46511,10
13081,10
93075,10
97826,10
41418,10
91993,10
56805,10
33990,10
58059,10
97824,10
51377,10
51380,10
59053,10
41424,10
66920,10
86315,10
2065,10
97813,10
99878,10
57931,10
13297,10
1896,10
41322,10
13248,10
48730,10
86140,10
46661,10
51201,10
48732,10
97971,10
13240,10
39448,10
40399,10
14929,10
58970,10
99855,10
33809,10
8354,10
152,10
39447,10
92113,10
33754,10
92976,10
64863,10
46703,10
46690,10
64856,10
84337,10
49101,10
157,10
51176,10
99838,10
51184,10
51188,10
40258,10
92982,10
97964,10
84326,10
1967,10
86190,10
64748,10
33867,10
33868,10
91177,10
91174,10
6551,10
51252,10
97921,10
93017,10
51260,10
56860,10
58083,10
1958,10
64722,10
7558,10
99867,10
86184,10
51212,10
93012,10
46640,10
98421,10
41339,10
8363,10
56876,10
64780,10
46634,10
49062,10
33838,10
1941,10
13221,10
33851,10
64764,10
49055,10
39427,10
46475,10
64583,10
48982,10
86489,10
99969,10
2278,10
12877,10
34219,10
30,10
97591,10
91029,10
34234,10
97589,10
97585,10
34236,10
6403,10
48930,10
2295,10
59164,10
51621,10
39299,10
48869,10
86486,10
15018,10
58019,10
46328,10
7469,10
57972,10
59150,10
51599,10
34195,10
2248,10
34197,10
46308,10
12891,10
57973,10
91036,10
2269,10
39288,10
34261,10
99927,10
2330,10
64357,10
12820,10
86545,10
12813,10
99991,10
2336,10
41559,10
46223,10
6,10
64344,10
91010,10
48896,10
59187,10
41564,10
6379,10
12,10
66997,10
46257,10
41557,10
86521,10
59166,10
31758,10
86527,10
59167,10
64374,10
34271,10
34273,10
2325,10
7497,10
91018,10
57982,10
12834,10
57983,10
51685,10
41513,10
51573,10
34182,10
92005,10
93123,10
66942,10
2148,10
46440,10
99939,10
2157,10
13000,10
46437,10
64543,10
86379,10
15000,10
97729,10
51491,10
97704,10
34093,10
84270,10
58045,10
86465,10
46444,10
66926,10
48977,10
39349,10
86350,10
93107,10
65,10
51448,10
56759,10
84279,10
58046,10
48823,10
13020,10
14985,10
46464,10
39341,10
51503,10
46418,10
2178,10
56753,10
34150,10
86439,10
8491,10
46372,10
64470,10
31787,10
93138,10
92052,10
51560,10
48855,10
34162,10
56725,10
56717,10
2217,10
2220,10
12942,10
66958,10
86432,10
7455,10
48962,10
8457,10
8468,10
91066,10
48834,10
2185,10
51519,10
2192,10
97682,10
66950,10
93131,10
49,10
34130,10
64494,10
58949,10
99349,10
99768,10
58792,10
13426,10
85791,10
7585,10
265,10
41228,10
66774,10
92861,10
58853,10
66776,10
92860,10
92793,10
33366,10
46881,10
8244,10
7591,10
48593,10
31903,10
50961,10
46882,10
92859,10
46894,10
48634,10
65202,10
50788,10
50790,10
65195,10
13504,10
40427,10
50944,10
40409,10
91294,10
85929,10
91357,10
85935,10
13541,10
91287,10
40412,10
57021,10
8253,10
1753,10
48657,10
13406,10
57078,10
1519,10
57878,10
98121,10
91360,10
196,10
85947,10
1747,10
46825,10
49144,10
85785,10
92140,10
7623,10
98142,10
85942,10
46838,10
1535,10
13526,10
33586,10
84381,10
1539,10
33516,10
84388,10
6756,10
66789,10
50874,10
13473,10
1573,10
39577,10
46946,10
58140,10
14834,10
13491,10
41186,10
98304,10
46991,10
91921,10
49198,10
98269,10
40195,10
33398,10
33406,10
8211,10
1604,10
98274,10
14836,10
8229,10
8222,10
1599,10
92837,10
99729,10
50839,10
31926,10
99724,10
49187,10
41191,10
50931,10
31913,10
233,10
40193,10
33386,10
91309,10
7388,10
50926,10
47010,10
39590,10
98216,10
58836,10
50915,10
58832,10
91919,10
49177,10
65181,10
46918,10
46924,10
92852,10
65097,10
33483,10
85875,10
50896,10
49183,10
1628,10
33459,10
6724,10
66792,10
41195,10
41194,10
46804,10
49134,10
39528,10
98051,10
6602,10
58765,10
50715,10
58916,10
91373,10
51104,10
64905,10
86046,10
33695,10
1828,10
57153,10
41112,10
8307,10
13330,10
7641,10
92119,10
92934,10
1818,10
1815,10
47055,10
46763,10
13573,10
98388,10
49122,10
13340,10
86014,10
31885,10
84348,10
8318,10
13317,10
8281,10
46729,10
98420,10
66760,10
39475,10
98014,10
176,10
40440,10
57899,10
49115,10
58941,10
47094,10
41311,10
47093,10
84345,10
33748,10
99810,10
85719,10
46737,10
85725,10
13298,10
58936,10
56939,10
51120,10
14909,10
66839,10
91231,10
57157,10
46741,10
49116,10
64952,10
13481,10
57137,10
6658,10
33641,10
33633,10
6772,10
6651,10
99803,10
47054,10
98373,10
41250,10
13556,10
65255,10
1517,10
64975,10
64976,10
56990,10
64978,10
99799,10
64979,10
85741,10
41251,10
57860,10
98101,10
98384,10
85999,10
57897,10
56969,10
98094,10
64981,10
41116,10
84362,10
13363,10
33643,10
65241,10
57014,10
58776,10
31940,10
41262,10
94130,9
94173,9
25961,9
57979,9
5319,9
19458,9
5306,9
55378,9
19464,9
55150,9
26066,9
55129,9
5111,9
40464,9
79824,9
94161,9
71710,9
55542,9
7384,9
40335,9
92173,9
5102,9
78916,9
55115,9
55355,9
26043,9
57663,9
94276,9
43046,9
5298,9
42786,9
27174,9
55119,9
92156,9
73020,9
20347,9
26065,9
94305,9
40432,9
57837,9
73015,9
78763,9
72914,9
73013,9
94169,9
72906,9
7378,9
20543,9
71708,9
42634,9
55558,9
55332,9
55419,9
57815,9
55297,9
7289,9
5345,9
57759,9
26013,9
57732,9
40531,9
40530,9
57727,9
42870,9
55403,9
57925,9
55207,9
55453,9
57725,9
57918,9
94217,9
78790,9
55467,9
57932,9
71725,9
7316,9
40367,9
40411,9
25979,9
55199,9
27215,9
20369,9
7281,9
40396,9
94415,9
94275,9
92250,9
5350,9
94384,9
94239,9
27198,9
92232,9
20387,9
42907,9
55240,9
92236,9
19483,9
92228,9
78877,9
55228,9
94373,9
57912,9
5347,9
42888,9
78888,9
73048,9
42729,9
5252,9
71739,9
20469,9
71816,9
55440,9
94229,9
27117,9
94357,9
92278,9
7318,9
19420,9
26032,9
55176,9
73074,9
79828,9
78905,9
5161,9
73026,9
19469,9
55505,9
7244,9
94264,9
7238,9
27088,9
42646,9
92152,9
92133,9
7336,9
55384,9
94474,9
42997,9
71713,9
20358,9
5329,9
5294,9
25928,9
5144,9
78766,9
94270,9
20515,9
40596,9
55183,9
5394,9
72934,9
19504,9
57949,9
57704,9
94338,9
73069,9
5335,9
27103,9
78862,9
7438,9
57699,9
7321,9
42689,9
92084,9
79834,9
55489,9
5380,9
19430,9
40355,9
92302,9
40592,9
57873,9
72935,9
27220,9
5179,9
7451,9
71752,9
40498,9
7291,9
41569,9
55567,9
56244,9
93551,9
41260,9
56253,9
56252,9
26418,9
79228,9
6660,9
5953,9
26787,9
5947,9
92880,9
57025,9
6678,9
41271,9
56241,9
79573,9
41963,9
56235,9
5937,9
72539,9
26404,9
26796,9
5934,9
93583,9
57046,9
56220,9
56271,9
26767,9
93735,9
6025,9
41861,9
19801,9
26726,9
79537,9
6588,9
93485,9
92977,9
41320,9
41319,9
93488,9
6590,9
6593,9
56324,9
72510,9
92964,9
72195,9
56941,9
72189,9
93505,9
26756,9
79248,9
72184,9
72183,9
41896,9
6609,9
5993,9
26400,9
57050,9
26801,9
6787,9
42079,9
56123,9
41122,9
26340,9
6779,9
72593,9
56109,9
41104,9
56104,9
26335,9
6786,9
93697,9
41092,9
41208,9
93698,9
20108,9
5809,9
72607,9
56078,9
5800,9
41088,9
79168,9
93725,9
92750,9
56056,9
19725,9
79189,9
20098,9
26824,9
92786,9
6707,9
41199,9
93614,9
41991,9
93621,9
26806,9
79582,9
26384,9
6719,9
19756,9
26380,9
42015,9
79197,9
41184,9
57082,9
26362,9
42028,9
72573,9
42037,9
6736,9
92819,9
6757,9
19750,9
42072,9
79592,9
6584,9
20011,9
72475,9
79461,9
72367,9
41502,9
79382,9
26578,9
56737,9
41660,9
6430,9
6284,9
56745,9
56751,9
41477,9
56559,9
56558,9
6236,9
72384,9
56553,9
19855,9
56547,9
56546,9
72388,9
6247,9
93298,9
26559,9
41697,9
41474,9
26653,9
93256,9
72363,9
6305,9
41637,9
56686,9
41571,9
79415,9
26616,9
41580,9
41582,9
93191,9
41550,9
79431,9
72312,9
79410,9
26625,9
41584,9
93196,9
41597,9
93214,9
6392,9
26634,9
6413,9
56615,9
72301,9
41523,9
56610,9
41629,9
41519,9
93122,9
6454,9
56353,9
56400,9
79312,9
79518,9
93408,9
56857,9
6546,9
72443,9
41809,9
6105,9
93417,9
93418,9
19989,9
93423,9
72456,9
56780,9
41832,9
72461,9
41368,9
26718,9
6564,9
56375,9
41360,9
56897,9
93468,9
93471,9
20005,9
41855,9
93027,9
93037,9
93046,9
56436,9
79354,9
79351,9
79350,9
6471,9
41720,9
72406,9
41726,9
6204,9
72262,9
5089,9
26526,9
72260,9
6484,9
41749,9
56804,9
6178,9
41755,9
26676,9
93058,9
56461,9
19822,9
79502,9
41771,9
72239,9
19972,9
42148,9
41071,9
42595,9
40761,9
20252,9
79748,9
55772,9
7055,9
79001,9
92464,9
40778,9
7070,9
92458,9
55769,9
40773,9
20257,9
93984,9
42412,9
5548,9
71920,9
42432,9
5542,9
26151,9
55745,9
40738,9
42436,9
7110,9
7114,9
92424,9
42440,9
40795,9
42409,9
20125,9
5590,9
19627,9
55831,9
26193,9
72756,9
93926,9
92512,9
26192,9
55821,9
55819,9
72764,9
92501,9
79022,9
55809,9
27018,9
19614,9
93950,9
5581,9
5569,9
57452,9
7034,9
26173,9
26172,9
93968,9
57463,9
42402,9
93970,9
94001,9
40721,9
94008,9
57617,9
57594,9
5472,9
92366,9
20292,9
79813,9
55630,9
26108,9
7185,9
26107,9
57605,9
20300,9
55621,9
57622,9
57538,9
5467,9
55614,9
94103,9
20306,9
55589,9
55587,9
92338,9
40647,9
94123,9
57645,9
94125,9
20327,9
26110,9
72856,9
57591,9
5482,9
27044,9
92422,9
72816,9
5530,9
57549,9
94016,9
72820,9
42460,9
19563,9
72826,9
27053,9
57558,9
7145,9
42486,9
42488,9
19555,9
72837,9
20288,9
55669,9
42506,9
72847,9
26128,9
40679,9
79802,9
5488,9
42361,9
57426,9
93920,9
72672,9
42207,9
57246,9
92688,9
55974,9
72048,9
6868,9
42218,9
19694,9
79115,9
5690,9
72670,9
6883,9
6884,9
6932,9
72673,9
92630,9
72675,9
93823,9
40958,9
93824,9
6921,9
20150,9
5683,9
57319,9
26262,9
57322,9
93807,9
6858,9
26898,9
5705,9
26318,9
26315,9
92736,9
93741,9
42158,9
5766,9
92723,9
6827,9
41045,9
26299,9
56015,9
5735,9
42170,9
57210,9
72066,9
56008,9
6830,9
42177,9
5723,9
72651,9
79626,9
92715,9
26892,9
93796,9
55989,9
19667,9
55936,9
42360,9
93902,9
71986,9
42299,9
79063,9
55883,9
93892,9
93893,9
26231,9
79704,9
93894,9
93896,9
26974,9
92554,9
40874,9
57327,9
55865,9
6997,9
72737,9
93905,9
40860,9
57416,9
42350,9
79045,9
26982,9
79044,9
79713,9
42357,9
5634,9
92561,9
72713,9
26238,9
19659,9
26950,9
6951,9
92594,9
40911,9
72690,9
6955,9
93844,9
93848,9
40897,9
72001,9
55929,9
26961,9
92581,9
93852,9
79085,9
42263,9
19886,9
42275,9
42277,9
55910,9
93871,9
71991,9
93872,9
6986,9
84203,9
44602,9
20548,9
46777,9
46770,9
77088,9
77092,9
51076,9
51077,9
98055,9
75121,9
75118,9
46749,9
22194,9
51107,9
22192,9
51110,9
98037,9
51115,9
1833,9
75104,9
1838,9
75101,9
98070,9
24049,9
52061,9
24043,9
75178,9
1681,9
1684,9
46867,9
75168,9
98154,9
46839,9
51001,9
98122,9
1751,9
22237,9
51031,9
75152,9
1763,9
46806,9
1778,9
51053,9
77082,9
77083,9
51125,9
1860,9
75094,9
75093,9
51232,9
51237,9
77149,9
22158,9
75038,9
97930,9
97924,9
97923,9
46627,9
24150,9
24155,9
22143,9
46614,9
75019,9
51279,9
22135,9
22133,9
46599,9
97896,9
1926,9
51228,9
77141,9
46679,9
75092,9
51140,9
1861,9
1882,9
24098,9
97993,9
51174,9
51175,9
51178,9
97963,9
22174,9
24111,9
51193,9
1897,9
24117,9
46663,9
77129,9
77131,9
46891,9
75183,9
46900,9
47062,9
50623,9
75337,9
75336,9
75335,9
50634,9
50648,9
76932,9
1445,9
98445,9
98443,9
1459,9
76943,9
47115,9
50686,9
1468,9
47080,9
75298,9
98405,9
98402,9
50618,9
47175,9
76910,9
23869,9
98587,9
1332,9
1337,9
1338,9
98575,9
75378,9
75377,9
47257,9
50533,9
1406,9
50549,9
47222,9
1377,9
50570,9
76902,9
50582,9
50583,9
1404,9
50725,9
98381,9
23998,9
75286,9
22306,9
98278,9
77014,9
98271,9
98268,9
46952,9
46948,9
50873,9
1615,9
50877,9
98257,9
98255,9
1629,9
98237,9
23990,9
98227,9
50918,9
23994,9
75190,9
46975,9
1592,9
1586,9
47023,9
1515,9
1516,9
75280,9
98368,9
47033,9
76973,9
98340,9
23930,9
50783,9
98303,9
75265,9
50785,9
23949,9
98334,9
50793,9
1564,9
1571,9
50822,9
1995,9
97882,9
22117,9
74725,9
51809,9
77369,9
51823,9
51826,9
77377,9
24396,9
74749,9
46100,9
51847,9
51854,9
2478,9
97390,9
51859,9
2491,9
77396,9
24409,9
51876,9
21886,9
24413,9
46123,9
2435,9
97437,9
74795,9
97502,9
46189,9
97495,9
51751,9
51753,9
74799,9
24353,9
46161,9
2413,9
77357,9
21933,9
24367,9
77345,9
46141,9
74781,9
2426,9
2428,9
74776,9
2497,9
2503,9
24341,9
2505,9
97280,9
2587,9
97254,9
51983,9
97236,9
24486,9
21824,9
97225,9
77460,9
77462,9
97218,9
97214,9
24493,9
97201,9
2665,9
2667,9
97188,9
97184,9
45881,9
21834,9
2576,9
74682,9
24433,9
51890,9
51897,9
46045,9
51902,9
51904,9
77415,9
46037,9
24432,9
51925,9
45987,9
2550,9
2552,9
97326,9
74698,9
24451,9
2559,9
21856,9
21852,9
24342,9
2369,9
51308,9
22034,9
77223,9
2121,9
51436,9
46478,9
74944,9
97769,9
51444,9
51445,9
46468,9
74936,9
77227,9
97762,9
24223,9
2137,9
46443,9
51487,9
22047,9
51509,9
97698,9
2104,9
51426,9
77210,9
2042,9
2007,9
51315,9
22111,9
97867,9
51328,9
24185,9
2032,9
2033,9
77193,9
74965,9
46534,9
51372,9
46533,9
22093,9
51381,9
2062,9
51385,9
2079,9
77245,9
46410,9
77318,9
46406,9
97561,9
2307,9
21976,9
77307,9
77309,9
51681,9
24315,9
24316,9
46233,9
46231,9
51700,9
21965,9
51705,9
51709,9
74822,9
24330,9
77317,9
24335,9
51714,9
97564,9
21981,9
97573,9
46349,9
97687,9
46393,9
46388,9
24258,9
2193,9
2199,9
97644,9
97640,9
2224,9
46277,9
2234,9
51590,9
24281,9
2273,9
74860,9
24286,9
46282,9
51639,9
98593,9
50491,9
98596,9
23391,9
48419,9
76436,9
48418,9
49378,9
48410,9
22884,9
76447,9
49388,9
48405,9
48404,9
48395,9
49403,9
99515,9
99512,9
48385,9
479,9
99491,9
484,9
75896,9
75930,9
49368,9
48432,9
99596,9
49288,9
76392,9
48496,9
49299,9
379,9
22922,9
49311,9
75963,9
76405,9
23355,9
49322,9
23339,9
23342,9
22915,9
22908,9
76419,9
48458,9
75945,9
75895,9
99482,9
347,9
99479,9
23451,9
75836,9
603,9
48237,9
76516,9
22831,9
75822,9
75821,9
49597,9
49598,9
76527,9
48188,9
23470,9
49620,9
48170,9
22812,9
646,9
75795,9
48146,9
48260,9
48267,9
23441,9
76482,9
504,9
22859,9
75886,9
75885,9
533,9
23409,9
49465,9
48332,9
49473,9
49517,9
76484,9
49480,9
556,9
23428,9
99404,9
99399,9
48293,9
75856,9
22931,9
99639,9
99297,9
23229,9
99901,9
76133,9
49010,9
49013,9
99887,9
99886,9
23179,9
96,9
48772,9
99871,9
49046,9
113,9
76259,9
118,9
76262,9
99861,9
132,9
48700,9
48696,9
49006,9
76137,9
76236,9
38,9
48888,9
76201,9
18,9
99971,9
48860,9
76171,9
48937,9
76217,9
99953,9
99922,9
76219,9
99950,9
76160,9
48826,9
48967,9
23098,9
23095,9
23164,9
76304,9
49108,9
99644,9
49120,9
49205,9
22949,9
270,9
23286,9
273,9
48571,9
283,9
23295,9
49229,9
99690,9
76002,9
99688,9
292,9
99679,9
49249,9
99665,9
48539,9
22934,9
99651,9
22968,9
76353,9
99719,9
204,9
99809,9
99804,9
190,9
48659,9
49135,9
23009,9
23253,9
48638,9
76053,9
76029,9
48637,9
76334,9
99772,9
48612,9
76037,9
99735,9
22989,9
249,9
22797,9
49652,9
22456,9
98720,9
98795,9
98787,9
75524,9
47541,9
1127,9
50254,9
76768,9
47528,9
22547,9
23759,9
76779,9
23760,9
50280,9
47511,9
98751,9
75492,9
1173,9
50307,9
98725,9
98799,9
75536,9
1104,9
98849,9
50155,9
47647,9
47644,9
23690,9
23692,9
76710,9
76714,9
76715,9
1069,9
50217,9
98832,9
76727,9
98825,9
98820,9
98817,9
50207,9
22592,9
47581,9
50322,9
98717,9
50153,9
50341,9
1258,9
1260,9
1267,9
1268,9
75429,9
76843,9
50433,9
50437,9
1281,9
50445,9
1291,9
75414,9
98625,9
47324,9
50478,9
75406,9
75402,9
1308,9
47305,9
75439,9
50409,9
50407,9
98698,9
76804,9
23791,9
47435,9
98713,9
98709,9
47427,9
75463,9
47421,9
47414,9
76828,9
75459,9
98686,9
1226,9
23801,9
47398,9
47394,9
98674,9
1253,9
1041,9
50150,9
49655,9
846,9
759,9
22751,9
49789,9
763,9
49809,9
49823,9
49828,9
47970,9
49837,9
75709,9
75707,9
99138,9
99136,9
99118,9
47910,9
99105,9
49889,9
99096,9
49899,9
99185,9
99192,9
23542,9
49704,9
49661,9
99277,9
49681,9
48098,9
75770,9
75769,9
48086,9
23517,9
99248,9
48033,9
75758,9
48069,9
49734,9
99216,9
728,9
23531,9
49753,9
99202,9
99086,9
75680,9
23672,9
47867,9
973,9
50059,9
23639,9
47740,9
47737,9
98925,9
75614,9
47731,9
75612,9
75605,9
47701,9
47695,9
23665,9
47683,9
50116,9
47672,9
98884,9
75584,9
76698,9
75626,9
98951,9
47763,9
22685,9
49923,9
99060,9
47857,9
883,9
75669,9
75667,9
75662,9
907,9
47791,9
50041,9
47787,9
50013,9
22670,9
950,9
47778,9
50032,9
98971,9
98963,9
52060,9
77480,9
25855,9
95362,9
54115,9
54123,9
54126,9
43873,9
54130,9
54134,9
73587,9
78366,9
54136,9
43871,9
54139,9
20943,9
95332,9
73575,9
95318,9
43842,9
95316,9
54188,9
20912,9
43890,9
43894,9
52086,9
43896,9
4252,9
4253,9
78321,9
54037,9
4254,9
43969,9
43959,9
4260,9
73628,9
4263,9
4269,9
95391,9
43938,9
95383,9
43926,9
73615,9
43908,9
25422,9
25423,9
73560,9
54210,9
95279,9
95277,9
43746,9
54287,9
25491,9
4452,9
43728,9
25500,9
54321,9
54326,9
73496,9
25505,9
54341,9
20843,9
54346,9
4483,9
95167,9
4497,9
73484,9
25518,9
43702,9
95235,9
54270,9
20884,9
54248,9
54222,9
95269,9
4388,9
73550,9
54229,9
95263,9
54234,9
95262,9
78412,9
25484,9
25473,9
4413,9
54261,9
73532,9
43772,9
73530,9
73529,9
43767,9
44008,9
95434,9
21013,9
44193,9
73794,9
21149,9
25286,9
95669,9
73790,9
21143,9
4007,9
44284,9
73781,9
25294,9
25297,9
53774,9
21132,9
21131,9
44251,9
4041,9
44230,9
44218,9
44210,9
73797,9
53725,9
95682,9
73814,9
25249,9
3948,9
73827,9
3957,9
21178,9
25257,9
78152,9
21170,9
53679,9
95689,9
73811,9
53680,9
78160,9
44359,9
3967,9
3968,9
44347,9
44319,9
78201,9
44188,9
44012,9
4063,9
53920,9
95513,9
4163,9
95496,9
25362,9
78276,9
44070,9
21037,9
78285,9
44046,9
53976,9
4210,9
44031,9
53997,9
4225,9
21027,9
25385,9
78304,9
54005,9
95519,9
78249,9
44129,9
4116,9
4066,9
73745,9
44165,9
25319,9
53857,9
53870,9
73734,9
44153,9
4120,9
25339,9
4134,9
95535,9
25334,9
44136,9
95530,9
4145,9
25338,9
53909,9
20834,9
4501,9
95144,9
20601,9
4903,9
54868,9
4906,9
94737,9
4917,9
94722,9
4923,9
4926,9
73214,9
94707,9
43222,9
94703,9
78674,9
4935,9
54918,9
25770,9
78680,9
94689,9
20613,9
78655,9
73231,9
73234,9
73254,9
54763,9
94827,9
43326,9
94825,9
25701,9
78625,9
54793,9
20673,9
73253,9
20649,9
20667,9
4857,9
20663,9
43259,9
54842,9
54848,9
54853,9
54855,9
73194,9
4960,9
20688,9
73188,9
25814,9
73151,9
5041,9
43106,9
78727,9
94580,9
43096,9
5074,9
55071,9
94564,9
43087,9
43080,9
73131,9
78739,9
25844,9
25845,9
94559,9
5083,9
43060,9
94602,9
94604,9
55026,9
43161,9
4967,9
94663,9
4972,9
43178,9
43175,9
54986,9
78704,9
43162,9
20579,9
94617,9
94633,9
43156,9
73166,9
43155,9
43151,9
55013,9
25809,9
94620,9
54759,9
54753,9
4517,9
73391,9
54449,9
54453,9
54455,9
43633,9
4603,9
78501,9
95046,9
73422,9
43627,9
25564,9
4609,9
73417,9
4612,9
54482,9
25570,9
95011,9
73404,9
54505,9
54514,9
43648,9
54441,9
95070,9
95129,9
54374,9
20825,9
20822,9
73468,9
4526,9
43690,9
73463,9
54385,9
43682,9
25552,9
78481,9
4543,9
95111,9
43669,9
43665,9
54415,9
4562,9
4567,9
20789,9
43576,9
43342,9
20786,9
54681,9
25647,9
4763,9
54688,9
25656,9
25658,9
25660,9
78583,9
43376,9
43371,9
43363,9
54724,9
43357,9
54732,9
54735,9
43346,9
73294,9
54745,9
20705,9
54676,9
4750,9
4729,9
4710,9
94976,9
4679,9
54557,9
25608,9
43525,9
78538,9
78540,9
25616,9
43508,9
43445,9
78543,9
25621,9
73353,9
78552,9
54622,9
43456,9
73343,9
43450,9
3931,9
3929,9
73835,9
24789,9
77655,9
45365,9
52545,9
96775,9
52564,9
3045,9
3047,9
77664,9
77670,9
52580,9
3053,9
24769,9
21592,9
3058,9
21583,9
21582,9
3076,9
52615,9
45293,9
74408,9
77649,9
3007,9
45422,9
45457,9
96856,9
52450,9
2970,9
74443,9
45450,9
24705,9
21634,9
45420,9
3004,9
52483,9
45411,9
45410,9
52490,9
45407,9
52495,9
45405,9
52506,9
52619,9
74359,9
2955,9
3092,9
3155,9
52729,9
3157,9
24866,9
52734,9
21514,9
74288,9
24871,9
45195,9
52783,9
52788,9
3198,9
77759,9
52794,9
74258,9
3209,9
96519,9
74252,9
74250,9
24853,9
52723,9
3146,9
45234,9
3095,9
45271,9
52656,9
3105,9
52659,9
96665,9
96663,9
96653,9
52682,9
45211,9
45227,9
77708,9
74325,9
24835,9
3133,9
77716,9
21542,9
74310,9
48899,9
96860,9
24899,9
97043,9
45797,9
45790,9
97124,9
52162,9
74577,9
24566,9
52166,9
97111,9
97104,9
21748,9
21745,9
77533,9
97090,9
45736,9
77536,9
24582,9
24588,9
2781,9
2789,9
24556,9
77515,9
45799,9
97138,9
45850,9
97163,9
2683,9
2686,9
77494,9
2694,9
45832,9
97141,9
77507,9
74592,9
52127,9
45809,9
24542,9
21775,9
52134,9
2717,9
45800,9
52143,9
2797,9
24602,9
74456,9
74542,9
96954,9
45549,9
2890,9
24660,9
74485,9
45516,9
52374,9
96923,9
96921,9
45496,9
45494,9
96905,9
52398,9
52406,9
74464,9
52410,9
96883,9
96875,9
96870,9
2865,9
2857,9
2855,9
74523,9
24604,9
97028,9
52252,9
45636,9
45630,9
74527,9
45627,9
45624,9
21713,9
96964,9
2828,9
2831,9
24625,9
24628,9
96988,9
2853,9
45578,9
96965,9
74246,9
3240,9
53641,9
21238,9
3701,9
44629,9
44628,9
25142,9
95980,9
53396,9
25146,9
78045,9
58000,9
95958,9
21261,9
44598,9
73941,9
53420,9
44593,9
53434,9
44577,9
53450,9
78063,9
3699,9
3685,9
3680,9
3647,9
44707,9
96052,9
96049,9
74003,9
44681,9
3638,9
96041,9
53320,9
3653,9
44641,9
3662,9
3667,9
44658,9
53344,9
96020,9
53356,9
73980,9
44648,9
95931,9
44552,9
53274,9
78067,9
21210,9
44491,9
53548,9
21198,9
3864,9
3865,9
73859,9
73856,9
78119,9
3877,9
44410,9
78124,9
95771,9
95765,9
78127,9
78129,9
95757,9
3915,9
95753,9
44493,9
44495,9
95852,9
95912,9
3761,9
53465,9
95919,9
73910,9
53472,9
95915,9
21234,9
53476,9
78076,9
78090,9
3773,9
3775,9
3785,9
3799,9
3803,9
53515,9
95870,9
3809,9
74022,9
53257,9
96481,9
44944,9
52930,9
45019,9
3334,9
3338,9
74179,9
52945,9
96366,9
21435,9
21433,9
77842,9
77843,9
3358,9
3371,9
44984,9
3373,9
44979,9
44956,9
74152,9
74151,9
21457,9
96394,9
96397,9
24924,9
45107,9
52846,9
52847,9
74227,9
45093,9
3268,9
52863,9
52867,9
96444,9
45039,9
52881,9
52890,9
3303,9
24932,9
96418,9
74197,9
52913,9
77804,9
24992,9
44936,9
96072,9
3424,9
53130,9
3511,9
44824,9
3532,9
3542,9
44790,9
53196,9
96137,9
44773,9
77933,9
96131,9
77945,9
25067,9
3597,9
44743,9
53247,9
21327,9
96082,9
44731,9
96198,9
25047,9
77893,9
96273,9
77861,9
21412,9
3431,9
44919,9
21411,9
53038,9
44915,9
21402,9
74122,9
96222,9
53049,9
74117,9
3446,9
53065,9
53076,9
21373,9
3475,9
25034,9
57992,9
80019,9
7489,9
35650,9
62945,9
11525,9
11537,9
87794,9
62963,9
69117,9
87777,9
16992,9
82308,9
87767,9
82316,9
35580,9
11582,9
69091,9
11599,9
69084,9
16972,9
82322,9
35560,9
87821,9
11515,9
87915,9
35654,9
17085,9
11412,9
62834,9
11434,9
11435,9
69172,9
87894,9
62846,9
11450,9
35710,9
35704,9
62864,9
35694,9
11465,9
82247,9
62885,9
35680,9
69145,9
87831,9
82334,9
35542,9
11634,9
63059,9
69022,9
35436,9
63162,9
29752,9
82391,9
35430,9
16881,9
11792,9
82406,9
69004,9
16877,9
63188,9
11806,9
63198,9
63199,9
11813,9
29800,9
87525,9
11831,9
69023,9
63149,9
35451,9
63107,9
35526,9
63076,9
63087,9
29712,9
69054,9
11670,9
29716,9
87653,9
63110,9
11738,9
87635,9
11713,9
69038,9
87612,9
16908,9
35456,9
11733,9
29733,9
62828,9
35752,9
62399,9
29452,9
88144,9
69337,9
11197,9
11203,9
69328,9
23119,9
29469,9
36025,9
62572,9
11237,9
17246,9
29491,9
17224,9
69308,9
11246,9
36004,9
35998,9
62602,9
82119,9
29460,9
17274,9
11406,9
82073,9
69387,9
36210,9
88223,9
11134,9
11150,9
69375,9
11151,9
36185,9
62436,9
17285,9
88199,9
62445,9
17284,9
62467,9
88174,9
36127,9
11175,9
62508,9
88151,9
62621,9
82133,9
69289,9
35930,9
17142,9
62741,9
11349,9
11355,9
87972,9
11360,9
11365,9
87963,9
87956,9
62776,9
35797,9
11388,9
17115,9
17110,9
11394,9
35759,9
62814,9
69193,9
29581,9
62736,9
17145,9
35836,9
11288,9
88069,9
69284,9
17196,9
17189,9
62654,9
11280,9
62663,9
62672,9
35874,9
82167,9
17174,9
88026,9
62701,9
82155,9
11316,9
11320,9
87998,9
62727,9
63234,9
35359,9
11846,9
34923,9
30049,9
82646,9
12205,9
68727,9
87081,9
68718,9
34887,9
34884,9
63763,9
30071,9
16628,9
63773,9
34873,9
34867,9
82687,9
87055,9
87054,9
16604,9
30093,9
82643,9
30043,9
11849,9
16658,9
29995,9
82583,9
34978,9
34972,9
30003,9
30004,9
68769,9
87146,9
30008,9
63670,9
63676,9
30021,9
63692,9
34945,9
34944,9
34943,9
63707,9
63710,9
12185,9
12280,9
30095,9
34832,9
68686,9
30158,9
34672,9
63944,9
34667,9
86917,9
63949,9
68624,9
86904,9
82751,9
34662,9
68620,9
68617,9
16542,9
63970,9
63973,9
63993,9
16519,9
68601,9
82775,9
86942,9
30151,9
12388,9
86989,9
34826,9
12297,9
63849,9
63850,9
87005,9
63864,9
34778,9
12344,9
34774,9
63908,9
34766,9
30125,9
12362,9
34749,9
63892,9
86974,9
12369,9
12377,9
34979,9
16706,9
87171,9
35165,9
63351,9
87406,9
68916,9
82488,9
16800,9
11946,9
35216,9
35215,9
35203,9
82500,9
11965,9
87365,9
68890,9
29906,9
35180,9
63411,9
11968,9
63426,9
29907,9
11931,9
87415,9
63342,9
16849,9
35348,9
29818,9
11863,9
68966,9
29822,9
82434,9
68960,9
16851,9
63287,9
11921,9
35296,9
82444,9
29843,9
87436,9
35281,9
16831,9
35265,9
35257,9
63430,9
29908,9
87179,9
35155,9
35063,9
68831,9
63562,9
12097,9
12100,9
35044,9
63576,9
16726,9
87215,9
68807,9
29971,9
29973,9
87206,9
87198,9
35007,9
63606,9
68792,9
87186,9
63622,9
68834,9
35071,9
12053,9
87331,9
35154,9
63444,9
82523,9
11991,9
35138,9
29915,9
11996,9
87332,9
35129,9
12038,9
29925,9
12004,9
63469,9
12012,9
63492,9
87305,9
63510,9
12034,9
88245,9
17316,9
18081,9
89221,9
61257,9
37334,9
61263,9
37324,9
10155,9
89193,9
17817,9
37310,9
89188,9
10166,9
37290,9
89181,9
89179,9
28864,9
81532,9
61344,9
37238,9
61359,9
37203,9
28824,9
61234,9
89305,9
89233,9
69996,9
89289,9
37410,9
61165,9
37407,9
17870,9
17868,9
37384,9
89263,9
10083,9
37379,9
28798,9
37376,9
10090,9
10091,9
81504,9
61218,9
89240,9
61230,9
10238,9
69885,9
61390,9
37174,9
37042,9
17706,9
81637,9
61554,9
10411,9
10418,9
61569,9
10426,9
37008,9
69809,9
69804,9
61591,9
28980,9
28982,9
28983,9
69795,9
10457,9
10469,9
88903,9
88969,9
69831,9
61526,9
61450,9
28922,9
28923,9
61440,9
28928,9
17745,9
28929,9
89064,9
28931,9
61456,9
81621,9
28936,9
81603,9
10301,9
89033,9
61479,9
28945,9
81610,9
61511,9
61158,9
70005,9
82037,9
9851,9
60886,9
81328,9
9853,9
37656,9
60890,9
9856,9
9857,9
60902,9
89512,9
89498,9
9877,9
70130,9
9887,9
28653,9
37613,9
70123,9
37612,9
17986,9
81352,9
81327,9
60877,9
61146,9
37681,9
37739,9
89603,9
9784,9
89597,9
60800,9
37728,9
89586,9
89581,9
37711,9
70190,9
37708,9
9818,9
89561,9
89558,9
28616,9
60846,9
28618,9
28619,9
37685,9
89469,9
17984,9
9890,9
60961,9
10000,9
70047,9
70044,9
89348,9
10013,9
37449,9
17917,9
61119,9
81428,9
10030,9
28759,9
37436,9
37430,9
10040,9
70013,9
61136,9
81445,9
10042,9
37429,9
61089,9
89366,9
89384,9
89421,9
60974,9
70105,9
28674,9
89445,9
17974,9
70096,9
37568,9
89430,9
61019,9
9965,9
17969,9
37527,9
61039,9
37520,9
9956,9
61056,9
28719,9
70064,9
69787,9
69784,9
36974,9
10833,9
69536,9
88535,9
88528,9
36522,9
17469,9
88525,9
88495,9
10870,9
62124,9
81907,9
88473,9
88470,9
88466,9
17448,9
88460,9
10905,9
88438,9
62197,9
81934,9
29265,9
69542,9
36970,9
62072,9
36628,9
62014,9
62016,9
17515,9
62019,9
17512,9
69570,9
81849,9
81851,9
69565,9
36591,9
29240,9
69557,9
62034,9
10805,9
62044,9
10817,9
62059,9
10828,9
69486,9
10962,9
10974,9
10982,9
88316,9
36330,9
69428,9
11065,9
36312,9
62322,9
36301,9
11082,9
62344,9
11083,9
88288,9
62355,9
29394,9
88275,9
88274,9
36260,9
36259,9
82034,9
88263,9
88321,9
81991,9
88330,9
17387,9
29332,9
36381,9
62238,9
11015,9
36373,9
69467,9
17392,9
29338,9
88346,9
88333,9
11039,9
69451,9
62277,9
17365,9
17362,9
29354,9
17361,9
62279,9
88607,9
17521,9
88614,9
88745,9
29061,9
36888,9
88828,9
88823,9
36871,9
36868,9
17614,9
61736,9
61738,9
88790,9
61769,9
36840,9
61772,9
36827,9
10618,9
81759,9
61792,9
61793,9
88747,9
29053,9
29049,9
88841,9
17651,9
36968,9
88892,9
69775,9
17653,9
36955,9
36952,9
88878,9
69764,9
36938,9
61691,9
61672,9
10520,9
61677,9
36911,9
36910,9
81696,9
10524,9
81700,9
17579,9
81763,9
61978,9
29103,9
81802,9
88684,9
61903,9
61904,9
61908,9
61922,9
61923,9
29163,9
61925,9
36687,9
61943,9
17532,9
81821,9
36666,9
61954,9
29185,9
36665,9
69607,9
61969,9
17548,9
29129,9
61876,9
69671,9
36821,9
61805,9
10630,9
61812,9
69676,9
69675,9
61819,9
81772,9
36788,9
61875,9
29111,9
69663,9
17565,9
29114,9
10654,9
61862,9
36761,9
29125,9
63995,9
86869,9
30194,9
31198,9
14221,9
66035,9
14225,9
14237,9
31204,9
32583,9
83745,9
66065,9
66071,9
66073,9
67542,9
15538,9
66079,9
66082,9
15534,9
14265,9
67523,9
67517,9
14283,9
67562,9
15543,9
32664,9
83733,9
67609,9
32647,9
65965,9
65966,9
83696,9
14168,9
65985,9
67592,9
14177,9
65993,9
14199,9
15549,9
67575,9
85059,9
85057,9
32612,9
66025,9
32605,9
85041,9
67513,9
32532,9
67510,9
84963,9
83816,9
84905,9
31271,9
31277,9
66222,9
66242,9
67442,9
66246,9
31287,9
84864,9
66252,9
66256,9
15456,9
83850,9
67428,9
66264,9
83853,9
84847,9
66271,9
14351,9
67466,9
14345,9
84942,9
14301,9
83778,9
84960,9
32517,9
31230,9
31235,9
66155,9
32515,9
14323,9
66188,9
32514,9
14334,9
32505,9
15496,9
84926,9
66183,9
15494,9
84921,9
32662,9
15609,9
82781,9
67747,9
85336,9
65712,9
65719,9
15720,9
31011,9
31015,9
83564,9
13975,9
85312,9
83565,9
32868,9
32867,9
85311,9
15700,9
31030,9
32865,9
13997,9
13999,9
14001,9
13936,9
15733,9
31147,9
85348,9
67794,9
85406,9
83518,9
85387,9
32947,9
32946,9
30977,9
85382,9
67773,9
83530,9
85376,9
32926,9
65669,9
85372,9
85362,9
65680,9
85354,9
67757,9
32899,9
65759,9
85281,9
14005,9
65770,9
65874,9
65876,9
31108,9
14102,9
85174,9
14113,9
85167,9
85166,9
15632,9
65911,9
32691,9
83653,9
83656,9
14123,9
65927,9
85137,9
32666,9
14134,9
14137,9
32743,9
85200,9
32749,9
65825,9
67708,9
15684,9
65799,9
85252,9
65814,9
85235,9
67689,9
65821,9
65827,9
85208,9
65828,9
15666,9
32772,9
14069,9
32769,9
32768,9
85216,9
14073,9
32427,9
32425,9
66278,9
67159,9
84392,9
84090,9
66802,9
66803,9
15183,9
31568,9
84107,9
15166,9
31573,9
84370,9
14879,9
14880,9
15163,9
14895,9
66838,9
31585,9
14912,9
66847,9
84338,9
66788,9
84397,9
31313,9
15222,9
66724,9
66731,9
14793,9
66738,9
31956,9
14809,9
31955,9
66750,9
67188,9
31526,9
31527,9
66764,9
84056,9
67178,9
14832,9
66771,9
31537,9
31541,9
66780,9
66849,9
67110,9
66852,9
31878,9
31673,9
66927,9
31817,9
31687,9
84257,9
66948,9
31695,9
84249,9
84185,9
84187,9
84236,9
67030,9
31701,9
31760,9
84226,9
84222,9
15039,9
15042,9
67007,9
67060,9
31672,9
67062,9
31635,9
31611,9
15142,9
66871,9
14935,9
15138,9
31628,9
84143,9
84147,9
31860,9
15100,9
31847,9
66895,9
84299,9
15120,9
31668,9
66916,9
84282,9
14978,9
84439,9
31508,9
14763,9
83951,9
31361,9
84671,9
32237,9
84664,9
84660,9
67340,9
67332,9
14620,9
32221,9
66477,9
84637,9
32212,9
84631,9
66496,9
66499,9
15372,9
14639,9
32200,9
32194,9
14578,9
83900,9
14575,9
84796,9
14429,9
66310,9
32392,9
84813,9
83876,9
83879,9
84804,9
67397,9
32343,9
67360,9
84742,9
84739,9
67374,9
14523,9
14540,9
14554,9
66419,9
84702,9
67312,9
14647,9
31503,9
67304,9
83994,9
66624,9
66633,9
14723,9
84008,9
66638,9
31480,9
32031,9
32024,9
66662,9
84014,9
66666,9
66670,9
14746,9
84476,9
31500,9
14755,9
14757,9
15262,9
66595,9
66593,9
66592,9
67285,9
84611,9
66528,9
31431,9
31444,9
15330,9
66549,9
14660,9
83972,9
32144,9
84559,9
67282,9
84586,9
15314,9
67275,9
66568,9
66572,9
32109,9
32108,9
85421,9
67802,9
65585,9
83001,9
12954,9
64500,9
16279,9
12957,9
86411,9
12961,9
30454,9
34101,9
16271,9
34100,9
30462,9
12973,9
86399,9
12990,9
12999,9
16240,9
83043,9
30474,9
16239,9
34140,9
86442,9
83127,9
12929,9
82967,9
30388,9
64413,9
34212,9
16320,9
64422,9
30401,9
34202,9
86476,9
64440,9
12895,9
34189,9
34183,9
86470,9
86459,9
64462,9
64463,9
12913,9
12921,9
16236,9
68318,9
64561,9
86358,9
86302,9
68276,9
68275,9
64640,9
33987,9
33980,9
13091,9
83104,9
68267,9
64656,9
83105,9
16153,9
68259,9
86266,9
86259,9
68253,9
64691,9
68247,9
64699,9
68281,9
13069,9
16163,9
64592,9
86353,9
64573,9
34045,9
64579,9
13037,9
86342,9
16203,9
83062,9
30496,9
13065,9
30497,9
64598,9
64599,9
34016,9
13045,9
34011,9
34010,9
13056,9
68402,9
12848,9
86518,9
12714,9
86764,9
64107,9
30251,9
86750,9
30263,9
64125,9
34511,9
12621,9
12624,9
64138,9
30274,9
34501,9
34500,9
86718,9
86712,9
34491,9
34477,9
64181,9
16419,9
86765,9
30247,9
64099,9
64046,9
86864,9
82785,9
30204,9
12509,9
82796,9
68571,9
64041,9
86828,9
12540,9
86783,9
12558,9
34565,9
12562,9
34560,9
12567,9
64078,9
64080,9
16472,9
16418,9
16413,9
64388,9
12721,9
86568,9
64329,9
82925,9
64333,9
12805,9
30347,9
16356,9
82935,9
34301,9
68434,9
34298,9
12808,9
12826,9
86538,9
86536,9
86532,9
30368,9
12838,9
34262,9
82921,9
64321,9
86577,9
64264,9
34414,9
68484,9
30308,9
64233,9
34403,9
30312,9
86628,9
82891,9
86609,9
68455,9
34368,9
86600,9
86596,9
82907,9
64294,9
12790,9
64309,9
30335,9
33922,9
13150,9
65578,9
33353,9
65253,9
67973,9
85739,9
30773,9
85737,9
65263,9
65265,9
65267,9
65269,9
33287,9
85715,9
13594,9
83399,9
15868,9
65290,9
65307,9
13603,9
65310,9
33250,9
33352,9
65218,9
33908,9
15912,9
33454,9
83315,9
15950,9
83317,9
65135,9
33436,9
83320,9
15939,9
65148,9
15937,9
85845,9
65158,9
65159,9
33394,9
30742,9
83351,9
33374,9
65210,9
83358,9
85667,9
67933,9
33246,9
33245,9
33109,9
33098,9
65499,9
13783,9
65509,9
13812,9
67843,9
15783,9
13823,9
30906,9
33061,9
13839,9
67827,9
33043,9
33042,9
33033,9
13844,9
15770,9
83496,9
85558,9
13737,9
33119,9
85609,9
30815,9
85660,9
33224,9
13667,9
65397,9
67904,9
67903,9
33155,9
13697,9
85570,9
85603,9
33146,9
33138,9
15809,9
33127,9
13716,9
30868,9
33122,9
30715,9
65115,9
68039,9
64904,9
83195,9
13264,9
64845,9
64847,9
13292,9
13293,9
16052,9
16037,9
33750,9
86080,9
16035,9
16034,9
16032,9
13301,9
68152,9
86059,9
33714,9
13320,9
64900,9
86118,9
13254,9
64822,9
16117,9
33902,9
13172,9
13175,9
16129,9
30553,9
86217,9
13180,9
13218,9
33847,9
13251,9
86173,9
13232,9
68203,9
30574,9
13233,9
86145,9
64809,9
16071,9
33704,9
64917,9
83312,9
33685,9
65045,9
85920,9
33537,9
13435,9
65068,9
33523,9
85907,9
33517,9
68060,9
83300,9
68058,9
83303,9
13444,9
85901,9
85897,9
85895,9
85891,9
65092,9
13454,9
30680,9
85941,9
30672,9
13389,9
30624,9
64928,9
33656,9
64962,9
13367,9
33635,9
85981,9
85976,9
33624,9
33587,9
68096,9
33615,9
13404,9
30660,9
65008,9
85952,9
85946,9
85945,9
37741,9
36160,9
37759,9
8739,9
70887,9
70886,9
27976,9
27982,9
39027,9
70874,9
59503,9
27984,9
18705,9
18699,9
18698,9
39005,9
90692,9
70864,9
90689,9
80664,9
80663,9
70896,9
59447,9
39089,9
39088,9
27953,9
59438,9
18708,9
8770,9
59450,9
59467,9
70910,9
59451,9
90752,9
59458,9
27962,9
90746,9
28001,9
18696,9
70855,9
38892,9
18679,9
59594,9
18678,9
8886,9
28036,9
70812,9
38881,9
38926,9
90606,9
8905,9
59650,9
38846,9
59652,9
80728,9
59592,9
28024,9
80681,9
70844,9
8830,9
80684,9
8840,9
8843,9
90666,9
80692,9
80693,9
59574,9
38964,9
38951,9
80697,9
70837,9
70835,9
59565,9
8741,9
90791,9
80730,9
80644,9
90983,9
8550,9
71039,9
80563,9
8562,9
59240,9
80571,9
80572,9
27835,9
59245,9
27840,9
8572,9
90946,9
90938,9
59267,9
18785,9
59226,9
39241,9
8522,9
91039,9
39308,9
71086,9
91023,9
8514,9
39285,9
27801,9
27813,9
71065,9
71063,9
59202,9
71061,9
71057,9
8537,9
80583,9
8594,9
90925,9
39113,9
27901,9
80622,9
59359,9
70962,9
27909,9
27914,9
90810,9
59358,9
90805,9
27930,9
27935,9
70938,9
70937,9
59410,9
80619,9
39140,9
27864,9
39175,9
8629,9
59301,9
8648,9
59309,9
80595,9
39177,9
59320,9
8668,9
80601,9
90878,9
90873,9
8657,9
70977,9
59338,9
70790,9
28059,9
8489,9
28202,9
18503,9
60007,9
90301,9
90294,9
18501,9
60028,9
80901,9
80910,9
28289,9
9222,9
90251,9
90240,9
60104,9
38388,9
28300,9
38500,9
18509,9
59999,9
70628,9
70638,9
59932,9
28213,9
90358,9
38565,9
59943,9
90354,9
90308,9
9153,9
9156,9
38513,9
18512,9
59985,9
90321,9
9254,9
9256,9
60132,9
90114,9
28346,9
70509,9
70508,9
9315,9
90131,9
90122,9
9347,9
18459,9
9360,9
90097,9
60260,9
9374,9
60281,9
70484,9
60206,9
90151,9
38341,9
9278,9
9272,9
80933,9
60140,9
38335,9
9275,9
18472,9
38323,9
9296,9
28332,9
90181,9
18465,9
9282,9
60179,9
28337,9
70640,9
80841,9
90581,9
28200,9
38793,9
80752,9
59715,9
90543,9
8970,9
59728,9
28104,9
8975,9
90523,9
80760,9
59741,9
90512,9
9003,9
9004,9
80767,9
38795,9
90546,9
8945,9
8923,9
70783,9
8922,9
90575,9
59675,9
90574,9
59677,9
28067,9
80750,9
59681,9
8930,9
38824,9
70764,9
38804,9
18616,9
80771,9
80773,9
80774,9
59907,9
70674,9
70673,9
59862,9
59888,9
38608,9
59905,9
18558,9
38642,9
18555,9
70654,9
59909,9
18550,9
38598,9
18545,9
38638,9
38648,9
70722,9
90454,9
90488,9
28128,9
38726,9
59788,9
59802,9
28145,9
70697,9
38652,9
90443,9
59822,9
59826,9
9095,9
38657,9
59843,9
59144,9
8486,9
70480,9
58301,9
7813,9
7823,9
91723,9
80117,9
58378,9
91720,9
91718,9
39972,9
58398,9
71487,9
91707,9
7850,9
80129,9
91689,9
91686,9
80113,9
27364,9
71509,9
91766,9
91781,9
40037,9
58333,9
71532,9
58336,9
7774,9
7784,9
19248,9
27345,9
19265,9
80098,9
19258,9
91754,9
91750,9
39928,9
71473,9
58443,9
71423,9
58500,9
19170,9
27441,9
58505,9
39852,9
91610,9
39828,9
7908,9
27451,9
58542,9
27462,9
71411,9
7968,9
91569,9
80174,9
7906,9
91673,9
19190,9
91670,9
58451,9
58454,9
7894,9
58462,9
7896,9
80158,9
80167,9
27414,9
71451,9
71450,9
58478,9
27426,9
19177,9
7753,9
71550,9
7992,9
71552,9
91967,9
40260,9
58097,9
91954,9
58106,9
79989,9
71643,9
7581,9
71640,9
40223,9
58134,9
7620,9
71625,9
91911,9
58173,9
91972,9
19372,9
58084,9
58032,9
71691,9
40322,9
92034,9
71686,9
71683,9
79962,9
7526,9
71659,9
58055,9
79970,9
58064,9
19380,9
27250,9
40272,9
58174,9
80011,9
7655,9
19321,9
58241,9
80045,9
7690,9
58259,9
40090,9
19322,9
40086,9
40119,9
7727,9
71560,9
58284,9
80070,9
40068,9
40064,9
40109,9
27306,9
91881,9
91860,9
80014,9
91879,9
58192,9
58197,9
7661,9
91867,9
31721,9
7677,9
40137,9
19338,9
91853,9
7676,9
80031,9
40120,9
39787,9
58572,9
91058,9
39566,9
91239,9
39490,9
18953,9
91227,9
80416,9
58938,9
18951,9
91224,9
8341,9
91216,9
80425,9
18939,9
18938,9
8343,9
91204,9
39496,9
27688,9
58910,9
18972,9
8238,9
91304,9
27650,9
39544,9
8250,9
39538,9
39525,9
39507,9
58873,9
18971,9
39523,9
91283,9
91276,9
91272,9
58966,9
80439,9
39431,9
8439,9
91120,9
8423,9
8425,9
27760,9
59079,9
91103,9
80484,9
91130,9
71118,9
91095,9
18884,9
8448,9
8450,9
18875,9
8416,9
71136,9
39428,9
91160,9
8364,9
58990,9
59002,9
91166,9
59014,9
27738,9
91159,9
59052,9
59025,9
71153,9
8406,9
8411,9
27750,9
59048,9
58833,9
39571,9
19143,9
39575,9
39728,9
58645,9
8074,9
27532,9
8083,9
58676,9
91469,9
19088,9
27550,9
91462,9
8100,9
91448,9
91441,9
8121,9
19065,9
58638,9
91497,9
58629,9
80242,9
58577,9
27489,9
8020,9
8021,9
39770,9
39767,9
8037,9
39738,9
80248,9
8057,9
8059,9
58616,9
58618,9
71363,9
58717,9
8136,9
8138,9
27613,9
39601,9
8185,9
8188,9
58790,9
8194,9
91342,9
19011,9
91367,9
27626,9
80358,9
71261,9
8231,9
58822,9
19001,9
39613,9
27594,9
58731,9
80326,9
80312,9
19039,9
80316,9
58743,9
19027,9
80323,9
80327,9
91372,9
39640,9
39631,9
58756,9
80336,9
80337,9
27588,9
60285,9
24697,9
89956,9
89666,9
38055,9
81145,9
28486,9
9564,9
81190,9
70337,9
37902,9
89667,9
60641,9
70266,9
18166,9
60639,9
80994,9
9411,9
60683,9
9513,9
28377,9
37968,9
18161,9
89656,9
9724,9
70372,9
60334,9
89749,9
38036,9
9536,9
81043,9
9506,9
90035,9
89747,9
28524,9
70342,9
18263,9
9534,9
60434,9
70394,9
9418,9
60746,9
70363,9
9595,9
28375,9
9416,9
81202,9
89918,9
28452,9
89731,9
18355,9
60550,9
70466,9
89770,9
38023,9
38058,9
9524,9
60543,9
80997,9
38019,9
9518,9
60697,9
37819,9
90002,9
18356,9
9749,9
89997,9
60371,9
89854,9
70356,9
9743,9
89824,9
38130,9
89879,9
81183,9
89889,9
89881,9
37993,9
9444,9
89984,9
89644,9
60466,9
60508,9
60350,9
18369,9
60583,9
70380,9
70407,9
89964,9
89794,9
89714,9
81172,9
38003,9
28411,9
81135,9
28428,9
80981,9
37771,9
38088,9
89806,9
37828,9
9483,9
28512,9
89752,9
60336,9
90070,9
70262,9
89619,9
60411,9
28400,9
81228,9
28405,9
37877,9
70291,9
60631,9
70414,9
90065,9
18335,9
60663,9
38150,9
60472,9
37831,9
89712,9
89902,9
80344,8
92726,8
17876,8
83473,8
1320,8
81471,8
13808,8
92727,8
81174,8
83469,8
13799,8
81456,8
92731,8
22447,8
76891,8
13817,8
76877,8
8170,8
85485,8
76863,8
13606,8
22469,8
85478,8
13824,8
85685,8
91418,8
94416,8
83480,8
91409,8
10050,8
83467,8
1317,8
78800,8
98427,8
13623,8
1458,8
76883,8
8167,8
10054,8
13771,8
98479,8
1425,8
1394,8
19724,8
79612,8
85574,8
19022,8
13668,8
85613,8
8166,8
19020,8
17882,8
91387,8
76899,8
83437,8
98504,8
76917,8
13692,8
80338,8
76913,8
98502,8
89291,8
9669,8
9665,8
6798,8
22438,8
91390,8
98567,8
15798,8
15843,8
13769,8
83466,8
4752,8
1444,8
1366,8
13758,8
98454,8
79599,8
98542,8
76934,8
15842,8
19738,8
89773,8
85661,8
1378,8
76931,8
76930,8
13742,8
17883,8
10071,8
83417,8
91374,8
98520,8
1403,8
13870,8
22470,8
15679,8
22545,8
13996,8
10016,8
79673,8
19104,8
1148,8
19106,8
76772,8
92593,8
85274,8
91527,8
8033,8
17926,8
85254,8
98780,8
78596,8
85308,8
6949,8
8061,8
20720,8
19094,8
1186,8
94435,8
98737,8
5200,8
19101,8
76781,8
1164,8
19102,8
78595,8
17910,8
92604,8
5196,8
83598,8
10011,8
83483,8
22566,8
4785,8
1091,8
4786,8
1088,8
8005,8
14072,8
17928,8
14079,8
98823,8
91550,8
98831,8
85206,8
22607,8
19150,8
19637,8
83617,8
19642,8
81407,8
8027,8
98784,8
6963,8
85243,8
14041,8
80231,8
80228,8
76753,8
83614,8
14044,8
98791,8
1118,8
19646,8
80224,8
19133,8
89753,8
13957,8
10033,8
19679,8
94432,8
92774,8
22483,8
13872,8
8111,8
76839,8
85420,8
83509,8
15758,8
91456,8
22494,8
13881,8
83516,8
19079,8
78788,8
78793,8
85450,8
92702,8
83486,8
13834,8
83484,8
85473,8
22475,8
19053,8
85466,8
6833,8
19711,8
98628,8
22478,8
89761,8
15776,8
5213,8
89758,8
13893,8
85399,8
85396,8
83548,8
6887,8
92658,8
98704,8
19687,8
6893,8
15740,8
85343,8
8075,8
6917,8
22529,8
15732,8
17906,8
76799,8
94860,8
10034,8
13906,8
15753,8
8095,8
83521,8
89321,8
98676,8
85384,8
85383,8
17901,8
81188,8
4771,8
92683,8
20735,8
6879,8
4769,8
98692,8
6881,8
78553,8
10789,8
22385,8
1864,8
83212,8
6589,8
89864,8
81520,8
98015,8
83217,8
16033,8
10162,8
77107,8
92965,8
86071,8
86064,8
98031,8
13312,8
9573,8
86081,8
98007,8
8361,8
1875,8
83186,8
91200,8
86121,8
1893,8
81525,8
83194,8
4642,8
8348,8
13271,8
19800,8
91211,8
8344,8
97997,8
4643,8
86084,8
20783,8
13316,8
83224,8
4663,8
89855,8
16011,8
1801,8
16007,8
98082,8
78529,8
85978,8
85977,8
98087,8
6604,8
92944,8
1785,8
91250,8
22224,8
13399,8
79550,8
13358,8
13352,8
89198,8
6598,8
92956,8
8330,8
22201,8
13326,8
16024,8
83230,8
19789,8
98053,8
86033,8
92953,8
18955,8
89856,8
13335,8
1894,8
13253,8
85965,8
13147,8
79510,8
6529,8
83129,8
83130,8
6531,8
1975,8
16138,8
1972,8
86230,8
91142,8
16131,8
8403,8
20802,8
10188,8
22146,8
1983,8
17807,8
92999,8
1988,8
89156,8
16154,8
97858,8
19825,8
4625,8
18891,8
18897,8
13119,8
8410,8
86254,8
16150,8
18899,8
8408,8
86245,8
18901,8
97918,8
16127,8
19814,8
16125,8
20437,8
97954,8
95007,8
86156,8
86155,8
83161,8
16089,8
77130,8
1914,8
86153,8
18917,8
86141,8
16074,8
78511,8
94315,8
4637,8
97949,8
17815,8
86178,8
91157,8
97922,8
20800,8
22147,8
86182,8
89168,8
97939,8
13230,8
77151,8
81142,8
89865,8
13229,8
1940,8
86165,8
22227,8
77068,8
80346,8
98312,8
15923,8
83339,8
1569,8
15919,8
13494,8
98325,8
6717,8
83345,8
13501,8
4712,8
98336,8
13511,8
1547,8
22335,8
9630,8
22320,8
1574,8
94943,8
1576,8
85849,8
85848,8
89820,8
1600,8
91316,8
13479,8
1596,8
79576,8
83328,8
89819,8
85839,8
81500,8
80370,8
89818,8
85825,8
13519,8
80365,8
83353,8
22348,8
13569,8
78550,8
92818,8
92807,8
22367,8
92803,8
15875,8
13578,8
8202,8
85731,8
15870,8
92794,8
10080,8
89280,8
20462,8
79587,8
15888,8
94397,8
78546,8
85794,8
22353,8
80361,8
1540,8
85790,8
89259,8
13530,8
9637,8
76969,8
19008,8
98838,8
98372,8
91328,8
83382,8
91314,8
13476,8
85964,8
98158,8
1698,8
1687,8
5281,8
1685,8
92910,8
10121,8
13431,8
83293,8
9611,8
6652,8
83297,8
89239,8
4693,8
8256,8
91288,8
98163,8
13428,8
89249,8
85927,8
6614,8
1758,8
77060,8
6621,8
8295,8
16000,8
85955,8
80407,8
98124,8
6625,8
92925,8
83275,8
6633,8
6637,8
92916,8
22277,8
1661,8
6663,8
13442,8
83310,8
22293,8
13461,8
98251,8
8249,8
77022,8
92864,8
94364,8
8246,8
77020,8
8243,8
13475,8
94944,8
19767,8
98267,8
77025,8
98244,8
13460,8
85898,8
4702,8
1654,8
79570,8
22278,8
8251,8
1649,8
1647,8
1639,8
18977,8
94949,8
1643,8
79571,8
1641,8
80390,8
85751,8
7006,8
98839,8
22929,8
91857,8
9849,8
19341,8
4954,8
84465,8
89693,8
99642,8
14771,8
91864,8
14777,8
14780,8
15247,8
89535,8
14781,8
9843,8
15267,8
352,8
99580,8
84472,8
84009,8
398,8
19333,8
84505,8
386,8
94545,8
79868,8
20549,8
99601,8
84485,8
19337,8
4952,8
22926,8
7324,8
91855,8
4968,8
7659,8
320,8
84040,8
274,8
15235,8
14820,8
20551,8
268,8
18031,8
99708,8
9742,8
84408,8
92169,8
76354,8
19451,8
76351,8
7652,8
89550,8
99694,8
84419,8
22941,8
7353,8
15240,8
7339,8
299,8
15239,8
91876,8
76373,8
18030,8
84050,8
14810,8
7357,8
14818,8
9835,8
92179,8
92178,8
89703,8
78749,8
84062,8
15355,8
84622,8
76470,8
19503,8
15350,8
7268,8
89501,8
7272,8
14658,8
22873,8
22874,8
84597,8
15335,8
80059,8
80055,8
450,8
7730,8
84624,8
84508,8
20627,8
94531,8
4927,8
92303,8
89490,8
94716,8
521,8
513,8
89496,8
92298,8
22858,8
91798,8
79837,8
19299,8
83947,8
92294,8
91815,8
91818,8
89506,8
84593,8
422,8
420,8
14684,8
7295,8
79862,8
99560,8
76423,8
79864,8
78754,8
84549,8
81242,8
84519,8
15281,8
94536,8
19330,8
91840,8
79857,8
99549,8
99536,8
22878,8
89507,8
18001,8
448,8
14662,8
89508,8
7290,8
89704,8
99540,8
22887,8
91826,8
79854,8
18007,8
431,8
99722,8
84401,8
15400,8
84155,8
84160,8
81298,8
76,8
84285,8
99921,8
5063,8
7534,8
92081,8
78722,8
68,8
89601,8
91996,8
15099,8
89629,8
92009,8
14972,8
14969,8
84314,8
7540,8
23075,8
18095,8
84312,8
97,8
99883,8
84311,8
7552,8
76251,8
92092,8
7548,8
23084,8
93,8
89,8
99894,8
76248,8
14983,8
7461,8
15092,8
84271,8
15021,8
15028,8
15076,8
84229,8
18074,8
92036,8
9775,8
16,8
13,8
79948,8
7473,8
15047,8
84212,8
94591,8
15049,8
19400,8
33,8
89605,8
81284,8
23100,8
89623,8
84181,8
99946,8
7522,8
23103,8
84256,8
79943,8
92024,8
7510,8
79942,8
99955,8
15015,8
84237,8
105,8
14943,8
7643,8
91932,8
81312,8
15177,8
99784,8
19359,8
14872,8
84111,8
99787,8
198,8
7588,8
92142,8
7586,8
14881,8
14893,8
79991,8
92129,8
14855,8
99779,8
20576,8
15184,8
15218,8
99732,8
15213,8
79909,8
18034,8
91897,8
244,8
91905,8
84390,8
84389,8
89677,8
99764,8
4990,8
99778,8
76335,8
14897,8
99807,8
7400,8
9750,8
76279,8
14928,8
99851,8
92110,8
99857,8
84136,8
23071,8
84137,8
91964,8
89654,8
92105,8
76261,8
20555,8
14936,8
14941,8
89572,8
84133,8
142,8
7578,8
15161,8
15160,8
84122,8
20554,8
15154,8
9817,8
99819,8
84132,8
7572,8
94629,8
166,8
14918,8
89655,8
14920,8
19294,8
99436,8
81192,8
7050,8
14229,8
99023,8
99025,8
22691,8
7051,8
76641,8
894,8
92474,8
85018,8
889,8
20499,8
85012,8
22700,8
79749,8
92469,8
85029,8
99016,8
98972,8
99013,8
955,8
7037,8
91644,8
9702,8
14213,8
91645,8
76658,8
98990,8
14217,8
89394,8
929,8
98998,8
919,8
7049,8
914,8
92466,8
22704,8
91649,8
18176,8
76609,8
817,8
84977,8
9942,8
99121,8
808,8
78773,8
14300,8
7881,8
787,8
7090,8
99145,8
7867,8
92440,8
783,8
9948,8
99106,8
94786,8
99089,8
99067,8
83749,8
17959,8
89402,8
99076,8
85004,8
14258,8
22725,8
14259,8
9951,8
84993,8
89405,8
14280,8
84982,8
94463,8
14211,8
14302,8
83651,8
19161,8
78779,8
78615,8
15623,8
98875,8
92527,8
1031,8
14124,8
79492,8
76691,8
91589,8
91590,8
98897,8
17931,8
15611,8
92541,8
4787,8
92492,8
10004,8
76720,8
85195,8
10006,8
92555,8
14090,8
76712,8
79703,8
14101,8
15644,8
1046,8
20697,8
15637,8
98865,8
91570,8
7979,8
4793,8
78618,8
85117,8
89359,8
9975,8
98934,8
98941,8
15567,8
15564,8
91638,8
14194,8
9972,8
92493,8
15548,8
15547,8
83728,8
98959,8
19605,8
79737,8
19173,8
19172,8
7914,8
9985,8
83682,8
4809,8
7923,8
9696,8
83690,8
19625,8
1003,8
85088,8
76676,8
98914,8
85096,8
22654,8
9978,8
83702,8
83780,8
14307,8
20534,8
4902,8
19266,8
7218,8
84799,8
7223,8
99341,8
83884,8
7789,8
99342,8
84794,8
84785,8
14479,8
84756,8
84754,8
84752,8
5125,8
22824,8
19526,8
94750,8
94746,8
91753,8
94486,8
91758,8
83864,8
14414,8
7187,8
99313,8
84832,8
22816,8
15440,8
14425,8
14426,8
89717,8
76528,8
80100,8
84734,8
84733,8
76506,8
14539,8
83905,8
89709,8
84669,8
7242,8
17991,8
99412,8
83914,8
7750,8
557,8
14612,8
83919,8
84648,8
83920,8
541,8
83923,8
568,8
91780,8
84676,8
80084,8
92323,8
84709,8
19515,8
99368,8
15419,8
7773,8
573,8
91779,8
99383,8
83899,8
76497,8
92318,8
99388,8
15418,8
14404,8
99308,8
84953,8
22761,8
84932,8
99198,8
19564,8
94769,8
76579,8
99207,8
92423,8
19216,8
4873,8
91711,8
81206,8
14342,8
18174,8
99226,8
76572,8
83797,8
749,8
80108,8
9931,8
99155,8
4847,8
14314,8
7108,8
9937,8
99175,8
84944,8
89734,8
22748,8
7112,8
83792,8
79777,8
83794,8
7853,8
752,8
14349,8
707,8
92413,8
704,8
94478,8
15459,8
7163,8
84861,8
89455,8
84855,8
76548,8
84854,8
76547,8
19246,8
91744,8
9899,8
78650,8
22800,8
99299,8
15462,8
4883,8
80119,8
15470,8
7135,8
99245,8
79789,8
83819,8
76567,8
15476,8
20656,8
89730,8
14352,8
19229,8
84899,8
81364,8
99257,8
83833,8
6494,8
86333,8
93070,8
11502,8
87842,8
96297,8
18593,8
96302,8
9021,8
17571,8
3396,8
17028,8
3394,8
11514,8
9019,8
82271,8
96322,8
11517,8
87824,8
96296,8
82256,8
93834,8
79114,8
96271,8
5678,8
9442,8
87895,8
79104,8
79106,8
21403,8
5682,8
78337,8
9052,8
95398,8
9040,8
10628,8
90473,8
3429,8
3384,8
82273,8
21428,8
17018,8
11556,8
80762,8
89992,8
95380,8
3331,8
16985,8
11568,8
87764,8
16983,8
93795,8
9458,8
20138,8
96408,8
4278,8
16978,8
5716,8
11555,8
3339,8
87806,8
87823,8
90496,8
9008,8
10626,8
95386,8
11528,8
3353,8
16994,8
77841,8
20145,8
96365,8
87789,8
11553,8
96372,8
20154,8
87911,8
94170,8
79078,8
17138,8
3552,8
21349,8
80827,8
3547,8
90019,8
87976,8
90390,8
95416,8
82186,8
9113,8
21357,8
17127,8
3531,8
96159,8
96136,8
90382,8
87912,8
77935,8
96102,8
17159,8
17157,8
11332,8
81778,8
93883,8
96117,8
3578,8
17153,8
5433,8
90023,8
87994,8
77942,8
90381,8
88720,8
81774,8
96167,8
96170,8
5643,8
94153,8
96221,8
78332,8
3482,8
95408,8
82212,8
82215,8
17101,8
78334,8
18367,8
3465,8
21393,8
17099,8
94157,8
96257,8
11401,8
9430,8
3489,8
87943,8
87952,8
96172,8
88722,8
3507,8
95413,8
77906,8
87941,8
21362,8
87937,8
5652,8
10642,8
9108,8
3502,8
88730,8
21464,8
93781,8
2036,8
88791,8
87549,8
87547,8
21523,8
88804,8
20367,8
79172,8
93704,8
16864,8
87536,8
5403,8
20105,8
16863,8
78365,8
96626,8
11840,8
77736,8
3162,8
4289,8
77739,8
96577,8
96578,8
95352,8
3169,8
11773,8
11785,8
3166,8
90561,8
95351,8
81743,8
80743,8
11798,8
89982,8
87556,8
82409,8
21540,8
5818,8
21545,8
81726,8
87449,8
81713,8
87447,8
8898,8
87444,8
5837,8
18664,8
96676,8
11910,8
3101,8
21572,8
3098,8
16835,8
18668,8
11916,8
21562,8
8906,8
77699,8
95342,8
90579,8
11853,8
10567,8
11861,8
96644,8
77709,8
88821,8
88826,8
87481,8
3123,8
87478,8
10562,8
4324,8
87456,8
96575,8
90556,8
77802,8
3271,8
87672,8
11661,8
21477,8
82354,8
93758,8
8959,8
90536,8
3263,8
18613,8
3259,8
8954,8
11677,8
90541,8
93751,8
11682,8
93765,8
5743,8
3182,8
11641,8
90515,8
3315,8
9459,8
93779,8
96432,8
87734,8
18353,8
82335,8
87716,8
11621,8
3292,8
77796,8
11638,8
16947,8
78350,8
3253,8
80754,8
21487,8
11689,8
16900,8
81036,8
96534,8
18342,8
87591,8
79157,8
78356,8
11749,8
77756,8
93736,8
11758,8
96552,8
96558,8
3184,8
95357,8
3201,8
3202,8
10601,8
10615,8
96484,8
8951,8
11704,8
79147,8
3231,8
87613,8
5772,8
87607,8
96514,8
16906,8
8949,8
95363,8
3212,8
77761,8
88011,8
21005,8
82157,8
17422,8
21057,8
78979,8
3953,8
9281,8
9408,8
88363,8
78257,8
88359,8
80938,8
88353,8
95749,8
10734,8
95754,8
90189,8
88349,8
5527,8
81942,8
10933,8
17423,8
3963,8
90171,8
10742,8
10959,8
88620,8
95719,8
10960,8
78158,8
21168,8
78155,8
9288,8
80946,8
94027,8
94022,8
81940,8
21187,8
11035,8
4160,8
17374,8
10723,8
95826,8
88320,8
93988,8
78947,8
78275,8
18480,8
80996,8
3837,8
5457,8
17341,8
3835,8
88646,8
17336,8
20255,8
88323,8
88327,8
11052,8
3897,8
93997,8
17367,8
11044,8
81826,8
81980,8
88336,8
95784,8
4171,8
20275,8
10730,8
5461,8
4167,8
5460,8
94111,8
17429,8
17430,8
17167,8
95591,8
81839,8
4076,8
18444,8
94087,8
78206,8
10807,8
21074,8
80962,8
10772,8
88547,8
5490,8
88544,8
95621,8
88598,8
5496,8
17503,8
10787,8
17434,8
4086,8
95547,8
88585,8
95566,8
81848,8
95567,8
90074,8
21090,8
4135,8
4136,8
88575,8
17511,8
90087,8
88590,8
17506,8
4088,8
4044,8
17483,8
9393,8
78187,8
21148,8
5500,8
5504,8
90055,8
10884,8
10749,8
4001,8
81910,8
81832,8
9299,8
20318,8
94038,8
20283,8
10913,8
10917,8
95668,8
5462,8
95666,8
95637,8
95627,8
78244,8
4032,8
17480,8
90140,8
80956,8
10841,8
10850,8
4026,8
88530,8
95529,8
95655,8
90142,8
94052,8
95847,8
90242,8
3820,8
88114,8
93917,8
80867,8
9155,8
90337,8
88096,8
17240,8
88095,8
17237,8
93916,8
94126,8
81803,8
77992,8
18395,8
10681,8
18380,8
78008,8
88124,8
21221,8
79036,8
11194,8
90323,8
4211,8
88143,8
95986,8
17271,8
88142,8
93922,8
9158,8
3695,8
78013,8
11210,8
21280,8
95458,8
20207,8
90361,8
82130,8
96042,8
88694,8
78309,8
96059,8
81009,8
96064,8
17181,8
82150,8
96069,8
18549,8
11302,8
79062,8
3626,8
21011,8
21325,8
79064,8
18372,8
3631,8
96057,8
11276,8
21312,8
20189,8
18541,8
77978,8
80844,8
96047,8
5447,8
18376,8
9132,8
90369,8
88064,8
11273,8
17195,8
11275,8
96053,8
81807,8
90322,8
82075,8
88222,8
3763,8
80911,8
10706,8
10703,8
90283,8
88250,8
3762,8
88248,8
80899,8
5566,8
4194,8
88242,8
88237,8
11122,8
21237,8
20242,8
9216,8
95907,8
11095,8
9233,8
81814,8
95862,8
88653,8
82023,8
82025,8
17323,8
88264,8
79002,8
21226,8
11098,8
80913,8
94118,8
20250,8
90292,8
95477,8
4208,8
4201,8
3728,8
88181,8
10699,8
11171,8
82065,8
5592,8
11173,8
21265,8
78041,8
9171,8
11178,8
21267,8
90315,8
3712,8
90317,8
11161,8
19398,8
95954,8
3746,8
5582,8
88666,8
5454,8
88206,8
3752,8
93944,8
95938,8
88194,8
3737,8
3733,8
20325,8
3732,8
88197,8
79023,8
96690,8
96694,8
82465,8
12720,8
86649,8
2422,8
16400,8
8577,8
97454,8
77347,8
93263,8
90951,8
97455,8
4523,8
21935,8
10336,8
97463,8
90961,8
89888,8
78853,8
86658,8
8595,8
2429,8
16426,8
86692,8
77367,8
2446,8
88991,8
97427,8
19927,8
12681,8
86675,8
82863,8
88992,8
12711,8
8587,8
8580,8
12715,8
8567,8
86622,8
12758,8
79389,8
89053,8
81107,8
12807,8
2350,8
10296,8
2348,8
78850,8
93206,8
8542,8
90992,8
18254,8
86540,8
90998,8
80554,8
2327,8
86564,8
89040,8
97527,8
86593,8
19920,8
80574,8
82902,8
93251,8
89027,8
6309,8
19915,8
6314,8
93247,8
4531,8
82912,8
16383,8
18782,8
90974,8
88989,8
97415,8
2582,8
81643,8
86833,8
86832,8
8666,8
6205,8
10409,8
86815,8
20408,8
93323,8
6212,8
90877,8
2532,8
80604,8
12569,8
86789,8
16476,8
86840,8
82795,8
81623,8
21860,8
93354,8
97300,8
86862,8
88944,8
2572,8
21843,8
8673,8
86851,8
12505,8
16511,8
86844,8
82790,8
16499,8
93342,8
97320,8
17702,8
97348,8
6228,8
86777,8
4512,8
10382,8
80589,8
2475,8
90908,8
21902,8
12627,8
2469,8
8617,8
12635,8
97402,8
18260,8
90921,8
21903,8
2462,8
12620,8
8639,8
21895,8
18764,8
12599,8
82825,8
17715,8
93308,8
20411,8
16465,8
97366,8
89890,8
10391,8
16453,8
8649,8
12618,8
97374,8
86744,8
90999,8
79412,8
86531,8
81576,8
81575,8
20430,8
19854,8
16207,8
22067,8
81570,8
4592,8
93103,8
17767,8
89869,8
19848,8
6469,8
97778,8
86337,8
2106,8
91094,8
18876,8
97542,8
8462,8
86401,8
79452,8
97722,8
8492,8
17760,8
81579,8
80495,8
86366,8
83041,8
5314,8
8478,8
89101,8
97742,8
97748,8
83044,8
80478,8
19842,8
22069,8
81557,8
13067,8
22090,8
91122,8
89141,8
81548,8
86297,8
16162,8
89142,8
80470,8
79483,8
10208,8
89152,8
13090,8
19828,8
97847,8
77199,8
2058,8
6481,8
2085,8
97794,8
77217,8
81841,8
19839,8
81556,8
9569,8
86327,8
94310,8
97800,8
13052,8
97803,8
93079,8
2076,8
83084,8
93139,8
16262,8
22050,8
4558,8
18814,8
2277,8
8524,8
80534,8
80529,8
82973,8
12893,8
18829,8
95094,8
2239,8
22017,8
18831,8
93167,8
91016,8
16305,8
93176,8
86494,8
18253,8
4545,8
16341,8
12837,8
79413,8
12840,8
95108,8
18805,8
16324,8
79418,8
12855,8
2293,8
12856,8
89878,8
95096,8
82968,8
97632,8
97635,8
97700,8
82985,8
2191,8
91033,8
18848,8
97685,8
8499,8
86417,8
86414,8
86413,8
5316,8
18861,8
16272,8
81129,8
89096,8
97699,8
19860,8
77257,8
79439,8
91026,8
6389,8
19881,8
77271,8
22023,8
6384,8
12912,8
97643,8
94290,8
97674,8
97667,8
22025,8
19868,8
8511,8
77258,8
5317,8
90851,8
97285,8
82466,8
12089,8
96879,8
8821,8
10501,8
8820,8
94228,8
12103,8
93560,8
10488,8
87213,8
87212,8
96906,8
93553,8
21650,8
20052,8
96920,8
96877,8
16738,8
2972,8
87230,8
8833,8
90677,8
12036,8
77619,8
81685,8
12046,8
78407,8
2956,8
82549,8
94225,8
94226,8
81680,8
81068,8
16741,8
87245,8
78413,8
12113,8
95250,8
90699,8
82592,8
12147,8
8801,8
12149,8
90721,8
16684,8
12150,8
17659,8
5352,8
77574,8
96976,8
2843,8
21704,8
82605,8
2839,8
80667,8
5354,8
90711,8
87185,8
5970,8
12123,8
2908,8
82574,8
95249,8
79241,8
88889,8
93524,8
21682,8
94231,8
87177,8
16710,8
96943,8
93533,8
87299,8
96844,8
97281,8
11941,8
16802,8
5864,8
21594,8
79195,8
5866,8
17625,8
87382,8
95304,8
94201,8
78387,8
90632,8
8868,8
93618,8
77661,8
90641,8
90624,8
11935,8
96842,8
3061,8
93673,8
9478,8
9482,8
93664,8
16821,8
87416,8
88835,8
5852,8
3075,8
16814,8
90617,8
95310,8
96725,8
95309,8
87401,8
77660,8
5376,8
8865,8
21613,8
93591,8
90659,8
77642,8
77640,8
10523,8
95274,8
77636,8
77634,8
87317,8
5361,8
12014,8
89950,8
96833,8
77627,8
16746,8
3000,8
79216,8
3003,8
3015,8
5908,8
10525,8
3023,8
96784,8
8861,8
3017,8
16772,8
5369,8
93604,8
96795,8
11983,8
88851,8
93597,8
79212,8
90722,8
90726,8
96992,8
82715,8
82716,8
90801,8
82722,8
21787,8
18721,8
12406,8
95193,8
6117,8
86939,8
12413,8
16573,8
21800,8
97171,8
6120,8
82737,8
2689,8
6107,8
9516,8
18719,8
87022,8
12302,8
90788,8
95201,8
16598,8
20864,8
79294,8
8732,8
10437,8
19990,8
6104,8
19988,8
21780,8
82712,8
4463,8
16569,8
12426,8
4470,8
80633,8
10430,8
88929,8
97232,8
12452,8
12453,8
86888,8
89617,8
9541,8
2617,8
79331,8
81092,8
19960,8
2597,8
81098,8
82780,8
95187,8
86897,8
12446,8
20853,8
21815,8
8700,8
90821,8
6134,8
6149,8
90824,8
2652,8
2642,8
93378,8
12444,8
6159,8
16554,8
2646,8
77464,8
88918,8
16602,8
12294,8
82657,8
77548,8
87105,8
10475,8
90747,8
97034,8
97038,8
93479,8
97049,8
20014,8
2793,8
2785,8
12210,8
87095,8
97066,8
97067,8
90743,8
82631,8
97021,8
93494,8
12165,8
12167,8
10476,8
8782,8
21715,8
12170,8
6033,8
16656,8
17667,8
6034,8
93490,8
16666,8
79263,8
97016,8
88906,8
2778,8
18286,8
6054,8
12255,8
2730,8
78431,8
21761,8
12262,8
90767,8
17690,8
93467,8
4449,8
6067,8
90771,8
18714,8
19995,8
95212,8
77513,8
87064,8
16609,8
12254,8
87071,8
77537,8
10459,8
94244,8
90756,8
79278,8
82669,8
16614,8
2734,8
87069,8
2741,8
12252,8
97109,8
10455,8
4440,8
93360,8
48901,8
76188,8
33434,8
65166,8
33393,8
33383,8
65187,8
65200,8
65220,8
65223,8
65246,8
33319,8
33311,8
33281,8
65279,8
33280,8
65311,8
33231,8
65161,8
33438,8
33227,8
65133,8
64960,8
33644,8
33638,8
64982,8
33634,8
33627,8
33600,8
65014,8
65034,8
33557,8
65050,8
33529,8
33527,8
33525,8
65129,8
65354,8
65364,8
32883,8
33006,8
32986,8
65606,8
32975,8
65619,8
65632,8
65633,8
32958,8
32929,8
32927,8
65674,8
65678,8
32897,8
65697,8
65699,8
65711,8
32988,8
65561,8
65376,8
65548,8
33205,8
33151,8
33130,8
65448,8
65450,8
65453,8
65460,8
65470,8
65483,8
33092,8
33081,8
65512,8
65519,8
33071,8
33064,8
64957,8
33660,8
64942,8
34346,8
64315,8
64320,8
34319,8
34317,8
34310,8
64342,8
34292,8
34283,8
34278,8
64370,8
34263,8
64419,8
34211,8
64428,8
64433,8
34333,8
34353,8
33665,8
34360,8
34555,8
64093,8
34540,8
64123,8
34498,8
34454,8
64200,8
64214,8
34425,8
64227,8
64251,8
34394,8
34390,8
64261,8
34371,8
34173,8
34156,8
64490,8
34125,8
33803,8
64808,8
64816,8
33798,8
33791,8
64833,8
64861,8
64865,8
33753,8
33739,8
33727,8
64884,8
33701,8
33699,8
64921,8
64803,8
33806,8
64783,8
64616,8
34070,8
34069,8
64544,8
64581,8
64596,8
64606,8
64657,8
33856,8
33966,8
64661,8
33949,8
64672,8
64717,8
64741,8
65713,8
32866,8
25680,8
32055,8
32008,8
32007,8
32003,8
31989,8
66695,8
31980,8
31974,8
31972,8
66721,8
31967,8
66729,8
31963,8
66754,8
31947,8
31922,8
32052,8
32056,8
66815,8
66631,8
32171,8
32167,8
66530,8
32151,8
66548,8
66553,8
32141,8
32123,8
32122,8
32119,8
32103,8
32091,8
66603,8
32088,8
32075,8
31907,8
66818,8
65734,8
31770,8
31744,8
31742,8
66999,8
67009,8
67036,8
67039,8
31685,8
67063,8
31639,8
31634,8
67090,8
31619,8
31608,8
67108,8
67120,8
66977,8
31774,8
31891,8
66959,8
31890,8
31887,8
31886,8
66850,8
31870,8
66869,8
31863,8
31857,8
31853,8
66937,8
31810,8
31803,8
31798,8
31796,8
31788,8
32223,8
66447,8
32240,8
32717,8
32674,8
65931,8
65933,8
65934,8
65936,8
65939,8
32654,8
32649,8
65960,8
65968,8
32634,8
65982,8
65983,8
65992,8
66010,8
32697,8
32719,8
66444,8
65888,8
32864,8
65746,8
65765,8
65771,8
32827,8
65791,8
32794,8
65820,8
65840,8
32767,8
32764,8
65868,8
32736,8
32731,8
32728,8
32606,8
32604,8
66029,8
32598,8
32363,8
66336,8
32331,8
32330,8
66359,8
32320,8
66371,8
66393,8
32292,8
32288,8
32263,8
32260,8
66423,8
66428,8
66443,8
66320,8
32383,8
32396,8
66150,8
66068,8
32553,8
32550,8
66118,8
66121,8
66140,8
32516,8
66306,8
66184,8
66221,8
32447,8
32446,8
66265,8
32428,8
34563,8
64053,8
34581,8
36609,8
36604,8
36601,8
36586,8
62048,8
62051,8
36555,8
62067,8
36542,8
62096,8
62102,8
62123,8
36496,8
36494,8
36469,8
36448,8
36608,8
62003,8
36446,8
36635,8
61811,8
36775,8
61870,8
36721,8
61894,8
36705,8
61905,8
36693,8
36690,8
36676,8
61944,8
61952,8
36663,8
36658,8
61987,8
62163,8
62166,8
34613,8
36334,8
36310,8
62325,8
62334,8
36209,8
36206,8
36205,8
62426,8
36190,8
36189,8
62432,8
62439,8
62441,8
36175,8
36166,8
36164,8
62300,8
62294,8
36411,8
62292,8
36408,8
36396,8
62214,8
62216,8
62219,8
62221,8
62222,8
36374,8
36370,8
62254,8
62256,8
36367,8
62270,8
36353,8
36341,8
36843,8
61754,8
61752,8
61174,8
37363,8
61239,8
61240,8
61251,8
37329,8
37316,8
37314,8
61287,8
37266,8
61322,8
61338,8
37213,8
61380,8
37200,8
37181,8
61210,8
37408,8
61750,8
61166,8
37505,8
37494,8
37481,8
37475,8
61093,8
61102,8
37457,8
37456,8
61111,8
61118,8
37442,8
61135,8
37418,8
61150,8
61153,8
61411,8
37179,8
61432,8
61441,8
37016,8
36997,8
36992,8
36988,8
61616,8
36977,8
36972,8
61669,8
61687,8
61689,8
61693,8
61699,8
61711,8
36884,8
36873,8
37025,8
61549,8
61542,8
61499,8
37142,8
37135,8
37128,8
37124,8
37113,8
61498,8
37089,8
61540,8
37087,8
37086,8
61513,8
61516,8
37072,8
61529,8
62464,8
62474,8
62477,8
35123,8
35107,8
63513,8
35077,8
63525,8
63537,8
63547,8
63551,8
63561,8
35046,8
63583,8
63590,8
63599,8
63611,8
63619,8
63623,8
35121,8
35157,8
35357,8
35167,8
35307,8
35297,8
63298,8
63300,8
35289,8
63329,8
35240,8
63343,8
63353,8
35224,8
63362,8
63363,8
63364,8
63388,8
35170,8
63631,8
63634,8
63661,8
63664,8
63823,8
34798,8
63848,8
34732,8
34724,8
63921,8
34693,8
34681,8
63943,8
63983,8
34635,8
63994,8
34631,8
63999,8
64006,8
34818,8
63800,8
63783,8
63696,8
63666,8
34964,8
34963,8
63675,8
63679,8
34949,8
63711,8
63778,8
34933,8
34919,8
34900,8
63758,8
63769,8
34876,8
63265,8
35369,8
36116,8
62703,8
62721,8
35833,8
62744,8
62756,8
62774,8
35792,8
35763,8
62811,8
62827,8
35741,8
62852,8
62853,8
35697,8
62879,8
62890,8
62711,8
35891,8
35373,8
35901,8
62502,8
36089,8
62511,8
36087,8
62525,8
36072,8
62538,8
36053,8
36016,8
36005,8
62623,8
35942,8
62651,8
62652,8
35906,8
35675,8
62897,8
62901,8
35666,8
63117,8
35470,8
63119,8
35465,8
35458,8
35448,8
63150,8
35441,8
63157,8
63158,8
35427,8
35418,8
35395,8
35392,8
35382,8
63079,8
63077,8
63073,8
62985,8
62936,8
35629,8
35616,8
62959,8
62970,8
62980,8
35586,8
35529,8
35584,8
63020,8
35565,8
35556,8
63046,8
35533,8
31565,8
31560,8
67163,8
71213,8
71231,8
71238,8
71251,8
27632,8
27615,8
27600,8
71290,8
27589,8
71298,8
71302,8
71318,8
71319,8
27563,8
27552,8
27542,8
71214,8
27692,8
71354,8
71183,8
27939,8
27880,8
71002,8
27842,8
71020,8
27817,8
27809,8
27808,8
71068,8
27789,8
71093,8
71096,8
27748,8
27713,8
71180,8
71353,8
27518,8
28681,8
27325,8
27320,8
27318,8
27316,8
71582,8
71593,8
27304,8
27292,8
71610,8
27288,8
71620,8
71621,8
71626,8
27268,8
71644,8
71655,8
27323,8
27366,8
71372,8
27374,8
71374,8
27510,8
27508,8
71381,8
71389,8
27496,8
71397,8
71399,8
27452,8
27447,8
27444,8
71444,8
27427,8
27407,8
71486,8
27945,8
70917,8
70916,8
28490,8
70346,8
28462,8
28451,8
70367,8
70369,8
28430,8
28425,8
28415,8
28412,8
28406,8
70424,8
70427,8
70447,8
70497,8
70499,8
28477,8
28494,8
27959,8
70312,8
70118,8
70120,8
28639,8
70205,8
28548,8
28529,8
28528,8
70273,8
28526,8
28525,8
70283,8
70295,8
70303,8
28505,8
70309,8
28348,8
70512,8
70521,8
28334,8
28125,8
28107,8
28093,8
70765,8
70778,8
70779,8
28042,8
70810,8
28030,8
70849,8
70850,8
70851,8
27998,8
27990,8
27986,8
28135,8
28139,8
28150,8
28275,8
70531,8
70533,8
70560,8
70572,8
70582,8
70590,8
28273,8
70664,8
28268,8
70601,8
28250,8
28219,8
70629,8
28188,8
71670,8
27230,8
27224,8
72740,8
72784,8
72798,8
26149,8
26148,8
26143,8
26131,8
72846,8
26118,8
26115,8
72873,8
72878,8
26034,8
72923,8
26030,8
26011,8
72742,8
72736,8
72511,8
72725,8
26416,8
72541,8
26353,8
72602,8
26330,8
26326,8
26319,8
72625,8
26307,8
72664,8
26257,8
72689,8
72717,8
72718,8
72723,8
72960,8
72965,8
25982,8
73001,8
73143,8
25823,8
25816,8
25782,8
25759,8
73208,8
25738,8
25737,8
73238,8
73248,8
73251,8
73261,8
25702,8
73279,8
73281,8
25830,8
25831,8
25852,8
25899,8
25939,8
25935,8
73024,8
25908,8
25904,8
25903,8
73059,8
73117,8
73061,8
73073,8
73086,8
25882,8
25861,8
25859,8
26434,8
26439,8
71719,8
27041,8
27037,8
27027,8
27024,8
71936,8
27019,8
27000,8
71955,8
71993,8
71994,8
72004,8
26954,8
72027,8
26926,8
26924,8
26866,8
71907,8
71897,8
26444,8
71884,8
71759,8
27180,8
71764,8
27170,8
71782,8
27130,8
27125,8
71827,8
71830,8
71831,8
71834,8
71845,8
27087,8
71856,8
27062,8
72084,8
72103,8
26809,8
26791,8
26614,8
26608,8
26591,8
72354,8
72359,8
72362,8
26541,8
26540,8
26522,8
26517,8
26515,8
72438,8
26496,8
26492,8
72488,8
26620,8
72308,8
72299,8
26721,8
72155,8
72166,8
26775,8
72179,8
26745,8
72210,8
72236,8
72294,8
26681,8
26671,8
72268,8
72271,8
26656,8
72291,8
70114,8
70085,8
31546,8
30641,8
30618,8
68149,8
30607,8
30605,8
68169,8
30599,8
30587,8
68187,8
68190,8
68198,8
68199,8
68201,8
68205,8
68211,8
68230,8
68135,8
68113,8
68251,8
30657,8
30778,8
67971,8
30766,8
30763,8
68001,8
30736,8
30732,8
68032,8
68033,8
30716,8
30707,8
30684,8
68079,8
30667,8
30665,8
68232,8
30514,8
70050,8
68400,8
68405,8
30386,8
68417,8
30354,8
30350,8
68443,8
68445,8
30346,8
68451,8
68465,8
30324,8
68490,8
68491,8
30295,8
68531,8
68403,8
68399,8
30501,8
30398,8
68290,8
68306,8
30483,8
30478,8
30475,8
30468,8
30467,8
30461,8
30459,8
30458,8
30449,8
68344,8
68349,8
68354,8
68377,8
67951,8
30792,8
67937,8
67388,8
31320,8
31303,8
67427,8
31260,8
31253,8
67482,8
31246,8
31242,8
31237,8
31220,8
67521,8
67524,8
67570,8
31190,8
31173,8
67391,8
67354,8
30817,8
31387,8
31536,8
31534,8
67201,8
31513,8
31494,8
67237,8
31477,8
67249,8
31471,8
31459,8
31445,8
31442,8
67295,8
67310,8
31401,8
67615,8
31140,8
31134,8
31127,8
30949,8
67796,8
30947,8
67799,8
30921,8
67821,8
30919,8
67840,8
30895,8
67868,8
30874,8
30857,8
30846,8
30822,8
67918,8
30987,8
67763,8
30990,8
67691,8
31118,8
31110,8
31101,8
67680,8
31089,8
67687,8
67697,8
67741,8
67698,8
31049,8
31043,8
31027,8
31017,8
67740,8
68544,8
68554,8
30228,8
29299,8
29276,8
69547,8
29236,8
69563,8
29216,8
29200,8
29183,8
29155,8
29132,8
69662,8
69686,8
69705,8
69711,8
29064,8
69730,8
69517,8
69495,8
29487,8
69483,8
69321,8
29475,8
69345,8
69348,8
69353,8
29398,8
69402,8
69411,8
29384,8
29356,8
69446,8
69448,8
69469,8
69475,8
29328,8
29047,8
69745,8
29038,8
29037,8
28877,8
28873,8
69918,8
28851,8
69933,8
28819,8
69971,8
69975,8
28791,8
69990,8
28784,8
70021,8
28753,8
28739,8
70048,8
28883,8
69906,8
69897,8
69823,8
29035,8
69761,8
69772,8
28981,8
28977,8
28966,8
69826,8
69893,8
69846,8
69854,8
69870,8
28913,8
28911,8
28910,8
29483,8
69280,8
68570,8
30040,8
30026,8
68751,8
68753,8
68771,8
29996,8
29992,8
29958,8
29954,8
68830,8
29937,8
68848,8
68855,8
29916,8
68873,8
68886,8
30037,8
30045,8
29518,8
68729,8
30213,8
68600,8
30191,8
68609,8
30184,8
68615,8
68632,8
68635,8
30157,8
68639,8
68642,8
68653,8
68699,8
68707,8
30066,8
68891,8
68912,8
29870,8
29867,8
29683,8
69113,8
69155,8
69158,8
69176,8
29594,8
29583,8
69197,8
69228,8
69232,8
69242,8
69251,8
29533,8
69256,8
29524,8
69088,8
69075,8
29695,8
29755,8
68935,8
68955,8
68961,8
68973,8
68993,8
69002,8
69020,8
69066,8
29744,8
29730,8
69037,8
29724,8
29713,8
69059,8
37510,8
37511,8
37538,8
53016,8
53040,8
53041,8
53051,8
44907,8
44902,8
44892,8
44866,8
44860,8
53118,8
44856,8
53133,8
44832,8
53149,8
53161,8
53162,8
44926,8
44976,8
44800,8
52952,8
52778,8
45131,8
52819,8
52823,8
45120,8
45098,8
52876,8
45070,8
45065,8
52888,8
45036,8
45026,8
52933,8
45017,8
45016,8
44813,8
44799,8
45893,8
44596,8
44570,8
53459,8
44553,8
44549,8
53466,8
44538,8
53484,8
53485,8
44529,8
53500,8
44508,8
53519,8
44492,8
53561,8
44473,8
44580,8
44614,8
53227,8
44630,8
53265,8
44716,8
44696,8
53308,8
53311,8
53315,8
44668,8
53326,8
53328,8
53338,8
53340,8
53342,8
53348,8
53373,8
53374,8
52777,8
45152,8
45185,8
45684,8
45621,8
52290,8
45587,8
52324,8
52336,8
45547,8
45545,8
45544,8
52345,8
45541,8
52368,8
45492,8
52401,8
45487,8
45481,8
45633,8
45688,8
52738,8
52217,8
52069,8
52080,8
52090,8
45841,8
45838,8
52104,8
45834,8
52115,8
45786,8
52158,8
45778,8
45752,8
45726,8
45704,8
45701,8
45479,8
45478,8
52421,8
52429,8
52625,8
45289,8
45287,8
45284,8
45270,8
45264,8
52650,8
45241,8
45219,8
45213,8
52714,8
45210,8
45206,8
45203,8
45198,8
45301,8
45306,8
52603,8
52508,8
52441,8
52444,8
45453,8
52454,8
52455,8
45435,8
45393,8
45307,8
52515,8
45378,8
45358,8
45339,8
45328,8
52589,8
44470,8
44452,8
44439,8
43567,8
43551,8
54546,8
54564,8
43523,8
43510,8
43458,8
54633,8
43416,8
43408,8
43394,8
54691,8
54704,8
43372,8
54720,8
43345,8
43552,8
43570,8
43738,8
54525,8
54318,8
43718,8
54328,8
54349,8
43707,8
54354,8
43698,8
54382,8
54388,8
43678,8
54440,8
54470,8
54477,8
54480,8
43616,8
43344,8
54758,8
43331,8
43303,8
43134,8
43121,8
55034,8
55047,8
43102,8
43100,8
55060,8
55066,8
55070,8
55073,8
55097,8
55099,8
55110,8
43024,8
43016,8
43135,8
43136,8
43139,8
54931,8
43285,8
43284,8
43242,8
54879,8
54889,8
54917,8
43197,8
43159,8
54959,8
43185,8
54966,8
43180,8
54974,8
54995,8
54309,8
43743,8
44415,8
53785,8
53819,8
53825,8
44171,8
44170,8
53875,8
53881,8
53883,8
53885,8
53888,8
44125,8
44122,8
44121,8
44100,8
44079,8
44077,8
44190,8
44271,8
54293,8
53758,8
44401,8
44393,8
44382,8
53661,8
53665,8
44366,8
53677,8
53686,8
44352,8
44345,8
44308,8
44307,8
53727,8
44298,8
53754,8
44062,8
44052,8
53967,8
53978,8
43870,8
54147,8
54148,8
43865,8
43850,8
43847,8
54167,8
54177,8
54178,8
54179,8
54180,8
43796,8
54230,8
54231,8
54268,8
54122,8
54120,8
43884,8
43944,8
44028,8
54008,8
54029,8
54055,8
43954,8
43945,8
54068,8
43891,8
54070,8
43923,8
54088,8
54098,8
43903,8
43893,8
45864,8
52026,8
55138,8
49803,8
47973,8
47968,8
47956,8
49848,8
49849,8
47939,8
49861,8
49866,8
47921,8
49870,8
49876,8
47897,8
49896,8
47894,8
47891,8
47979,8
49796,8
47877,8
48003,8
48269,8
48266,8
48248,8
48243,8
48174,8
49635,8
48153,8
48148,8
49675,8
48104,8
49743,8
49746,8
49749,8
49758,8
48031,8
49909,8
49924,8
45901,8
50065,8
47717,8
50105,8
50123,8
50140,8
47649,8
47635,8
47631,8
50183,8
50186,8
47598,8
47588,8
50237,8
50243,8
47538,8
50258,8
50070,8
47750,8
49927,8
50046,8
47851,8
47831,8
47827,8
47825,8
47814,8
49977,8
47811,8
49986,8
47798,8
47796,8
47784,8
47781,8
50030,8
50038,8
47760,8
49522,8
49508,8
48292,8
48739,8
48706,8
48693,8
49109,8
48654,8
48653,8
48652,8
48651,8
48646,8
48644,8
49148,8
49149,8
48633,8
49161,8
49169,8
48621,8
48735,8
48756,8
48317,8
49038,8
48922,8
48925,8
48927,8
48929,8
48940,8
48842,8
48960,8
48966,8
48971,8
48973,8
48985,8
48800,8
48799,8
49023,8
49035,8
48618,8
48617,8
49175,8
49197,8
48463,8
49343,8
48455,8
48438,8
48430,8
49377,8
49393,8
49417,8
49419,8
49421,8
48366,8
48360,8
48353,8
49478,8
48318,8
49326,8
49317,8
48479,8
48551,8
49199,8
48589,8
49218,8
48574,8
49230,8
48556,8
48525,8
48491,8
49274,8
49287,8
49296,8
49297,8
49300,8
48494,8
50262,8
47507,8
47477,8
46392,8
46379,8
51539,8
46364,8
46357,8
51558,8
46350,8
51565,8
46347,8
46320,8
51591,8
46307,8
51615,8
51630,8
46259,8
51675,8
46382,8
51528,8
46572,8
46397,8
46564,8
46535,8
51373,8
51378,8
46510,8
46492,8
46477,8
51440,8
51455,8
51460,8
51477,8
46439,8
46431,8
46424,8
51517,8
51684,8
51686,8
46238,8
46220,8
46059,8
51900,8
46024,8
51918,8
45983,8
45938,8
51981,8
45936,8
45928,8
45920,8
52000,8
52002,8
52009,8
45908,8
52014,8
46062,8
46072,8
46093,8
51778,8
46214,8
46208,8
46207,8
46200,8
46186,8
46176,8
46143,8
46103,8
51789,8
51798,8
46117,8
51806,8
51820,8
51831,8
51330,8
46596,8
47469,8
50523,8
50535,8
47227,8
50567,8
47211,8
47210,8
50575,8
50602,8
50619,8
47163,8
50627,8
50628,8
47160,8
47129,8
47127,8
47105,8
47256,8
47260,8
51293,8
50513,8
50318,8
50325,8
50345,8
47412,8
47399,8
47369,8
50416,8
50423,8
47355,8
47307,8
47304,8
47300,8
50488,8
50492,8
47289,8
50709,8
50732,8
50733,8
50748,8
51066,8
46765,8
46745,8
51117,8
51122,8
51136,8
46722,8
46720,8
46666,8
46659,8
51222,8
51223,8
46632,8
46629,8
51258,8
51056,8
51026,8
46822,8
50831,8
50755,8
50787,8
47011,8
50808,8
46993,8
46985,8
50834,8
46824,8
46972,8
50847,8
50887,8
46895,8
46871,8
46863,8
43012,8
55139,8
60986,8
58959,8
58973,8
39437,8
58984,8
39419,8
39415,8
39414,8
39401,8
39399,8
39398,8
39380,8
59044,8
59082,8
39346,8
59099,8
59125,8
39458,8
39468,8
59132,8
39479,8
39607,8
58793,8
58797,8
39583,8
39564,8
58841,8
58849,8
39529,8
39521,8
39518,8
39511,8
39508,8
39504,8
58913,8
39486,8
59128,8
39316,8
40217,8
59362,8
59388,8
39105,8
59407,8
39091,8
59442,8
39059,8
59462,8
59464,8
39044,8
39033,8
39030,8
59517,8
59523,8
59536,8
38970,8
59375,8
39142,8
39303,8
59339,8
39302,8
59184,8
39277,8
59188,8
59191,8
39252,8
39234,8
39223,8
39202,8
59289,8
59297,8
59299,8
59307,8
39154,8
39149,8
58781,8
58769,8
58767,8
40052,8
40038,8
58338,8
58356,8
58358,8
58360,8
40007,8
58368,8
58373,8
39987,8
39975,8
58400,8
58404,8
39947,8
58426,8
58428,8
58312,8
58283,8
39622,8
40079,8
58137,8
58138,8
40196,8
40185,8
40181,8
40180,8
40164,8
40153,8
40150,8
58199,8
58211,8
40128,8
58219,8
58229,8
58240,8
58431,8
58440,8
39923,8
39918,8
58679,8
39687,8
58690,8
58691,8
39684,8
58701,8
58714,8
39662,8
39659,8
39656,8
58735,8
58749,8
39624,8
39623,8
58764,8
39726,8
58637,8
58634,8
39837,8
39891,8
39870,8
39867,8
58506,8
39845,8
39844,8
39809,8
39745,8
58546,8
39793,8
58561,8
39779,8
39775,8
58583,8
38967,8
59554,8
38937,8
37976,8
37960,8
60555,8
60558,8
37931,8
37916,8
60593,8
37898,8
37896,8
60616,8
37875,8
37869,8
37864,8
37860,8
37858,8
37833,8
37973,8
38012,8
38172,8
38016,8
38163,8
60344,8
38135,8
60378,8
38121,8
60398,8
60412,8
38090,8
60428,8
38085,8
38076,8
38068,8
38060,8
38039,8
38017,8
60672,8
37824,8
60682,8
60685,8
37668,8
37665,8
37663,8
60872,8
60876,8
37658,8
60887,8
60899,8
60908,8
60959,8
37607,8
60966,8
37592,8
60979,8
37587,8
37672,8
37693,8
60836,8
60756,8
60693,8
60702,8
60711,8
37779,8
37777,8
37775,8
37754,8
37706,8
37734,8
37732,8
60799,8
37715,8
60825,8
60829,8
38165,8
60313,8
59583,8
38798,8
38790,8
38786,8
38783,8
59776,8
38724,8
59801,8
38663,8
59847,8
38649,8
38625,8
38614,8
59891,8
38610,8
59896,8
59898,8
59708,8
59706,8
38187,8
38801,8
38920,8
59619,8
38880,8
59627,8
59645,8
59662,8
59664,8
59666,8
59671,8
38825,8
59678,8
59679,8
38809,8
59697,8
38805,8
59906,8
38579,8
59925,8
38546,8
60197,8
60202,8
60214,8
60223,8
60237,8
60238,8
38235,8
38228,8
38223,8
60257,8
38221,8
60265,8
60266,8
60288,8
38204,8
38328,8
60138,8
60135,8
60063,8
59956,8
59998,8
38480,8
38476,8
38449,8
60055,8
60081,8
38342,8
38417,8
38398,8
38397,8
60110,8
60119,8
38346,8
58135,8
58128,8
55140,8
56107,8
56126,8
56128,8
56152,8
56159,8
42014,8
56182,8
56190,8
41975,8
56221,8
56227,8
56229,8
56251,8
41954,8
56257,8
41944,8
56112,8
42087,8
41932,8
56098,8
42285,8
42265,8
42254,8
42228,8
55967,8
42191,8
55998,8
56004,8
56020,8
56021,8
56023,8
42165,8
56027,8
56040,8
42108,8
41934,8
56278,8
40220,8
41746,8
56493,8
41724,8
56508,8
56511,8
56517,8
41707,8
56524,8
41703,8
56528,8
56531,8
41682,8
41679,8
56556,8
56567,8
56568,8
56486,8
41801,8
41909,8
56422,8
41905,8
41898,8
56302,8
56321,8
41880,8
56333,8
56341,8
56343,8
56360,8
56362,8
41842,8
41836,8
41835,8
56401,8
56404,8
42294,8
42304,8
55871,8
55319,8
55337,8
55344,8
55349,8
55371,8
55374,8
42771,8
55400,8
55413,8
55421,8
42732,8
55425,8
55429,8
55442,8
42718,8
42710,8
55328,8
42844,8
55850,8
55310,8
55155,8
42996,8
55163,8
42967,8
42966,8
42960,8
55193,8
55194,8
55200,8
42938,8
55223,8
42924,8
42918,8
42864,8
42856,8
42697,8
55482,8
55498,8
55500,8
55698,8
55706,8
42463,8
55720,8
55722,8
55723,8
42426,8
42425,8
55758,8
55761,8
55767,8
55789,8
55790,8
42386,8
55838,8
55688,8
42512,8
42513,8
55570,8
55503,8
55508,8
55519,8
55521,8
55541,8
55549,8
42591,8
42521,8
55588,8
55602,8
42550,8
42542,8
55624,8
55632,8
56593,8
56599,8
41614,8
40785,8
40783,8
57492,8
57498,8
40743,8
57524,8
57534,8
40719,8
57599,8
57602,8
40661,8
57634,8
57638,8
57640,8
40621,8
40617,8
40784,8
57476,8
57339,8
40787,8
40904,8
40899,8
40898,8
57375,8
57380,8
57389,8
40864,8
57396,8
57399,8
57403,8
40830,8
57434,8
40805,8
40802,8
40801,8
40588,8
40584,8
57701,8
57712,8
40415,8
40404,8
40400,8
57923,8
40383,8
57957,8
40327,8
57987,8
57989,8
40315,8
58035,8
58047,8
58056,8
40252,8
40230,8
57881,8
57874,8
57855,8
57752,8
40562,8
57722,8
40556,8
57729,8
40546,8
40537,8
40521,8
57845,8
40507,8
57798,8
57817,8
57822,8
57828,8
57832,8
57344,8
40955,8
56624,8
41450,8
41448,8
56790,8
41438,8
41403,8
56832,8
56834,8
56852,8
41364,8
56874,8
56879,8
56904,8
41298,8
56956,8
56961,8
56970,8
56783,8
41453,8
57308,8
56769,8
41587,8
56663,8
41581,8
56666,8
56669,8
56680,8
56691,8
56718,8
56729,8
41496,8
56749,8
56761,8
56762,8
41467,8
56764,8
41268,8
41265,8
56979,8
41263,8
41070,8
41056,8
57203,8
41048,8
57212,8
57214,8
41003,8
41001,8
57273,8
40992,8
40988,8
40984,8
40981,8
57302,8
40965,8
41074,8
57124,8
41138,8
41237,8
56992,8
41256,8
41255,8
57004,8
41248,8
41243,8
57053,8
41160,8
41188,8
41187,8
41180,8
57088,8
41174,8
41164,8
25682,8
100000,8
74404,8
23598,8
24673,8
25593,8
76170,8
74488,8
23679,8
74705,8
25657,8
24564,8
23320,8
73677,8
75208,8
75514,8
73738,8
73705,8
74263,8
73360,8
75195,8
74282,8
24054,8
74673,8
73624,8
73868,8
23962,8
25648,8
25032,8
75394,8
75588,8
75041,8
74080,8
75740,8
25582,8
73568,8
25135,8
74459,8
24412,8
23621,8
74094,8
75552,8
74671,8
74482,8
24712,8
73943,8
75482,8
24072,8
74984,8
24844,8
75306,8
73940,8
25056,8
73846,8
24388,8
75192,8
76078,8
73631,8
75513,8
74889,8
74098,8
25064,8
75338,8
73408,8
73843,8
73582,8
24497,8
74768,8
74745,8
74305,8
73563,8
73793,8
23986,8
74130,8
24439,8
76035,8
75388,8
25600,8
25130,8
25419,8
73852,8
23227,8
25041,8
74205,8
24141,8
74827,8
25354,8
75664,8
25169,8
74842,8
23698,8
25171,8
24469,8
25591,8
25098,8
75349,8
74136,8
25417,8
24735,8
73515,8
75454,8
24138,8
75130,8
24702,8
73476,8
25164,8
25503,8
23992,8
24265,8
25162,8
75476,8
74675,8
75946,8
23541,8
75563,8
24332,8
74219,8
24819,8
74215,8
23811,8
74534,8
73565,8
75746,8
73740,8
74301,8
75828,8
74571,8
23351,8
24699,8
73393,8
25304,8
25388,8
25126,8
23310,8
23359,8
74339,8
74223,8
24476,8
74550,8
24724,8
74935,8
75405,8
25461,8
74434,8
75325,8
73714,8
25283,8
75181,8
25402,8
74713,8
24008,8
25144,8
74298,8
24390,8
24941,8
74598,8
74900,8
74530,8
25468,8
25120,8
25550,8
24710,8
23263,8
74966,8
73954,8
23943,8
74059,8
75158,8
24801,8
23425,8
74871,8
74035,8
25030,8
73641,8
25674,8
75521,8
25211,8
74066,8
74732,8
76092,8
23839,8
74759,8
75144,8
25062,8
24120,8
24675,8
75713,8
25117,8
74899,8
23901,8
25592,8
73304,8
75805,8
75714,8
73610,8
75066,8
74273,8
23567,8
24408,8
25451,8
75217,8
74194,8
25108,8
24033,8
74239,8
74902,8
75028,8
74707,8
76102,8
24038,8
24126,8
74344,8
24815,8
25361,8
24843,8
23418,8
75951,8
74376,8
73380,8
74656,8
24533,8
75165,8
24988,8
25140,8
24299,8
75432,8
75015,8
25328,8
73949,8
23175,8
24557,8
24480,8
73388,8
75278,8
23217,8
73911,8
25152,8
75372,8
23727,8
74421,8
74869,8
75970,8
75843,8
23553,8
25510,8
25470,8
74712,8
75697,8
75539,8
24405,8
73660,8
23241,8
73836,8
73984,8
74760,8
25398,8
75254,8
23420,8
75023,8
24841,8
74733,8
43219,7
43223,7
54920,7
59748,7
38759,7
25206,7
94713,7
83098,7
94715,7
30513,7
94694,7
12746,7
43199,7
43224,7
43213,7
30520,7
94702,7
83083,7
38757,7
68284,7
90501,7
67797,7
30521,7
30576,7
34373,7
5030,7
75509,7
16075,7
38796,7
38794,7
59714,7
83166,7
86632,7
22552,7
16087,7
55009,7
90538,7
55006,7
55003,7
90537,7
73881,7
94609,7
83177,7
5032,7
77260,7
43101,7
75504,7
16055,7
16056,7
34369,7
43118,7
55035,7
94603,7
30583,7
43125,7
83182,7
16064,7
16065,7
22550,7
54999,7
68207,7
4995,7
16139,7
54955,7
54954,7
8979,7
16144,7
43193,7
94670,7
83120,7
83119,7
38777,7
68249,7
54943,7
30535,7
54942,7
73878,7
68255,7
90521,7
22558,7
54994,7
68238,7
16114,7
90534,7
30566,7
90532,7
86621,7
16126,7
30552,7
30551,7
24829,7
94650,7
68291,7
59733,7
83135,7
68233,7
64253,7
16180,7
16269,7
12729,7
4755,7
82942,7
82941,7
30356,7
21182,7
54687,7
34485,7
94885,7
12667,7
68440,7
94873,7
75538,7
43395,7
94892,7
54671,7
16360,7
86703,7
94897,7
73838,7
94876,7
94870,7
86689,7
82958,7
64179,7
78128,7
64177,7
64176,7
16327,7
94854,7
82960,7
12671,7
54725,7
94869,7
16334,7
59821,7
75531,7
86697,7
25244,7
94861,7
59827,7
30369,7
9076,7
90434,7
30345,7
30293,7
38656,7
43528,7
64143,7
68488,7
22595,7
4678,7
16409,7
25253,7
4676,7
54653,7
16412,7
30288,7
54539,7
54534,7
59892,7
12626,7
4665,7
68503,7
94948,7
38658,7
54583,7
90420,7
43410,7
90428,7
86709,7
43455,7
30329,7
4723,7
90425,7
68462,7
78139,7
82904,7
74882,7
54605,7
86714,7
12646,7
16389,7
16393,7
68471,7
12674,7
22578,7
43233,7
38731,7
43254,7
30477,7
4882,7
54849,7
30471,7
43261,7
94763,7
43266,7
54825,7
83048,7
34427,7
64215,7
43274,7
16252,7
9036,7
43277,7
94785,7
38728,7
16237,7
78114,7
9072,7
4907,7
4911,7
90495,7
38745,7
94730,7
43238,7
83066,7
75522,7
16198,7
34420,7
9031,7
43244,7
64223,7
43246,7
30480,7
68315,7
54856,7
64222,7
16235,7
64212,7
83023,7
25225,7
38693,7
34455,7
94820,7
82993,7
82992,7
4813,7
94823,7
4811,7
82986,7
4807,7
16258,7
30417,7
59806,7
43332,7
34468,7
38691,7
54751,7
4788,7
68379,7
38701,7
68360,7
59794,7
43307,7
16261,7
34441,7
83199,7
12706,7
16270,7
78120,7
38715,7
83012,7
9047,7
83009,7
64202,7
21190,7
34444,7
54800,7
34453,7
54795,7
43306,7
8936,7
30670,7
38822,7
55491,7
78051,7
59477,7
83541,7
42630,7
78052,7
86460,7
42636,7
67765,7
94174,7
86461,7
8797,7
59486,7
90717,7
94180,7
5404,7
30979,7
12900,7
83524,7
22497,7
5391,7
30964,7
5417,7
5419,7
5421,7
31016,7
83573,7
55565,7
55564,7
39045,7
15701,7
42601,7
5438,7
90734,7
94140,7
42610,7
15734,7
42611,7
8792,7
67745,7
5427,7
83553,7
31009,7
31008,7
83550,7
31004,7
67786,7
15755,7
86449,7
74914,7
30900,7
5348,7
30894,7
42733,7
42734,7
22510,7
75451,7
67854,7
34204,7
30882,7
5342,7
42747,7
15793,7
55409,7
42757,7
42762,7
5334,7
42767,7
42776,7
24857,7
21530,7
30901,7
25168,7
30905,7
55472,7
15757,7
94199,7
55488,7
64443,7
94202,7
15762,7
8804,7
55483,7
75442,7
64435,7
30907,7
23813,7
34201,7
30925,7
67820,7
67824,7
73927,7
83485,7
42730,7
22508,7
12918,7
76838,7
94272,7
94054,7
23831,7
90784,7
55704,7
31133,7
90783,7
83655,7
5515,7
86415,7
39084,7
34127,7
22480,7
39077,7
12953,7
39068,7
64493,7
15643,7
83641,7
31111,7
55675,7
55674,7
12951,7
39087,7
22061,7
94018,7
12968,7
15592,7
55746,7
67613,7
90794,7
8736,7
93998,7
78032,7
5536,7
15603,7
59418,7
55714,7
15606,7
94003,7
55726,7
42451,7
76853,7
78033,7
42453,7
5532,7
59419,7
83635,7
12950,7
59472,7
42501,7
75423,7
15669,7
24224,7
23825,7
5464,7
94098,7
59454,7
94101,7
42559,7
34152,7
64473,7
12934,7
59460,7
42571,7
74929,7
67711,7
67716,7
83582,7
67717,7
42590,7
67720,7
34146,7
31080,7
59444,7
8768,7
74300,7
94061,7
39066,7
34136,7
55658,7
74931,7
76846,7
5493,7
55647,7
67669,7
21266,7
55645,7
94076,7
67674,7
67675,7
55643,7
55642,7
64481,7
78039,7
94085,7
77726,7
39002,7
8926,7
78087,7
64349,7
30692,7
15961,7
76796,7
73895,7
42971,7
8899,7
94464,7
83288,7
94465,7
38864,7
38862,7
42979,7
64338,7
15982,7
38857,7
15987,7
54522,7
43001,7
43005,7
94479,7
68057,7
75478,7
30697,7
68027,7
5216,7
68018,7
90628,7
22526,7
94425,7
90625,7
42942,7
5207,7
30721,7
15946,7
42955,7
30717,7
38915,7
25190,7
75474,7
30714,7
12817,7
90619,7
42954,7
64352,7
74906,7
94482,7
24846,7
30661,7
94541,7
73887,7
38832,7
73886,7
30616,7
90573,7
94549,7
21223,7
55084,7
34338,7
55082,7
68160,7
74321,7
78095,7
43086,7
23766,7
16044,7
68166,7
64290,7
68168,7
73884,7
94538,7
64301,7
83233,7
68111,7
64327,7
83264,7
25193,7
38852,7
68100,7
68103,7
5127,7
12801,7
5122,7
43014,7
83235,7
38850,7
5109,7
68115,7
8915,7
94522,7
86581,7
22539,7
43038,7
5095,7
15931,7
30734,7
34214,7
67970,7
15835,7
38974,7
5305,7
94308,7
42821,7
55325,7
15849,7
42837,7
90667,7
30804,7
30800,7
38972,7
94326,7
22516,7
86511,7
67957,7
8844,7
15877,7
23797,7
30779,7
30769,7
30820,7
94304,7
67920,7
67899,7
76815,7
55361,7
55360,7
83442,7
67887,7
90684,7
30850,7
22048,7
8825,7
67905,7
5309,7
38986,7
86500,7
83430,7
15816,7
5315,7
34230,7
83423,7
83422,7
59540,7
83389,7
34260,7
34282,7
12845,7
94386,7
59588,7
55244,7
38929,7
30750,7
34277,7
12831,7
38922,7
64366,7
68000,7
5226,7
42928,7
5224,7
55225,7
34279,7
78078,7
68008,7
55222,7
68009,7
30735,7
55217,7
64375,7
22037,7
5244,7
8863,7
55308,7
83384,7
38955,7
73903,7
5286,7
15894,7
67977,7
94342,7
5278,7
42865,7
42910,7
12841,7
55290,7
38947,7
42875,7
5250,7
12839,7
86526,7
30759,7
83363,7
59911,7
12609,7
94986,7
34727,7
44386,7
12381,7
44387,7
82229,7
9329,7
34731,7
44397,7
29598,7
74368,7
82222,7
38259,7
3912,7
3909,7
82218,7
3907,7
34738,7
29585,7
82214,7
95764,7
69189,7
53621,7
95744,7
17067,7
44339,7
34725,7
17044,7
53694,7
82259,7
76652,7
44350,7
23618,7
95709,7
34714,7
17058,7
3966,7
12390,7
9317,7
29613,7
95725,7
17064,7
86959,7
29609,7
82242,7
3952,7
44371,7
3949,7
69194,7
95767,7
38255,7
21969,7
38205,7
9387,7
34779,7
29541,7
44471,7
3845,7
29537,7
44472,7
95832,7
73743,7
87000,7
17177,7
53550,7
44488,7
53544,7
53542,7
3833,7
44496,7
60303,7
12327,7
34781,7
69243,7
44459,7
17147,7
69212,7
90098,7
53610,7
17116,7
21967,7
69205,7
63881,7
23612,7
95790,7
29566,7
69215,7
69238,7
60264,7
95794,7
44419,7
63876,7
60270,7
44426,7
3861,7
53587,7
3853,7
3975,7
69146,7
4105,7
63945,7
78200,7
4065,7
82351,7
86921,7
69062,7
44203,7
44208,7
16950,7
82341,7
82339,7
63933,7
21109,7
75641,7
53784,7
82333,7
29690,7
53781,7
16960,7
38292,7
53770,7
29688,7
44184,7
95605,7
29622,7
90177,7
44156,7
82378,7
4101,7
69031,7
95575,7
90185,7
44161,7
95583,7
53850,7
82370,7
53849,7
53841,7
53837,7
34665,7
82364,7
44169,7
38307,7
76665,7
38306,7
9283,7
29721,7
95642,7
86932,7
69082,7
44262,7
44301,7
29642,7
53729,7
44306,7
22673,7
29639,7
22674,7
12410,7
60201,7
95681,7
53719,7
95685,7
90145,7
17022,7
38275,7
38273,7
44316,7
95691,7
12401,7
9314,7
60216,7
69118,7
75649,7
9300,7
44277,7
44263,7
95648,7
4020,7
44269,7
29676,7
29675,7
29670,7
86937,7
75645,7
60199,7
82294,7
38283,7
44282,7
29653,7
53746,7
53745,7
86940,7
82297,7
17001,7
44287,7
95853,7
38192,7
95861,7
24346,7
53324,7
22724,7
74383,7
29348,7
96040,7
75693,7
53310,7
76608,7
96046,7
81968,7
17384,7
87080,7
29342,7
53288,7
44704,7
89957,7
3634,7
44711,7
44713,7
17406,7
29336,7
96035,7
63761,7
12323,7
29352,7
29375,7
69424,7
96007,7
53352,7
17349,7
82005,7
96011,7
69429,7
24766,7
60386,7
29372,7
9474,7
96021,7
81994,7
29364,7
69434,7
38114,7
96024,7
69443,7
53333,7
63765,7
17410,7
12232,7
53272,7
60407,7
44753,7
17454,7
29284,7
69512,7
44755,7
87104,7
3594,7
38071,7
3591,7
44761,7
89922,7
38070,7
81900,7
9522,7
96126,7
34934,7
9523,7
29281,7
53211,7
96132,7
29275,7
63729,7
44752,7
12203,7
9499,7
44726,7
53258,7
17418,7
53256,7
78239,7
96079,7
63738,7
3620,7
69488,7
3614,7
3599,7
29318,7
77330,7
81927,7
96094,7
63730,7
53239,7
96099,7
44749,7
17440,7
29377,7
38120,7
44635,7
44568,7
3778,7
21093,7
17245,7
9425,7
76631,7
69319,7
82090,7
82089,7
95911,7
17259,7
82085,7
29461,7
44541,7
90012,7
95920,7
95922,7
76625,7
69338,7
44554,7
95929,7
12291,7
87026,7
60330,7
21962,7
12309,7
3816,7
29511,7
17202,7
90051,7
82129,7
82127,7
12315,7
53513,7
17207,7
82120,7
17233,7
22703,7
33207,7
87018,7
87019,7
29494,7
87020,7
95889,7
69309,7
82110,7
44565,7
90009,7
24344,7
34825,7
38137,7
29407,7
3711,7
17319,7
60362,7
89988,7
17321,7
53402,7
44610,7
34853,7
21086,7
95978,7
44617,7
44618,7
38133,7
75686,7
75687,7
95990,7
63798,7
95994,7
89980,7
44604,7
9452,7
3726,7
69365,7
78227,7
29450,7
12287,7
73735,7
44579,7
3745,7
29441,7
44584,7
29439,7
60349,7
89996,7
60355,7
38139,7
3735,7
82054,7
9447,7
34838,7
44597,7
60360,7
69381,7
29740,7
29746,7
4655,7
90318,7
54348,7
30116,7
16594,7
82703,7
95174,7
86795,7
82700,7
16596,7
64072,7
86797,7
30110,7
86798,7
59989,7
95190,7
75559,7
30091,7
86802,7
30088,7
76718,7
12563,7
54313,7
34553,7
4489,7
43691,7
22612,7
4516,7
82734,7
78157,7
59980,7
54371,7
43694,7
82729,7
54368,7
95151,7
64084,7
9167,7
82723,7
30146,7
34551,7
68652,7
95161,7
43705,7
30138,7
68657,7
90319,7
23702,7
90312,7
54302,7
54301,7
95217,7
21165,7
60005,7
4404,7
90302,7
16647,7
82639,7
16649,7
54240,7
82636,7
43788,7
4391,7
74341,7
90298,7
77285,7
4378,7
60019,7
16659,7
16660,7
4377,7
60021,7
43801,7
43776,7
43766,7
43763,7
43750,7
9175,7
16619,7
82673,7
16621,7
4444,7
76716,7
12553,7
86812,7
54283,7
95233,7
43762,7
82661,7
68719,7
30062,7
16638,7
68721,7
30061,7
68723,7
95234,7
43760,7
82736,7
30160,7
82383,7
16467,7
43620,7
95034,7
59933,7
16471,7
82822,7
54475,7
43630,7
78146,7
86751,7
82817,7
54469,7
16480,7
90365,7
30231,7
68560,7
9138,7
82810,7
68565,7
43631,7
64113,7
16487,7
68542,7
16466,7
90328,7
68540,7
90377,7
86739,7
4645,7
43584,7
16445,7
34513,7
12619,7
4639,7
43592,7
54496,7
38580,7
68533,7
90371,7
95017,7
82839,7
4628,7
43606,7
86746,7
43608,7
95024,7
12616,7
82805,7
90360,7
64108,7
16489,7
12589,7
82764,7
4547,7
43666,7
95107,7
38539,7
95113,7
16548,7
54402,7
34546,7
16551,7
64087,7
54396,7
4534,7
95125,7
30163,7
82745,7
68629,7
95131,7
9160,7
12577,7
54411,7
59962,7
68605,7
16512,7
43645,7
76857,7
4587,7
95063,7
95065,7
54448,7
4579,7
22606,7
95073,7
4572,7
4555,7
68590,7
54424,7
4560,7
30193,7
16517,7
54417,7
43664,7
12602,7
38542,7
95276,7
54217,7
64045,7
44037,7
82468,7
12468,7
44039,7
29853,7
68936,7
29849,7
29848,7
4198,7
29847,7
53965,7
38361,7
82452,7
60122,7
4191,7
95486,7
75603,7
44067,7
95494,7
68948,7
9265,7
24292,7
90237,7
95459,7
54211,7
44033,7
86868,7
54009,7
68908,7
44013,7
68910,7
68911,7
73773,7
63992,7
54002,7
95442,7
16808,7
68917,7
54001,7
4217,7
78186,7
16815,7
38396,7
4216,7
44025,7
95454,7
75595,7
90212,7
24293,7
86890,7
4166,7
90199,7
16879,7
29770,7
82404,7
60157,7
82402,7
60159,7
63954,7
44150,7
23637,7
69014,7
16888,7
82393,7
16889,7
25302,7
69019,7
95563,7
16893,7
16894,7
38313,7
69024,7
24297,7
29784,7
34655,7
68978,7
38338,7
44102,7
95510,7
16852,7
63977,7
44113,7
73765,7
90207,7
34643,7
82426,7
73764,7
63974,7
44127,7
4149,7
95526,7
38334,7
29787,7
63966,7
95537,7
44140,7
4237,7
68896,7
82501,7
82562,7
4331,7
4330,7
68777,7
34587,7
4328,7
16703,7
54164,7
4321,7
43852,7
43864,7
4318,7
90281,7
68789,7
22627,7
76699,7
4303,7
95345,7
38457,7
64030,7
86842,7
29959,7
54165,7
16694,7
77286,7
4340,7
43809,7
9189,7
54204,7
16671,7
21158,7
4345,7
43816,7
9197,7
82609,7
4339,7
82597,7
54186,7
74343,7
16676,7
68770,7
95306,7
75571,7
34582,7
16689,7
75572,7
4288,7
60074,7
44002,7
82559,7
68867,7
76684,7
68869,7
4258,7
12483,7
16771,7
54053,7
54051,7
43970,7
82516,7
68876,7
68878,7
43975,7
54036,7
68880,7
34623,7
95418,7
86863,7
25293,7
90245,7
44000,7
21566,7
73783,7
43950,7
29938,7
75585,7
16739,7
4286,7
68826,7
54104,7
34604,7
25292,7
95370,7
38430,7
95375,7
22640,7
29932,7
64018,7
64017,7
12498,7
16759,7
38422,7
43939,7
22005,7
29922,7
5549,7
59377,7
34097,7
92444,7
39641,7
8159,7
40752,7
13455,7
14268,7
40756,7
66097,7
32546,7
24002,7
22276,7
92459,7
8161,7
66107,7
57490,7
91383,7
66111,7
57484,7
39626,7
65091,7
66116,7
7062,7
8157,7
57513,7
92407,7
39647,7
14231,7
40708,7
92411,7
57551,7
40710,7
91404,7
92416,7
66059,7
7119,7
91400,7
92426,7
85874,7
66066,7
32574,7
58739,7
92430,7
57528,7
32561,7
40736,7
57519,7
40742,7
23995,7
85888,7
32539,7
77889,7
66159,7
14324,7
92503,7
92504,7
7023,7
91370,7
57432,7
57428,7
40827,7
22136,7
85899,7
8169,7
40842,7
40845,7
14337,7
40847,7
32487,7
58779,7
40848,7
84918,7
66191,7
66158,7
7025,7
39620,7
66135,7
14294,7
32536,7
66128,7
7048,7
84964,7
40792,7
7042,7
84961,7
91376,7
75017,7
66153,7
32524,7
92486,7
21371,7
66143,7
7035,7
57461,7
85894,7
22279,7
57454,7
91405,7
7129,7
14598,7
75157,7
40570,7
85128,7
85127,7
85126,7
33405,7
8101,7
25008,7
91457,7
65940,7
57703,7
7254,7
39681,7
65163,7
32663,7
92300,7
65948,7
40590,7
57686,7
7243,7
8113,7
25022,7
25004,7
40564,7
92403,7
85133,7
40543,7
85155,7
57743,7
39691,7
85152,7
85151,7
65917,7
92253,7
33391,7
85145,7
39688,7
85143,7
7286,7
77154,7
75156,7
24921,7
85823,7
58694,7
65178,7
40563,7
14133,7
85102,7
85101,7
75035,7
39673,7
14206,7
32617,7
32616,7
32615,7
40676,7
32614,7
85048,7
85047,7
66021,7
91413,7
91412,7
77881,7
85042,7
33467,7
7154,7
85865,7
7149,7
66032,7
33470,7
92391,7
40694,7
14204,7
7181,7
13472,7
7210,7
74114,7
33428,7
57652,7
91436,7
40656,7
14172,7
14173,7
14175,7
74112,7
65987,7
40670,7
57618,7
85850,7
57612,7
24914,7
92361,7
65999,7
91422,7
66003,7
32626,7
84916,7
33505,7
66200,7
92724,7
75006,7
64990,7
32309,7
8258,7
13388,7
14508,7
32301,7
84741,7
32300,7
41060,7
6818,7
41072,7
6814,7
41079,7
58878,7
6792,7
14524,7
14525,7
6791,7
84725,7
74232,7
14498,7
66380,7
84908,7
41050,7
8242,7
41015,7
84778,7
92685,7
84776,7
41021,7
41026,7
57239,7
84772,7
22121,7
6856,7
32321,7
6854,7
58851,7
6851,7
57234,7
14485,7
39543,7
41038,7
57220,7
75242,7
84723,7
39522,7
75005,7
57155,7
57122,7
66430,7
32247,7
41144,7
57118,7
14580,7
84683,7
8290,7
92799,7
85997,7
13360,7
41149,7
92804,7
74071,7
14596,7
77770,7
84670,7
77920,7
57104,7
91253,7
58912,7
77916,7
91262,7
75252,7
14552,7
84718,7
6783,7
32287,7
6777,7
41117,7
14544,7
39514,7
6775,7
41121,7
13376,7
6763,7
58891,7
92777,7
14555,7
6769,7
85989,7
58893,7
14559,7
24179,7
92787,7
33613,7
84784,7
92673,7
33582,7
85924,7
6970,7
92577,7
92578,7
65035,7
77895,7
58804,7
92585,7
33571,7
58806,7
33578,7
6958,7
23974,7
14394,7
23971,7
13421,7
92598,7
66259,7
13420,7
32434,7
40933,7
84876,7
14383,7
40889,7
57382,7
40858,7
22282,7
13440,7
32470,7
84902,7
39600,7
75211,7
58791,7
40873,7
66218,7
8205,7
14364,7
33541,7
33543,7
6989,7
75216,7
58798,7
14373,7
66225,7
85922,7
66266,7
33583,7
92672,7
66272,7
25045,7
40983,7
6895,7
66329,7
40985,7
66332,7
14445,7
6888,7
57278,7
65004,7
14451,7
33609,7
32344,7
57274,7
32341,7
40993,7
84791,7
85958,7
6872,7
13405,7
32335,7
84809,7
91313,7
14434,7
40966,7
32426,7
40936,7
66282,7
58814,7
8223,7
92617,7
92623,7
32412,7
33589,7
32407,7
33601,7
91320,7
66301,7
57299,7
66304,7
77777,7
21360,7
57294,7
92641,7
57288,7
58667,7
92237,7
40533,7
91616,7
33066,7
24081,7
91863,7
85481,7
7665,7
91866,7
65541,7
58200,7
91870,7
7662,7
39833,7
58193,7
39824,7
91885,7
58177,7
7647,7
85701,7
65297,7
7940,7
33031,7
13602,7
40130,7
40125,7
39803,7
77822,7
39854,7
58273,7
91811,7
85687,7
40083,7
58261,7
7703,7
40097,7
7692,7
58251,7
58508,7
91842,7
24086,7
91845,7
33074,7
91848,7
75100,7
58228,7
65520,7
91852,7
58226,7
7638,7
33270,7
85455,7
58163,7
74182,7
24949,7
85426,7
33273,7
32979,7
65611,7
91942,7
77139,7
91587,7
85418,7
13879,7
77090,7
85415,7
13584,7
91950,7
65621,7
58108,7
33277,7
7963,7
65281,7
40253,7
13871,7
7603,7
91934,7
40190,7
85453,7
58530,7
91906,7
33029,7
58160,7
7953,7
33016,7
40182,7
7627,7
65289,7
7615,7
13862,7
58149,7
91594,7
13864,7
40198,7
85711,7
91926,7
65597,7
58535,7
21451,7
40078,7
13787,7
58343,7
39991,7
58374,7
75071,7
13701,7
91727,7
58459,7
91663,7
13707,7
58463,7
91743,7
39905,7
85588,7
39902,7
65339,7
33128,7
91751,7
74190,7
91757,7
13725,7
65451,7
65452,7
39912,7
13695,7
13653,7
39940,7
7877,7
65373,7
13670,7
58435,7
85630,7
91688,7
91690,7
21462,7
91672,7
33203,7
75068,7
77125,7
39948,7
13660,7
85645,7
7851,7
91703,7
7848,7
77805,7
85649,7
58474,7
33121,7
7726,7
21456,7
21455,7
65484,7
85539,7
13762,7
85537,7
40059,7
40063,7
33088,7
91796,7
65495,7
65497,7
85530,7
58296,7
65318,7
85527,7
75095,7
33083,7
13614,7
65502,7
85522,7
13612,7
7920,7
85543,7
65481,7
58317,7
40027,7
85567,7
7777,7
33118,7
13636,7
40034,7
58476,7
39875,7
58321,7
33112,7
39858,7
13751,7
58496,7
58313,7
65476,7
58498,7
13616,7
39862,7
85547,7
85546,7
58090,7
39800,7
32702,7
65811,7
14031,7
92134,7
85242,7
65222,7
92141,7
65818,7
8044,7
92144,7
74148,7
7392,7
92149,7
65823,7
32779,7
8049,7
58610,7
14053,7
40438,7
24031,7
65842,7
85784,7
14066,7
40422,7
91522,7
7975,7
57882,7
65761,7
32834,7
75140,7
58585,7
33333,7
57917,7
57916,7
92108,7
40403,7
14011,7
32824,7
92117,7
32817,7
21423,7
14016,7
32806,7
65797,7
57898,7
57893,7
7402,7
57883,7
85220,7
13529,7
33354,7
58621,7
24999,7
32735,7
24026,7
40491,7
33372,7
7327,7
8067,7
85179,7
32726,7
13513,7
92211,7
40503,7
77862,7
65889,7
57779,7
75042,7
92220,7
58646,7
39724,7
33377,7
8081,7
65877,7
85800,7
57809,7
13523,7
39737,7
39736,7
58630,7
13524,7
85793,7
85211,7
39730,7
32756,7
85207,7
77070,7
85194,7
40455,7
14081,7
40463,7
33362,7
57821,7
57820,7
75149,7
85196,7
32741,7
57924,7
77145,7
57930,7
24960,7
32917,7
7538,7
13570,7
77837,7
32914,7
58054,7
85364,7
91998,7
65679,7
32905,7
65686,7
13911,7
32902,7
65689,7
91999,7
91568,7
75133,7
7984,7
65256,7
7524,7
92013,7
7982,7
13905,7
65667,7
33294,7
85398,7
32959,7
77832,7
7560,7
77834,7
39799,7
65274,7
91974,7
33293,7
85388,7
39796,7
65637,7
58075,7
65638,7
32956,7
32950,7
58072,7
32938,7
13903,7
21442,7
7513,7
58021,7
57936,7
7512,7
65728,7
32869,7
7457,7
7456,7
13977,7
65733,7
13984,7
40349,7
85304,7
58573,7
92073,7
77080,7
91547,7
85757,7
7442,7
40361,7
13991,7
33331,7
85760,7
58576,7
13995,7
85314,7
85752,7
7466,7
57997,7
13933,7
32889,7
58020,7
7501,7
85337,7
40309,7
13937,7
13567,7
65710,7
7990,7
65724,7
13946,7
65714,7
32884,7
24041,7
77081,7
7996,7
65720,7
65721,7
57971,7
39497,7
86007,7
34096,7
67215,7
67220,7
13107,7
59262,7
21511,7
5944,7
90940,7
59266,7
56233,7
67245,7
5928,7
31473,7
56225,7
75371,7
67251,7
86280,7
93598,7
83997,7
5914,7
93602,7
86284,7
31455,7
59257,7
33943,7
25116,7
41941,7
6002,7
67180,7
33935,7
64685,7
90968,7
33941,7
56287,7
5989,7
59239,7
93536,7
31519,7
84044,7
8563,7
31518,7
56275,7
93546,7
93547,7
90956,7
41936,7
8573,7
67208,7
15293,7
74289,7
67268,7
5902,7
42035,7
86300,7
5856,7
93658,7
33994,7
39186,7
67315,7
90901,7
83944,7
13070,7
5841,7
42076,7
23858,7
42078,7
56114,7
56113,7
83935,7
31397,7
83933,7
75385,7
8632,7
33992,7
5860,7
15348,7
31449,7
8596,7
15303,7
8606,7
42007,7
90917,7
31453,7
67278,7
67283,7
64645,7
42017,7
31429,7
56171,7
56168,7
5872,7
24205,7
39191,7
5862,7
76890,7
5861,7
93650,7
6004,7
84058,7
66456,7
31642,7
84148,7
21302,7
33880,7
6112,7
41807,7
39260,7
56414,7
13176,7
31625,7
77990,7
41819,7
59204,7
91003,7
31609,7
93428,7
22417,7
13163,7
93446,7
84126,7
39250,7
31594,7
74961,7
22416,7
64688,7
22413,7
59183,7
8517,7
31676,7
67054,7
41786,7
91014,7
56440,7
13188,7
77986,7
31671,7
56439,7
67067,7
15101,7
84162,7
8520,7
56437,7
13186,7
31664,7
56432,7
56431,7
64733,7
6071,7
6070,7
15158,7
76916,7
84088,7
6038,7
93489,7
41879,7
56330,7
23884,7
15203,7
22428,7
15205,7
6023,7
64698,7
41887,7
31551,7
31547,7
15221,7
90976,7
6010,7
90975,7
67167,7
8559,7
31540,7
8547,7
67151,7
15192,7
90989,7
84116,7
93459,7
31575,7
93460,7
90995,7
64713,7
56363,7
23887,7
13155,7
56355,7
67150,7
86235,7
84102,7
59220,7
67146,7
73990,7
31559,7
56348,7
56347,7
86238,7
24206,7
67324,7
86310,7
59373,7
83777,7
55898,7
42291,7
83774,7
67511,7
76867,7
42297,7
42298,7
42301,7
90834,7
5628,7
42313,7
83765,7
24215,7
53203,7
55873,7
39125,7
64549,7
55866,7
8692,7
74941,7
13019,7
55903,7
77218,7
59372,7
90849,7
55938,7
64566,7
55931,7
15500,7
25136,7
64563,7
23842,7
55923,7
67487,7
5650,7
83793,7
8681,7
55920,7
5645,7
15509,7
67499,7
5642,7
59364,7
86364,7
5639,7
86376,7
42346,7
93910,7
75403,7
39104,7
15562,7
86389,7
31178,7
83713,7
55794,7
64530,7
83707,7
55787,7
42401,7
34086,7
42403,7
15576,7
83700,7
34089,7
31168,7
8728,7
64523,7
64521,7
5557,7
75409,7
15560,7
42392,7
42385,7
42371,7
5611,7
74297,7
55841,7
93918,7
55840,7
42362,7
34068,7
93927,7
5599,7
42372,7
8704,7
77735,7
55824,7
42375,7
55814,7
67574,7
78030,7
5588,7
31189,7
31187,7
55939,7
13028,7
59357,7
31314,7
56054,7
31350,7
42142,7
5778,7
83893,7
67371,7
42153,7
13054,7
64615,7
24207,7
31336,7
76880,7
15430,7
56026,7
59315,7
39163,7
75395,7
78017,7
34013,7
5754,7
67408,7
67357,7
5786,7
64620,7
93711,7
67330,7
86312,7
75392,7
39183,7
56094,7
86314,7
5811,7
5808,7
56090,7
31375,7
13057,7
42099,7
15412,7
34009,7
22451,7
83909,7
67345,7
42109,7
31369,7
8641,7
39160,7
5746,7
15488,7
31312,7
5711,7
42188,7
8660,7
8662,7
31275,7
55970,7
22458,7
93812,7
5694,7
93814,7
86346,7
55966,7
15473,7
83823,7
90861,7
22459,7
59354,7
42236,7
55945,7
93831,7
15485,7
34037,7
8659,7
42187,7
83855,7
15443,7
5739,7
93773,7
42168,7
42169,7
86335,7
5733,7
15451,7
42173,7
31301,7
42184,7
15453,7
78019,7
31300,7
90872,7
67435,7
93790,7
93792,7
31289,7
39153,7
31679,7
15089,7
13190,7
59003,7
59005,7
66639,7
66641,7
56851,7
84503,7
41381,7
56847,7
56846,7
74254,7
13302,7
56843,7
93039,7
59008,7
91167,7
24189,7
41395,7
8399,7
6520,7
84486,7
32009,7
21339,7
21344,7
84511,7
74039,7
14722,7
6587,7
58983,7
86056,7
41341,7
84532,7
56893,7
66618,7
92993,7
33721,7
32072,7
41346,7
64886,7
39418,7
86062,7
86063,7
64883,7
22096,7
56866,7
74985,7
33726,7
86070,7
66674,7
23921,7
32005,7
39389,7
25073,7
84447,7
14773,7
66714,7
41457,7
31971,7
84441,7
33763,7
33764,7
33766,7
25078,7
56766,7
39372,7
21333,7
6446,7
39371,7
77952,7
13273,7
66743,7
66744,7
66746,7
13291,7
39379,7
56789,7
91150,7
32004,7
66678,7
77943,7
6503,7
59027,7
56815,7
91154,7
56810,7
93071,7
66693,7
66706,7
74979,7
86090,7
14762,7
41432,7
84460,7
22363,7
33757,7
91143,7
93087,7
91191,7
32083,7
56912,7
8340,7
66501,7
41233,7
32187,7
39478,7
6668,7
24902,7
14641,7
58940,7
64939,7
41241,7
58944,7
92887,7
6659,7
92891,7
39473,7
92893,7
91222,7
74067,7
6657,7
41252,7
84607,7
6684,7
57032,7
39481,7
8314,7
84659,7
91245,7
22325,7
57087,7
6723,7
23951,7
66461,7
57070,7
41190,7
41204,7
66487,7
84644,7
58923,7
41212,7
6701,7
33664,7
32219,7
92863,7
41224,7
8320,7
39472,7
84603,7
66606,7
6649,7
56946,7
32116,7
32113,7
41303,7
6600,7
14678,7
13321,7
84561,7
41310,7
56928,7
8358,7
66589,7
66590,7
84554,7
56921,7
84552,7
91195,7
56920,7
58977,7
56917,7
25063,7
92948,7
91202,7
84573,7
77928,7
92908,7
56988,7
58955,7
6639,7
75267,7
22344,7
8349,7
56976,7
22345,7
32136,7
64915,7
23933,7
56968,7
64916,7
92933,7
86038,7
13324,7
75272,7
84577,7
84576,7
66747,7
76956,7
67046,7
56578,7
84269,7
6278,7
86166,7
91057,7
56557,7
93286,7
56555,7
84259,7
91052,7
91050,7
33845,7
31791,7
41694,7
15005,7
74008,7
6242,7
77975,7
33852,7
66964,7
56529,7
66974,7
33836,7
41657,7
91124,7
33832,7
31837,7
77202,7
31834,7
6316,7
14965,7
93241,7
93243,7
41615,7
41620,7
41630,7
66915,7
91062,7
31829,7
33824,7
31823,7
59129,7
31821,7
93257,7
8484,7
14987,7
41647,7
39314,7
64760,7
76928,7
75328,7
56474,7
84204,7
67012,7
91022,7
84201,7
6176,7
56463,7
33865,7
31714,7
15070,7
93365,7
6171,7
15072,7
41770,7
39284,7
67035,7
84186,7
64743,7
6162,7
41777,7
86203,7
93356,7
41750,7
56480,7
8509,7
66982,7
91034,7
93329,7
74278,7
66986,7
31746,7
56500,7
59155,7
6203,7
64752,7
15050,7
93339,7
39292,7
39290,7
15046,7
93344,7
39289,7
67005,7
13195,7
22411,7
31840,7
93234,7
84301,7
56705,7
75301,7
56728,7
86115,7
59070,7
56722,7
66800,7
14853,7
33784,7
84383,7
84382,7
66812,7
76951,7
64832,7
14864,7
66814,7
91117,7
84375,7
91116,7
74268,7
14875,7
6410,7
23910,7
13265,7
14839,7
6433,7
91123,7
14819,7
74038,7
41475,7
14824,7
84413,7
56748,7
14830,7
31945,7
93127,7
31918,7
13268,7
56742,7
86113,7
56740,7
31928,7
31927,7
21329,7
93133,7
6428,7
59076,7
91110,7
93231,7
14882,7
86135,7
39343,7
31877,7
66856,7
31876,7
91089,7
31872,7
6335,7
91083,7
84319,7
91079,7
93216,7
13238,7
77750,7
66885,7
25099,7
93221,7
56629,7
91074,7
31842,7
31841,7
6351,7
66848,7
91096,7
66834,7
41537,7
77959,7
41540,7
33797,7
41542,7
31888,7
14896,7
41544,7
56684,7
64815,7
6359,7
41566,7
84349,7
74974,7
59085,7
6374,7
56675,7
14910,7
56673,7
66846,7
53204,7
12304,7
38065,7
50616,7
76001,7
10289,7
79883,7
79880,7
61464,7
1421,7
89050,7
76003,7
11418,7
79873,7
50625,7
79871,7
98484,7
98485,7
11413,7
35739,7
61467,7
98489,7
1416,7
23293,7
71806,7
47158,7
87901,7
27165,7
19449,7
98441,7
19440,7
35719,7
71756,7
11444,7
10275,7
19444,7
23297,7
50666,7
79903,7
71770,7
11438,7
19454,7
98460,7
35730,7
27167,7
62835,7
19460,7
27166,7
50636,7
47170,7
50613,7
1448,7
21850,7
71844,7
35756,7
10341,7
1361,7
89016,7
50540,7
71858,7
71859,7
71867,7
1360,7
76019,7
98559,7
10349,7
35764,7
47250,7
61500,7
62798,7
1347,7
22959,7
19536,7
27071,7
71841,7
35755,7
27095,7
71821,7
50607,7
61470,7
98503,7
50589,7
27118,7
27116,7
19497,7
19498,7
21703,7
98515,7
27097,7
76011,7
61476,7
89036,7
89035,7
27104,7
98526,7
47215,7
71833,7
62820,7
61433,7
19432,7
10352,7
89097,7
27271,7
1537,7
47032,7
73501,7
37195,7
27267,7
89103,7
27266,7
35682,7
61389,7
35684,7
75990,7
50754,7
1527,7
71653,7
35690,7
98367,7
61401,7
24647,7
71658,7
75991,7
71632,7
71631,7
10237,7
47017,7
50804,7
19339,7
27301,7
10231,7
74495,7
35669,7
71606,7
73508,7
50795,7
19342,7
47025,7
77581,7
50789,7
10235,7
80009,7
47020,7
24656,7
50781,7
78442,7
35678,7
47046,7
19378,7
47118,7
50740,7
79944,7
50703,7
62862,7
71711,7
79939,7
47099,7
20852,7
27216,7
19415,7
61417,7
35708,7
1465,7
1461,7
71738,7
1460,7
47116,7
61420,7
62851,7
79923,7
61428,7
35718,7
47085,7
47084,7
37180,7
19390,7
10244,7
50737,7
98387,7
23300,7
79967,7
61405,7
10249,7
71680,7
47061,7
50728,7
98408,7
79959,7
19391,7
19392,7
1493,7
98398,7
47063,7
1486,7
50720,7
47071,7
62795,7
27063,7
47009,7
37005,7
88940,7
25538,7
88939,7
37019,7
35840,7
72041,7
47495,7
47502,7
72047,7
10424,7
35845,7
72052,7
79637,7
35851,7
26899,7
19704,7
50276,7
1152,7
35852,7
26894,7
72059,7
37020,7
19677,7
61566,7
47446,7
79683,7
1214,7
47428,7
61543,7
10407,7
11343,7
37037,7
47437,7
47443,7
98721,7
72029,7
26947,7
1199,7
79665,7
19664,7
26942,7
72022,7
26939,7
62732,7
62730,7
50272,7
35859,7
98701,7
47529,7
1101,7
50220,7
26819,7
47570,7
47577,7
10447,7
26810,7
72124,7
47589,7
79581,7
36983,7
35870,7
72134,7
36982,7
61611,7
61614,7
78487,7
47606,7
26790,7
88904,7
79567,7
50221,7
98802,7
35862,7
62706,7
22995,7
88015,7
26876,7
47531,7
19721,7
50259,7
26869,7
88016,7
23272,7
62705,7
47568,7
26859,7
79606,7
88919,7
47567,7
26852,7
98793,7
26842,7
50224,7
26835,7
61538,7
19650,7
79801,7
50455,7
71910,7
89000,7
27039,7
50476,7
50475,7
61510,7
98609,7
21839,7
71917,7
19589,7
10367,7
11377,7
1305,7
47321,7
1299,7
19592,7
71923,7
71924,7
27028,7
87954,7
47333,7
10360,7
87945,7
62786,7
76020,7
61501,7
35773,7
20830,7
50515,7
27057,7
79793,7
19559,7
50514,7
98581,7
35778,7
23281,7
71898,7
61507,7
71904,7
76021,7
19568,7
21840,7
35784,7
98597,7
79778,7
47334,7
47343,7
11352,7
79745,7
79711,7
71976,7
71977,7
47383,7
35812,7
50402,7
10388,7
71983,7
26967,7
79701,7
71987,7
1245,7
50391,7
1232,7
62752,7
47407,7
35818,7
1224,7
87982,7
50362,7
79688,7
1256,7
50411,7
47367,7
47356,7
21837,7
47347,7
47349,7
10373,7
71947,7
37074,7
1285,7
11370,7
71954,7
50439,7
87973,7
35803,7
71958,7
98652,7
98653,7
37053,7
79720,7
11359,7
47364,7
88974,7
75988,7
47007,7
74664,7
20897,7
61172,7
1918,7
37403,7
35546,7
87719,7
63037,7
46652,7
46654,7
80351,7
35555,7
27603,7
97965,7
51206,7
71286,7
97970,7
78399,7
71292,7
51203,7
27586,7
97972,7
25459,7
80360,7
71260,7
80362,7
35535,7
80385,7
1954,7
51243,7
1951,7
89283,7
46631,7
27645,7
1945,7
89278,7
97943,7
80363,7
27643,7
80371,7
1932,7
80369,7
51231,7
97947,7
1925,7
27631,7
87715,7
27585,7
97976,7
97919,7
27582,7
19057,7
51137,7
46727,7
19059,7
63025,7
80296,7
98018,7
80294,7
19066,7
51126,7
71328,7
76402,7
1837,7
46740,7
98029,7
51118,7
24667,7
51112,7
98039,7
51106,7
80274,7
10098,7
21674,7
23327,7
80319,7
89264,7
80328,7
71308,7
71309,7
37378,7
27577,7
19025,7
61211,7
97985,7
19031,7
51158,7
71316,7
87733,7
51183,7
20896,7
97994,7
27569,7
37370,7
61217,7
11600,7
97926,7
80391,7
19090,7
27739,7
97792,7
61125,7
46501,7
71123,7
37440,7
21659,7
80475,7
18888,7
46515,7
2072,7
46522,7
11650,7
18894,7
61141,7
18898,7
71145,7
51383,7
71147,7
2056,7
80458,7
97823,7
51416,7
35509,7
18879,7
80502,7
51454,7
2128,7
18846,7
37458,7
51450,7
46471,7
71094,7
24420,7
75941,7
20919,7
51419,7
18864,7
63086,7
27776,7
27774,7
46488,7
18873,7
10021,7
51425,7
74717,7
51376,7
27735,7
97917,7
22906,7
46581,7
89304,7
87695,7
97884,7
97886,7
71203,7
27683,7
25679,7
46588,7
11632,7
10056,7
46597,7
51287,7
51271,7
51270,7
51266,7
1964,7
97913,7
89287,7
87707,7
20910,7
11637,7
27701,7
27702,7
80440,7
18916,7
51365,7
51357,7
97836,7
2046,7
97841,7
80443,7
63071,7
97845,7
11642,7
46569,7
46555,7
51339,7
46556,7
46560,7
63068,7
63062,7
27707,7
2022,7
27704,7
27548,7
80268,7
61372,7
89167,7
89183,7
50922,7
46913,7
37289,7
1657,7
50917,7
37282,7
10178,7
98228,7
24662,7
46925,7
61315,7
80103,7
50895,7
98240,7
50892,7
98245,7
50891,7
71523,7
71525,7
1630,7
46907,7
71498,7
1663,7
27384,7
62956,7
98189,7
1680,7
46893,7
87799,7
80139,7
61285,7
98197,7
37301,7
19210,7
19231,7
19213,7
37295,7
50945,7
98205,7
46899,7
71488,7
71490,7
98208,7
50936,7
50890,7
24443,7
71470,7
19273,7
19312,7
71564,7
50838,7
35659,7
89143,7
50830,7
11509,7
62910,7
62909,7
37240,7
71577,7
1583,7
80042,7
89131,7
89129,7
71581,7
61364,7
71583,7
80035,7
61367,7
47005,7
50842,7
50843,7
61340,7
78430,7
37260,7
24658,7
61327,7
71536,7
27326,7
10198,7
73517,7
61328,7
1614,7
62929,7
23311,7
46949,7
73513,7
46955,7
71549,7
87825,7
1602,7
27315,7
46964,7
19308,7
50968,7
98186,7
27539,7
19145,7
63002,7
19118,7
89227,7
35587,7
61242,7
61246,7
80229,7
71387,7
98084,7
73537,7
89223,7
98089,7
46798,7
19137,7
10131,7
1784,7
62988,7
51048,7
1782,7
51045,7
27482,7
19111,7
80237,7
80238,7
80255,7
71348,7
80265,7
46750,7
98048,7
63011,7
35573,7
80258,7
51092,7
27526,7
1817,7
46785,7
71367,7
71369,7
73541,7
21863,7
89229,7
29274,7
98069,7
37347,7
87761,7
73525,7
10135,7
11538,7
71400,7
46837,7
77588,7
37325,7
19175,7
19176,7
80170,7
71441,7
46846,7
62966,7
98157,7
19181,7
61280,7
37319,7
46855,7
27420,7
98164,7
25486,7
50980,7
11541,7
46860,7
27399,7
80177,7
71433,7
1722,7
51025,7
98105,7
46807,7
19153,7
35601,7
1772,7
80199,7
51033,7
35606,7
27466,7
1745,7
1725,7
89207,7
71419,7
1738,7
19166,7
62975,7
35608,7
51002,7
98143,7
71432,7
1074,7
72158,7
20929,7
62037,7
99608,7
49305,7
49304,7
72908,7
88287,7
88586,7
23085,7
78920,7
26037,7
26035,7
72919,7
25633,7
88584,7
78912,7
10791,7
88582,7
74626,7
76238,7
62026,7
72941,7
346,7
78930,7
48487,7
72896,7
48475,7
61989,7
26098,7
20311,7
10762,7
11096,7
10763,7
73346,7
78951,7
26097,7
26088,7
99605,7
388,7
78945,7
49321,7
62000,7
26087,7
48483,7
383,7
49308,7
72895,7
49283,7
62038,7
61986,7
10811,7
62313,7
25978,7
294,7
78867,7
20406,7
20407,7
72979,7
78863,7
36313,7
49237,7
25970,7
49228,7
49224,7
49222,7
20415,7
25965,7
99697,7
78848,7
25949,7
20421,7
277,7
78871,7
20397,7
77527,7
26000,7
88301,7
20378,7
62046,7
99649,7
26008,7
26004,7
336,7
48515,7
333,7
99661,7
49245,7
78885,7
74624,7
20385,7
48542,7
48546,7
73340,7
74619,7
36566,7
10821,7
72867,7
61983,7
62080,7
49431,7
26211,7
26209,7
48338,7
26207,7
49459,7
20201,7
79034,7
48355,7
36668,7
99452,7
49454,7
49451,7
99459,7
99460,7
76112,7
74633,7
99467,7
77482,7
36659,7
99476,7
48368,7
48336,7
26213,7
72741,7
11116,7
72716,7
79068,7
36675,7
73368,7
545,7
72722,7
99425,7
25613,7
544,7
72729,7
99443,7
36223,7
20187,7
26222,7
72734,7
48324,7
49472,7
25619,7
88648,7
49470,7
48369,7
49429,7
99570,7
36234,7
76118,7
449,7
88627,7
20272,7
49386,7
444,7
49382,7
78548,7
61963,7
99545,7
72822,7
425,7
48431,7
72839,7
99550,7
73354,7
99556,7
419,7
25626,7
49354,7
26109,7
48400,7
99525,7
48393,7
36255,7
26171,7
480,7
76117,7
10729,7
36244,7
470,7
61960,7
88631,7
26168,7
48384,7
99522,7
26164,7
26160,7
49409,7
454,7
49405,7
99517,7
78545,7
61962,7
62379,7
77495,7
99710,7
20177,7
62146,7
62239,7
11005,7
49003,7
78690,7
48796,7
25778,7
11002,7
48999,7
20610,7
25775,7
36482,7
78681,7
74,7
73,7
62235,7
25768,7
10893,7
88384,7
20624,7
78669,7
20625,7
73312,7
84,7
85,7
20580,7
78718,7
24554,7
106,7
99877,7
76205,7
48762,7
73170,7
88484,7
49027,7
48774,7
25786,7
73173,7
49025,7
20583,7
88482,7
99890,7
48780,7
10880,7
86,7
78698,7
48818,7
78664,7
48754,7
62151,7
36391,7
48866,7
23121,7
36395,7
88440,7
48923,7
62208,7
10942,7
48919,7
10957,7
15,7
88429,7
36398,7
73288,7
99992,7
10,7
25685,7
20708,7
5,7
25669,7
10955,7
20678,7
48932,7
20676,7
10978,7
73221,7
25742,7
76198,7
73227,7
78654,7
62223,7
74590,7
73233,7
23123,7
99952,7
78629,7
48951,7
25734,7
46,7
78590,7
10966,7
48939,7
37,7
20672,7
48936,7
10873,7
119,7
20429,7
62272,7
62280,7
23099,7
25912,7
11045,7
74578,7
73047,7
62275,7
220,7
49168,7
216,7
73053,7
99770,7
11040,7
20476,7
209,7
36503,7
25653,7
25897,7
25896,7
78785,7
62273,7
20456,7
88524,7
62283,7
88324,7
73008,7
20432,7
49204,7
62083,7
263,7
25936,7
78832,7
20436,7
260,7
23096,7
25925,7
252,7
73027,7
20449,7
88526,7
78819,7
99731,7
62285,7
246,7
48603,7
23143,7
88510,7
49065,7
78777,7
49097,7
20733,7
73118,7
88358,7
20730,7
161,7
48695,7
11023,7
25839,7
73130,7
24562,7
48707,7
62255,7
24521,7
78732,7
20729,7
99848,7
36369,7
128,7
125,7
88490,7
20546,7
20545,7
73114,7
25876,7
78776,7
76215,7
62109,7
48662,7
36356,7
99802,7
78573,7
88507,7
25880,7
20510,7
73113,7
36359,7
25866,7
25863,7
10860,7
49107,7
49105,7
11027,7
21760,7
73112,7
76104,7
555,7
79563,7
10580,7
61751,7
49949,7
72360,7
11218,7
21726,7
882,7
26579,7
72369,7
88801,7
36062,7
72371,7
36063,7
74641,7
26575,7
72376,7
26574,7
47860,7
61753,7
99053,7
26571,7
88127,7
99037,7
892,7
79399,7
61713,7
10549,7
79429,7
50003,7
98995,7
88100,7
79424,7
25572,7
49992,7
76073,7
88815,7
88115,7
47809,7
10572,7
26600,7
62559,7
47816,7
49967,7
900,7
62557,7
76305,7
869,7
99058,7
50012,7
10581,7
72416,7
76084,7
834,7
25589,7
61767,7
47901,7
26521,7
99098,7
47906,7
79327,7
88782,7
26516,7
47909,7
49874,7
26514,7
88778,7
10593,7
26511,7
47920,7
61774,7
809,7
61765,7
26523,7
47884,7
853,7
24498,7
19944,7
49926,7
23032,7
61756,7
79360,7
19949,7
79357,7
61757,7
49911,7
61763,7
23038,7
19953,7
61759,7
99077,7
36071,7
99080,7
841,7
836,7
79345,7
25565,7
19874,7
36078,7
10495,7
35894,7
77561,7
1040,7
1039,7
47656,7
1038,7
10483,7
10487,7
72218,7
98880,7
35908,7
72230,7
36957,7
19815,7
50132,7
26703,7
61646,7
1021,7
26696,7
62650,7
47685,7
35892,7
47643,7
24623,7
26757,7
19776,7
19779,7
72164,7
50190,7
50184,7
26765,7
61618,7
1064,7
26760,7
79549,7
26731,7
88041,7
47620,7
47633,7
61623,7
79543,7
61624,7
20812,7
35889,7
24483,7
79507,7
76323,7
79436,7
1008,7
98952,7
78500,7
968,7
61673,7
79463,7
61674,7
26651,7
35969,7
26646,7
35974,7
36913,7
74658,7
26644,7
79449,7
79448,7
19861,7
79446,7
88840,7
26639,7
26635,7
98983,7
969,7
98948,7
98947,7
36923,7
26689,7
26687,7
79500,7
47719,7
47721,7
47722,7
50081,7
88070,7
36927,7
980,7
62614,7
25556,7
50066,7
23011,7
72266,7
98939,7
79475,7
11253,7
976,7
23012,7
47923,7
36081,7
48314,7
11132,7
654,7
23215,7
49640,7
49636,7
36186,7
48166,7
48167,7
72629,7
49618,7
49612,7
48189,7
88215,7
24572,7
74567,7
49602,7
72638,7
48192,7
49593,7
26293,7
630,7
26292,7
657,7
76273,7
48145,7
79175,7
48109,7
72586,7
26346,7
26341,7
681,7
680,7
49674,7
26334,7
36769,7
36756,7
61878,7
99286,7
21812,7
20109,7
36744,7
49663,7
72611,7
20118,7
36743,7
662,7
36726,7
79132,7
61855,7
62422,7
48274,7
20759,7
99385,7
79096,7
49520,7
49519,7
99389,7
49518,7
99391,7
11127,7
36692,7
61924,7
565,7
76100,7
77478,7
564,7
20169,7
48298,7
36678,7
49493,7
88654,7
88231,7
578,7
79103,7
99358,7
49583,7
21809,7
612,7
72658,7
48229,7
79121,7
49562,7
607,7
77532,7
48241,7
72682,7
26270,7
74636,7
48251,7
48256,7
49540,7
588,7
36704,7
99374,7
79105,7
26347,7
688,7
79309,7
36828,7
76284,7
36097,7
72471,7
61778,7
61779,7
36835,7
10613,7
79275,7
72476,7
47985,7
99163,7
768,7
99166,7
76283,7
49802,7
72485,7
61785,7
99173,7
49795,7
99182,7
26454,7
49831,7
23056,7
72467,7
88774,7
26502,7
88150,7
49852,7
76090,7
19981,7
36084,7
36086,7
19984,7
73392,7
62512,7
11182,7
73390,7
26491,7
791,7
789,7
26485,7
10598,7
88770,7
79289,7
10603,7
88755,7
10623,7
693,7
72495,7
79219,7
49736,7
11157,7
712,7
10644,7
49731,7
77541,7
48073,7
49718,7
26393,7
61846,7
49714,7
61850,7
72559,7
79202,7
48092,7
694,7
99259,7
99260,7
20091,7
26374,7
20067,7
20065,7
61830,7
10625,7
62487,7
72497,7
62478,7
99195,7
99199,7
36145,7
20046,7
73387,7
36148,7
49756,7
10640,7
88740,7
36149,7
730,7
79234,7
729,7
36796,7
72526,7
99218,7
715,7
80515,7
76399,7
81215,7
97033,7
28950,7
45714,7
60810,7
45716,7
81114,7
52202,7
75751,7
2768,7
45729,7
96464,7
81108,7
52198,7
45087,7
28958,7
63577,7
97076,7
63350,7
3261,7
60807,7
17727,7
37725,7
2802,7
81612,7
52227,7
97044,7
52842,7
76508,7
18249,7
75834,7
17730,7
63574,7
45703,7
81123,7
28463,7
9792,7
81120,7
17731,7
97079,7
69829,7
52861,7
52168,7
52172,7
18289,7
81080,7
70391,7
18290,7
21936,7
60819,7
52887,7
21050,7
70397,7
81073,7
97114,7
45781,7
18303,7
45784,7
45785,7
2737,7
81086,7
37721,7
18275,7
52866,7
60817,7
52868,7
45755,7
96452,7
96450,7
22767,7
97088,7
63344,7
89575,7
63345,7
9633,7
28429,7
2739,7
45770,7
81088,7
87400,7
81134,7
25408,7
28943,7
28919,7
45593,7
22768,7
70305,7
17753,7
76571,7
45605,7
21046,7
21006,7
69869,7
9781,7
37912,7
28501,7
96991,7
74788,7
96993,7
18210,7
89613,7
70301,7
17758,7
96962,7
75827,7
9768,7
89624,7
69884,7
75756,7
60768,7
52326,7
70292,7
52306,7
45573,7
96498,7
87378,7
96968,7
78274,7
63560,7
24733,7
60592,7
45615,7
69866,7
28933,7
11939,7
45647,7
45111,7
45654,7
28478,7
21934,7
3252,7
60584,7
18231,7
60801,7
21628,7
96475,7
52243,7
18239,7
69853,7
28942,7
17743,7
18228,7
2833,7
70322,7
76512,7
25394,7
69862,7
37915,7
87387,7
60781,7
81162,7
18220,7
81151,7
2830,7
81158,7
97002,7
52283,7
18223,7
97006,7
37738,7
63335,7
69819,7
75749,7
52149,7
2596,7
28358,7
70494,7
28354,7
81679,7
78263,7
18453,7
51971,7
80964,7
80963,7
45021,7
51969,7
69759,7
11886,7
29025,7
3333,7
80960,7
69768,7
97269,7
45939,7
74753,7
63280,7
75869,7
96398,7
97231,7
28364,7
37660,7
63278,7
2620,7
97263,7
81675,7
9847,7
51982,7
60878,7
18426,7
18429,7
89531,7
70500,7
45954,7
70507,7
28318,7
60897,7
45961,7
97302,7
70548,7
2566,7
81694,7
25350,7
28317,7
97295,7
80927,7
25349,7
23402,7
89839,7
70556,7
37647,7
70557,7
73625,7
45960,7
60882,7
80947,7
52935,7
87474,7
97284,7
45955,7
2581,7
80949,7
78335,7
97290,7
81692,7
70527,7
11881,7
70528,7
18460,7
81690,7
11879,7
37980,7
70468,7
28374,7
78264,7
74439,7
35274,7
22847,7
37699,7
37697,7
28986,7
77374,7
12110,7
35011,7
81045,7
70428,7
96423,7
70430,7
52073,7
9828,7
28393,7
74440,7
18336,7
35273,7
17685,7
69814,7
35256,7
52148,7
35260,7
52137,7
74435,7
60827,7
63328,7
17698,7
35021,7
18315,7
35268,7
20990,7
52114,7
81049,7
12107,7
18327,7
2671,7
77651,7
11892,7
45896,7
45035,7
87452,7
52043,7
63284,7
96402,7
45031,7
87455,7
45902,7
97193,7
60547,7
37661,7
97221,7
18392,7
96399,7
52015,7
52013,7
87450,7
2669,7
89548,7
3323,7
28389,7
63297,7
12116,7
52906,7
52909,7
3320,7
52053,7
17676,7
29000,7
35294,7
37669,7
3324,7
74790,7
97187,7
21635,7
81018,7
37908,7
23457,7
3225,7
63462,7
9691,7
73663,7
3051,7
52573,7
17849,7
60624,7
89698,7
96603,7
52728,7
96753,7
70094,7
35113,7
52567,7
96599,7
87253,7
28678,7
52731,7
52582,7
17960,7
81490,7
17956,7
60632,7
22793,7
52597,7
77354,7
45204,7
96729,7
96732,7
17858,7
23496,7
60626,7
96610,7
96608,7
63491,7
17854,7
60684,7
52588,7
37815,7
17980,7
70108,7
23479,7
96592,7
24722,7
63467,7
35128,7
45386,7
70148,7
24382,7
28636,7
18004,7
12000,7
3164,7
70154,7
28627,7
12068,7
96805,7
69942,7
45379,7
12007,7
73659,7
89690,7
45356,7
21020,7
3034,7
28660,7
89691,7
3027,7
96779,7
21623,7
28807,7
28802,7
69965,7
45375,7
70133,7
96787,7
87323,7
69963,7
35064,7
37834,7
52606,7
81463,7
69995,7
69994,7
69993,7
52672,7
77351,7
37850,7
52664,7
37873,7
81436,7
45248,7
78292,7
89729,7
12032,7
96670,7
89728,7
12055,7
69997,7
81437,7
17913,7
96639,7
3130,7
35075,7
24372,7
87273,7
89739,7
45220,7
70012,7
75776,7
96632,7
63522,7
70017,7
35078,7
35079,7
9704,7
74417,7
81457,7
63528,7
63531,7
52610,7
69983,7
12022,7
22778,7
81472,7
63535,7
87262,7
69984,7
17932,7
52716,7
3088,7
81479,7
96709,7
37841,7
3077,7
45299,7
12019,7
35099,7
78295,7
96701,7
45254,7
45278,7
60655,7
60656,7
63507,7
22789,7
81417,7
96686,7
35092,7
96691,7
9706,7
96693,7
96623,7
35093,7
3093,7
81409,7
96696,7
63502,7
37884,7
45398,7
9678,7
18027,7
87357,7
76526,7
60749,7
89649,7
3207,7
96524,7
52798,7
70252,7
18120,7
18122,7
69899,7
2924,7
2921,7
28889,7
89642,7
76522,7
24385,7
28888,7
52413,7
81248,7
37782,7
17795,7
17793,7
23467,7
37790,7
45468,7
52791,7
18099,7
87353,7
28886,7
18101,7
2936,7
2935,7
70236,7
89658,7
77635,7
96526,7
18143,7
52389,7
52385,7
52809,7
89779,7
52803,7
2898,7
17775,7
96512,7
89633,7
3218,7
76520,7
45524,7
52814,7
45542,7
28902,7
22829,7
52817,7
75818,7
81572,7
45525,7
81213,7
52383,7
18154,7
45505,7
74785,7
45509,7
89638,7
52367,7
81559,7
89637,7
35193,7
18165,7
37769,7
78305,7
52360,7
17779,7
52800,7
96932,7
28891,7
17800,7
52432,7
70225,7
70197,7
69934,7
60709,7
24730,7
21915,7
96561,7
52478,7
2988,7
81302,7
63549,7
18044,7
87242,7
2985,7
45432,7
69929,7
96557,7
96835,7
45168,7
96820,7
81530,7
70170,7
37885,7
28626,7
96810,7
52500,7
9740,7
52488,7
96582,7
70173,7
70183,7
70175,7
52753,7
70179,7
81515,7
70180,7
89681,7
96574,7
52774,7
3188,7
60724,7
70219,7
96859,7
35152,7
96546,7
45458,7
2952,7
35156,7
60720,7
73684,7
22817,7
37894,7
12081,7
23520,7
45465,7
45139,7
89772,7
28590,7
18076,7
37803,7
89768,7
2975,7
96549,7
18051,7
45440,7
60715,7
3190,7
81291,7
23473,7
70204,7
2960,7
78302,7
81535,7
52453,7
2967,7
75804,7
45455,7
28871,7
70558,7
81448,7
80920,7
63660,7
17554,7
23370,7
87625,7
2353,7
27883,7
53048,7
97522,7
53046,7
29233,7
9906,7
81784,7
53043,7
28077,7
51721,7
2358,7
51737,7
97515,7
28083,7
80748,7
87561,7
11795,7
63658,7
44828,7
70993,7
35466,7
63656,7
35414,7
75908,7
9900,7
46197,7
89452,7
97675,7
70775,7
44911,7
60994,7
97552,7
97668,7
89441,7
76450,7
18658,7
2323,7
69642,7
11719,7
35321,7
44841,7
24352,7
18761,7
28049,7
60987,7
53055,7
24685,7
11789,7
23550,7
76453,7
53147,7
70788,7
75931,7
70784,7
23366,7
3442,7
20962,7
46215,7
81790,7
80756,7
35406,7
70805,7
70713,7
46159,7
37488,7
89868,7
97467,7
77603,7
29104,7
46408,7
63200,7
46153,7
51577,7
46152,7
97693,7
70714,7
24674,7
17578,7
89457,7
3413,7
35471,7
80788,7
97459,7
37485,7
29101,7
34974,7
63203,7
96176,7
63687,7
60948,7
75905,7
46416,7
81758,7
37610,7
2402,7
74739,7
44933,7
60504,7
53034,7
89870,7
73598,7
28109,7
51744,7
78252,7
29112,7
60973,7
80764,7
46187,7
29235,7
11802,7
27867,7
3426,7
37495,7
60964,7
17508,7
89465,7
69669,7
2400,7
69672,7
97477,7
70723,7
17567,7
53023,7
63192,7
51761,7
96295,7
17543,7
60998,7
51784,7
63142,7
27965,7
27967,7
51617,7
70894,7
53126,7
29201,7
23554,7
74387,7
89898,7
63130,7
21888,7
34955,7
70884,7
53122,7
80668,7
80679,7
12158,7
18738,7
97650,7
80672,7
75724,7
46287,7
63143,7
97651,7
61057,7
97653,7
73583,7
35452,7
87594,7
70966,7
60467,7
75919,7
37509,7
2260,7
70941,7
63137,7
38048,7
96190,7
51593,7
76596,7
51574,7
35455,7
37512,7
37534,7
27928,7
70946,7
80649,7
69583,7
18725,7
61052,7
76440,7
61027,7
51608,7
18732,7
9944,7
80653,7
2251,7
75924,7
46361,7
44854,7
29208,7
20947,7
9943,7
24679,7
70856,7
53058,7
46369,7
80695,7
61009,7
21608,7
70838,7
60489,7
11755,7
46263,7
80700,7
18684,7
29227,7
80607,7
80702,7
80606,7
3452,7
28027,7
53093,7
63159,7
89884,7
3449,7
69641,7
97563,7
87128,7
37558,7
87149,7
96259,7
11723,7
70984,7
37564,7
69572,7
28038,7
70981,7
61011,7
2196,7
46273,7
61062,7
97588,7
2283,7
70968,7
97658,7
17529,7
69576,7
29179,7
18745,7
9935,7
70852,7
21649,7
46279,7
9934,7
18746,7
96233,7
24749,7
53077,7
74395,7
74470,7
29166,7
70970,7
44890,7
97661,7
96243,7
51644,7
9554,7
60488,7
11753,7
46417,7
25340,7
18585,7
87650,7
53174,7
46435,7
35355,7
2165,7
60919,7
71062,7
51872,7
51873,7
46076,7
2493,7
44991,7
12130,7
22896,7
97733,7
46067,7
61094,7
37473,7
34941,7
29264,7
76472,7
28232,7
46448,7
63249,7
60918,7
2506,7
28237,7
17482,7
96359,7
46449,7
9529,7
52962,7
77665,7
44982,7
46088,7
81866,7
52984,7
97726,7
11845,7
80850,7
34980,7
51863,7
63243,7
17497,7
51867,7
80854,7
78381,7
17611,7
96336,7
29251,7
9873,7
81870,7
17491,7
27807,7
96341,7
28222,7
35356,7
44811,7
80859,7
28223,7
81725,7
63633,7
34985,7
18821,7
3355,7
80877,7
46450,7
21616,7
70583,7
25413,7
2527,7
80522,7
2529,7
81704,7
35479,7
37637,7
11866,7
35328,7
70581,7
51928,7
11867,7
21948,7
18834,7
24415,7
3549,7
51931,7
25409,7
60914,7
37985,7
3551,7
51938,7
10012,7
37643,7
89841,7
77653,7
37981,7
28280,7
81706,7
52949,7
28262,7
29058,7
89911,7
35345,7
80879,7
80880,7
46053,7
2140,7
71073,7
35338,7
87655,7
28251,7
11864,7
2138,7
28266,7
97752,7
87493,7
46454,7
46039,7
45002,7
70591,7
29057,7
29055,7
18499,7
80896,7
73619,7
80524,7
60916,7
97342,7
81865,7
76444,7
97724,7
77618,7
97421,7
18566,7
17592,7
35374,7
3398,7
44817,7
51497,7
11833,7
60933,7
44947,7
27832,7
89488,7
63691,7
96317,7
97712,7
51830,7
9993,7
69701,7
97715,7
27822,7
76429,7
28192,7
73572,7
69703,7
69556,7
37474,7
18789,7
23388,7
51840,7
76467,7
63225,7
70667,7
63213,7
11816,7
63207,7
60943,7
63115,7
2424,7
71026,7
3407,7
89477,7
37623,7
96307,7
61083,7
23360,7
89481,7
37624,7
35377,7
97438,7
51801,7
63215,7
97706,7
81755,7
89866,7
80812,7
2439,7
63219,7
63647,7
38002,7
35474,7
70670,7
63109,7
89489,7
96319,7
60455,7
80837,7
81742,7
51844,7
11681,7
87169,7
71054,7
3387,7
51855,7
46098,7
63640,7
3388,7
97399,7
81738,7
80553,7
87647,7
80845,7
22743,7
70648,7
60521,7
28201,7
9572,7
28199,7
52988,7
21061,7
35367,7
36440,6
38081,6
39915,6
36421,6
24534,6
10662,6
38288,6
88444,6
61899,6
91662,6
10676,6
89762,6
36774,6
38318,6
58729,6
61883,6
36457,6
10658,6
90161,6
88677,6
60634,6
24349,6
38052,6
91378,6
91666,6
36425,6
9294,6
9500,6
89916,6
38301,6
39906,6
75058,6
61833,6
38049,6
58460,6
9531,6
89764,6
36430,6
88709,6
90169,6
39913,6
10940,6
38315,6
91407,6
7902,6
61857,6
89910,6
36455,6
24535,6
91379,6
24499,6
89921,6
37883,6
77133,6
91401,6
36458,6
58469,6
77132,6
77165,6
60633,6
60439,6
90176,6
62148,6
8165,6
38086,6
37882,6
91653,6
38302,6
90187,6
62169,6
62154,6
21931,6
39868,6
61897,6
75024,6
10673,6
38295,6
9689,6
61889,6
60186,6
60637,6
61841,6
7886,6
38053,6
36422,6
89927,6
38308,6
8164,6
89908,6
39921,6
36723,6
36461,6
39869,6
61849,6
39896,6
38294,6
88693,6
89748,6
91613,6
88675,6
39761,6
9438,6
10764,6
37955,6
60284,6
8043,6
39749,6
8042,6
60287,6
36626,6
24508,6
88529,6
58605,6
62089,6
90075,6
91525,6
10775,6
21797,6
10840,6
77321,6
58603,6
91575,6
8032,6
21796,6
39763,6
37992,6
9388,6
24518,6
60283,6
58550,6
74831,6
37941,6
90091,6
39732,6
36504,6
10854,6
60560,6
90090,6
90089,6
36656,6
61971,6
58611,6
10741,6
38218,6
60273,6
89816,6
60515,6
36641,6
36513,6
58609,6
58544,6
90083,6
61993,6
39806,6
7969,6
90082,6
24132,6
58590,6
36605,6
89994,6
60317,6
8003,6
36559,6
62057,6
60544,6
39786,6
90053,6
89832,6
9586,6
91551,6
7986,6
89835,6
60316,6
36577,6
37967,6
8002,6
90030,6
7997,6
7987,6
60325,6
9598,6
9590,6
38169,6
36575,6
90037,6
36564,6
39783,6
9426,6
38186,6
24357,6
9579,6
9625,6
60296,6
37987,6
74627,6
89850,6
90060,6
9623,6
60339,6
10831,6
88539,6
58582,6
58579,6
39789,6
8006,6
9584,6
90020,6
8010,6
74617,6
62022,6
88726,6
90022,6
36558,6
62063,6
9427,6
62027,6
21789,6
24301,6
77147,6
89945,6
91444,6
58712,6
60477,6
91433,6
91435,6
9553,6
58711,6
10877,6
60399,6
58704,6
60480,6
36688,6
8116,6
88656,6
8128,6
38027,6
91449,6
7924,6
39677,6
89775,6
58698,6
24504,6
60395,6
7929,6
8110,6
60204,6
77137,6
90152,6
60468,6
10716,6
38046,6
9487,6
89765,6
62142,6
88472,6
60415,6
9688,6
8146,6
21980,6
38285,6
36481,6
24153,6
58727,6
61909,6
9544,6
60414,6
58725,6
21951,6
38102,6
36485,6
39658,6
60406,6
36698,6
39661,6
60400,6
75030,6
9685,6
10713,6
89961,6
10856,6
24361,6
88636,6
88635,6
60226,6
9651,6
62118,6
10858,6
58650,6
9462,6
91492,6
89797,6
9332,6
37924,6
37936,6
89977,6
60366,6
60509,6
88511,6
8065,6
38004,6
58639,6
38258,6
9455,6
7956,6
9345,6
89805,6
88624,6
91601,6
89974,6
88488,6
38119,6
88489,6
60392,6
91619,6
90141,6
91458,6
77334,6
38269,6
62122,6
91615,6
36672,6
37911,6
89970,6
90134,6
89973,6
39835,6
60495,6
62120,6
10722,6
9468,6
7938,6
8089,6
60503,6
39819,6
10862,6
91603,6
9325,6
9618,6
39004,6
60153,6
8168,6
39189,6
39188,6
89147,6
74694,6
89492,6
37256,6
37258,6
60929,6
59749,6
39187,6
59296,6
61329,6
90509,6
60930,6
8631,6
38767,6
59744,6
8997,6
89485,6
61341,6
59760,6
39192,6
10219,6
77425,6
59770,6
8593,6
39199,6
9018,6
59277,6
37218,6
59768,6
37233,6
37630,6
61349,6
59281,6
39197,6
38750,6
8607,6
59763,6
37633,6
8612,6
60935,6
10187,6
61310,6
77220,6
90875,6
60962,6
37593,6
90874,6
37320,6
39156,6
10151,6
8654,6
24434,6
77264,6
74890,6
77388,6
77261,6
8939,6
22030,6
37590,6
24208,6
90862,6
59326,6
8955,6
37280,6
61300,6
37621,6
59735,6
39181,6
60944,6
8647,6
38785,6
90886,6
8963,6
77265,6
8652,6
89470,6
90884,6
37309,6
24437,6
59308,6
59321,6
38789,6
89194,6
9022,6
37211,6
39201,6
9071,6
37158,6
74963,6
24460,6
89069,6
8523,6
74960,6
38680,6
37657,6
39254,6
37154,6
8535,6
9070,6
37173,6
37652,6
39248,6
59217,6
77430,6
90458,6
10278,6
8518,6
8539,6
39283,6
21849,6
9084,6
38668,6
91021,6
89537,6
9845,6
59169,6
59171,6
89054,6
60881,6
9848,6
61460,6
38671,6
60879,6
89528,6
61448,6
90439,6
37153,6
90993,6
39244,6
9025,6
90950,6
10236,6
39225,6
59248,6
89502,6
89500,6
39213,6
39211,6
9870,6
8576,6
9869,6
9030,6
39208,6
89110,6
59264,6
24454,6
90935,6
8589,6
77215,6
90479,6
9032,6
10254,6
39237,6
9861,6
61409,6
89510,6
9053,6
59222,6
61408,6
59227,6
8548,6
37185,6
89505,6
8556,6
74884,6
8558,6
22080,6
10242,6
59238,6
90475,6
60917,6
89209,6
74948,6
90564,6
9986,6
74925,6
8783,6
61156,6
10055,6
90650,6
61072,6
37499,6
89300,6
89301,6
61069,6
59561,6
74922,6
77408,6
37425,6
37426,6
90731,6
8793,6
59550,6
89290,6
37414,6
8845,6
9977,6
59428,6
89271,6
90766,6
74908,6
37506,6
10077,6
90759,6
10074,6
59589,6
59568,6
9982,6
89285,6
10062,6
59452,6
8866,6
59456,6
39055,6
21871,6
24246,6
8794,6
61181,6
59507,6
39028,6
90705,6
59505,6
8808,6
59506,6
89328,6
61099,6
38998,6
37453,6
10039,6
61100,6
39021,6
90696,6
77401,6
89341,6
90693,6
8819,6
61104,6
24244,6
21873,6
22044,6
39034,6
61086,6
59479,6
61142,6
10048,6
39035,6
38973,6
10047,6
59488,6
74919,6
90709,6
61138,6
61092,6
90710,6
89317,6
89318,6
21884,6
8836,6
8835,6
37518,6
90782,6
10141,6
37349,6
90580,6
37570,6
24255,6
37562,6
59661,6
38842,6
39116,6
59653,6
90590,6
37344,6
61233,6
10118,6
90591,6
59394,6
10114,6
59395,6
90593,6
37355,6
60993,6
60989,6
10107,6
8680,6
37333,6
39135,6
89213,6
77256,6
61258,6
60978,6
59361,6
8924,6
61254,6
89443,6
77389,6
90571,6
90572,6
24211,6
39131,6
89444,6
22031,6
61248,6
8702,6
39107,6
37522,6
10089,6
59413,6
10096,6
38888,6
8887,6
10095,6
37373,6
90615,6
39092,6
59606,6
74907,6
61022,6
37394,6
61183,6
37396,6
39085,6
90622,6
61028,6
38917,6
22036,6
9940,6
90814,6
89244,6
37360,6
37550,6
89420,6
38854,6
89241,6
61223,6
10105,6
8907,6
8713,6
9939,6
59405,6
37368,6
59406,6
59408,6
39096,6
59642,6
90603,6
37542,6
9085,6
21904,6
61472,6
88838,6
75000,6
58896,6
58898,6
36889,6
10548,6
90278,6
10546,6
61700,6
88839,6
9210,6
38468,6
37809,6
60035,6
37805,6
39506,6
24181,6
88844,6
58907,6
38454,6
36885,6
36903,6
89683,6
38423,6
8263,6
88806,6
8267,6
91278,6
36851,6
36852,6
60078,6
38431,6
90266,6
36858,6
61737,6
91273,6
58887,6
61730,6
61725,6
61722,6
77463,6
9747,6
74657,6
8262,6
10490,6
89665,6
89663,6
36947,6
91221,6
58950,6
88880,6
88882,6
8342,6
61642,6
10497,6
74992,6
9754,6
61636,6
77187,6
38487,6
38489,6
61632,6
37773,6
10496,6
36946,6
61675,6
61670,6
24182,6
60026,6
91244,6
58920,6
37799,6
58922,6
61671,6
39492,6
9190,6
60725,6
74659,6
36917,6
89668,6
61661,6
58931,6
10505,6
36936,6
58939,6
60087,6
88802,6
60755,6
61776,6
77171,6
10616,6
8201,6
58799,6
8208,6
91339,6
21993,6
38356,6
8212,6
61794,6
89721,6
89720,6
61775,6
38362,6
60114,6
91335,6
91333,6
8217,6
58796,6
77170,6
8219,6
39608,6
61828,6
60152,6
61820,6
58771,6
36806,6
60149,6
9705,6
91361,6
36813,6
8186,6
38333,6
91359,6
91358,6
21924,6
90204,6
58783,6
36823,6
60644,6
60113,6
58812,6
89688,6
88792,6
91306,6
60692,6
24379,6
37818,6
37812,6
58842,6
58848,6
38403,6
8245,6
60100,6
38406,6
60091,6
9231,6
91295,6
39539,6
39530,6
58866,6
90254,6
9234,6
88785,6
38373,6
58830,6
38395,6
37842,6
91326,6
8224,6
58819,6
74779,6
39581,6
9722,6
37825,6
10587,6
9240,6
74777,6
36841,6
10590,6
39561,6
9727,6
22002,6
9238,6
74868,6
39453,6
9089,6
39334,6
91093,6
59104,6
59105,6
91085,6
8456,6
10362,6
8461,6
59110,6
88999,6
21908,6
59112,6
9806,6
91073,6
59914,6
59116,6
8472,6
89563,6
59117,6
74870,6
10371,6
60835,6
88980,6
10385,6
38559,6
38564,6
9140,6
89578,6
88979,6
89577,6
59075,6
37062,6
37085,6
59078,6
88982,6
37068,6
10374,6
61521,6
39354,6
9799,6
37083,6
38597,6
90384,6
59951,6
37117,6
59140,6
8490,6
10344,6
61488,6
59841,6
37107,6
39315,6
38661,6
8498,6
91049,6
61480,6
39306,6
77206,6
89034,6
90421,6
74755,6
9840,6
39296,6
24389,6
38654,6
74758,6
38631,6
39325,6
77277,6
8479,6
24466,6
89007,6
59887,6
60845,6
59876,6
39323,6
59851,6
59866,6
59131,6
38634,6
59859,6
77204,6
59134,6
90407,6
38643,6
9146,6
91118,6
8355,6
37756,6
36985,6
10450,6
58996,6
39417,6
59992,6
59990,6
89621,6
60771,6
89615,6
9170,6
9773,6
91169,6
61604,6
88921,6
37750,6
9778,6
90320,6
37748,6
60765,6
10458,6
59987,6
8362,6
74991,6
88897,6
58974,6
36976,6
59995,6
39443,6
38504,6
89344,6
37765,6
58994,6
10472,6
39434,6
10470,6
8365,6
74989,6
90310,6
38505,6
60761,6
77196,6
59017,6
61535,6
61537,6
59055,6
61564,6
91127,6
37031,6
61551,6
39356,6
8417,6
59959,6
37051,6
90335,6
37723,6
9151,6
9150,6
59958,6
9796,6
22016,6
9797,6
59071,6
60804,6
38527,6
38512,6
91145,6
39392,6
88926,6
61587,6
61585,6
9166,6
88934,6
91147,6
9782,6
90330,6
89594,6
8407,6
60798,6
91137,6
77368,6
37027,6
38522,6
91136,6
88946,6
24123,6
78598,6
58437,6
2519,6
46017,6
23395,6
46028,6
46036,6
46043,6
22865,6
51894,6
51893,6
2513,6
51932,6
97354,6
51889,6
97360,6
2501,6
2499,6
46066,6
46081,6
46085,6
2549,6
97324,6
97248,6
51963,6
97257,6
97259,6
51975,6
51974,6
2591,6
51968,6
2586,6
97283,6
2577,6
97323,6
97293,6
51960,6
51958,6
2571,6
45995,6
97316,6
45996,6
45997,6
46086,6
51868,6
51866,6
97456,6
46129,6
46131,6
46132,6
46133,6
2423,6
76463,6
97452,6
51783,6
2419,6
2482,6
46148,6
97462,6
2409,6
97471,6
51764,6
51760,6
51759,6
51756,6
97444,6
46128,6
97441,6
46124,6
51852,6
51850,6
2473,6
51842,6
46105,6
97411,6
97413,6
51828,6
2459,6
51827,6
97418,6
46107,6
2451,6
46110,6
51812,6
23386,6
97435,6
2614,6
23411,6
76460,6
97081,6
97058,6
23449,6
45705,6
97065,6
76504,6
97073,6
45739,6
97080,6
2757,6
45681,6
97084,6
2756,6
97089,6
45763,6
2738,6
97106,6
52173,6
45776,6
45695,6
52237,6
45919,6
96998,6
96970,6
52307,6
96973,6
2844,6
45599,6
96983,6
96987,6
23455,6
2826,6
45670,6
2822,6
52272,6
52268,6
52259,6
45657,6
52253,6
45658,6
52249,6
23444,6
97118,6
52155,6
2663,6
97183,6
97185,6
97186,6
97190,6
52048,6
97196,6
97198,6
2664,6
75858,6
97127,6
45895,6
52020,6
45904,6
52011,6
22851,6
2635,6
45918,6
51997,6
52057,6
45878,6
2675,6
76491,6
97129,6
52135,6
45819,6
2712,6
52120,6
45821,6
45822,6
52108,6
97154,6
23442,6
97157,6
52092,6
52091,6
52084,6
75855,6
45855,6
45856,6
97483,6
2384,6
22837,6
97793,6
46465,6
51441,6
51433,6
2113,6
51427,6
51422,6
2093,6
46497,6
51403,6
97760,6
51401,6
51399,6
46512,6
2069,6
2067,6
97814,6
2066,6
51389,6
2126,6
51452,6
51501,6
46432,6
2175,6
46429,6
97717,6
97719,6
97720,6
51494,6
97723,6
51490,6
46433,6
22899,6
97737,6
2147,6
97740,6
97744,6
46452,6
76426,6
2130,6
97755,6
46526,6
23343,6
51363,6
76410,6
51265,6
46618,6
51250,6
51248,6
76411,6
51240,6
51239,6
51238,6
51230,6
46540,6
51225,6
97956,6
1917,6
51215,6
97960,6
46655,6
97966,6
1908,6
97911,6
97906,6
51275,6
51297,6
46546,6
46551,6
51332,6
97861,6
97862,6
51323,6
97868,6
75950,6
51314,6
97878,6
2000,6
46586,6
97885,6
97887,6
51303,6
46594,6
22914,6
51499,6
51506,6
2381,6
46266,6
51672,6
46248,6
46251,6
2305,6
46256,6
51656,6
51654,6
97568,6
46270,6
2314,6
97576,6
2292,6
51643,6
2290,6
51641,6
51636,6
51635,6
51634,6
97551,6
2324,6
97697,6
97519,6
2376,6
51742,6
46191,6
22875,6
23375,6
46210,6
51723,6
97514,6
46213,6
46246,6
97525,6
51716,6
46221,6
97536,6
76452,6
97539,6
2326,6
51680,6
51631,6
76448,6
51627,6
22892,6
2198,6
97660,6
97662,6
97666,6
46375,6
75926,6
51535,6
46384,6
46395,6
2274,6
2190,6
22895,6
51527,6
51525,6
46404,6
23363,6
97694,6
2179,6
97655,6
51545,6
2201,6
2205,6
46288,6
46296,6
2270,6
46304,6
97610,6
51611,6
97615,6
97618,6
51604,6
51601,6
23365,6
2236,6
2223,6
76443,6
2219,6
76442,6
97646,6
96969,6
45575,6
1901,6
3448,6
96232,6
3473,6
3466,6
3463,6
53069,6
3460,6
53063,6
44895,6
96261,6
53094,6
96263,6
44910,6
96272,6
3436,6
76587,6
75733,6
53035,6
44921,6
53081,6
53113,6
3540,6
44840,6
53173,6
53169,6
53164,6
96158,6
3528,6
96163,6
53150,6
3525,6
53139,6
96207,6
44844,6
44847,6
53127,6
96199,6
3504,6
96201,6
75722,6
96206,6
96298,6
76584,6
44935,6
52929,6
96371,6
45006,6
96377,6
3341,6
45018,6
52936,6
3337,6
96388,6
52927,6
53012,6
52922,6
45029,6
96400,6
96403,6
96405,6
23528,6
52914,6
45044,6
96369,6
3350,6
52954,6
96357,6
44940,6
3403,6
96311,6
44948,6
44950,6
96321,6
52989,6
96328,6
52983,6
52981,6
3381,6
96343,6
3377,6
44980,6
52973,6
3363,6
52960,6
44797,6
44796,6
52903,6
3683,6
53394,6
53377,6
53371,6
53370,6
95995,6
95997,6
53367,6
44636,6
96005,6
95971,6
53349,6
22721,6
96013,6
96014,6
44651,6
53346,6
96018,6
76616,6
76621,6
95969,6
44793,6
3739,6
53474,6
53469,6
53452,6
44567,6
76624,6
44576,6
53444,6
3741,6
53438,6
53403,6
44585,6
44586,6
53428,6
53421,6
95956,6
53412,6
3722,6
53407,6
22723,6
44662,6
76613,6
53221,6
44740,6
53242,6
44748,6
44751,6
96103,6
96104,6
53229,6
44756,6
3587,6
96032,6
3585,6
44765,6
53215,6
44766,6
3568,6
53208,6
53200,6
44785,6
53246,6
53248,6
3621,6
3622,6
76612,6
96034,6
53316,6
96048,6
44695,6
53285,6
53279,6
96060,6
96061,6
53268,6
3627,6
23576,6
44722,6
53255,6
53254,6
3623,6
96078,6
96422,6
3311,6
45562,6
96788,6
3040,6
52560,6
45352,6
52554,6
52552,6
52546,6
52542,6
45374,6
23484,6
52572,6
52529,6
52527,6
96794,6
3009,6
96803,6
52509,6
96807,6
52494,6
45334,6
23486,6
3100,6
45300,6
45285,6
76550,6
96698,6
96704,6
52626,6
96706,6
52624,6
45292,6
96715,6
52584,6
96722,6
75786,6
96727,6
45320,6
3059,6
23489,6
3055,6
3054,6
45413,6
2995,6
2992,6
96928,6
96896,6
75813,6
96900,6
52403,6
52395,6
96908,6
96914,6
75816,6
96929,6
96826,6
52366,6
45539,6
96938,6
52347,6
2885,6
2875,6
52334,6
52330,6
52412,6
2931,6
45469,6
96884,6
52472,6
75800,6
45436,6
45445,6
2957,6
2954,6
96861,6
96867,6
96868,6
45463,6
2943,6
2941,6
45466,6
52425,6
2939,6
52422,6
96880,6
45276,6
96679,6
3310,6
3197,6
52822,6
96497,6
3228,6
3226,6
3222,6
23522,6
3211,6
96522,6
3192,6
45117,6
96543,6
96544,6
23516,6
76565,6
45155,6
3185,6
45163,6
96571,6
45119,6
3243,6
75777,6
45080,6
3307,6
45045,6
3298,6
75750,6
45067,6
76574,6
3282,6
96456,6
45086,6
96486,6
45099,6
3255,6
45109,6
52837,6
52835,6
96476,6
96479,6
52832,6
45176,6
45182,6
22771,6
45231,6
45218,6
3140,6
45223,6
45224,6
96647,6
3125,6
52685,6
3124,6
3122,6
45186,6
3120,6
3117,6
52674,6
22782,6
52668,6
96668,6
52660,6
22783,6
96633,6
96630,6
3143,6
96628,6
96586,6
96587,6
45196,6
45201,6
96602,6
52727,6
45202,6
3153,6
96613,6
22775,6
3152,6
52717,6
22776,6
3145,6
96622,6
23493,6
96627,6
46662,6
97979,6
95908,6
99242,6
99219,6
49740,6
99224,6
49739,6
48058,6
99229,6
49735,6
48066,6
49715,6
48053,6
700,6
48079,6
99253,6
48094,6
687,6
48101,6
49687,6
685,6
49744,6
76278,6
49819,6
99188,6
49815,6
99159,6
770,6
765,6
49788,6
99184,6
48011,6
99186,6
48021,6
48045,6
49768,6
742,6
49760,6
99203,6
23218,6
738,6
99206,6
49755,6
99274,6
48117,6
48120,6
99395,6
99361,6
23068,6
584,6
76098,6
23070,6
571,6
49511,6
48288,6
48296,6
99287,6
48297,6
99409,6
48303,6
560,6
49485,6
547,6
48322,6
48323,6
76097,6
48234,6
617,6
49579,6
99290,6
49659,6
49656,6
23066,6
48168,6
643,6
76270,6
99317,6
99323,6
99324,6
99326,6
48207,6
49588,6
99335,6
49586,6
99338,6
619,6
49817,6
99147,6
23199,6
23021,6
50004,6
933,6
49995,6
23020,6
927,6
925,6
921,6
47801,6
913,6
98982,6
49982,6
99014,6
76077,6
76309,6
906,6
904,6
47829,6
99032,6
50006,6
50015,6
76287,6
47761,6
47741,6
50068,6
98940,6
47748,6
47751,6
47756,6
47759,6
76069,6
47765,6
50020,6
962,6
76070,6
959,6
47768,6
23017,6
50028,6
50027,6
47777,6
49956,6
47841,6
49950,6
99124,6
47899,6
49885,6
820,6
99108,6
99110,6
99111,6
76293,6
49863,6
76290,6
47844,6
76091,6
49847,6
99135,6
47948,6
49840,6
49839,6
99144,6
49838,6
47898,6
23039,6
47888,6
99085,6
76082,6
47852,6
881,6
99046,6
49939,6
47853,6
49929,6
99054,6
47863,6
99059,6
76303,6
860,6
47873,6
47874,6
857,6
47882,6
49906,6
49479,6
540,6
98931,6
48746,6
159,6
48702,6
49082,6
148,6
48727,6
135,6
23107,6
99854,6
49054,6
167,6
99866,6
49044,6
99870,6
49028,6
49022,6
49017,6
99895,6
48795,6
99829,6
48680,6
229,6
23136,6
99761,6
49166,6
23147,6
48626,6
49158,6
23102,6
203,6
76167,6
99789,6
172,6
48647,6
48661,6
48664,6
48665,6
48669,6
49117,6
186,6
48674,6
82,6
48798,6
99909,6
23114,6
48846,6
48852,6
42,6
99960,6
76195,6
36,6
76194,6
20,6
99979,6
99910,6
99980,6
76191,6
48870,6
99984,6
48916,6
99987,6
48891,6
48904,6
48950,6
76183,6
48837,6
48827,6
23126,6
99919,6
48995,6
48993,6
48992,6
76181,6
48980,6
48972,6
23109,6
99933,6
48968,6
99937,6
99938,6
56,6
99942,6
99943,6
53,6
224,6
230,6
48330,6
76245,6
49336,6
403,6
49331,6
49329,6
391,6
76246,6
49325,6
389,6
76244,6
76124,6
99598,6
381,6
380,6
374,6
99612,6
373,6
23176,6
99618,6
405,6
49346,6
99752,6
473,6
76106,6
99451,6
508,6
49443,6
502,6
494,6
49439,6
48378,6
48379,6
99559,6
99502,6
467,6
99508,6
48391,6
99521,6
99529,6
99530,6
48417,6
364,6
99624,6
48498,6
49200,6
49221,6
99696,6
99698,6
23156,6
49216,6
49213,6
76150,6
49201,6
254,6
99627,6
251,6
250,6
99728,6
48596,6
49191,6
238,6
99748,6
99751,6
99687,6
48558,6
99682,6
296,6
99629,6
99633,6
99634,6
49284,6
343,6
48504,6
341,6
49280,6
49279,6
48535,6
48537,6
99668,6
305,6
48550,6
301,6
48552,6
23167,6
76062,6
47733,6
1899,6
50814,6
23307,6
98297,6
1582,6
1579,6
46987,6
46992,6
1578,6
50817,6
50811,6
98293,6
75987,6
98323,6
98324,6
47013,6
1555,6
50797,6
1551,6
98335,6
1590,6
98292,6
50899,6
1612,6
98243,6
46931,6
76390,6
1626,6
1624,6
46932,6
46939,6
1621,6
46945,6
98290,6
98270,6
50858,6
50857,6
98276,6
46970,6
50846,6
50841,6
75981,6
75989,6
47021,6
1544,6
50671,6
50690,6
47108,6
50682,6
47117,6
1456,6
1451,6
98435,6
98440,6
47125,6
98347,6
47126,6
50664,6
1437,6
76000,6
98456,6
50655,6
50649,6
1431,6
50700,6
1478,6
23299,6
98397,6
98350,6
50765,6
47034,6
98355,6
98357,6
50761,6
1522,6
47042,6
50752,6
47043,6
50744,6
1511,6
1508,6
98389,6
1500,6
50730,6
98395,6
50893,6
50902,6
50643,6
98065,6
46748,6
51098,6
46752,6
98054,6
1821,6
51091,6
51088,6
51087,6
46757,6
51103,6
51071,6
1808,6
46786,6
46789,6
98078,6
1800,6
51060,6
1796,6
98044,6
98040,6
98233,6
46692,6
1898,6
46667,6
97983,6
51190,6
97988,6
51189,6
46675,6
51169,6
1886,6
51113,6
22920,6
46723,6
46736,6
1857,6
1842,6
1835,6
75966,6
98035,6
51055,6
46797,6
1786,6
50951,6
1693,6
46857,6
50973,6
98185,6
1683,6
46872,6
23313,6
98196,6
50949,6
51049,6
1672,6
1671,6
1667,6
50928,6
1658,6
1652,6
50913,6
98230,6
98160,6
1705,6
46853,6
98156,6
1783,6
51044,6
51043,6
98107,6
46811,6
1760,6
46815,6
51027,6
75971,6
51017,6
75972,6
51004,6
1727,6
50988,6
1712,6
1710,6
46849,6
98463,6
47150,6
984,6
1124,6
1149,6
47518,6
47526,6
1144,6
1134,6
98775,6
50253,6
47539,6
50238,6
50274,6
76049,6
1119,6
50235,6
50222,6
1105,6
98812,6
1089,6
47597,6
1150,6
47513,6
76344,6
47484,6
50344,6
47436,6
98716,6
1204,6
23273,6
76040,6
98730,6
1184,6
1179,6
1158,6
47488,6
50301,6
47493,6
1171,6
98746,6
76041,6
47508,6
50284,6
23002,6
47602,6
1078,6
1020,6
1034,6
1032,6
47665,6
50133,6
1030,6
98886,6
47667,6
50125,6
1019,6
50200,6
47702,6
50096,6
47718,6
50094,6
47728,6
98923,6
989,6
50076,6
1035,6
23251,6
50147,6
98869,6
98821,6
98822,6
47607,6
98826,6
98827,6
50191,6
23259,6
50182,6
50181,6
1057,6
1055,6
98850,6
1051,6
47638,6
98855,6
1047,6
98861,6
98712,6
98708,6
47156,6
1351,6
1370,6
1368,6
47232,6
98550,6
1363,6
98553,6
1356,6
47246,6
1350,6
1386,6
50521,6
22961,6
1345,6
47261,6
1341,6
98578,6
50511,6
47284,6
47220,6
47217,6
1212,6
50620,6
98472,6
98473,6
98474,6
50630,6
47161,6
1419,6
76369,6
98487,6
1410,6
98531,6
47178,6
47194,6
50581,6
47204,6
76012,6
50571,6
1391,6
50562,6
76022,6
76023,6
47303,6
1255,6
1273,6
1272,6
50427,6
50424,6
22974,6
50420,6
98662,6
76033,6
98672,6
22970,6
47395,6
22983,6
98687,6
98696,6
50365,6
47415,6
47419,6
50349,6
50434,6
98647,6
98646,6
1280,6
1313,6
50480,6
76025,6
98608,6
98610,6
50472,6
1307,6
50470,6
50465,6
1293,6
1292,6
50450,6
98631,6
1287,6
98637,6
47352,6
76026,6
44533,6
44531,6
91682,6
93115,6
76960,6
93100,6
6455,6
56771,6
23916,6
93106,6
6447,6
22370,6
6443,6
76963,6
93117,6
93120,6
41470,6
41471,6
23911,6
41484,6
56741,6
93136,6
75290,6
6475,6
93032,6
6512,6
56844,6
6533,6
56841,6
41385,6
41390,6
75287,6
6519,6
6513,6
56823,6
93084,6
56818,6
41417,6
6487,6
56801,6
41430,6
93077,6
41437,6
41441,6
41503,6
6424,6
56721,6
6330,6
6337,6
41588,6
93207,6
41594,6
93211,6
56636,6
41600,6
93217,6
6327,6
41510,6
93222,6
56625,6
93230,6
93232,6
93233,6
6318,6
41612,6
41632,6
56651,6
56654,6
56660,6
56661,6
41512,6
56715,6
41528,6
56709,6
93151,6
6409,6
93155,6
93159,6
56701,6
93163,6
93166,6
76950,6
93170,6
6378,6
56679,6
75307,6
41583,6
56845,6
41375,6
76941,6
57035,6
41185,6
76991,6
92847,6
41203,6
92854,6
6696,6
41213,6
92866,6
41231,6
57091,6
57027,6
92879,6
23942,6
6665,6
92884,6
41242,6
76986,6
57009,6
57077,6
22324,6
93021,6
57117,6
57136,6
41125,6
57131,6
6767,6
6766,6
92785,6
41130,6
23955,6
92800,6
6732,6
6753,6
57111,6
92810,6
92813,6
92814,6
75255,6
6738,6
57097,6
76985,6
57002,6
57001,6
22357,6
56909,6
75273,6
56899,6
92985,6
92988,6
92994,6
6578,6
41347,6
6572,6
22339,6
6570,6
23927,6
56873,6
41369,6
6560,6
56863,6
93019,6
41372,6
56910,6
56911,6
92974,6
92972,6
56984,6
41261,6
92917,6
92920,6
56972,6
92931,6
23929,6
41275,6
6610,6
92939,6
92946,6
92950,6
56938,6
41305,6
41308,6
92967,6
92971,6
41634,6
23907,6
92769,6
56226,6
41957,6
56247,6
93574,6
5941,6
56234,6
56232,6
93582,6
5929,6
5923,6
75360,6
5920,6
41971,6
93600,6
41976,6
41984,6
41989,6
5893,6
41990,6
56254,6
56256,6
6016,6
76905,6
93514,6
93515,6
41892,6
93519,6
41894,6
56294,6
75355,6
41899,6
41925,6
93559,6
76903,6
5966,6
75357,6
56265,6
56263,6
93556,6
75358,6
75359,6
5887,6
42009,6
5886,6
5775,6
56092,6
5805,6
42111,6
42129,6
42131,6
42134,6
42137,6
93731,6
76881,6
5883,6
93745,6
42157,6
75393,6
93754,6
56024,6
42167,6
23844,6
93763,6
56096,6
56099,6
93693,6
5824,6
56180,6
42013,6
56164,6
42027,6
42030,6
56157,6
22445,6
56150,6
56141,6
5850,6
42052,6
42055,6
5845,6
93668,6
23867,6
23855,6
42086,6
56308,6
6020,6
41644,6
6193,6
41714,6
93328,6
22408,6
56498,6
23900,6
6202,6
41738,6
75331,6
93346,6
56513,6
93350,6
56471,6
41762,6
93363,6
6173,6
41769,6
56457,6
6167,6
93322,6
93316,6
56313,6
93289,6
56587,6
6297,6
41658,6
56573,6
41667,6
93279,6
93284,6
75322,6
41688,6
93313,6
93293,6
6250,6
56540,6
41695,6
56538,6
6243,6
93305,6
41705,6
6166,6
56451,6
41778,6
41856,6
41843,6
6065,6
93464,6
56365,6
75344,6
56359,6
56358,6
56357,6
41857,6
56446,6
93476,6
56344,6
75348,6
41869,6
41873,6
56336,6
56325,6
6021,6
6078,6
6079,6
41833,6
41829,6
93380,6
6150,6
93387,6
6132,6
6130,6
41792,6
56428,6
6119,6
6116,6
6113,6
56420,6
56419,6
93413,6
93421,6
93424,6
6103,6
56393,6
57140,6
57148,6
56017,6
7444,6
40341,6
40348,6
92055,6
57966,6
92063,6
40350,6
92074,6
40356,6
92079,6
24042,6
40372,6
57941,6
92091,6
40387,6
40388,6
57933,6
57929,6
92103,6
7480,6
7496,6
91966,6
40279,6
7561,6
7559,6
40269,6
40271,6
7554,6
58074,6
58066,6
7546,6
7537,6
77084,6
40282,6
58049,6
7527,6
58037,6
22216,6
7523,6
40294,6
7500,6
57921,6
57913,6
77076,6
40490,6
7366,6
57840,6
7364,6
7361,6
57835,6
7346,6
24028,6
57801,6
92198,6
40406,6
7333,6
57796,6
7326,6
40501,6
57785,6
7320,6
57775,6
57769,6
40452,6
7367,6
57843,6
7376,6
7409,6
92121,6
7401,6
40417,6
92131,6
92135,6
40424,6
57876,6
7393,6
57872,6
7387,6
40430,6
40431,6
92158,6
7381,6
40446,6
57847,6
40267,6
58088,6
57757,6
7763,6
7793,6
24099,6
7792,6
58350,6
40024,6
58346,6
58344,6
40028,6
58324,6
40013,6
91778,6
24096,6
40046,6
58314,6
77112,6
7751,6
77111,6
7747,6
75079,6
7799,6
7564,6
58402,6
58436,6
39938,6
39939,6
7855,6
91699,6
58415,6
39957,6
7844,6
91712,6
91741,6
22172,6
39981,6
77121,6
58379,6
7819,6
39998,6
58366,6
24105,6
7745,6
58285,6
40072,6
24064,6
75113,6
91902,6
24069,6
58159,6
91917,6
77096,6
40203,6
22204,6
40207,6
40076,6
22214,6
40219,6
40227,6
40243,6
91953,6
58105,6
40249,6
91959,6
7639,6
40178,6
58167,6
58168,6
7718,6
40081,6
7714,6
7713,6
58250,6
40103,6
91841,6
24082,6
77105,6
7666,6
40145,6
58204,6
24075,6
7657,6
7656,6
40174,6
58175,6
57758,6
57756,6
6781,6
57356,6
92567,6
57371,6
92575,6
6965,6
6964,6
6961,6
57357,6
6960,6
6952,6
92565,6
40913,6
40932,6
40934,6
6934,6
57328,6
92609,6
92610,6
92611,6
40887,6
6979,6
57418,6
57391,6
7008,6
92524,6
92528,6
57405,6
7003,6
40857,6
7002,6
92544,6
6999,6
92563,6
6998,6
57390,6
57387,6
92551,6
40877,6
23979,6
6991,6
92559,6
6933,6
40941,6
40944,6
41052,6
6852,6
57225,6
41037,6
41042,6
75240,6
57204,6
6825,6
57201,6
75249,6
92626,6
6822,6
57191,6
57173,6
57168,6
6793,6
41094,6
41103,6
57158,6
57235,6
57237,6
92684,6
41010,6
92628,6
75229,6
40964,6
40967,6
75232,6
40971,6
6911,6
6904,6
6901,6
57286,6
57277,6
23965,6
6876,6
6875,6
57268,6
41000,6
57259,6
40835,6
92516,6
92240,6
57653,6
40618,6
92314,6
92315,6
57671,6
92319,6
40622,6
57661,6
57655,6
57639,6
92307,6
57637,6
75167,6
40657,6
92344,6
57615,6
40664,6
7200,6
40665,6
57677,6
57693,6
40828,6
92266,6
40540,6
92245,6
57741,6
40545,6
22234,6
92256,6
92258,6
40555,6
7276,6
24018,6
22242,6
57717,6
40572,6
92283,6
40574,6
92287,6
92290,6
57696,6
7197,6
40667,6
57607,6
92471,6
92449,6
57503,6
92454,6
40777,6
57489,6
92463,6
7064,6
57481,6
57475,6
57604,6
92477,6
40789,6
57468,6
40797,6
92487,6
7033,6
40806,6
92510,6
7087,6
57508,6
92439,6
57533,6
57603,6
92370,6
7182,6
7180,6
40680,6
40683,6
57581,6
57574,6
57573,6
40705,6
57560,6
57555,6
92408,6
7126,6
92415,6
7118,6
24007,6
56018,6
5742,6
95904,6
43716,6
23700,6
4484,6
4482,6
43709,6
43715,6
95183,6
54333,6
4472,6
76719,6
4495,6
54319,6
4462,6
95200,6
75560,6
4453,6
54306,6
43733,6
4439,6
95165,6
95162,6
54418,6
4538,6
95099,6
4553,6
4552,6
43672,6
43673,6
54403,6
54400,6
54399,6
43679,6
4498,6
54381,6
4524,6
54379,6
4513,6
4511,6
54365,6
54364,6
43697,6
4433,6
54290,6
54281,6
43886,6
22623,6
54135,6
43874,6
4293,6
4291,6
54121,6
43878,6
4287,6
76695,6
95247,6
4284,6
43904,6
95373,6
75587,6
4275,6
22632,6
54085,6
43927,6
76702,6
43859,6
43851,6
95321,6
54253,6
43784,6
4396,6
54242,6
95261,6
23697,6
75565,6
95272,6
43800,6
54215,6
4359,6
95293,6
54195,6
95305,6
76707,6
4334,6
4333,6
54412,6
43660,6
75591,6
54602,6
43406,6
43421,6
43435,6
23724,6
54630,6
94922,6
54615,6
43487,6
43492,6
43403,6
43493,6
94936,6
43499,6
43521,6
75545,6
54571,6
54567,6
4695,6
54664,6
43401,6
95081,6
94851,6
43334,6
94838,6
54755,6
43340,6
76752,6
43347,6
54737,6
43351,6
4778,6
94887,6
4776,6
54731,6
54722,6
43367,6
94862,6
76749,6
4765,6
43391,6
94957,6
94958,6
43541,6
43634,6
23711,6
23708,6
54471,6
4605,6
95045,6
4601,6
4597,6
54464,6
4593,6
54553,6
95056,6
95058,6
95059,6
4586,6
95071,6
54436,6
4575,6
54429,6
22603,6
54483,6
54488,6
4632,6
4681,6
4680,6
23715,6
22601,6
43566,6
94979,6
43571,6
4664,6
76733,6
54524,6
94988,6
94990,6
43579,6
54502,6
95008,6
4636,6
43595,6
43934,6
95399,6
94828,6
3902,6
53632,6
53628,6
75659,6
44402,6
3905,6
95768,6
53619,6
53617,6
44404,6
76644,6
95778,6
3896,6
44411,6
3876,6
95791,6
53600,6
53599,6
3869,6
3916,6
53642,6
3994,6
44331,6
3991,6
44314,6
95687,6
3989,6
44318,6
53714,6
53704,6
3978,6
95710,6
53644,6
22677,6
44355,6
44361,6
3955,6
53663,6
95728,6
3939,6
53653,6
53595,6
44421,6
95800,6
95882,6
53521,6
44505,6
3807,6
22696,6
3800,6
44519,6
44521,6
3795,6
53497,6
95805,6
95886,6
95891,6
44527,6
3783,6
3781,6
44528,6
23603,6
3777,6
44504,6
53525,6
3821,6
3825,6
44434,6
44437,6
75663,6
76640,6
95815,6
53578,6
53576,6
95823,6
53567,6
53566,6
53559,6
53557,6
44478,6
53545,6
53534,6
3826,6
44498,6
95678,6
53736,6
54060,6
44086,6
95475,6
44049,6
23655,6
53958,6
44068,6
44071,6
23652,6
22652,6
44092,6
4203,6
23649,6
4165,6
44104,6
23643,6
76672,6
4153,6
4148,6
53902,6
95473,6
4205,6
44289,6
95426,6
22642,6
95407,6
43955,6
43956,6
43978,6
22643,6
43991,6
4241,6
54018,6
53982,6
4236,6
4235,6
44009,6
54010,6
4227,6
4223,6
44023,6
95464,6
4138,6
95536,6
44144,6
95639,6
44202,6
4053,6
4046,6
4043,6
53789,6
4040,6
4037,6
4033,6
4027,6
44147,6
4022,6
53764,6
95652,6
53761,6
23624,6
4014,6
53756,6
53744,6
44200,6
23627,6
44181,6
44173,6
4131,6
75617,6
53887,6
53882,6
53880,6
53879,6
53877,6
95560,6
4114,6
53874,6
4106,6
95576,6
53844,6
95592,6
53834,6
4082,6
23636,6
54761,6
43321,6
56012,6
42606,6
42576,6
42581,6
42583,6
55575,6
55571,6
22493,6
42597,6
94136,6
55543,6
42567,6
94149,6
5429,6
5422,6
42623,6
94164,6
5413,6
5409,6
94176,6
94114,6
55595,6
42492,6
55646,6
94049,6
42495,6
42498,6
42499,6
42502,6
94062,6
55659,6
55656,6
94074,6
55601,6
5479,6
42525,6
42531,6
42532,6
75428,6
55613,6
42552,6
22492,6
42642,6
55510,6
75440,6
42809,6
55397,6
23808,6
5327,6
94269,6
94271,6
42781,6
5326,6
42806,6
55350,6
5400,6
94291,6
75456,6
55347,6
42813,6
55345,6
94297,6
5311,6
55343,6
5341,6
5344,6
94242,6
55426,6
76830,6
22499,6
42654,6
94196,6
5378,6
36407,6
94203,6
94204,6
55478,6
55476,6
94211,6
42692,6
94213,6
5362,6
42713,6
94230,6
55430,6
42494,6
94041,6
55338,6
93876,6
42250,6
93850,6
5648,6
93862,6
93864,6
55907,6
93868,6
76868,6
93877,6
55934,6
55881,6
55877,6
55875,6
93897,6
22467,6
42325,6
5623,6
42336,6
93845,6
5660,6
55693,6
55986,6
75397,6
56003,6
56002,6
93788,6
55999,6
55997,6
5715,6
5714,6
42204,6
55943,6
93815,6
93817,6
42224,6
55960,6
42232,6
55953,6
93832,6
42240,6
55858,6
93913,6
55849,6
55718,6
5553,6
42421,6
5546,6
42434,6
5540,6
55732,6
42446,6
94002,6
5521,6
55832,6
94021,6
5520,6
23830,6
94028,6
55702,6
23829,6
94035,6
42485,6
42415,6
55764,6
55768,6
42413,6
55830,6
55825,6
42379,6
42380,6
93938,6
55812,6
42382,6
42388,6
55799,6
5580,6
5578,6
42395,6
5574,6
42396,6
76860,6
42398,6
55780,6
42817,6
5296,6
43315,6
54965,6
43168,6
43173,6
54975,6
94647,6
54971,6
4981,6
94653,6
23746,6
23743,6
43165,6
43192,6
54947,6
43194,6
54941,6
54937,6
4951,6
43204,6
54930,6
94640,6
5000,6
75497,6
94593,6
55059,6
5066,6
75502,6
5061,6
55052,6
5060,6
5059,6
5052,6
55036,6
55001,6
55033,6
94610,6
5020,6
5017,6
55021,6
55014,6
5008,6
5004,6
43212,6
94698,6
76761,6
54804,6
4855,6
43276,6
54819,6
43278,6
94788,6
54813,6
4843,6
94793,6
4841,6
4931,6
4840,6
23738,6
43286,6
43291,6
4820,6
54780,6
54776,6
43314,6
4856,6
94770,6
43269,6
54844,6
43220,6
43226,6
54895,6
43231,6
4921,6
54887,6
43236,6
43237,6
4910,6
94734,6
43240,6
23740,6
54867,6
54864,6
43249,6
4893,6
43251,6
75501,6
75491,6
42840,6
94417,6
94395,6
75471,6
55239,6
5229,6
55234,6
42929,6
55224,6
55215,6
94419,6
5237,6
55211,6
5211,6
5205,6
55206,6
42943,6
94436,6
42951,6
5192,6
76805,6
42917,6
43081,6
42851,6
55321,6
42843,6
94330,6
94331,6
42847,6
55313,6
75465,6
5287,6
94341,6
55253,6
94345,6
94351,6
94356,6
5261,6
42884,6
94372,6
42892,6
42902,6
55189,6
42963,6
94452,6
55108,6
94512,6
55128,6
43025,6
55126,6
43032,6
55120,6
94527,6
43033,6
43044,6
55181,6
55103,6
94537,6
75489,6
94546,6
43053,6
94557,6
94558,6
94560,6
94510,6
5112,6
94499,6
94498,6
23780,6
42968,6
55172,6
5159,6
42976,6
5153,6
42977,6
22533,6
42987,6
55157,6
76793,6
55144,6
5136,6
43009,6
94493,6
76791,6
75488,6
24539,6
62583,6
36404,6
71362,6
15389,6
64810,6
19092,6
69566,6
15388,6
15375,6
80273,6
71340,6
31413,6
71335,6
69569,6
86124,6
29231,6
27562,6
80283,6
33787,6
29230,6
64838,6
86111,6
27565,6
33779,6
33770,6
33768,6
81842,6
19068,6
17507,6
21071,6
15357,6
64807,6
64776,6
86170,6
33837,6
20890,6
81863,6
24880,6
20891,6
33821,6
67336,6
31382,6
80244,6
80245,6
33815,6
15407,6
64798,6
27522,6
33807,6
86147,6
74276,6
24881,6
67331,6
86143,6
13242,6
33802,6
64806,6
86106,6
69579,6
83837,6
74253,6
27571,6
86067,6
19035,6
83967,6
29187,6
86058,6
67291,6
80324,6
33716,6
19024,6
25125,6
19023,6
80333,6
64896,6
13318,6
31447,6
71297,6
74248,6
25458,6
27602,6
15318,6
71270,6
67281,6
64922,6
80355,6
25460,6
86072,6
80291,6
15334,6
13278,6
27567,6
29214,6
80299,6
86095,6
21283,6
29203,6
21062,6
86091,6
71323,6
15353,6
80304,6
15351,6
69601,6
86085,6
19051,6
77760,6
86082,6
17524,6
33749,6
33747,6
19049,6
83960,6
29188,6
25127,6
19123,6
67337,6
80230,6
67421,6
27412,6
19188,6
33958,6
19186,6
83860,6
29288,6
83862,6
73522,6
15445,6
80168,6
31310,6
83865,6
29283,6
64670,6
69514,6
13108,6
17458,6
83872,6
77745,6
13115,6
69518,6
64675,6
67401,6
69521,6
86260,6
86283,6
27406,6
33850,6
83856,6
19198,6
19197,6
64622,6
31288,6
34006,6
13066,6
34001,6
69503,6
27403,6
15460,6
31291,6
17436,6
31295,6
64638,6
33988,6
17439,6
81920,6
33979,6
71458,6
67430,6
15455,6
21278,6
64654,6
24867,6
64658,6
67400,6
64677,6
67399,6
69522,6
27481,6
19142,6
86206,6
74281,6
86202,6
86199,6
64745,6
86196,6
86195,6
86192,6
27488,6
31367,6
29263,6
80219,6
29257,6
33859,6
64757,6
31370,6
29254,6
19131,6
33853,6
67339,6
64761,6
19128,6
64763,6
33869,6
73972,6
33875,6
33921,6
86257,6
13125,6
13134,6
81897,6
86249,6
13139,6
17470,6
69528,6
13144,6
83889,6
13146,6
33920,6
27480,6
86237,6
80195,6
86231,6
17476,6
86227,6
33899,6
27470,6
27477,6
67355,6
64728,6
86216,6
69614,6
20906,6
33686,6
27755,6
13467,6
65120,6
13470,6
77997,6
33451,6
80476,6
27758,6
81770,6
33448,6
27762,6
77786,6
27763,6
17570,6
80482,6
65150,6
80483,6
33430,6
65153,6
71116,6
15206,6
29105,6
80489,6
17574,6
85840,6
84078,6
71134,6
18893,6
80441,6
85870,6
33497,6
67197,6
13447,6
84047,6
65087,6
84048,6
33492,6
18922,6
85885,6
71171,6
67196,6
33487,6
80449,6
31529,6
17561,6
71166,6
27727,6
13459,6
18907,6
71155,6
31531,6
84055,6
77999,6
80465,6
15231,6
71106,6
85836,6
13484,6
85834,6
84105,6
85804,6
13515,6
27797,6
65206,6
85797,6
33358,6
67141,6
27798,6
33357,6
65216,6
15173,6
13528,6
31571,6
80530,6
21471,6
85782,6
65221,6
17604,6
24926,6
33345,6
80536,6
65227,6
85775,6
67129,6
27794,6
80519,6
81740,6
13496,6
24919,6
85831,6
67156,6
65171,6
85824,6
17587,6
65180,6
69697,6
67152,6
13493,6
18859,6
18854,6
21475,6
81749,6
84094,6
85816,6
78384,6
69698,6
29086,6
27786,6
71085,6
15191,6
31562,6
65199,6
17557,6
85900,6
27623,6
80380,6
17533,6
86001,6
27648,6
83993,6
25123,6
31460,6
31461,6
80388,6
64971,6
13370,6
31462,6
21485,6
69619,6
67256,6
71232,6
78006,6
13378,6
84001,6
27673,6
18970,6
67250,6
17536,6
18967,6
85974,6
31487,6
80381,6
18990,6
65082,6
18991,6
67274,6
67272,6
27628,6
80359,6
64938,6
86026,6
13337,6
13339,6
86022,6
13341,6
80364,6
27633,6
27635,6
78395,6
15304,6
67269,6
13346,6
33663,6
15298,6
13348,6
64950,6
71249,6
13353,6
31454,6
13355,6
15275,6
71219,6
67235,6
13398,6
81795,6
33579,6
85933,6
33575,6
78389,6
77780,6
84035,6
80433,6
74230,6
33550,6
85917,6
67204,6
20917,6
65060,6
27709,6
69649,6
67203,6
67202,6
71178,6
33524,6
81791,6
33521,6
78000,6
33508,6
81787,6
80427,6
15253,6
81798,6
27699,6
84015,6
64995,6
27676,6
33622,6
33621,6
27679,6
64998,6
31488,6
15272,6
29147,6
69637,6
81801,6
85940,6
67226,6
67223,6
13410,6
13412,6
18950,6
67219,6
81799,6
15258,6
65017,6
31505,6
31512,6
80143,6
13055,6
67125,6
69340,6
27122,6
86677,6
69344,6
15621,6
83660,6
12705,6
78034,6
64211,6
73491,6
86665,6
31136,6
31138,6
74330,6
34424,6
12716,6
86655,6
69354,6
17279,6
12724,6
27146,6
15613,6
69362,6
86650,6
86648,6
71787,6
31131,6
12691,6
29435,6
64186,6
71837,6
71836,6
31113,6
78460,6
64163,6
20835,6
12654,6
20836,6
34488,6
31115,6
69333,6
64169,6
82082,6
34481,6
34480,6
71825,6
17261,6
86694,6
17264,6
12677,6
19500,6
67639,6
25147,6
64182,6
71812,6
79876,6
83671,6
13050,6
19445,6
20847,6
17310,6
31158,6
71754,6
12765,6
34377,6
17315,6
71749,6
34367,6
86603,6
17320,6
77711,6
67600,6
83697,6
31172,6
27194,6
27199,6
71732,6
34352,6
34337,6
27217,6
86585,6
64302,6
86583,6
71704,6
12761,6
64262,6
86642,6
12759,6
27155,6
12740,6
17287,6
71778,6
27162,6
71775,6
15605,6
19461,6
34400,6
67618,6
34399,6
79894,6
19459,6
83681,6
24827,6
12751,6
69374,6
27171,6
19450,6
15596,6
82051,6
20845,6
34385,6
24836,6
29425,6
19513,6
83643,6
83639,6
69296,6
79757,6
19591,6
67705,6
74340,6
71922,6
86801,6
67704,6
86799,6
86793,6
12570,6
64076,6
27035,6
12573,6
64082,6
64085,6
19582,6
64086,6
86781,6
69299,6
79767,6
64090,6
83595,6
69301,6
19579,6
83597,6
34568,6
15687,6
34499,6
25526,6
78220,6
26985,6
79728,6
31033,6
15697,6
12516,6
19613,6
20820,6
86836,6
26995,6
71950,6
26997,6
19601,6
67722,6
27006,6
19598,6
15691,6
12525,6
64048,6
67713,6
79746,6
82125,6
86818,6
34572,6
64057,6
86769,6
29497,6
31070,6
19573,6
19533,6
19532,6
19531,6
83620,6
29489,6
82102,6
71874,6
21092,6
67666,6
29477,6
67665,6
82095,6
31107,6
12631,6
78462,6
86729,6
29473,6
86727,6
15649,6
71843,6
67652,6
79830,6
83636,6
83637,6
64146,6
19534,6
79804,6
64133,6
67690,6
83601,6
78042,6
86763,6
71905,6
79784,6
71900,6
86759,6
69307,6
15671,6
86757,6
34531,6
25520,6
31100,6
73951,6
83611,6
34524,6
69311,6
82106,6
83613,6
67679,6
64122,6
19553,6
15665,6
69312,6
34330,6
83710,6
19402,6
34128,6
19291,6
27321,6
73967,6
80078,6
64505,6
34118,6
34114,6
12959,6
64510,6
71541,6
17404,6
64513,6
12962,6
83802,6
17405,6
86405,6
86404,6
67481,6
19278,6
81953,6
86403,6
64526,6
34083,6
27339,6
12984,6
31245,6
17396,6
67509,6
69464,6
34161,6
34157,6
80041,6
67507,6
17369,6
29349,6
67506,6
31227,6
34153,6
17377,6
29346,6
71568,6
15516,6
27312,6
12937,6
34147,6
15506,6
27313,6
71561,6
71559,6
12948,6
19309,6
67494,6
86422,6
19303,6
67473,6
12993,6
81950,6
86387,6
71499,6
64575,6
83828,6
83829,6
83830,6
83831,6
13033,6
73519,6
31278,6
64587,6
27383,6
71480,6
86340,6
34034,6
64594,6
81932,6
31286,6
69491,6
27390,6
34014,6
86329,6
78240,6
27392,6
86326,6
80142,6
31269,6
64571,6
71504,6
67464,6
19268,6
34074,6
21276,6
64547,6
15479,6
19261,6
13005,6
71518,6
71516,6
78237,6
80105,6
27351,6
19245,6
64553,6
83817,6
29331,6
83818,6
27357,6
86365,6
71510,6
64560,6
29325,6
27365,6
86360,6
64465,6
29350,6
64312,6
82021,6
34287,6
73726,6
31193,6
12828,6
31201,6
19376,6
31202,6
34270,6
83738,6
71660,6
34264,6
82016,6
67555,6
83740,6
19375,6
69418,6
21532,6
71654,6
19370,6
64380,6
82014,6
64383,6
17344,6
27263,6
17346,6
20854,6
27242,6
64458,6
31184,6
27227,6
24838,6
77718,6
64326,6
15566,6
79949,6
71696,6
12806,6
64340,6
71694,6
24845,6
69408,6
82026,6
27234,6
34297,6
66433,6
79954,6
71690,6
12811,6
12812,6
69410,6
31180,6
17326,6
67585,6
15553,6
67545,6
27265,6
71639,6
12849,6
80020,6
34203,6
86483,6
83759,6
86478,6
34196,6
21270,6
67522,6
34191,6
78027,6
69441,6
81987,6
71591,6
29353,6
64450,6
12901,6
71588,6
73960,6
81983,6
21077,6
31221,6
64454,6
29351,6
34169,6
34167,6
29359,6
86485,6
12885,6
17354,6
64394,6
67543,6
79997,6
34235,6
71630,6
67538,6
69426,6
67536,6
82003,6
17353,6
19350,6
15535,6
12884,6
31214,6
25501,6
67532,6
86497,6
64417,6
86495,6
81998,6
73504,6
67531,6
20867,6
64429,6
85772,6
13544,6
34597,6
81063,6
65996,6
18310,6
14720,6
81451,6
28781,6
81449,6
81067,6
70399,6
84515,6
18301,6
66012,6
84516,6
66013,6
17894,6
84517,6
85055,6
85050,6
32607,6
70396,6
32058,6
81077,6
21383,6
81083,6
70389,6
18287,6
32630,6
81062,6
85035,6
21341,6
70417,6
69987,6
85091,6
32639,6
66651,6
32037,6
69988,6
25372,6
14730,6
32040,6
18317,6
14728,6
77877,6
25382,6
18312,6
84501,6
81059,6
17886,6
81060,6
28417,6
85077,6
32633,6
32632,6
14186,6
14190,6
32063,6
84520,6
84406,6
28761,6
18255,6
84537,6
81430,6
66091,6
84539,6
14704,6
81118,6
85002,6
84542,6
17908,6
74108,6
84999,6
28750,6
66094,6
66096,6
84996,6
28749,6
84994,6
14688,6
84990,6
14687,6
32093,6
32545,6
32095,6
14278,6
66069,6
21375,6
28766,6
28458,6
32600,6
66628,6
66627,6
28764,6
14226,6
70377,6
81438,6
14712,6
14235,6
18274,6
14238,6
78291,6
84533,6
28434,6
28439,6
28441,6
78322,6
32582,6
14246,6
73643,6
81105,6
32078,6
28455,6
18258,6
18256,6
70423,6
32641,6
32644,6
14098,6
84438,6
18407,6
74134,6
28833,6
77949,6
70473,6
66719,6
81512,6
14109,6
80992,6
85171,6
74133,6
28368,6
65892,6
69940,6
65899,6
70463,6
25368,6
18393,6
85165,6
25072,6
14114,6
28812,6
84452,6
18385,6
81514,6
32737,6
66660,6
66726,6
65849,6
24994,6
32765,6
84411,6
28842,6
31946,6
24995,6
66759,6
65856,6
70478,6
85204,6
70476,6
70475,6
81518,6
14799,6
32751,6
18418,6
66739,6
31962,6
32744,6
69936,6
65870,6
14086,6
66733,6
31966,6
69961,6
28376,6
85159,6
14764,6
66683,6
14749,6
85121,6
70434,6
14143,6
14144,6
73669,6
66672,6
81033,6
65942,6
65944,6
73634,6
18343,6
17869,6
65952,6
14153,6
70426,6
28785,6
32656,6
84490,6
85103,6
81469,6
73640,6
21400,6
65961,6
81485,6
32665,6
28383,6
25002,6
65908,6
70460,6
70456,6
81497,6
32686,6
70455,6
18373,6
14761,6
14126,6
66696,6
85144,6
17842,6
14132,6
17843,6
17848,6
66692,6
70449,6
85139,6
66689,6
32667,6
18368,6
31988,6
74128,6
25003,6
17912,6
18248,6
66113,6
66351,6
77905,6
17973,6
28545,6
14632,6
32220,6
21019,6
32324,6
14626,6
70107,6
14624,6
84774,6
66365,6
14473,6
81252,6
17981,6
21354,6
84767,6
66367,6
14484,6
78299,6
28664,6
18098,6
66466,6
70224,6
14486,6
18116,6
14457,6
81377,6
18119,6
84825,6
84823,6
32397,6
70079,6
32387,6
70082,6
28536,6
32185,6
70083,6
14437,6
81229,6
32203,6
66322,6
66325,6
18136,6
74090,6
74089,6
32206,6
32357,6
66486,6
28685,6
84792,6
14456,6
28539,6
70255,6
70216,6
84758,6
66372,6
66374,6
70137,6
32293,6
70138,6
18050,6
74079,6
18049,6
14536,6
78301,6
84715,6
81337,6
25058,6
32284,6
18011,6
84674,6
70146,6
18017,6
84705,6
70187,6
18037,6
66422,6
81325,6
81324,6
70163,6
70160,6
32248,6
84729,6
32294,6
14518,6
28593,6
66378,6
32226,6
81349,6
81348,6
81274,6
32311,6
14604,6
14499,6
70126,6
18077,6
66383,6
84740,6
66449,6
70211,6
66457,6
14510,6
18072,6
84661,6
28594,6
17992,6
77910,6
28595,6
70203,6
81344,6
32406,6
81224,6
66117,6
66176,6
28489,6
66571,6
32497,6
14336,6
32496,6
66189,6
84578,6
70327,6
32118,6
66192,6
77931,6
70325,6
32478,6
25383,6
81163,6
70321,6
14665,6
70317,6
32474,6
70049,6
25393,6
84904,6
32468,6
66208,6
32467,6
70333,6
70335,6
84829,6
14335,6
77888,6
28467,6
81130,6
32102,6
70349,6
14288,6
17918,6
18243,6
84567,6
32521,6
17921,6
14311,6
66146,6
14317,6
66152,6
14318,6
14319,6
14671,6
18235,6
78318,6
84571,6
81140,6
66165,6
84572,6
28483,6
66212,6
32465,6
18205,6
73651,6
18182,6
28723,6
17948,6
18180,6
70276,6
14650,6
21018,6
17951,6
70272,6
77923,6
66270,6
84845,6
84844,6
84843,6
66280,6
70271,6
66289,6
32416,6
84614,6
70072,6
84615,6
81211,6
81216,6
28701,6
14422,6
14393,6
28521,6
32438,6
66550,6
32460,6
14661,6
74065,6
18203,6
84591,6
84886,6
18200,6
84884,6
66552,6
28726,6
18194,6
32456,6
25389,6
21012,6
28725,6
17937,6
66232,6
32152,6
28509,6
25390,6
70293,6
28520,6
32444,6
84863,6
25367,6
85217,6
67122,6
33141,6
13703,6
17669,6
18688,6
25441,6
33135,6
80691,6
65438,6
65441,6
65442,6
85590,6
28006,6
85587,6
80694,6
31725,6
15045,6
31728,6
28007,6
21307,6
73589,6
13722,6
74002,6
21309,6
84224,6
31761,6
69790,6
70853,6
18693,6
17684,6
84210,6
13674,6
17650,6
29024,6
67026,6
33202,6
69767,6
85618,6
33193,6
78370,6
33178,6
13690,6
70907,6
31713,6
81674,6
27968,6
33167,6
31717,6
65420,6
29003,6
85607,6
85606,6
27987,6
27997,6
69782,6
74000,6
33115,6
18673,6
31929,6
69820,6
80739,6
18630,6
81638,6
33080,6
28070,6
13800,6
15014,6
28081,6
25431,6
65510,6
70759,6
85508,6
15012,6
85507,6
28085,6
77820,6
84252,6
13807,6
28092,6
15003,6
70739,6
70738,6
65514,6
65515,6
13810,6
13795,6
21311,6
65465,6
84241,6
30177,6
81654,6
81652,6
28047,6
85562,6
70800,6
65467,6
70798,6
31765,6
28048,6
70795,6
84232,6
85553,6
15019,6
33107,6
13754,6
18643,6
21452,6
74004,6
85529,6
33084,6
81642,6
25435,6
65503,6
80734,6
27951,6
70923,6
85629,6
27834,6
15144,6
13575,6
18772,6
33285,6
65277,6
27847,6
84131,6
27854,6
69722,6
31612,6
24936,6
13586,6
29072,6
33274,6
31615,6
27875,6
85712,6
18767,6
85708,6
70995,6
13595,6
85706,6
27885,6
80597,6
18762,6
29074,6
85744,6
31692,6
65252,6
18809,6
18808,6
33334,6
31588,6
80547,6
18803,6
18796,6
18795,6
21060,6
15155,6
13547,6
73991,6
85762,6
13548,6
71047,6
31597,6
33327,6
27815,6
27818,6
33326,6
29077,6
74207,6
69715,6
17618,6
18777,6
33263,6
85698,6
85697,6
27889,6
18728,6
65331,6
65332,6
84157,6
13643,6
67069,6
67065,6
15098,6
65350,6
33232,6
13654,6
27933,6
77806,6
69755,6
65362,6
17639,6
70935,6
20941,6
84175,6
77807,6
33215,6
25112,6
69757,6
65372,6
67045,6
13638,6
33251,6
31652,6
27900,6
81710,6
31627,6
27892,6
77989,6
17626,6
15127,6
27898,6
67089,6
21304,6
18744,6
31646,6
18741,6
27912,6
13611,6
65316,6
69740,6
13615,6
67075,6
15115,6
13618,6
65319,6
65323,6
33257,6
18735,6
17708,6
81632,6
13814,6
70607,6
73614,6
78344,6
13967,6
13974,6
70587,6
32870,6
18496,6
85310,6
13983,6
18493,6
66843,6
66836,6
85302,6
77847,6
65739,6
18492,6
85298,6
65740,6
85296,6
14907,6
78279,6
85293,6
65744,6
70571,6
81540,6
84341,6
80883,6
65694,6
13952,6
18531,6
28220,6
80858,6
74170,6
28226,6
66873,6
32895,6
32894,6
80865,6
25093,6
81564,6
18518,6
73686,6
17782,6
65707,6
85338,6
32888,6
32886,6
18517,6
74165,6
84335,6
31880,6
69900,6
28246,6
13945,6
13994,6
25088,6
21430,6
69910,6
32790,6
66801,6
70514,6
14037,6
80952,6
85241,6
74037,6
17816,6
14042,6
14847,6
66790,6
28351,6
73632,6
84395,6
65822,6
80965,6
32778,6
65835,6
18456,6
65839,6
18440,6
14835,6
84403,6
14833,6
32771,6
66806,6
69932,6
14025,6
65785,6
21040,6
80919,6
21324,6
14886,6
24979,6
32831,6
80930,6
69919,6
31892,6
14009,6
14877,6
69923,6
66813,6
66817,6
85266,6
28855,6
85259,6
70542,6
70541,6
28326,6
85256,6
18467,6
70530,6
70529,6
70627,6
25363,6
80766,6
28946,6
77825,6
85464,6
85463,6
33032,6
28130,6
85457,6
77969,6
13850,6
25426,6
28142,6
81606,6
33020,6
70702,6
80798,6
28143,6
70698,6
25425,6
18582,6
28159,6
81601,6
70685,6
85437,6
18574,6
28169,6
13866,6
65557,6
14993,6
85351,6
14994,6
21450,6
28111,6
13820,6
81629,6
33067,6
69828,6
69830,6
13826,6
85480,6
74014,6
70726,6
14995,6
70725,6
28113,6
80776,6
74184,6
13838,6
18600,6
80778,6
69842,6
74015,6
31808,6
65556,6
80781,6
28118,6
32991,6
31830,6
81597,6
80814,6
85390,6
80834,6
85386,6
66890,6
13901,6
70649,6
70636,6
21318,6
70635,6
24957,6
28211,6
31856,6
65673,6
85370,6
17766,6
66880,6
84318,6
85363,6
13912,6
28894,6
17769,6
65691,6
14938,6
31866,6
13915,6
32957,6
13899,6
84308,6
31836,6
28926,6
14970,6
13873,6
24955,6
65614,6
74175,6
80819,6
28186,6
14962,6
73605,6
77831,6
65623,6
13896,6
70661,6
65625,6
18560,6
69874,6
66900,6
18557,6
14951,6
85401,6
32966,6
32964,6
17763,6
79723,6
12809,6
11664,6
63013,6
63017,6
26251,6
26254,6
79087,6
63021,6
63023,6
72696,6
87735,6
30541,6
16142,6
26256,6
79093,6
16827,6
20158,6
78536,6
20156,6
26258,6
29855,6
79102,6
30545,6
83131,6
87726,6
26263,6
11593,6
72700,6
15979,6
16145,6
62964,6
62965,6
25615,6
72720,6
87782,6
83106,6
73369,6
16816,6
72714,6
21681,6
68264,6
11557,6
77590,6
79076,6
30524,6
35598,6
62997,6
83113,6
83115,6
26245,6
35583,6
83117,6
30537,6
87723,6
11612,6
78107,6
26265,6
16100,6
25199,6
72653,6
11655,6
82447,6
72647,6
26290,6
63082,6
20134,6
68196,6
68946,6
83168,6
79141,6
68193,6
35502,6
63088,6
73377,6
82442,6
20130,6
68950,6
72630,6
35487,6
83178,6
63078,6
20141,6
77600,6
30571,6
63042,6
87711,6
68226,6
16834,6
87709,6
87708,6
87704,6
72666,6
63047,6
78105,6
16108,6
63074,6
87697,6
20146,6
72660,6
82450,6
35530,6
78103,6
35528,6
26289,6
35515,6
78102,6
26234,6
35613,6
73771,6
20235,6
68325,6
62863,6
78115,6
83046,6
74506,6
72794,6
30479,6
29913,6
26166,6
62878,6
35691,6
68313,6
16212,6
82524,6
29911,6
87855,6
20248,6
21134,6
16201,6
79011,6
68305,6
11499,6
83065,6
83040,6
74508,6
82533,6
29928,6
62830,6
72821,6
62831,6
11411,6
29929,6
83033,6
11421,6
11423,6
20280,6
20277,6
87902,6
20266,6
35736,6
35729,6
25215,6
35724,6
72810,6
20751,6
82536,6
11443,6
11446,6
11448,6
68875,6
68301,6
87792,6
26179,6
83090,6
62937,6
29896,6
29894,6
35633,6
72748,6
87813,6
16804,6
79047,6
83097,6
29880,6
26217,6
20191,6
62949,6
35619,6
77586,6
26219,6
83101,6
83102,6
87801,6
68269,6
11536,6
62957,6
11521,6
16175,6
79030,6
62908,6
87845,6
20225,6
26181,6
68298,6
83072,6
82512,6
11504,6
11505,6
20224,6
16189,6
72767,6
16792,6
26186,6
16786,6
35658,6
11511,6
72765,6
26194,6
26196,6
62923,6
83085,6
68898,6
20765,6
87652,6
16069,6
72473,6
35305,6
20024,6
35302,6
20023,6
87451,6
16901,6
35295,6
20022,6
11897,6
82377,6
30646,6
21117,6
69035,6
26459,6
87435,6
63312,6
63314,6
30647,6
72480,6
72479,6
72477,6
79276,6
63323,6
11893,6
21119,6
26453,6
63269,6
35340,6
26437,6
87491,6
20048,6
30627,6
72505,6
83240,6
72502,6
79249,6
11873,6
11877,6
72494,6
35316,6
25194,6
72499,6
26445,6
79253,6
83244,6
87468,6
11887,6
16897,6
20026,6
87420,6
63347,6
79236,6
11927,6
35213,6
11954,6
35210,6
79299,6
35205,6
87376,6
63387,6
25303,6
19983,6
15994,6
11961,6
26501,6
11962,6
69056,6
63390,6
26505,6
73892,6
15988,6
82355,6
72436,6
26506,6
68083,6
30674,6
83267,6
16932,6
79295,6
79284,6
79281,6
26471,6
87410,6
11934,6
21631,6
24711,6
16005,6
63358,6
87403,6
87402,6
63360,6
29722,6
11936,6
26474,6
11938,6
87395,6
79290,6
72459,6
11944,6
63366,6
63370,6
63374,6
72514,6
11854,6
87649,6
79204,6
21651,6
35457,6
83200,6
79178,6
72599,6
82423,6
87605,6
73883,6
87604,6
11736,6
26348,6
20092,6
24682,6
87589,6
72564,6
16872,6
26383,6
24683,6
29785,6
79201,6
35435,6
21222,6
63164,6
29815,6
68179,6
11727,6
79162,6
87648,6
11685,6
29838,6
82437,6
11693,6
73882,6
73768,6
25299,6
83188,6
26323,6
74474,6
72603,6
68969,6
63126,6
16054,6
87620,6
73381,6
20114,6
68970,6
11724,6
11726,6
72605,6
30608,6
63169,6
25595,6
20081,6
63201,6
82403,6
63206,6
35387,6
26413,6
35386,6
30620,6
63211,6
63212,6
87532,6
68134,6
35378,6
74446,6
63232,6
16021,6
68130,6
87512,6
83237,6
24700,6
68126,6
72519,6
11847,6
11848,6
20070,6
24690,6
72545,6
68997,6
11776,6
30609,6
35429,6
26388,6
63172,6
26394,6
87570,6
30611,6
68995,6
72550,6
35420,6
79215,6
29777,6
77613,6
79213,6
63186,6
87552,6
11803,6
68148,6
29766,6
11804,6
35402,6
35746,6
29930,6
73785,6
62400,6
73313,6
62373,6
62374,6
82835,6
62377,6
88271,6
68538,6
25827,6
73144,6
11101,6
11103,6
88266,6
78728,6
25662,6
11104,6
68695,6
68534,6
73825,6
82844,6
30273,6
36232,6
11109,6
62396,6
62369,6
62367,6
36270,6
30114,6
25795,6
82808,6
62336,6
68562,6
11081,6
62339,6
68557,6
78706,6
16478,6
78711,6
16474,6
30101,6
25804,6
68548,6
36276,6
73167,6
30244,6
73162,6
78145,6
11091,6
36272,6
88280,6
20558,6
11114,6
16595,6
16449,6
16629,6
30067,6
78770,6
11141,6
30286,6
20500,6
11146,6
62431,6
24579,6
73806,6
16634,6
36179,6
30292,6
88205,6
78775,6
16411,6
24581,6
30065,6
73068,6
62443,6
68724,6
78142,6
62444,6
88221,6
68712,6
68502,6
30075,6
68520,6
25846,6
78741,6
88249,6
25848,6
24569,6
16441,6
73120,6
30083,6
82681,6
36208,6
68711,6
78575,6
68514,6
21741,6
68710,6
11128,6
88227,6
11130,6
82671,6
16627,6
25872,6
21747,6
82807,6
20489,6
78652,6
73256,6
36385,6
10992,6
82777,6
25265,6
25719,6
88380,6
73243,6
11007,6
25725,6
16574,6
73815,6
11008,6
78644,6
78589,6
62243,6
78646,6
73236,6
11019,6
88366,6
82730,6
16577,6
74584,6
10987,6
10986,6
24546,6
78612,6
73292,6
36400,6
82758,6
78606,6
20702,6
20698,6
16558,6
30180,6
30162,6
62209,6
24543,6
25709,6
73286,6
10969,6
36389,6
73283,6
78616,6
20715,6
25690,6
25697,6
16563,6
25706,6
62257,6
20643,6
68668,6
68648,6
30142,6
21749,6
68577,6
20611,6
68576,6
20607,6
25780,6
16494,6
62301,6
36331,6
68661,6
11064,6
16588,6
36311,6
36309,6
62318,6
25785,6
74569,6
88305,6
36299,6
30127,6
25791,6
20587,6
62296,6
11057,6
62293,6
25753,6
30201,6
73219,6
30202,6
88352,6
30209,6
62268,6
25752,6
88345,6
30210,6
73212,6
78670,6
73199,6
73308,6
25757,6
30144,6
11050,6
82791,6
20622,6
16508,6
20614,6
74574,6
73202,6
16641,6
88195,6
11408,6
26072,6
62708,6
88012,6
16315,6
25634,6
73848,6
68375,6
21154,6
68784,6
16304,6
11329,6
35839,6
78913,6
62725,6
78921,6
26048,6
78923,6
26050,6
78926,6
21711,6
26063,6
68788,6
16288,6
20335,6
26024,6
30408,6
72943,6
78894,6
62660,6
16330,6
68773,6
62676,6
11290,6
30001,6
35885,6
88039,6
62678,6
62682,6
88036,6
72950,6
62685,6
62687,6
16702,6
72954,6
11304,6
16319,6
20377,6
88027,6
16316,6
20375,6
35829,6
26074,6
30374,6
82573,6
87955,6
62775,6
26099,6
30433,6
35791,6
35781,6
62792,6
26104,6
20299,6
87936,6
29955,6
24633,6
72860,6
78968,6
83016,6
62816,6
72842,6
16264,6
68339,6
68835,6
29944,6
62819,6
35750,6
29981,6
68796,6
87958,6
35810,6
68364,6
26076,6
77567,6
29987,6
26084,6
11357,6
62755,6
72881,6
78944,6
78946,6
78554,6
68362,6
11361,6
11362,6
62762,6
11366,6
26095,6
20315,6
87965,6
29984,6
35802,6
11369,6
25638,6
77560,6
82652,6
30028,6
73037,6
16655,6
21730,6
68464,6
62523,6
25277,6
74538,6
16387,6
16384,6
78817,6
73030,6
88139,6
21162,6
78822,6
88137,6
30336,6
11201,6
78825,6
11208,6
30338,6
62542,6
30035,6
82625,6
30325,6
82901,6
36098,6
82887,6
30055,6
78789,6
16403,6
62452,6
82885,6
36163,6
88187,6
62459,6
73058,6
62460,6
11165,6
68735,6
11166,6
11167,6
73052,6
20740,6
73049,6
78804,6
82892,6
16644,6
36112,6
25920,6
36066,6
30341,6
68416,6
36058,6
36006,6
68441,6
21719,6
78858,6
88089,6
68437,6
68758,6
36002,6
35965,6
77556,6
88074,6
88073,6
82939,6
30017,6
35924,6
30006,6
82946,6
11261,6
35913,6
11262,6
30372,6
72962,6
24615,6
62586,6
82929,6
20413,6
16375,6
88113,6
73336,6
25643,6
25942,6
78836,6
73007,6
36041,6
36037,6
88106,6
16376,6
62569,6
62582,6
68446,6
25280,6
21181,6
88101,6
82928,6
25955,6
11242,6
72989,6
36010,6
72985,6
25192,6
70159,6
83285,6
15879,6
82244,6
73912,6
29606,6
29604,6
63733,6
15836,6
25555,6
34912,6
79514,6
83418,6
79516,6
34911,6
12220,6
79517,6
15832,6
30821,6
79522,6
21236,6
34896,6
21597,6
79506,6
87102,6
63684,6
67961,6
83397,6
74390,6
87133,6
25178,6
17060,6
63681,6
12162,6
73428,6
21598,6
26686,6
87121,6
63700,6
19824,6
63709,6
24758,6
83407,6
19821,6
12233,6
12239,6
63753,6
15805,6
19799,6
26737,6
34843,6
17076,6
34830,6
63814,6
26754,6
17080,6
83450,6
87049,6
21103,6
15803,6
67878,6
74372,6
19788,6
30870,6
30871,6
25170,6
12278,6
63803,6
73915,6
74375,6
19805,6
69169,6
87072,6
83431,6
74380,6
12250,6
73917,6
12253,6
79533,6
69175,6
12259,6
83438,6
34862,6
17071,6
83444,6
34856,6
26725,6
25554,6
79491,6
34958,6
72167,6
30781,6
72320,6
30754,6
82286,6
63581,6
29641,6
30756,6
69127,6
63587,6
19883,6
72311,6
77650,6
19875,6
83365,6
63600,6
69133,6
17017,6
25558,6
63608,6
24736,6
29647,6
79420,6
63567,6
82293,6
35056,6
69109,6
67991,6
12086,6
35053,6
26611,6
73755,6
17002,6
83354,6
12101,6
72327,6
87226,6
82291,6
83356,6
12096,6
35050,6
74411,6
72324,6
79443,6
79444,6
69134,6
69150,6
17050,6
15897,6
34973,6
15896,6
67978,6
26661,6
72261,6
26665,6
63663,6
19852,6
26673,6
26675,6
15892,6
30768,6
19832,6
73904,6
15889,6
26680,6
63651,6
87166,6
25184,6
87183,6
17020,6
34999,6
69137,6
79453,6
79454,6
34997,6
69138,6
79455,6
63624,6
17034,6
25557,6
72287,6
34983,6
79462,6
29623,6
30765,6
12134,6
79467,6
72174,6
25543,6
12082,6
72026,6
83528,6
86916,6
72002,6
12440,6
19651,6
86912,6
21252,6
15745,6
63953,6
86909,6
86907,6
86905,6
34664,6
34658,6
82158,6
78217,6
63967,6
63972,6
29529,6
29542,6
30970,6
19657,6
34685,6
17152,6
69239,6
30967,6
63926,6
86936,6
72019,6
24786,6
72016,6
19660,6
24791,6
25309,6
12418,6
21575,6
26948,6
34669,6
19658,6
12430,6
72012,6
15743,6
67762,6
69262,6
15712,6
29519,6
21568,6
17193,6
34628,6
12481,6
12484,6
69278,6
15717,6
86854,6
69275,6
12499,6
12500,6
34611,6
79718,6
67733,6
31022,6
34598,6
64029,6
24808,6
12473,6
25530,6
83556,6
82148,6
24794,6
69268,6
29523,6
67754,6
26966,6
19639,6
29522,6
71980,6
34632,6
69273,6
26975,6
63989,6
12467,6
86878,6
86877,6
26977,6
34633,6
26945,6
69229,6
63828,6
34706,6
72108,6
69203,6
63858,6
72105,6
26828,6
30902,6
19742,6
12340,6
63863,6
83482,6
30908,6
17119,6
63868,6
63870,6
72095,6
19733,6
86990,6
72089,6
69206,6
72109,6
26818,6
24774,6
67867,6
19774,6
79566,6
30875,6
12299,6
34802,6
29589,6
72150,6
12301,6
63843,6
12317,6
17102,6
63844,6
21585,6
79578,6
30876,6
78211,6
12314,6
17108,6
30926,6
19727,6
29570,6
26929,6
79640,6
12382,6
17130,6
30941,6
72043,6
79645,6
67800,6
83504,6
82180,6
79636,6
63913,6
82178,6
34711,6
21250,6
83511,6
86949,6
15756,6
86946,6
63896,6
63894,6
20816,6
34752,6
12359,6
17123,6
26863,6
78483,6
72078,6
72077,6
79620,6
19717,6
72072,6
26897,6
30929,6
29558,6
72061,6
79630,6
19706,6
34740,6
79632,6
86973,6
67999,6
34898,6
63452,6
63447,6
19954,6
35086,6
16961,6
72343,6
79369,6
63518,6
15928,6
30743,6
30696,6
16963,6
87257,6
35145,6
26519,6
35109,6
82323,6
73759,6
87358,6
12044,6
87300,6
35100,6
68075,6
35131,6
72425,6
82350,6
72379,6
72382,6
63487,6
63545,6
35169,6
15955,6
69102,6
25575,6
87264,6
12008,6
26588,6
79373,6
30722,6
72364,6
79341,6
12051,6
68006,6
87339,6
83343,6
79336,6
15941,6
15926,6
16969,6
26538,6
79338,6
79356,6
12078,6
69095,6
12065,6
63424,6
72350,6
21229,6
35087,6
26528,6
83306,6
35103,6
19969,6
35101,6
16951,6
77637,6
12062,6
68065,6
35133,6
79379,6
82340,6
83338,6
72417,6
72426,6
87289,6
26554,6
26568,6
87285,6
63459,6
79364,6
25584,6
63523,6
15914,6
78077,6
44237,5
3743,5
30041,5
54256,5
30054,5
3135,5
17498,5
53859,5
43769,5
23591,5
4419,5
30042,5
30044,5
82195,5
29694,5
16651,5
45215,5
69991,5
4405,5
81455,5
69217,5
29731,5
82649,5
43782,5
29429,5
70002,5
30048,5
54251,5
53861,5
69998,5
4402,5
82642,5
82647,5
29437,5
3136,5
73805,5
3141,5
95578,5
3474,5
4406,5
28783,5
4410,5
43786,5
29247,5
45228,5
17128,5
52665,5
95804,5
69036,5
44430,5
23592,5
44880,5
75562,5
3112,5
69335,5
95926,5
44424,5
54286,5
53793,5
53457,5
95227,5
69343,5
28758,5
44551,5
29562,5
29243,5
43731,5
23594,5
54307,5
25276,5
69227,5
54305,5
53794,5
44167,5
68709,5
16615,5
95216,5
82676,5
21114,5
28754,5
23593,5
45239,5
82182,5
82665,5
81434,5
28778,5
81820,5
4091,5
82071,5
96228,5
29557,5
69347,5
43761,5
52687,5
53855,5
82651,5
3871,5
3748,5
29446,5
29559,5
28771,5
17277,5
4426,5
69224,5
69225,5
82372,5
81435,5
45238,5
78226,5
22738,5
3121,5
17897,5
3476,5
45237,5
29451,5
52683,5
43751,5
28765,5
17873,5
53232,5
52708,5
82612,5
95772,5
29573,5
45184,5
30022,5
29406,5
4344,5
29405,5
44154,5
17825,5
43811,5
45181,5
45179,5
81881,5
96576,5
82610,5
17822,5
4348,5
3710,5
29574,5
4354,5
68752,5
3715,5
69389,5
28817,5
75771,5
3713,5
29572,5
95967,5
44155,5
69201,5
82040,5
53616,5
69947,5
52739,5
4107,5
54202,5
53620,5
4341,5
69370,5
43834,5
82598,5
44888,5
21085,5
44615,5
43831,5
95311,5
45167,5
69623,5
82031,5
17103,5
69405,5
96565,5
54169,5
43841,5
44253,5
3703,5
16687,5
45174,5
43821,5
68759,5
73750,5
43822,5
43823,5
3173,5
69396,5
3708,5
3705,5
16674,5
21157,5
82033,5
52758,5
3468,5
23693,5
3704,5
52759,5
82602,5
45197,5
82618,5
69388,5
3729,5
53606,5
29426,5
53607,5
29176,5
28792,5
52720,5
17493,5
17861,5
4380,5
23588,5
95572,5
81482,5
96234,5
17860,5
69618,5
30034,5
69982,5
3891,5
76562,5
43795,5
44238,5
54237,5
44412,5
76711,5
52709,5
43794,5
53080,5
3881,5
43797,5
17871,5
4384,5
53605,5
28790,5
3734,5
29693,5
53436,5
17856,5
96609,5
17855,5
4364,5
73715,5
82330,5
53868,5
4370,5
3156,5
23566,5
96598,5
54214,5
17853,5
81498,5
29416,5
96596,5
73674,5
82620,5
3159,5
44407,5
29419,5
44886,5
17117,5
69974,5
81874,5
78287,5
29691,5
96605,5
68745,5
53609,5
17490,5
82331,5
43802,5
82622,5
54216,5
68748,5
29420,5
53419,5
53414,5
53079,5
16607,5
95207,5
53494,5
95600,5
16578,5
16945,5
68646,5
23608,5
28676,5
53831,5
81831,5
44518,5
3519,5
81363,5
23485,5
45337,5
29502,5
3523,5
95154,5
3503,5
45349,5
70103,5
54366,5
81835,5
22803,5
53536,5
52550,5
54370,5
82123,5
44180,5
81856,5
3832,5
4510,5
82349,5
73812,5
29197,5
96764,5
95875,5
52553,5
53810,5
81829,5
44490,5
68650,5
16929,5
69258,5
17219,5
17962,5
44526,5
96740,5
29699,5
22692,5
16584,5
29498,5
25270,5
44207,5
70077,5
44823,5
96737,5
68659,5
45325,5
44523,5
3840,5
81367,5
43704,5
81368,5
54362,5
44859,5
75554,5
70087,5
78219,5
3049,5
96749,5
96745,5
52575,5
29526,5
96747,5
75716,5
29528,5
95160,5
70086,5
96770,5
96771,5
3506,5
23633,5
95123,5
53134,5
82747,5
45382,5
70144,5
29709,5
4069,5
96182,5
82138,5
43681,5
4062,5
3508,5
96189,5
69283,5
82132,5
3814,5
52519,5
95857,5
3512,5
69578,5
44502,5
18022,5
4541,5
30164,5
52505,5
75799,5
95121,5
70152,5
45387,5
82749,5
18019,5
45395,5
28637,5
45391,5
29517,5
75793,5
29505,5
28645,5
45361,5
53826,5
22664,5
4518,5
96192,5
45364,5
75672,5
52544,5
54372,5
16572,5
3514,5
3806,5
73709,5
53514,5
4060,5
81850,5
96774,5
45362,5
25263,5
16567,5
4532,5
52536,5
43687,5
54389,5
96785,5
95854,5
82128,5
75553,5
69295,5
45366,5
54380,5
17194,5
23558,5
43688,5
96781,5
76725,5
30161,5
28648,5
28707,5
96733,5
95206,5
17526,5
53103,5
96218,5
70036,5
44867,5
17925,5
96692,5
28741,5
44869,5
53838,5
95816,5
22791,5
54324,5
53839,5
82170,5
69234,5
70033,5
95813,5
28740,5
44534,5
53159,5
30094,5
82092,5
3090,5
75779,5
95188,5
54330,5
3765,5
44221,5
44865,5
30092,5
43717,5
70042,5
73708,5
4465,5
17257,5
28738,5
21030,5
81415,5
43719,5
53478,5
17916,5
30087,5
3483,5
28746,5
43723,5
4461,5
45263,5
45259,5
69330,5
25275,5
43725,5
96672,5
52658,5
95808,5
53470,5
3527,5
43729,5
82596,5
81860,5
21098,5
21101,5
96687,5
28744,5
44871,5
44814,5
16920,5
82176,5
68697,5
52641,5
29726,5
3099,5
28745,5
96681,5
96680,5
17528,5
45265,5
22706,5
44532,5
78225,5
78202,5
30126,5
73744,5
96724,5
82709,5
69047,5
17156,5
75785,5
4487,5
95894,5
28720,5
17946,5
82363,5
29723,5
3500,5
45303,5
3847,5
96718,5
82109,5
28712,5
45302,5
3501,5
17222,5
3843,5
30131,5
45323,5
53493,5
53492,5
96730,5
3784,5
95595,5
95829,5
54350,5
82160,5
69072,5
29242,5
17954,5
28710,5
17236,5
69248,5
30102,5
53109,5
44530,5
68676,5
4475,5
23490,5
3776,5
29480,5
81400,5
68680,5
81398,5
95184,5
53157,5
28734,5
3526,5
81402,5
3080,5
30104,5
53110,5
53800,5
81391,5
4481,5
3780,5
81392,5
75784,5
53116,5
95822,5
76639,5
68672,5
17935,5
4479,5
44463,5
96168,5
54336,5
81397,5
54335,5
29186,5
78198,5
3179,5
16704,5
53771,5
96391,5
29863,5
3327,5
81676,5
53989,5
44336,5
29856,5
17413,5
69660,5
68923,5
17643,5
81948,5
4214,5
96389,5
69473,5
17416,5
69142,5
95701,5
82476,5
95541,5
44759,5
53032,5
81666,5
17662,5
16810,5
81668,5
17661,5
17049,5
29333,5
53890,5
29007,5
29010,5
23577,5
53995,5
81951,5
82262,5
53267,5
82267,5
17641,5
4220,5
21055,5
29041,5
17631,5
17026,5
76580,5
44728,5
69139,5
69666,5
44734,5
44320,5
73721,5
45007,5
16829,5
95465,5
82467,5
29664,5
75734,5
96379,5
78260,5
3428,5
44145,5
68930,5
53706,5
17420,5
82471,5
95460,5
53029,5
52934,5
53711,5
81693,5
3335,5
53712,5
4212,5
44925,5
44036,5
3593,5
29030,5
44016,5
53273,5
73717,5
82497,5
3312,5
69463,5
17460,5
3570,5
69151,5
29898,5
29680,5
3575,5
17692,5
95545,5
44912,5
52902,5
28991,5
16793,5
53214,5
69523,5
69794,5
78265,5
96421,5
22730,5
81969,5
29343,5
43998,5
96277,5
28968,5
82251,5
68887,5
82504,5
68894,5
52891,5
52897,5
95425,5
52898,5
73774,5
28976,5
95427,5
3635,5
69655,5
69659,5
28998,5
17681,5
29878,5
52911,5
4222,5
45042,5
69148,5
69786,5
29119,5
29668,5
81662,5
95706,5
25331,5
69519,5
4132,5
81904,5
96406,5
95443,5
3581,5
17402,5
44014,5
53283,5
17055,5
23666,5
16799,5
17403,5
17054,5
52907,5
3438,5
17560,5
17558,5
3317,5
96416,5
4224,5
52908,5
68914,5
28992,5
3347,5
69744,5
17535,5
95500,5
95497,5
53531,5
3607,5
44959,5
4015,5
53734,5
82440,5
17607,5
95495,5
68952,5
96330,5
81735,5
29085,5
69499,5
53931,5
53908,5
16861,5
69692,5
53236,5
44131,5
69129,5
53900,5
68944,5
44069,5
68990,5
4000,5
17452,5
29312,5
68947,5
82287,5
29311,5
68982,5
29082,5
29102,5
53942,5
44937,5
17583,5
17602,5
3383,5
17446,5
16995,5
69696,5
53922,5
69707,5
95515,5
75616,5
44107,5
29294,5
52997,5
96318,5
82300,5
53005,5
16856,5
81748,5
29660,5
96314,5
73719,5
95512,5
52990,5
95507,5
52995,5
69695,5
29809,5
95503,5
82305,5
95505,5
17010,5
82425,5
17590,5
44939,5
81919,5
4011,5
4154,5
29827,5
4161,5
96323,5
44974,5
17615,5
29786,5
73703,5
75739,5
68937,5
22648,5
81711,5
45001,5
96084,5
69674,5
82456,5
44047,5
16840,5
82417,5
69680,5
45000,5
53964,5
52959,5
29068,5
44929,5
16990,5
95482,5
17427,5
73702,5
81908,5
23663,5
29324,5
52946,5
69135,5
95469,5
96081,5
81705,5
82274,5
44737,5
44041,5
82464,5
73769,5
44738,5
16832,5
29844,5
96358,5
75738,5
96089,5
75650,5
52966,5
3618,5
52969,5
81721,5
44981,5
29073,5
17619,5
44066,5
53017,5
53724,5
3420,5
69717,5
29632,5
96342,5
4143,5
69721,5
16991,5
44139,5
16870,5
81936,5
53019,5
16843,5
4137,5
44060,5
69724,5
81935,5
96355,5
81719,5
69490,5
44310,5
4142,5
68943,5
16847,5
3362,5
29631,5
52886,5
73763,5
82508,5
96004,5
44898,5
3544,5
81555,5
69534,5
16721,5
82232,5
69170,5
29378,5
29600,5
96521,5
44639,5
95743,5
96518,5
81563,5
44640,5
3447,5
81554,5
3924,5
45130,5
96529,5
17331,5
54143,5
44396,5
29988,5
29142,5
52795,5
78209,5
54138,5
44896,5
45133,5
3206,5
4028,5
16966,5
81549,5
44391,5
17784,5
17541,5
22687,5
3199,5
28905,5
95356,5
28898,5
76696,5
29757,5
81573,5
95358,5
68816,5
96503,5
4115,5
68821,5
75726,5
73789,5
82557,5
96015,5
52818,5
95364,5
68806,5
53195,5
44899,5
29269,5
44380,5
52807,5
52808,5
95348,5
3548,5
82006,5
16887,5
29756,5
53651,5
23671,5
53650,5
3214,5
3216,5
29979,5
76697,5
4290,5
45135,5
29989,5
43979,5
23685,5
29152,5
95638,5
73761,5
44794,5
53068,5
3455,5
43846,5
28845,5
68778,5
69928,5
82389,5
3910,5
3454,5
17087,5
82585,5
3187,5
29656,5
78250,5
81531,5
44619,5
45161,5
22750,5
23686,5
69537,5
4109,5
82028,5
30002,5
53625,5
22716,5
45158,5
29165,5
29590,5
29591,5
53385,5
45156,5
16697,5
16962,5
52775,5
96533,5
3694,5
52784,5
96540,5
81542,5
45141,5
29268,5
82226,5
81805,5
17330,5
4315,5
69907,5
4307,5
95998,5
17801,5
53368,5
45138,5
21041,5
54149,5
54150,5
96551,5
68785,5
69181,5
3914,5
30000,5
29388,5
17810,5
96548,5
53066,5
95331,5
16713,5
73681,5
21152,5
96545,5
68787,5
82396,5
44634,5
29387,5
76693,5
29953,5
28908,5
44363,5
52854,5
43953,5
28955,5
82527,5
4262,5
3960,5
28960,5
52859,5
96463,5
68868,5
17716,5
69453,5
29912,5
75728,5
96037,5
75655,5
53675,5
53672,5
45075,5
21104,5
45100,5
4265,5
23616,5
43947,5
54064,5
21079,5
21072,5
69524,5
69838,5
96467,5
82532,5
28952,5
29620,5
16767,5
76648,5
43952,5
69827,5
73693,5
29949,5
29345,5
54041,5
75619,5
23642,5
96441,5
16778,5
3439,5
16980,5
3291,5
52879,5
53302,5
68881,5
81970,5
44688,5
96276,5
21048,5
16783,5
3290,5
28965,5
3962,5
4255,5
45074,5
29120,5
95551,5
82249,5
68874,5
45071,5
96447,5
53681,5
17375,5
44356,5
3285,5
81786,5
81975,5
81634,5
82517,5
53212,5
76686,5
44666,5
73752,5
44656,5
53198,5
29708,5
3236,5
45123,5
95377,5
17473,5
44373,5
45122,5
21144,5
17357,5
54087,5
3554,5
28921,5
17749,5
81592,5
81889,5
3235,5
3443,5
21047,5
82401,5
53656,5
29763,5
29373,5
82552,5
95369,5
69168,5
69886,5
3945,5
3675,5
53197,5
73689,5
69878,5
95372,5
17759,5
69432,5
68838,5
4121,5
73707,5
16754,5
73725,5
69855,5
69083,5
25359,5
53766,5
25305,5
75688,5
54072,5
69162,5
28932,5
23667,5
81608,5
44663,5
43942,5
69847,5
17732,5
16765,5
29126,5
96477,5
95387,5
75623,5
52830,5
52831,5
73784,5
54081,5
54079,5
3246,5
81599,5
76646,5
82320,5
43931,5
3671,5
3247,5
81600,5
68859,5
69530,5
44501,5
2313,5
45400,5
98906,5
26678,5
47744,5
78498,5
79474,5
73425,5
79472,5
72272,5
50056,5
47752,5
26659,5
72275,5
47754,5
50051,5
72277,5
47755,5
19834,5
983,5
19830,5
79494,5
72241,5
1007,5
1006,5
79499,5
72245,5
999,5
98919,5
98928,5
79493,5
72249,5
50079,5
72250,5
50077,5
79488,5
72282,5
965,5
72284,5
73411,5
26624,5
79428,5
98991,5
98992,5
50000,5
47795,5
79426,5
50014,5
72318,5
72323,5
19889,5
47799,5
47800,5
72325,5
23239,5
26632,5
98960,5
26645,5
98961,5
50040,5
98964,5
19859,5
98967,5
98970,5
50034,5
72306,5
20808,5
98974,5
26640,5
47780,5
76071,5
19867,5
1015,5
47703,5
23062,5
26693,5
47618,5
50179,5
72187,5
47629,5
19790,5
76329,5
19791,5
1056,5
76054,5
26752,5
98851,5
50170,5
26728,5
47642,5
98857,5
72186,5
26762,5
1066,5
26799,5
79583,5
47591,5
26807,5
72131,5
72133,5
72135,5
72142,5
1068,5
98824,5
25542,5
72156,5
79568,5
50193,5
25551,5
98858,5
26724,5
50165,5
50119,5
1029,5
79515,5
23250,5
50122,5
98893,5
98894,5
79511,5
79520,5
50117,5
79509,5
79508,5
98901,5
98902,5
23249,5
26707,5
98882,5
50164,5
76327,5
47645,5
50160,5
1044,5
50154,5
50152,5
79532,5
78494,5
72225,5
72214,5
47651,5
72215,5
72216,5
26720,5
79525,5
49985,5
916,5
99009,5
47804,5
794,5
72446,5
49846,5
47947,5
26493,5
72455,5
99141,5
72462,5
26478,5
79287,5
99148,5
79283,5
76285,5
99152,5
49825,5
99132,5
72445,5
798,5
811,5
99109,5
79318,5
26510,5
23042,5
49869,5
26509,5
99117,5
72442,5
23219,5
72437,5
23048,5
47927,5
807,5
49854,5
49822,5
72472,5
26468,5
26443,5
48016,5
48017,5
48018,5
99196,5
76280,5
48037,5
48040,5
26451,5
72512,5
79239,5
79232,5
49748,5
23061,5
72521,5
49774,5
49782,5
47983,5
99172,5
99165,5
26462,5
49805,5
99168,5
20016,5
26456,5
72487,5
756,5
49798,5
49797,5
20020,5
99177,5
23059,5
48010,5
78516,5
76295,5
49881,5
72361,5
49959,5
72353,5
99036,5
26581,5
79393,5
25580,5
19922,5
26593,5
26580,5
99044,5
79383,5
72370,5
19926,5
47861,5
72347,5
19907,5
79374,5
23023,5
73409,5
26605,5
26604,5
26603,5
47813,5
26598,5
26597,5
23231,5
47820,5
47821,5
47822,5
26596,5
72342,5
79404,5
47862,5
19936,5
47908,5
19959,5
837,5
26535,5
79343,5
835,5
19958,5
49898,5
23225,5
842,5
19961,5
72419,5
19963,5
19966,5
99101,5
79324,5
839,5
25583,5
868,5
79361,5
72386,5
79366,5
99062,5
26558,5
862,5
47872,5
26542,5
72400,5
47875,5
49912,5
79355,5
72399,5
23034,5
19952,5
73449,5
26814,5
23265,5
79775,5
98530,5
98533,5
47218,5
98536,5
98537,5
47219,5
50552,5
23282,5
1369,5
47231,5
25517,5
50545,5
50544,5
50541,5
71852,5
50565,5
47214,5
76363,5
19499,5
47184,5
47188,5
47192,5
50591,5
71813,5
50585,5
19501,5
71828,5
98516,5
50576,5
76366,5
71826,5
50572,5
73486,5
27079,5
25519,5
79821,5
50501,5
98580,5
79790,5
27052,5
50510,5
47265,5
47272,5
47273,5
27058,5
47274,5
50497,5
47288,5
98595,5
25525,5
71908,5
27056,5
71885,5
19517,5
19530,5
79816,5
1359,5
47243,5
71868,5
27074,5
19529,5
22956,5
50516,5
19543,5
73480,5
27060,5
1343,5
1342,5
50517,5
50601,5
76010,5
19488,5
71751,5
71747,5
98434,5
19431,5
71750,5
47122,5
1447,5
19435,5
71746,5
1446,5
98444,5
20850,5
79911,5
19447,5
47128,5
1452,5
50677,5
27179,5
1467,5
78447,5
71702,5
71703,5
19409,5
47092,5
50698,5
1466,5
71745,5
71721,5
76375,5
27212,5
71728,5
27193,5
98428,5
98451,5
50659,5
20838,5
98492,5
27148,5
27142,5
27134,5
71804,5
27133,5
79863,5
19477,5
19474,5
98494,5
47171,5
27129,5
47176,5
98499,5
19486,5
71792,5
71789,5
47132,5
50642,5
50651,5
73497,5
79898,5
19455,5
98462,5
1430,5
79893,5
76005,5
71774,5
19465,5
27158,5
1422,5
71786,5
98478,5
71909,5
79774,5
47576,5
47306,5
47472,5
76340,5
1185,5
19671,5
50309,5
1183,5
19676,5
47486,5
1180,5
72030,5
47487,5
26937,5
72037,5
19688,5
73454,5
25537,5
47471,5
47462,5
72007,5
47422,5
50350,5
26962,5
25533,5
19655,5
47434,5
98711,5
47456,5
78479,5
79676,5
79675,5
72015,5
50323,5
47454,5
47496,5
50292,5
19699,5
1114,5
50236,5
19732,5
47554,5
47559,5
98794,5
50225,5
26840,5
26858,5
78485,5
1107,5
26822,5
98806,5
1099,5
72114,5
72088,5
47544,5
26904,5
26880,5
98754,5
79639,5
47514,5
26890,5
26887,5
26885,5
1143,5
1122,5
47527,5
50265,5
79613,5
98778,5
76043,5
23266,5
79685,5
19649,5
71998,5
1283,5
25529,5
20823,5
1289,5
98635,5
19602,5
73469,5
98640,5
27021,5
71956,5
19615,5
50431,5
19618,5
19622,5
50430,5
98629,5
71933,5
26984,5
27036,5
79772,5
1311,5
19580,5
19581,5
73474,5
19585,5
50469,5
20828,5
98615,5
1304,5
98619,5
71927,5
50460,5
71929,5
50429,5
47362,5
71996,5
50369,5
47404,5
47406,5
50373,5
19643,5
1225,5
47411,5
79693,5
73467,5
22985,5
1222,5
98694,5
50367,5
19644,5
26965,5
98682,5
71992,5
79721,5
98666,5
79719,5
71960,5
79716,5
71962,5
71963,5
76034,5
26983,5
1249,5
79712,5
47380,5
26976,5
47385,5
50395,5
26970,5
26421,5
26417,5
52493,5
73004,5
49192,5
99734,5
49190,5
73033,5
49188,5
245,5
99739,5
49185,5
49184,5
241,5
78815,5
48604,5
235,5
48611,5
25922,5
73029,5
49195,5
78824,5
255,5
48584,5
48588,5
49207,5
20428,5
99715,5
259,5
99718,5
73335,5
78829,5
73017,5
253,5
73021,5
23152,5
48595,5
76227,5
99750,5
20458,5
48641,5
48628,5
48629,5
99780,5
49150,5
76158,5
25891,5
49145,5
73324,5
20490,5
73072,5
73076,5
76216,5
197,5
76169,5
73060,5
78569,5
48615,5
219,5
231,5
78808,5
23150,5
73045,5
20464,5
23149,5
23101,5
49163,5
20470,5
215,5
78568,5
49165,5
20474,5
99771,5
25943,5
23153,5
20776,5
99702,5
49281,5
340,5
48505,5
76138,5
48513,5
48514,5
26002,5
20381,5
48520,5
99653,5
23168,5
99656,5
48532,5
99658,5
20383,5
26010,5
25637,5
26020,5
72922,5
49298,5
20349,5
368,5
23173,5
355,5
76136,5
78556,5
26028,5
49291,5
78909,5
354,5
26033,5
48500,5
49286,5
326,5
78884,5
48541,5
76233,5
49238,5
72981,5
78859,5
287,5
48560,5
285,5
72983,5
25977,5
282,5
25963,5
72996,5
78562,5
99700,5
25945,5
25972,5
20399,5
78882,5
25995,5
48545,5
49251,5
49250,5
25997,5
99669,5
25996,5
99672,5
25641,5
25991,5
20391,5
78875,5
76235,5
298,5
72970,5
73083,5
192,5
191,5
73085,5
99918,5
23124,5
78675,5
25664,5
67,5
48979,5
48819,5
76200,5
73213,5
60,5
99935,5
73218,5
73223,5
20638,5
58,5
99914,5
99913,5
75,5
48785,5
49020,5
99892,5
73177,5
73178,5
99896,5
20593,5
73187,5
99911,5
49007,5
83,5
73190,5
20599,5
73193,5
78682,5
73307,5
54,5
20719,5
48915,5
25703,5
78593,5
99977,5
20696,5
73287,5
78610,5
48912,5
25,5
11,5
8,5
48908,5
73290,5
99997,5
99998,5
25704,5
25667,5
20647,5
20664,5
25736,5
48830,5
48,5
78643,5
20653,5
45,5
48856,5
48858,5
78591,5
73255,5
48938,5
99965,5
78633,5
20670,5
25801,5
23127,5
48775,5
20547,5
20538,5
25860,5
73316,5
48681,5
164,5
162,5
99828,5
49103,5
49094,5
99831,5
76173,5
78743,5
49092,5
99836,5
173,5
73106,5
76210,5
49124,5
20501,5
189,5
49126,5
73317,5
99805,5
99806,5
99808,5
23134,5
48672,5
25862,5
73103,5
183,5
73105,5
48675,5
49090,5
25837,5
95,5
23128,5
49051,5
25813,5
78719,5
49042,5
23130,5
49040,5
48757,5
48750,5
73169,5
78713,5
48763,5
99881,5
73171,5
78708,5
20574,5
73155,5
25661,5
49068,5
146,5
48709,5
20560,5
73138,5
73142,5
48734,5
20565,5
121,5
49064,5
23133,5
99858,5
123,5
122,5
20727,5
72915,5
26062,5
78929,5
48315,5
618,5
26287,5
72657,5
49574,5
49573,5
20147,5
48233,5
99353,5
72661,5
49557,5
48240,5
598,5
20763,5
72671,5
79113,5
48218,5
20140,5
48211,5
49603,5
49622,5
26312,5
49616,5
49609,5
20131,5
72631,5
79142,5
72652,5
99327,5
26295,5
79138,5
49590,5
79131,5
628,5
49553,5
72674,5
26268,5
26246,5
23072,5
48294,5
20166,5
99400,5
563,5
562,5
48301,5
72694,5
99407,5
99408,5
72704,5
48302,5
72709,5
79077,5
20164,5
72693,5
99365,5
99373,5
20149,5
49541,5
72678,5
20152,5
586,5
581,5
580,5
72691,5
99376,5
49535,5
49529,5
79100,5
49523,5
23209,5
72627,5
72626,5
48172,5
48084,5
26386,5
99249,5
49707,5
99251,5
698,5
49706,5
49696,5
26397,5
20085,5
72566,5
26357,5
49693,5
49689,5
78527,5
48076,5
48071,5
99268,5
99227,5
99220,5
20060,5
48054,5
26414,5
26407,5
72544,5
99231,5
99239,5
20071,5
99233,5
48060,5
708,5
49730,5
72547,5
72583,5
79188,5
26314,5
26322,5
20123,5
658,5
49650,5
79161,5
79160,5
72619,5
48157,5
20120,5
99305,5
99306,5
79156,5
79155,5
48160,5
25604,5
48135,5
72613,5
79187,5
99279,5
23065,5
20099,5
48110,5
72587,5
26338,5
26337,5
672,5
668,5
48111,5
99282,5
25601,5
79174,5
48123,5
99288,5
79075,5
79074,5
72899,5
72711,5
49381,5
23182,5
434,5
432,5
48423,5
48424,5
99544,5
23178,5
26137,5
423,5
72831,5
78974,5
99551,5
76122,5
48439,5
72814,5
48409,5
447,5
20264,5
49406,5
72797,5
78997,5
48389,5
99519,5
72799,5
72801,5
72811,5
26155,5
48396,5
78990,5
25623,5
20271,5
48403,5
48444,5
49358,5
25625,5
99591,5
99582,5
49330,5
78957,5
49328,5
72871,5
20314,5
20324,5
48464,5
49309,5
72889,5
382,5
99603,5
26069,5
48485,5
48469,5
78960,5
48446,5
409,5
20291,5
48447,5
48452,5
73350,5
49345,5
76128,5
49342,5
99577,5
49340,5
26106,5
99571,5
76247,5
99573,5
406,5
26158,5
49410,5
48386,5
79031,5
20197,5
79039,5
522,5
26202,5
79033,5
79032,5
49453,5
535,5
26197,5
49450,5
514,5
48356,5
26187,5
512,5
79046,5
48329,5
99464,5
99429,5
72715,5
546,5
20181,5
26237,5
20182,5
99428,5
79056,5
73362,5
49477,5
99432,5
99433,5
99435,5
99437,5
48325,5
49445,5
99465,5
99510,5
23079,5
49420,5
476,5
20245,5
79008,5
99499,5
99500,5
72785,5
23184,5
48381,5
468,5
26170,5
48383,5
461,5
20254,5
99492,5
73357,5
20223,5
79020,5
99468,5
99469,5
99472,5
501,5
23192,5
99475,5
99478,5
49422,5
79019,5
491,5
99481,5
488,5
72776,5
49427,5
98407,5
47077,5
98403,5
97310,5
80907,5
80906,5
75891,5
2534,5
46035,5
80904,5
97343,5
18498,5
28261,5
46050,5
80886,5
80882,5
73611,5
28238,5
80874,5
97333,5
51922,5
2547,5
70568,5
28311,5
2564,5
18479,5
97317,5
97318,5
28293,5
97321,5
28284,5
18487,5
80914,5
51933,5
70576,5
70577,5
46007,5
22866,5
46060,5
97359,5
2477,5
46091,5
97388,5
2479,5
23389,5
51856,5
18540,5
97396,5
46089,5
70641,5
70651,5
70653,5
51839,5
51838,5
97405,5
97386,5
28217,5
80872,5
75892,5
28234,5
80869,5
51881,5
97365,5
70619,5
80866,5
18519,5
2481,5
28230,5
18523,5
51865,5
20969,5
80849,5
51862,5
2565,5
2567,5
50723,5
51947,5
97240,5
70474,5
97242,5
97243,5
75874,5
18410,5
18412,5
97247,5
80983,5
51989,5
75878,5
2618,5
97253,5
23406,5
2615,5
51996,5
51998,5
18405,5
2641,5
18382,5
45903,5
52019,5
70462,5
52016,5
18389,5
75867,5
18402,5
45906,5
18398,5
28369,5
28366,5
52007,5
2633,5
2611,5
2610,5
2609,5
97299,5
97287,5
80950,5
25406,5
45958,5
80944,5
2574,5
2573,5
70513,5
70545,5
51956,5
18473,5
2570,5
2568,5
45975,5
51965,5
73630,5
97262,5
80974,5
70483,5
2605,5
75887,5
2604,5
51979,5
28359,5
18436,5
18458,5
80972,5
2599,5
45942,5
45953,5
78331,5
51966,5
28194,5
2464,5
46104,5
97409,5
46245,5
70797,5
2319,5
2316,5
73591,5
18666,5
25438,5
2308,5
46254,5
28037,5
80707,5
76449,5
18675,5
70818,5
46261,5
70794,5
18651,5
75918,5
46218,5
97520,5
80741,5
80738,5
28069,5
2351,5
18637,5
2340,5
18650,5
28055,5
2339,5
51692,5
51690,5
28054,5
18644,5
97566,5
28016,5
80698,5
97607,5
27974,5
46298,5
27973,5
70891,5
2268,5
2264,5
51614,5
18702,5
75920,5
80657,5
80655,5
2252,5
78372,5
51609,5
27985,5
51625,5
46267,5
73586,5
51649,5
2294,5
46269,5
28005,5
97577,5
80690,5
18687,5
18700,5
97584,5
25442,5
70854,5
70862,5
97590,5
25444,5
18625,5
97516,5
70758,5
80802,5
80811,5
28172,5
51800,5
97440,5
23382,5
28152,5
28144,5
23383,5
80795,5
80792,5
51781,5
70705,5
25427,5
75906,5
28174,5
46116,5
51776,5
2454,5
73606,5
75900,5
80828,5
80826,5
80825,5
70663,5
80820,5
46115,5
2448,5
46108,5
28178,5
51815,5
18570,5
2444,5
73601,5
70715,5
2360,5
70729,5
46182,5
97494,5
23380,5
2380,5
70728,5
80763,5
2374,5
18608,5
28099,5
20963,5
70752,5
51731,5
2363,5
70753,5
2382,5
97489,5
18597,5
18601,5
28116,5
97469,5
97470,5
28114,5
2404,5
80775,5
97480,5
97488,5
2398,5
18605,5
46174,5
2393,5
97486,5
97487,5
23431,5
52027,5
52030,5
18224,5
18164,5
81212,5
52357,5
70268,5
18172,5
70270,5
96939,5
96941,5
78306,5
70274,5
81203,5
2889,5
75825,5
2879,5
81200,5
25387,5
70263,5
28531,5
45493,5
2920,5
2919,5
96911,5
2916,5
81231,5
2915,5
52387,5
18148,5
52386,5
70259,5
81226,5
28532,5
96924,5
52369,5
2868,5
81197,5
45553,5
28495,5
45613,5
2836,5
96990,5
45614,5
70314,5
28499,5
28492,5
52297,5
2829,5
52288,5
45622,5
21000,5
81153,5
76510,5
96985,5
28506,5
2863,5
81185,5
52325,5
28519,5
52319,5
96966,5
81187,5
18190,5
81184,5
96981,5
70297,5
96974,5
96975,5
45596,5
2848,5
52299,5
28537,5
18130,5
45491,5
18059,5
18046,5
45434,5
18054,5
18056,5
52461,5
45449,5
22815,5
70201,5
52451,5
18071,5
45451,5
70210,5
96853,5
81281,5
28601,5
70199,5
18080,5
96822,5
52491,5
70167,5
45412,5
28621,5
70185,5
45419,5
96823,5
45430,5
45427,5
81306,5
28611,5
28605,5
52477,5
96830,5
52443,5
52440,5
18126,5
70249,5
28562,5
2933,5
45471,5
45475,5
28552,5
96891,5
75812,5
23465,5
96895,5
2926,5
52405,5
70251,5
23463,5
23460,5
70237,5
81253,5
70214,5
28591,5
81273,5
2951,5
45460,5
45462,5
28592,5
81269,5
28587,5
18100,5
28576,5
18096,5
28575,5
81259,5
81258,5
28571,5
45634,5
52273,5
97210,5
45645,5
70406,5
28414,5
45823,5
75848,5
28409,5
45831,5
75849,5
20987,5
52106,5
97153,5
70419,5
76496,5
18337,5
52095,5
81040,5
52121,5
52122,5
97139,5
52154,5
52165,5
52164,5
81069,5
75847,5
76500,5
81066,5
2725,5
52123,5
70400,5
45798,5
45804,5
52139,5
52133,5
45820,5
23440,5
45847,5
81039,5
18371,5
18365,5
52049,5
28380,5
45883,5
28379,5
2666,5
45885,5
52052,5
70454,5
52041,5
52040,5
97205,5
18377,5
2653,5
45882,5
28387,5
52083,5
45870,5
52079,5
52075,5
2677,5
23433,5
18349,5
28391,5
45876,5
81023,5
28390,5
2670,5
45879,5
81026,5
81025,5
70440,5
81072,5
97113,5
18292,5
97048,5
70348,5
97039,5
45682,5
52228,5
75833,5
45689,5
81126,5
2803,5
52219,5
76507,5
2795,5
81125,5
97054,5
2790,5
52232,5
45675,5
52214,5
2808,5
52262,5
52257,5
81144,5
28479,5
73646,5
2812,5
45666,5
45673,5
2807,5
52239,5
2805,5
2804,5
18240,5
28470,5
18251,5
73645,5
81082,5
2744,5
97091,5
97093,5
2750,5
97095,5
45765,5
45768,5
97099,5
18282,5
52178,5
52176,5
97102,5
28426,5
20996,5
28424,5
52186,5
18279,5
81119,5
45719,5
2787,5
45709,5
45713,5
81117,5
28460,5
52206,5
28459,5
2753,5
81112,5
45733,5
81106,5
45754,5
78323,5
18270,5
51605,5
27949,5
27947,5
1666,5
71429,5
98141,5
50998,5
71431,5
80180,5
19171,5
46835,5
27439,5
50991,5
50990,5
71435,5
71438,5
71440,5
71442,5
1706,5
46832,5
98138,5
20878,5
80190,5
51023,5
51021,5
46819,5
80191,5
76395,5
98127,5
51013,5
20879,5
71414,5
98131,5
51009,5
51008,5
73524,5
46831,5
25485,5
80163,5
19185,5
19206,5
80149,5
71468,5
19202,5
46874,5
46884,5
71475,5
80136,5
98183,5
80135,5
1674,5
80134,5
1668,5
71483,5
27381,5
23316,5
1690,5
1702,5
1694,5
1701,5
50981,5
1697,5
50979,5
50978,5
46856,5
98172,5
1691,5
98174,5
80154,5
27404,5
98177,5
98178,5
80152,5
80192,5
1749,5
98119,5
98057,5
46751,5
27527,5
51095,5
46753,5
80259,5
19099,5
98058,5
25469,5
27523,5
51090,5
20892,5
27517,5
51086,5
51083,5
27531,5
73548,5
27516,5
98034,5
19069,5
80287,5
51121,5
19074,5
98030,5
80284,5
27558,5
98045,5
73553,5
23324,5
71336,5
19083,5
51102,5
71342,5
80243,5
80241,5
71410,5
19156,5
19139,5
19141,5
51047,5
20883,5
51041,5
19152,5
27474,5
71393,5
1764,5
46812,5
98113,5
27468,5
46813,5
19160,5
80216,5
51050,5
98071,5
71384,5
75969,5
25474,5
1804,5
27505,5
27504,5
46794,5
71388,5
46800,5
1794,5
25480,5
1793,5
19135,5
98090,5
27491,5
20873,5
27369,5
1848,5
19236,5
71611,5
50792,5
80012,5
27284,5
19343,5
27280,5
73502,5
50779,5
27277,5
47024,5
47026,5
47027,5
27272,5
50770,5
1538,5
50796,5
71600,5
47015,5
1563,5
71585,5
71586,5
47006,5
19335,5
1570,5
71590,5
71592,5
1558,5
25494,5
47012,5
50802,5
25497,5
27299,5
71599,5
27270,5
79994,5
47035,5
19388,5
98382,5
79971,5
1506,5
23304,5
71672,5
71675,5
79964,5
19382,5
71681,5
1497,5
27236,5
71689,5
50726,5
71693,5
47052,5
27245,5
73500,5
20855,5
47037,5
71649,5
19363,5
27259,5
1524,5
1523,5
50751,5
50741,5
98370,5
27258,5
50747,5
98374,5
79975,5
47049,5
47000,5
1577,5
80034,5
98248,5
27349,5
1635,5
27348,5
27347,5
71522,5
19263,5
80092,5
46926,5
19270,5
27344,5
98252,5
27342,5
27337,5
98256,5
50897,5
19252,5
1619,5
25490,5
46905,5
80118,5
46910,5
27367,5
19244,5
50920,5
50919,5
1640,5
50916,5
1648,5
46914,5
50909,5
27353,5
50907,5
80081,5
98260,5
78434,5
71579,5
75984,5
80051,5
71570,5
27310,5
27309,5
27308,5
98298,5
19317,5
19326,5
98300,5
1581,5
80040,5
71580,5
76384,5
50832,5
46980,5
98261,5
25492,5
46942,5
1611,5
71544,5
50860,5
27317,5
71555,5
71557,5
50836,5
46961,5
19304,5
80060,5
27314,5
80056,5
19314,5
46739,5
80292,5
46315,5
18900,5
2141,5
51466,5
18830,5
51464,5
80525,5
27790,5
18838,5
80517,5
18840,5
27788,5
18847,5
71090,5
18851,5
46473,5
97766,5
18822,5
18820,5
71070,5
46438,5
2167,5
71050,5
27810,5
51492,5
18793,5
27806,5
18811,5
18818,5
18813,5
2156,5
51478,5
71067,5
80537,5
51475,5
97767,5
2124,5
23352,5
97806,5
46502,5
2086,5
80479,5
97801,5
51400,5
97805,5
51397,5
27764,5
71131,5
71132,5
97810,5
71142,5
80467,5
20918,5
97795,5
51415,5
46480,5
27773,5
97773,5
71097,5
2120,5
2119,5
80496,5
46485,5
51428,5
71115,5
27767,5
71111,5
2099,5
46496,5
71112,5
71114,5
18783,5
71035,5
2170,5
27908,5
51561,5
27917,5
80629,5
27910,5
76438,5
18739,5
27904,5
27922,5
18740,5
97654,5
51544,5
97659,5
70969,5
70973,5
22885,5
51568,5
70978,5
51580,5
25446,5
46317,5
80646,5
70936,5
51585,5
51582,5
51576,5
51569,5
46339,5
80640,5
70944,5
51571,5
18722,5
80637,5
97663,5
80605,5
18781,5
2176,5
46413,5
27841,5
20938,5
71022,5
51507,5
27837,5
51504,5
71009,5
18775,5
27833,5
18778,5
97709,5
97710,5
18779,5
71015,5
27851,5
46371,5
97678,5
18759,5
27890,5
2194,5
97671,5
75928,5
97677,5
73579,5
97689,5
97681,5
97684,5
80588,5
27866,5
25449,5
76432,5
2063,5
51382,5
98019,5
71150,5
51236,5
18994,5
27641,5
73559,5
46635,5
51224,5
75955,5
97955,5
76408,5
71269,5
46649,5
27610,5
71275,5
19018,5
76407,5
80375,5
97940,5
97938,5
27655,5
1957,5
71233,5
18979,5
97920,5
46623,5
51249,5
51245,5
1946,5
78394,5
97927,5
51244,5
71247,5
1952,5
80382,5
80345,5
71287,5
20901,5
98008,5
98001,5
51157,5
1881,5
51153,5
46715,5
51149,5
1870,5
46696,5
98011,5
51142,5
71325,5
80300,5
22921,5
19064,5
51161,5
19048,5
80335,5
51194,5
51197,5
76406,5
97978,5
80329,5
71310,5
19026,5
71312,5
80308,5
51192,5
27575,5
27572,5
97992,5
46682,5
71320,5
27660,5
18973,5
71228,5
97855,5
27717,5
51343,5
27714,5
73564,5
97853,5
51337,5
46559,5
51348,5
97859,5
22907,5
18933,5
76416,5
46566,5
71185,5
51345,5
46549,5
2017,5
97833,5
76420,5
46538,5
71170,5
2050,5
51362,5
97832,5
18918,5
80442,5
18921,5
46544,5
97839,5
2044,5
18924,5
2043,5
71188,5
46570,5
27666,5
51285,5
51296,5
18965,5
76413,5
46598,5
51288,5
97900,5
46601,5
80409,5
80403,5
51273,5
18968,5
80400,5
46613,5
97909,5
73561,5
78391,5
51319,5
80419,5
71191,5
18948,5
2009,5
51312,5
71192,5
2004,5
97880,5
1999,5
97881,5
71194,5
97883,5
27691,5
71202,5
18963,5
30170,5
30939,5
82754,5
59579,5
64369,5
74303,5
59587,5
90635,5
38933,5
59582,5
38935,5
77243,5
34192,5
59576,5
90644,5
59570,5
90647,5
38945,5
64381,5
12843,5
64368,5
12829,5
8879,5
86542,5
59623,5
22035,5
38899,5
86553,5
64351,5
86549,5
38907,5
59604,5
34295,5
38911,5
8883,5
74312,5
34289,5
34288,5
8880,5
90653,5
8857,5
64389,5
59535,5
59532,5
12872,5
34229,5
59521,5
8823,5
59520,5
59519,5
12873,5
22049,5
39013,5
8816,5
90697,5
39015,5
12894,5
8807,5
59533,5
86501,5
59556,5
38978,5
8854,5
8852,5
22040,5
38960,5
34250,5
12850,5
64395,5
34241,5
34233,5
86506,5
38976,5
34231,5
64410,5
38977,5
12869,5
59629,5
38867,5
34306,5
77707,5
86623,5
59727,5
86619,5
38787,5
86617,5
8958,5
86615,5
12763,5
86612,5
59721,5
38792,5
59716,5
64263,5
90547,5
12769,5
38780,5
90524,5
8946,5
38779,5
86639,5
38761,5
38762,5
64238,5
9001,5
34412,5
38766,5
86634,5
12749,5
59740,5
8993,5
59738,5
38771,5
64252,5
12752,5
74891,5
90551,5
38863,5
12795,5
59672,5
77253,5
38837,5
59663,5
21546,5
12798,5
34325,5
90589,5
34323,5
34320,5
59647,5
86567,5
34313,5
12803,5
64331,5
90576,5
64300,5
21552,5
12789,5
8941,5
8940,5
34361,5
74892,5
74897,5
38814,5
64281,5
59683,5
34354,5
59682,5
8927,5
24837,5
64293,5
86594,5
86592,5
64438,5
59497,5
86983,5
86355,5
64558,5
8682,5
64562,5
34059,5
90846,5
90847,5
64565,5
13030,5
86473,5
86351,5
59349,5
8677,5
59346,5
8670,5
90858,5
39143,5
59366,5
59369,5
34060,5
8685,5
90817,5
86382,5
12998,5
39115,5
64548,5
34063,5
59386,5
90826,5
8688,5
86371,5
39128,5
59378,5
59376,5
13015,5
13017,5
8667,5
64578,5
34042,5
90891,5
86313,5
59298,5
64628,5
8630,5
64631,5
13072,5
13074,5
33995,5
8628,5
64635,5
33984,5
86294,5
39194,5
8610,5
59284,5
59303,5
39182,5
24859,5
64621,5
77221,5
34038,5
8658,5
86341,5
34032,5
21518,5
34021,5
59327,5
74294,5
64608,5
34012,5
64614,5
86325,5
21516,5
90888,5
59396,5
64534,5
86386,5
8788,5
59470,5
90739,5
59469,5
21524,5
59468,5
59466,5
8778,5
12930,5
12931,5
8777,5
90749,5
8775,5
64475,5
64476,5
39057,5
12920,5
34164,5
8771,5
12909,5
12896,5
64447,5
59495,5
12898,5
59493,5
64449,5
34178,5
86463,5
77730,5
39036,5
39038,5
39040,5
59480,5
59478,5
90730,5
86438,5
86434,5
90811,5
90780,5
34105,5
64512,5
39093,5
8737,5
8735,5
90796,5
39094,5
8733,5
12975,5
8723,5
24222,5
12987,5
34077,5
39101,5
90809,5
8747,5
74299,5
34142,5
90778,5
39063,5
64483,5
90762,5
64486,5
39065,5
86423,5
59439,5
90769,5
59435,5
39073,5
90773,5
8759,5
39080,5
64499,5
8756,5
59757,5
12739,5
12734,5
9252,5
9263,5
90219,5
34634,5
60123,5
63988,5
86882,5
74857,5
60117,5
64236,5
90227,5
9251,5
90229,5
12464,5
74861,5
60103,5
63996,5
60129,5
12457,5
38343,5
77686,5
90190,5
90191,5
90195,5
63956,5
86903,5
86901,5
34653,5
60144,5
24295,5
86893,5
9269,5
63978,5
12456,5
90211,5
63982,5
86867,5
24283,5
34621,5
22009,5
64033,5
60042,5
38465,5
34596,5
64036,5
64038,5
86831,5
12519,5
12521,5
9194,5
90288,5
9192,5
12523,5
90291,5
38478,5
9206,5
24276,5
90249,5
12513,5
12486,5
38410,5
86855,5
34608,5
74863,5
60079,5
64025,5
9217,5
38433,5
90265,5
9215,5
60071,5
38435,5
38440,5
24282,5
86911,5
90188,5
60172,5
9354,5
21974,5
60236,5
38248,5
60231,5
12367,5
86968,5
34728,5
9327,5
60225,5
77681,5
90126,5
38261,5
63909,5
9318,5
90130,5
9352,5
38244,5
34718,5
38243,5
63880,5
38220,5
24317,5
60261,5
9365,5
34762,5
63885,5
34755,5
60251,5
74841,5
60246,5
38240,5
90104,5
90105,5
60243,5
38265,5
60220,5
90184,5
90157,5
12416,5
38290,5
34683,5
34676,5
60184,5
90172,5
38304,5
60178,5
86922,5
63947,5
86918,5
60177,5
63948,5
12438,5
90183,5
12414,5
34701,5
12397,5
90155,5
12398,5
77303,5
38270,5
38272,5
86948,5
60208,5
63919,5
9309,5
9307,5
24298,5
90150,5
24784,5
34703,5
9302,5
86941,5
64050,5
64052,5
38485,5
34497,5
90423,5
34496,5
59833,5
86708,5
90429,5
38667,5
9083,5
12659,5
12663,5
90436,5
59830,5
34478,5
86696,5
59816,5
12676,5
12647,5
12645,5
38686,5
90419,5
74879,5
38628,5
90402,5
90403,5
12632,5
12633,5
90408,5
34505,5
77272,5
12638,5
59850,5
74880,5
12641,5
12644,5
77700,5
86687,5
9069,5
12628,5
34436,5
64219,5
90478,5
59777,5
86652,5
90484,5
90485,5
74888,5
38739,5
38743,5
38744,5
59771,5
21553,5
64229,5
64232,5
38748,5
21554,5
38727,5
90449,5
9039,5
59811,5
9066,5
38692,5
59807,5
38694,5
34462,5
86680,5
90460,5
59797,5
12696,5
38708,5
24821,5
38711,5
34443,5
38721,5
59875,5
38624,5
12539,5
38515,5
38532,5
12587,5
86774,5
12598,5
64095,5
12605,5
90341,5
34541,5
64100,5
38545,5
64102,5
9148,5
59952,5
64103,5
90350,5
74338,5
12579,5
38556,5
86784,5
9185,5
34571,5
60003,5
9180,5
12544,5
64061,5
64065,5
86808,5
12561,5
12564,5
86800,5
90316,5
38507,5
34552,5
90325,5
34539,5
86758,5
38620,5
64131,5
59910,5
24273,5
59900,5
9126,5
86736,5
77278,5
34510,5
77276,5
64139,5
74876,5
77274,5
9119,5
38618,5
64141,5
59885,5
90378,5
34512,5
90355,5
74336,5
9142,5
9141,5
38575,5
59935,5
9139,5
90363,5
12610,5
12611,5
59931,5
38577,5
34521,5
12617,5
34519,5
38590,5
90374,5
90915,5
33977,5
33969,5
65191,5
33389,5
39690,5
8088,5
39692,5
65189,5
58665,5
58663,5
58660,5
77779,5
58657,5
39707,5
13505,5
65201,5
8070,5
58640,5
8069,5
8091,5
58683,5
58684,5
91467,5
85841,5
33426,5
91446,5
91447,5
65156,5
13483,5
39678,5
58697,5
33413,5
33409,5
39683,5
24143,5
22154,5
39686,5
75040,5
85806,5
8068,5
85801,5
85770,5
8030,5
58589,5
91535,5
91536,5
39771,5
85766,5
65236,5
13546,5
58578,5
85758,5
39772,5
13553,5
91549,5
13561,5
8001,5
65231,5
39762,5
65212,5
58602,5
65213,5
58622,5
24140,5
39746,5
91509,5
85783,5
91512,5
85780,5
91517,5
8041,5
8039,5
39750,5
33343,5
33340,5
8034,5
91442,5
13480,5
39671,5
33503,5
85896,5
65086,5
22137,5
22139,5
85892,5
24158,5
85889,5
65090,5
85884,5
65093,5
8163,5
85882,5
39635,5
65100,5
91389,5
91368,5
39614,5
13456,5
65080,5
65039,5
65049,5
91346,5
74229,5
39592,5
21480,5
58789,5
13438,5
39598,5
77784,5
8183,5
13439,5
33515,5
65076,5
77168,5
33478,5
39645,5
39663,5
91416,5
91419,5
91420,5
58726,5
33450,5
58723,5
85854,5
77158,5
24916,5
85851,5
21478,5
58713,5
33432,5
91434,5
65152,5
91437,5
91417,5
65114,5
8156,5
85867,5
91395,5
8155,5
8154,5
39649,5
65103,5
33476,5
33474,5
58737,5
91403,5
33473,5
13462,5
13465,5
91408,5
58733,5
58732,5
75047,5
7998,5
91556,5
91687,5
24122,5
85625,5
65381,5
13676,5
39941,5
65388,5
65390,5
58419,5
65392,5
39963,5
91705,5
65409,5
65410,5
39967,5
91710,5
24940,5
22167,5
13693,5
85631,5
85657,5
33241,5
13650,5
85648,5
65356,5
24124,5
39920,5
85641,5
7882,5
13663,5
91676,5
58439,5
39926,5
85636,5
65375,5
33159,5
39978,5
85659,5
91738,5
33133,5
75074,5
7795,5
74192,5
85584,5
40019,5
33126,5
33125,5
40020,5
40021,5
13719,5
7790,5
85579,5
77813,5
33124,5
58363,5
40005,5
58390,5
7802,5
77810,5
91719,5
65426,5
7824,5
91722,5
13698,5
33150,5
33144,5
39997,5
65435,5
24106,5
7811,5
7810,5
91733,5
91734,5
85658,5
65344,5
65247,5
24931,5
85724,5
85723,5
85722,5
65283,5
7961,5
58539,5
39810,5
13592,5
65288,5
91596,5
58531,5
7946,5
7945,5
33269,5
65304,5
91581,5
91579,5
7939,5
74203,5
91558,5
85749,5
74206,5
65250,5
65254,5
85742,5
24136,5
85740,5
33310,5
39788,5
33308,5
24135,5
65264,5
33303,5
33302,5
91604,5
58527,5
7898,5
65317,5
85678,5
13617,5
58497,5
22166,5
91639,5
13629,5
39876,5
39883,5
39884,5
7904,5
58473,5
7903,5
65333,5
65338,5
33242,5
85680,5
13610,5
65309,5
24127,5
39834,5
74196,5
13604,5
7935,5
65313,5
33261,5
58518,5
24131,5
65315,5
39841,5
58515,5
39843,5
13608,5
85689,5
91625,5
33559,5
24161,5
8603,5
8474,5
64790,5
74968,5
33819,5
91065,5
33816,5
59121,5
39330,5
33813,5
33581,5
13236,5
86151,5
59113,5
8466,5
86144,5
59107,5
8451,5
86161,5
33825,5
64778,5
86168,5
64754,5
8500,5
22085,5
33854,5
13216,5
39310,5
39311,5
39312,5
86179,5
59141,5
33849,5
86174,5
33840,5
59137,5
8487,5
86138,5
59101,5
24197,5
64825,5
59074,5
91115,5
33786,5
74266,5
13260,5
13269,5
39362,5
59057,5
91128,5
91129,5
8412,5
64848,5
24191,5
91134,5
13281,5
8422,5
64823,5
8443,5
8426,5
74274,5
13245,5
24195,5
59091,5
8440,5
59090,5
59088,5
39351,5
59086,5
64811,5
39353,5
64813,5
21495,5
8429,5
33796,5
91031,5
39295,5
39293,5
8584,5
59260,5
8578,5
59258,5
13109,5
33947,5
8575,5
86263,5
86262,5
39216,5
39220,5
39222,5
22075,5
39226,5
8566,5
59242,5
8581,5
33952,5
8561,5
59263,5
8601,5
59278,5
77742,5
90926,5
39198,5
33959,5
86279,5
86278,5
13097,5
90933,5
8588,5
64666,5
33955,5
39207,5
13103,5
33942,5
64682,5
8504,5
77212,5
39253,5
64721,5
64725,5
39257,5
33891,5
86215,5
64734,5
74964,5
64738,5
86207,5
86200,5
33864,5
39291,5
13202,5
33860,5
13167,5
13159,5
8560,5
33903,5
90971,5
39232,5
33928,5
90977,5
86246,5
33923,5
39236,5
13145,5
59225,5
33909,5
13154,5
39246,5
64712,5
59218,5
8538,5
64855,5
39378,5
33762,5
24908,5
58892,5
64974,5
74234,5
85985,5
75001,5
13380,5
13384,5
8269,5
13385,5
13386,5
24913,5
64987,5
64988,5
58876,5
39524,5
13373,5
8287,5
58869,5
33647,5
13354,5
58915,5
39499,5
91249,5
64954,5
86004,5
8301,5
64955,5
39502,5
58906,5
8292,5
13359,5
24905,5
64964,5
91261,5
58871,5
13391,5
91240,5
85954,5
75008,5
58828,5
8233,5
91319,5
33599,5
21481,5
8225,5
33594,5
39582,5
58816,5
65022,5
65023,5
8221,5
85938,5
13418,5
65010,5
39551,5
91289,5
8239,5
13393,5
64993,5
39531,5
39540,5
33623,5
91296,5
39541,5
85966,5
85963,5
39548,5
13401,5
33610,5
91307,5
22128,5
58840,5
8313,5
64944,5
91140,5
8389,5
33742,5
64875,5
86073,5
39406,5
91173,5
13309,5
8373,5
33723,5
64882,5
74251,5
91180,5
77191,5
91183,5
39424,5
33712,5
86078,5
8392,5
33709,5
33751,5
59037,5
86094,5
91144,5
33756,5
91146,5
91148,5
77758,5
13295,5
59032,5
8401,5
39382,5
13296,5
39387,5
64866,5
91158,5
86054,5
91189,5
86017,5
39464,5
91214,5
39469,5
33684,5
33668,5
91219,5
33667,5
13336,5
39477,5
22099,5
21489,5
13345,5
8329,5
8324,5
74993,5
39491,5
22098,5
58956,5
77189,5
58958,5
86052,5
64898,5
64899,5
64902,5
91197,5
91198,5
74249,5
86044,5
13323,5
33693,5
64918,5
58961,5
58960,5
33688,5
74244,5
63878,5
74833,5
13736,5
61533,5
11347,5
88966,5
88967,5
35828,5
11354,5
74515,5
62758,5
88977,5
77434,5
88978,5
77446,5
37066,5
74680,5
35800,5
35799,5
62773,5
88964,5
88963,5
37049,5
74677,5
62724,5
62734,5
62735,5
10417,5
87992,5
11339,5
61561,5
37032,5
35832,5
87987,5
10399,5
88956,5
77449,5
37045,5
61544,5
24631,5
62780,5
35795,5
37092,5
37102,5
35757,5
61483,5
77437,5
87922,5
11404,5
37119,5
89031,5
10328,5
37121,5
87918,5
89038,5
10324,5
37122,5
24636,5
61494,5
21845,5
21709,5
11398,5
87948,5
11382,5
89001,5
87939,5
24464,5
11392,5
37091,5
10354,5
10353,5
87935,5
10350,5
35768,5
35762,5
24635,5
24461,5
62723,5
10420,5
24630,5
35931,5
11258,5
35927,5
61659,5
35919,5
61654,5
10502,5
88871,5
88067,5
61648,5
11260,5
11263,5
88879,5
11265,5
10492,5
11267,5
36926,5
35933,5
11270,5
88857,5
36892,5
76190,5
11243,5
36008,5
61697,5
10537,5
36899,5
10534,5
77461,5
11249,5
36905,5
62590,5
36908,5
62593,5
88081,5
36951,5
24621,5
10423,5
62702,5
10444,5
11305,5
11306,5
77563,5
61588,5
10431,5
35857,5
74520,5
37010,5
88931,5
37012,5
88007,5
35846,5
35841,5
61574,5
88022,5
88025,5
36958,5
62695,5
35905,5
11278,5
36967,5
62670,5
61625,5
88042,5
61621,5
77455,5
88034,5
11296,5
88909,5
35873,5
62694,5
61607,5
10453,5
10312,5
10308,5
86984,5
37283,5
61314,5
10179,5
37277,5
11524,5
62946,5
35626,5
87808,5
89180,5
10305,5
62948,5
61302,5
37300,5
62952,5
11531,5
61288,5
89190,5
37274,5
35638,5
87816,5
37264,5
89148,5
37249,5
62921,5
37251,5
37254,5
62922,5
10204,5
62927,5
11519,5
62935,5
11520,5
10194,5
10193,5
89162,5
37259,5
77420,5
62954,5
89197,5
35595,5
21678,5
87760,5
77592,5
35581,5
35577,5
11583,5
87754,5
87750,5
87747,5
61224,5
63019,5
87745,5
87744,5
61222,5
63027,5
35591,5
11562,5
10153,5
37343,5
37323,5
61272,5
11544,5
62972,5
37330,5
61265,5
87781,5
87780,5
62978,5
37336,5
62982,5
10133,5
11558,5
89219,5
62990,5
62919,5
89146,5
87833,5
37169,5
24637,5
87880,5
62859,5
11453,5
77429,5
24455,5
62867,5
62870,5
10250,5
10248,5
87872,5
35696,5
89093,5
10243,5
89095,5
89077,5
37168,5
35686,5
24459,5
61463,5
37136,5
11424,5
37137,5
11426,5
61458,5
21851,5
37147,5
11429,5
61443,5
35726,5
35723,5
10276,5
11442,5
89070,5
62876,5
37189,5
37247,5
10227,5
62905,5
77583,5
61363,5
61361,5
37230,5
62907,5
11503,5
10217,5
37239,5
11507,5
89137,5
37245,5
89139,5
10213,5
61343,5
87846,5
37215,5
87863,5
11500,5
10240,5
87861,5
37194,5
35681,5
62889,5
24649,5
89109,5
87852,5
89111,5
77427,5
10233,5
87850,5
89115,5
10230,5
62903,5
88833,5
36891,5
10556,5
88562,5
10827,5
62306,5
36561,5
36321,5
36574,5
88560,5
62327,5
62328,5
62577,5
62330,5
62045,5
36580,5
88567,5
62039,5
62335,5
88571,5
62066,5
77526,5
62068,5
62074,5
62281,5
36514,5
36517,5
77497,5
62286,5
10842,5
36524,5
24568,5
36528,5
36537,5
36539,5
24516,5
11058,5
88540,5
62075,5
62029,5
36600,5
36296,5
62002,5
36633,5
24507,5
36264,5
10761,5
36639,5
74631,5
10752,5
61984,5
61981,5
36648,5
88270,5
88269,5
36650,5
88625,5
88626,5
36631,5
88597,5
10797,5
62007,5
10793,5
10792,5
36292,5
62347,5
36289,5
11084,5
11085,5
62353,5
36279,5
11086,5
36615,5
62008,5
10785,5
10776,5
11089,5
88520,5
36350,5
36509,5
88402,5
74595,5
10977,5
10925,5
36445,5
77506,5
88398,5
88454,5
62164,5
77504,5
77503,5
88461,5
62226,5
62227,5
62150,5
36460,5
36439,5
10935,5
36383,5
10938,5
10952,5
10951,5
36409,5
88428,5
62206,5
62191,5
62189,5
62188,5
10943,5
74599,5
88435,5
10941,5
10961,5
62186,5
62211,5
62228,5
36466,5
11042,5
62119,5
36363,5
88500,5
36360,5
62117,5
88503,5
62115,5
36498,5
11031,5
36500,5
36355,5
88512,5
11038,5
62274,5
11041,5
88516,5
36368,5
88496,5
10995,5
10868,5
10999,5
36477,5
36382,5
11000,5
36380,5
88479,5
10878,5
88374,5
24532,5
36378,5
24527,5
10871,5
62246,5
11020,5
10869,5
10732,5
36258,5
88630,5
10617,5
61786,5
36104,5
88761,5
88165,5
36831,5
88163,5
11179,5
36838,5
74540,5
88158,5
88157,5
10602,5
74539,5
77549,5
36077,5
62496,5
88756,5
62526,5
11177,5
21813,5
61809,5
36802,5
36814,5
36820,5
11169,5
74548,5
61797,5
36123,5
74545,5
10622,5
61791,5
88751,5
61790,5
61789,5
61771,5
36074,5
61817,5
36050,5
36045,5
88810,5
10571,5
11229,5
36870,5
62564,5
74644,5
10566,5
61718,5
10565,5
36879,5
21722,5
24489,5
62576,5
88827,5
36046,5
36846,5
88781,5
36052,5
74537,5
11196,5
62533,5
88786,5
88138,5
61761,5
62537,5
88131,5
11213,5
62544,5
21820,5
88799,5
88125,5
11216,5
88118,5
36797,5
77542,5
36249,5
11120,5
36680,5
10709,5
61932,5
36686,5
88662,5
10707,5
88238,5
62412,5
61921,5
62414,5
61918,5
21803,5
36207,5
88232,5
88674,5
36679,5
62411,5
88679,5
62410,5
24506,5
11105,5
36236,5
11112,5
62401,5
61946,5
74634,5
88644,5
10718,5
61941,5
36227,5
36220,5
61939,5
88244,5
36212,5
88229,5
10688,5
10639,5
11152,5
24592,5
11154,5
10657,5
88713,5
36172,5
88196,5
36171,5
61844,5
24597,5
36780,5
61835,5
61834,5
11158,5
36161,5
36793,5
74555,5
88705,5
88224,5
36763,5
36203,5
36717,5
21811,5
77473,5
36200,5
88688,5
11133,5
88214,5
77535,5
11145,5
36737,5
88697,5
88699,5
36748,5
88702,5
35562,5
35558,5
61214,5
63601,5
35026,5
87209,5
60557,5
63595,5
87200,5
60553,5
87199,5
60548,5
63458,5
35008,5
63607,5
21940,5
60539,5
9600,5
24356,5
12125,5
37947,5
89811,5
37943,5
9634,5
63559,5
89787,5
12094,5
87225,5
9654,5
37921,5
35045,5
60579,5
89800,5
9643,5
89802,5
35043,5
63570,5
37937,5
63582,5
37979,5
89834,5
63614,5
89860,5
89862,5
89863,5
12135,5
34975,5
12139,5
63652,5
87157,5
9565,5
89873,5
24744,5
21943,5
38014,5
60496,5
63662,5
9556,5
9570,5
60518,5
89837,5
60520,5
87189,5
34995,5
34991,5
37983,5
12127,5
12129,5
9582,5
9581,5
34989,5
24743,5
60529,5
63636,5
60523,5
37994,5
87168,5
12088,5
37903,5
9673,5
87310,5
24377,5
87308,5
89710,5
63495,5
89713,5
12016,5
35095,5
37844,5
89719,5
87298,5
12021,5
89722,5
63500,5
37846,5
87290,5
9725,5
74774,5
12031,5
60687,5
60707,5
89686,5
60703,5
35130,5
12001,5
35120,5
35115,5
35114,5
63481,5
87316,5
89696,5
87315,5
89699,5
9731,5
89701,5
89726,5
37857,5
9674,5
89760,5
87247,5
24368,5
63548,5
35060,5
37887,5
63553,5
12076,5
37888,5
87237,5
60609,5
21932,5
89776,5
60606,5
87234,5
89781,5
24727,5
87249,5
74780,5
87251,5
89733,5
87284,5
21622,5
89736,5
89740,5
89742,5
89743,5
12049,5
89745,5
63526,5
63533,5
12056,5
77644,5
63546,5
12061,5
87150,5
38018,5
60490,5
60342,5
9431,5
60341,5
77677,5
34817,5
60338,5
60337,5
38161,5
63833,5
38162,5
63837,5
34804,5
60329,5
24339,5
38166,5
60323,5
90016,5
9432,5
90040,5
90013,5
12279,5
9449,5
87046,5
38138,5
12282,5
9445,5
60354,5
38141,5
34828,5
12285,5
90007,5
60348,5
34824,5
38151,5
12290,5
90039,5
38170,5
12271,5
38201,5
90067,5
60294,5
74826,5
63867,5
86993,5
34776,5
9382,5
12349,5
60280,5
38216,5
9379,5
63872,5
12350,5
12352,5
34768,5
63859,5
9390,5
74815,5
90062,5
9412,5
38175,5
9410,5
87012,5
38179,5
9401,5
9399,5
34796,5
38181,5
34791,5
24323,5
38190,5
34790,5
12328,5
60302,5
9456,5
87052,5
87148,5
63712,5
34939,5
21949,5
12189,5
87111,5
60443,5
12192,5
63718,5
63720,5
89923,5
63724,5
38074,5
12204,5
9515,5
12209,5
89931,5
63713,5
34946,5
38084,5
24755,5
21609,5
12153,5
87144,5
63672,5
87140,5
38028,5
9552,5
38030,5
12156,5
24350,5
63677,5
34954,5
38042,5
9538,5
34953,5
60432,5
77329,5
21957,5
60394,5
9477,5
60390,5
63770,5
34877,5
63785,5
60384,5
63788,5
34859,5
38122,5
87058,5
89981,5
21956,5
34858,5
74373,5
38134,5
38112,5
34883,5
9504,5
87075,5
89936,5
34916,5
12216,5
89941,5
9494,5
77327,5
9488,5
87089,5
87088,5
89949,5
77669,5
60410,5
89953,5
34893,5
34888,5
60708,5
35137,5
11601,5
63128,5
37503,5
77395,5
61065,5
61064,5
89382,5
9971,5
61058,5
77394,5
89676,5
89390,5
9962,5
11728,5
63138,5
61046,5
61044,5
87608,5
61068,5
63127,5
89373,5
63123,5
63105,5
63108,5
89357,5
21885,5
37477,5
63112,5
35476,5
87639,5
87637,5
87632,5
11700,5
61078,5
63120,5
61075,5
35467,5
89399,5
37528,5
37533,5
9929,5
87584,5
87581,5
87579,5
89432,5
87577,5
37577,5
9923,5
9921,5
37579,5
11779,5
35428,5
87567,5
24407,5
89448,5
89449,5
37554,5
89424,5
35454,5
11752,5
37535,5
87606,5
61026,5
61025,5
61024,5
63140,5
87601,5
9941,5
87599,5
87598,5
89416,5
87597,5
63148,5
61016,5
61013,5
35477,5
37463,5
61103,5
11617,5
35541,5
89276,5
87712,5
37406,5
77411,5
61167,5
11623,5
10063,5
87706,5
11624,5
74484,5
61160,5
89292,5
10058,5
63048,5
24425,5
89272,5
11633,5
87724,5
11602,5
87730,5
21868,5
11603,5
10088,5
10087,5
11604,5
37381,5
61199,5
61198,5
61197,5
24668,5
61193,5
37389,5
63035,5
89296,5
61154,5
89346,5
10036,5
87669,5
87668,5
74719,5
74720,5
35503,5
89334,5
11662,5
89337,5
89338,5
61107,5
11663,5
10014,5
35495,5
35494,5
35490,5
61123,5
35511,5
21662,5
61131,5
35532,5
61152,5
10051,5
63056,5
21872,5
63057,5
61143,5
10049,5
87683,5
61140,5
11652,5
11653,5
10041,5
37431,5
11656,5
63179,5
11793,5
11794,5
37735,5
87384,5
11948,5
89610,5
77365,5
37755,5
87379,5
37758,5
89620,5
89622,5
60767,5
24716,5
37761,5
89627,5
37762,5
9766,5
63365,5
24386,5
35198,5
74429,5
37709,5
35234,5
87417,5
87412,5
35228,5
37714,5
89580,5
11932,5
37722,5
9795,5
37724,5
63361,5
9788,5
87393,5
37729,5
89631,5
11964,5
9807,5
11967,5
37780,5
89657,5
87354,5
60736,5
89661,5
60734,5
87351,5
24717,5
63431,5
35163,5
35160,5
89670,5
35149,5
35146,5
9748,5
21913,5
77363,5
63394,5
35176,5
89636,5
87366,5
35189,5
35184,5
89640,5
89641,5
63412,5
11966,5
60754,5
87361,5
9756,5
9755,5
60750,5
87360,5
89650,5
11917,5
21906,5
11796,5
63228,5
9875,5
35371,5
89494,5
60923,5
87508,5
35354,5
63252,5
35344,5
9867,5
63259,5
35330,5
35326,5
35323,5
89511,5
60912,5
35372,5
11834,5
37640,5
89484,5
35412,5
11799,5
9896,5
21896,5
9895,5
60963,5
35400,5
35394,5
9889,5
35389,5
89475,5
37620,5
9883,5
87529,5
11828,5
24403,5
87484,5
89566,5
60867,5
63295,5
87441,5
37686,5
9826,5
11901,5
77625,5
89554,5
37694,5
63303,5
35285,5
37703,5
89560,5
35270,5
60830,5
9815,5
35298,5
77378,5
89516,5
89540,5
35320,5
60896,5
74746,5
63272,5
11885,5
35314,5
74750,5
87470,5
87469,5
35312,5
11888,5
63277,5
11890,5
87461,5
77621,5
33123,5
65461,5
95115,5
15624,5
42457,5
83665,5
5522,5
83662,5
94023,5
15622,5
42477,5
31129,5
94102,5
42478,5
67637,5
5514,5
5512,5
55695,5
31125,5
67642,5
67628,5
23835,5
94013,5
5531,5
15594,5
55744,5
31154,5
55741,5
42438,5
55733,5
67616,5
31150,5
83673,5
42449,5
31148,5
76854,5
67622,5
94009,5
67627,5
55686,5
21268,5
42490,5
25148,5
31098,5
55644,5
94078,5
55639,5
23826,5
42524,5
31083,5
83604,5
94091,5
94092,5
42541,5
5468,5
55617,5
67696,5
94100,5
83622,5
42518,5
94043,5
94070,5
5506,5
42491,5
55679,5
15638,5
67654,5
67656,5
42504,5
94059,5
42508,5
67657,5
15653,5
67661,5
23827,5
31103,5
42514,5
42433,5
31156,5
23837,5
83751,5
5610,5
42355,5
5609,5
75404,5
67548,5
55834,5
55833,5
67549,5
15540,5
31205,5
83741,5
55826,5
55822,5
67561,5
67565,5
83750,5
31213,5
31196,5
93908,5
83769,5
75401,5
93889,5
15528,5
83767,5
67520,5
83764,5
42315,5
67527,5
42329,5
55867,5
15531,5
42332,5
42335,5
83756,5
67566,5
93941,5
75410,5
15571,5
15575,5
55783,5
31170,5
83699,5
31166,5
5559,5
67603,5
5558,5
67605,5
15584,5
42419,5
15590,5
93983,5
31159,5
83688,5
15573,5
73956,5
55811,5
75407,5
67579,5
31185,5
5585,5
83720,5
93951,5
42394,5
55796,5
67588,5
93955,5
31177,5
67594,5
55793,5
83709,5
55791,5
93963,5
25149,5
23821,5
84127,5
15786,5
42724,5
42726,5
30913,5
5353,5
55428,5
23809,5
22509,5
73925,5
21262,5
67851,5
83471,5
83470,5
55415,5
30889,5
30885,5
55412,5
73932,5
75449,5
83491,5
42712,5
15767,5
88420,5
30938,5
30933,5
5368,5
75445,5
5363,5
55460,5
94219,5
94220,5
55459,5
42704,5
55454,5
42706,5
30928,5
94250,5
30879,5
15792,5
55370,5
42787,5
42791,5
83443,5
55358,5
30852,5
67893,5
67910,5
30837,5
30836,5
15823,5
76813,5
55342,5
5307,5
55339,5
15838,5
42783,5
94280,5
5340,5
30863,5
67869,5
55402,5
22513,5
15796,5
5331,5
83453,5
55382,5
94268,5
42778,5
94273,5
94274,5
42780,5
67880,5
30866,5
83446,5
67805,5
42680,5
15764,5
55563,5
31028,5
5441,5
25153,5
31024,5
5434,5
83560,5
75433,5
42615,5
94146,5
55545,5
73939,5
31010,5
75437,5
67746,5
55540,5
5442,5
94131,5
83546,5
5448,5
83594,5
55600,5
15683,5
55592,5
5458,5
31056,5
42573,5
55583,5
15688,5
5456,5
67718,5
55576,5
15693,5
31037,5
83574,5
55539,5
42620,5
15763,5
83527,5
30978,5
94184,5
94186,5
30957,5
67789,5
94190,5
30952,5
42663,5
5381,5
94194,5
25158,5
83514,5
42674,5
42676,5
25159,5
42647,5
83529,5
94158,5
67771,5
30994,5
5418,5
42622,5
30993,5
83542,5
94165,5
42632,5
30989,5
83536,5
42637,5
42638,5
76834,5
76833,5
30988,5
30983,5
67518,5
42295,5
5635,5
56206,5
93589,5
56222,5
93592,5
84003,5
41972,5
41973,5
31457,5
56205,5
93881,5
56203,5
41980,5
56200,5
15302,5
75376,5
41994,5
15308,5
67247,5
21288,5
75370,5
75369,5
15264,5
75366,5
56250,5
5950,5
5949,5
41958,5
56245,5
73986,5
56243,5
93573,5
5940,5
93577,5
93579,5
67234,5
56230,5
67270,5
42011,5
22442,5
15346,5
5859,5
31428,5
31427,5
42042,5
67309,5
56145,5
56142,5
67311,5
31420,5
31417,5
93665,5
93666,5
67317,5
56137,5
93670,5
67302,5
42034,5
5882,5
31436,5
83973,5
93627,5
75379,5
56176,5
5877,5
15328,5
56170,5
42021,5
5873,5
93637,5
93639,5
42023,5
93642,5
15343,5
83962,5
15261,5
67210,5
15251,5
84095,5
93480,5
6049,5
15193,5
22422,5
84089,5
31556,5
15196,5
67155,5
41877,5
41878,5
56332,5
15199,5
31554,5
84080,5
56326,5
56346,5
21293,5
93500,5
31567,5
31598,5
23895,5
93453,5
41840,5
6066,5
31572,5
93461,5
93462,5
6064,5
15171,5
67138,5
56364,5
15172,5
15174,5
67142,5
84077,5
6022,5
67207,5
93527,5
93529,5
76906,5
41914,5
41919,5
22431,5
5977,5
41924,5
15241,5
84041,5
41926,5
41933,5
15244,5
93548,5
41935,5
5963,5
56289,5
5994,5
84074,5
84051,5
15210,5
31553,5
77996,5
56310,5
93508,5
6019,5
84067,5
67165,5
93513,5
84063,5
31542,5
56305,5
23881,5
67174,5
31530,5
56136,5
15365,5
56132,5
76873,5
55985,5
55977,5
42216,5
5702,5
83827,5
31262,5
83822,5
42221,5
78020,5
83820,5
93821,5
42226,5
55958,5
67463,5
55954,5
83834,5
5708,5
15477,5
83836,5
15446,5
15449,5
93777,5
56009,5
5728,5
42179,5
93786,5
42181,5
93789,5
83843,5
75399,5
93794,5
83841,5
15464,5
67439,5
5675,5
83812,5
93768,5
55921,5
76869,5
25141,5
42266,5
67496,5
15515,5
93866,5
31229,5
93869,5
67502,5
55905,5
93873,5
55900,5
15520,5
15522,5
55896,5
5647,5
31239,5
31259,5
15504,5
42242,5
5667,5
93837,5
42243,5
93840,5
83807,5
31250,5
67477,5
42248,5
93846,5
15499,5
5657,5
83798,5
42260,5
5656,5
5741,5
93767,5
15366,5
67333,5
5817,5
56097,5
83921,5
83918,5
5810,5
56091,5
31378,5
42093,5
31373,5
67343,5
42107,5
67346,5
31368,5
56070,5
42117,5
93699,5
42090,5
42125,5
56101,5
15368,5
31416,5
5834,5
56120,5
56117,5
25128,5
56111,5
56108,5
93687,5
31393,5
93689,5
5825,5
56103,5
67326,5
15394,5
42118,5
83903,5
83868,5
31338,5
25134,5
56029,5
93749,5
5765,5
67393,5
67396,5
15434,5
83878,5
31326,5
67406,5
67407,5
5752,5
93762,5
5751,5
31316,5
5771,5
56035,5
42132,5
42156,5
56059,5
42136,5
31354,5
67361,5
31346,5
67369,5
56051,5
83894,5
42152,5
31342,5
5777,5
56043,5
31341,5
56038,5
5774,5
67926,5
76812,5
42819,5
30384,5
94845,5
54743,5
25234,5
68394,5
16323,5
25241,5
21185,5
94855,5
54893,5
82959,5
30379,5
30373,5
82950,5
54710,5
43378,5
54706,5
43343,5
82977,5
82979,5
30416,5
82995,5
30420,5
30419,5
16287,5
43323,5
16295,5
22576,5
68371,5
54762,5
16297,5
4804,5
82982,5
4798,5
75529,5
94835,5
82947,5
94868,5
68423,5
43399,5
82926,5
54667,5
16365,5
94901,5
16368,5
76745,5
4739,5
4736,5
4734,5
68449,5
43426,5
54641,5
82914,5
54637,5
25248,5
54670,5
54677,5
54703,5
68442,5
54694,5
16349,5
94874,5
43385,5
16350,5
75535,5
94879,5
78134,5
30349,5
4760,5
4759,5
4758,5
4757,5
68438,5
16357,5
30426,5
54778,5
54779,5
68316,5
54857,5
16221,5
68317,5
4885,5
68324,5
4881,5
94759,5
54845,5
83039,5
54834,5
16244,5
43267,5
4867,5
94768,5
68329,5
4894,5
54859,5
43272,5
4900,5
16184,5
43234,5
68294,5
30498,5
54886,5
83071,5
68300,5
4908,5
68302,5
30493,5
43239,5
4904,5
94741,5
21199,5
78113,5
54830,5
68334,5
16283,5
73851,5
23737,5
30439,5
94800,5
94801,5
25229,5
30434,5
83002,5
43295,5
4833,5
4832,5
23736,5
4825,5
94811,5
68359,5
94813,5
30445,5
16274,5
94774,5
83013,5
4859,5
4858,5
54823,5
83032,5
16250,5
94781,5
16251,5
16254,5
16255,5
83026,5
73865,5
94787,5
68337,5
54806,5
54805,5
54626,5
94919,5
43457,5
43632,5
21179,5
30218,5
30216,5
73824,5
54460,5
43637,5
82799,5
68575,5
95061,5
78149,5
16501,5
4584,5
43653,5
68580,5
68581,5
95049,5
95042,5
68582,5
23706,5
43607,5
16462,5
82834,5
4621,5
95026,5
95027,5
43613,5
16464,5
68539,5
82826,5
4611,5
4610,5
30238,5
43624,5
68555,5
54438,5
4578,5
4630,5
25258,5
4556,5
21173,5
16530,5
68606,5
25259,5
95103,5
82765,5
16537,5
25260,5
68613,5
95109,5
54406,5
16546,5
82757,5
25261,5
68602,5
82773,5
43655,5
16516,5
95078,5
43657,5
68593,5
30196,5
4569,5
16515,5
54426,5
95085,5
68598,5
54421,5
4563,5
54420,5
4561,5
95091,5
54419,5
16461,5
16459,5
22584,5
4705,5
43524,5
30317,5
16397,5
54570,5
30303,5
94952,5
54566,5
30298,5
54565,5
78141,5
43534,5
4686,5
54558,5
16404,5
16406,5
30320,5
82893,5
43549,5
54584,5
54618,5
94925,5
94927,5
43467,5
43486,5
82903,5
16388,5
94934,5
25251,5
68472,5
68473,5
43501,5
23723,5
4709,5
4707,5
16407,5
16408,5
4631,5
54518,5
30277,5
4646,5
94996,5
16440,5
94998,5
94999,5
54513,5
54508,5
95003,5
95004,5
54507,5
54503,5
82849,5
43591,5
68521,5
54517,5
94991,5
75548,5
4653,5
68497,5
30287,5
16420,5
76735,5
94977,5
76734,5
82865,5
30285,5
82862,5
30280,5
30279,5
68511,5
82857,5
16430,5
68513,5
68292,5
4925,5
67929,5
5175,5
68047,5
55190,5
94443,5
78083,5
94448,5
42962,5
83301,5
68059,5
16183,5
55182,5
5171,5
83296,5
15966,5
30685,5
42970,5
30682,5
15952,5
23781,5
5201,5
94437,5
30728,5
15932,5
94421,5
55213,5
42940,5
15935,5
30726,5
55210,5
68022,5
15949,5
25186,5
68034,5
55195,5
30712,5
30711,5
68072,5
30678,5
42973,5
5130,5
68098,5
23767,5
16006,5
68107,5
83256,5
68108,5
94501,5
5118,5
5116,5
43015,5
5115,5
22537,5
43018,5
16010,5
83251,5
83265,5
5132,5
30676,5
5133,5
68078,5
55164,5
83281,5
30671,5
83277,5
55149,5
68087,5
55148,5
83269,5
5142,5
68091,5
43007,5
76792,5
5134,5
94489,5
25185,5
30733,5
42934,5
23796,5
55304,5
55303,5
42861,5
55298,5
5273,5
23794,5
83374,5
94353,5
94354,5
5264,5
67980,5
15898,5
5262,5
15900,5
15903,5
67976,5
83387,5
5259,5
21232,5
94313,5
94314,5
42831,5
94316,5
75460,5
5299,5
42832,5
42833,5
15846,5
83406,5
42839,5
30799,5
83402,5
30798,5
25183,5
94361,5
42876,5
42933,5
83357,5
5233,5
5232,5
55243,5
94393,5
94394,5
94396,5
30746,5
42925,5
94400,5
42926,5
83349,5
68002,5
83342,5
23790,5
94411,5
83355,5
55248,5
55280,5
30755,5
55277,5
5253,5
55274,5
83367,5
94370,5
42891,5
15905,5
94374,5
94375,5
42898,5
30758,5
5246,5
94380,5
55255,5
83360,5
22538,5
73889,5
16012,5
54983,5
30559,5
68216,5
68220,5
83142,5
21213,5
16130,5
4979,5
54970,5
68236,5
68237,5
94658,5
43188,5
54960,5
30543,5
54958,5
83147,5
54985,5
94666,5
30561,5
16077,5
5019,5
55023,5
55022,5
16082,5
68197,5
94624,5
55011,5
30575,5
25200,5
30572,5
75512,5
94634,5
76769,5
43166,5
54951,5
16143,5
55027,5
54922,5
30508,5
4934,5
68283,5
43218,5
83092,5
16164,5
68285,5
4930,5
54905,5
83086,5
94712,5
54901,5
68288,5
43229,5
16181,5
25203,5
16159,5
30539,5
4938,5
4963,5
94673,5
4956,5
76763,5
54938,5
94680,5
83109,5
43198,5
4950,5
43201,5
4944,5
68268,5
22559,5
4941,5
43205,5
83172,5
68191,5
30645,5
43051,5
75490,5
30615,5
94548,5
16028,5
94550,5
5087,5
55091,5
94553,5
43066,5
43070,5
68156,5
68162,5
5080,5
30604,5
30603,5
94544,5
5090,5
94566,5
43049,5
94516,5
16017,5
55124,5
43030,5
55122,5
83243,5
5105,5
94525,5
5104,5
68121,5
5100,5
30626,5
94534,5
83231,5
68133,5
55072,5
83210,5
94611,5
43103,5
55045,5
16059,5
68180,5
94595,5
5042,5
43119,5
83187,5
23758,5
22549,5
83185,5
16062,5
5038,5
76774,5
83176,5
21218,5
55048,5
22546,5
16043,5
68178,5
94569,5
55065,5
55064,5
43093,5
16050,5
83205,5
5065,5
5064,5
94578,5
55058,5
83201,5
94581,5
30597,5
30596,5
30595,5
6081,5
56377,5
91764,5
7228,5
85094,5
85093,5
40625,5
32640,5
40630,5
57650,5
40639,5
24012,5
57572,5
92331,5
65978,5
77049,5
32636,5
25026,5
7222,5
57631,5
57667,5
21398,5
92313,5
7236,5
7259,5
7257,5
65941,5
77054,5
92295,5
92296,5
85115,5
65947,5
65950,5
57691,5
40609,5
14154,5
65953,5
24017,5
7240,5
14171,5
57629,5
7215,5
92367,5
66009,5
21389,5
85058,5
92374,5
57595,5
92379,5
40681,5
85044,5
40685,5
7155,5
92385,5
57576,5
21379,5
66030,5
14214,5
92368,5
57601,5
57628,5
22262,5
57626,5
14174,5
85079,5
92346,5
40659,5
75170,5
65994,5
40666,5
57610,5
7199,5
7198,5
65998,5
66000,5
32628,5
66008,5
92288,5
7264,5
57706,5
85177,5
14106,5
40505,5
77065,5
40512,5
40516,5
65894,5
40517,5
77064,5
57768,5
40524,5
92227,5
92229,5
65900,5
57755,5
40532,5
65886,5
92209,5
7303,5
65884,5
32745,5
7341,5
92189,5
74139,5
7338,5
57807,5
85192,5
32739,5
14097,5
14099,5
85182,5
92203,5
57795,5
40497,5
92206,5
85161,5
22233,5
85123,5
40552,5
85141,5
65929,5
22238,5
57721,5
7274,5
40558,5
92273,5
57715,5
21404,5
40566,5
14135,5
85129,5
57709,5
92282,5
85124,5
75153,5
92260,5
21408,5
40551,5
7298,5
75151,5
85158,5
92242,5
92243,5
57745,5
92246,5
85156,5
32689,5
65915,5
57739,5
32687,5
32684,5
40548,5
92255,5
66033,5
32602,5
56378,5
66201,5
66190,5
92529,5
32482,5
92532,5
92533,5
92534,5
66198,5
84909,5
57566,5
84907,5
77026,5
23980,5
92542,5
40869,5
32471,5
32466,5
7005,5
57408,5
74099,5
84927,5
57440,5
66157,5
66160,5
40816,5
32508,5
66167,5
7020,5
7018,5
32506,5
66175,5
84931,5
23984,5
84929,5
40833,5
66178,5
84895,5
6994,5
84894,5
32453,5
32451,5
57363,5
14390,5
75220,5
77896,5
32445,5
32439,5
6957,5
40903,5
57349,5
32437,5
14397,5
84856,5
75228,5
66258,5
92579,5
14385,5
14367,5
84872,5
40879,5
32459,5
21365,5
32458,5
57374,5
14371,5
66224,5
14379,5
66227,5
6977,5
66228,5
6974,5
40891,5
40893,5
84873,5
40810,5
92499,5
57442,5
14243,5
40716,5
75172,5
57541,5
57540,5
40724,5
7117,5
66063,5
66064,5
14250,5
57531,5
40728,5
66078,5
66086,5
66087,5
7106,5
57547,5
32585,5
74110,5
32587,5
92395,5
92397,5
57561,5
92399,5
66041,5
57559,5
57557,5
21377,5
32596,5
40707,5
32594,5
66048,5
40709,5
66050,5
32588,5
57517,5
24003,5
40809,5
7060,5
57477,5
77035,5
66119,5
66129,5
14297,5
32528,5
40791,5
32527,5
66133,5
66134,5
32525,5
66141,5
14315,5
74103,5
57451,5
14287,5
32540,5
57514,5
77037,5
7103,5
85001,5
57512,5
7085,5
40755,5
14273,5
57495,5
40772,5
66106,5
84987,5
14277,5
66112,5
40782,5
14282,5
23996,5
85202,5
7354,5
22229,5
85452,5
13842,5
65565,5
85459,5
33030,5
91900,5
65570,5
7634,5
65572,5
92182,5
33028,5
91909,5
21449,5
24066,5
40188,5
40189,5
65592,5
40172,5
40171,5
40167,5
22193,5
65543,5
33056,5
91871,5
85474,5
24080,5
33054,5
58194,5
58191,5
65550,5
40154,5
58186,5
58184,5
58183,5
33052,5
40160,5
7624,5
85444,5
33005,5
58129,5
32974,5
32973,5
7579,5
77089,5
40241,5
13889,5
85410,5
65622,5
85407,5
75129,5
7568,5
85405,5
40256,5
40259,5
32969,5
65612,5
85422,5
33003,5
7599,5
58147,5
58143,5
85440,5
32998,5
91924,5
7618,5
32992,5
91928,5
7614,5
7611,5
22207,5
7607,5
65601,5
40204,5
32990,5
40148,5
65542,5
13832,5
91789,5
85545,5
65482,5
65492,5
7738,5
85533,5
58290,5
13773,5
85524,5
7728,5
13786,5
13793,5
58276,5
58275,5
65507,5
24093,5
85548,5
58309,5
91812,5
33111,5
77114,5
40032,5
58334,5
40035,5
91771,5
7768,5
58328,5
7762,5
58327,5
65466,5
13743,5
65469,5
24942,5
13745,5
58315,5
13796,5
91813,5
65538,5
91839,5
40110,5
33075,5
58236,5
40116,5
58232,5
13815,5
65521,5
65524,5
40122,5
85491,5
33070,5
77823,5
40142,5
40144,5
65537,5
40107,5
7684,5
91814,5
58243,5
7715,5
40082,5
85511,5
13801,5
58265,5
91823,5
58260,5
58257,5
7696,5
58252,5
85505,5
7688,5
33076,5
40106,5
58244,5
58091,5
32967,5
85402,5
74156,5
57914,5
65774,5
85272,5
65775,5
65776,5
92114,5
40407,5
40408,5
85261,5
14018,5
32803,5
7407,5
57890,5
22223,5
65804,5
85276,5
65768,5
85253,5
32836,5
57952,5
7440,5
65741,5
40363,5
40370,5
92089,5
22220,5
32859,5
65747,5
7431,5
13998,5
32858,5
92098,5
7417,5
65753,5
21420,5
32793,5
40357,5
57852,5
65844,5
57849,5
85218,5
75146,5
7373,5
40450,5
65850,5
7365,5
92172,5
14074,5
57836,5
32753,5
85205,5
57830,5
57829,5
65843,5
74146,5
32792,5
57859,5
7397,5
14032,5
65813,5
32787,5
7394,5
40426,5
85240,5
14038,5
65819,5
14043,5
92146,5
57869,5
40428,5
14047,5
40436,5
40360,5
65738,5
91969,5
85365,5
58050,5
85355,5
65692,5
58038,5
7525,5
92008,5
58033,5
74171,5
58031,5
32896,5
7519,5
7518,5
58028,5
58026,5
58022,5
58052,5
74172,5
13935,5
85367,5
77833,5
58085,5
85389,5
65650,5
40273,5
91981,5
40274,5
58069,5
91984,5
65656,5
58065,5
91988,5
32922,5
58062,5
40280,5
65701,5
40307,5
92072,5
24974,5
57969,5
13961,5
92054,5
92056,5
7465,5
7462,5
77845,5
92064,5
85305,5
77846,5
40351,5
40352,5
40353,5
57960,5
40354,5
32880,5
57977,5
92025,5
13953,5
92026,5
58014,5
92028,5
7507,5
7504,5
40308,5
58005,5
58003,5
7491,5
58002,5
13940,5
57994,5
92043,5
74164,5
92047,5
6950,5
40918,5
40927,5
25090,5
84359,5
41543,5
66832,5
14900,5
84353,5
14903,5
6381,5
93174,5
56862,5
93175,5
22378,5
56676,5
31884,5
66842,5
6366,5
41572,5
14894,5
66825,5
84366,5
56702,5
6431,5
41493,5
66786,5
66794,5
84391,5
31906,5
31897,5
14862,5
93148,5
21326,5
14874,5
41529,5
31894,5
31893,5
41531,5
41573,5
75305,5
6358,5
66877,5
6331,5
84316,5
66882,5
74018,5
41602,5
6324,5
93225,5
93227,5
93228,5
93229,5
66896,5
84303,5
66901,5
66907,5
23909,5
93213,5
56642,5
14915,5
56643,5
93189,5
14916,5
75308,5
77963,5
66857,5
84330,5
6345,5
41585,5
6344,5
6343,5
56652,5
66868,5
75309,5
14933,5
31868,5
31932,5
31939,5
14828,5
41394,5
84489,5
66663,5
32016,5
93051,5
41401,5
84480,5
93055,5
14744,5
41404,5
6509,5
93061,5
6500,5
41407,5
56821,5
41408,5
23923,5
14739,5
66686,5
6530,5
84514,5
77938,5
56859,5
93024,5
66640,5
32048,5
66644,5
93028,5
6544,5
93031,5
93033,5
14733,5
14734,5
6538,5
32026,5
25065,5
93068,5
31949,5
84448,5
84444,5
93098,5
56772,5
31968,5
56770,5
6453,5
66723,5
56767,5
6452,5
66725,5
75295,5
93114,5
31951,5
23912,5
66756,5
56776,5
23917,5
14759,5
93092,5
56807,5
25066,5
41428,5
25069,5
41434,5
93080,5
84459,5
84458,5
84457,5
31979,5
41442,5
14765,5
22364,5
84451,5
93091,5
93237,5
41613,5
14968,5
31705,5
67033,5
25110,5
21306,5
6163,5
84183,5
93377,5
15094,5
15096,5
41788,5
67058,5
56441,5
93386,5
67059,5
6146,5
56438,5
15073,5
93366,5
15106,5
15069,5
84213,5
56485,5
41744,5
6185,5
67008,5
56482,5
6180,5
84207,5
31722,5
15052,5
31720,5
41754,5
67015,5
15061,5
84197,5
31670,5
84159,5
56488,5
31613,5
41821,5
21301,5
93430,5
41822,5
56396,5
93433,5
6091,5
56391,5
56389,5
25113,5
93439,5
56385,5
67111,5
56381,5
22419,5
93425,5
15141,5
31663,5
31626,5
41796,5
93399,5
41797,5
31651,5
93404,5
56423,5
15132,5
41804,5
67092,5
56409,5
93416,5
56406,5
41818,5
93419,5
93420,5
6190,5
6196,5
75311,5
41650,5
6295,5
6289,5
56572,5
23906,5
75315,5
56565,5
6279,5
41666,5
31799,5
41669,5
84265,5
93282,5
6270,5
14998,5
75321,5
41653,5
25101,5
31797,5
66934,5
31833,5
31832,5
56616,5
66914,5
93248,5
14973,5
66919,5
56597,5
41640,5
56595,5
66922,5
31822,5
31820,5
93258,5
6302,5
14999,5
84261,5
31734,5
84238,5
41711,5
22405,5
56516,5
84235,5
84234,5
41713,5
6208,5
93326,5
41717,5
31764,5
15029,5
56506,5
41723,5
84223,5
31740,5
56521,5
75327,5
66945,5
66975,5
6259,5
22401,5
84258,5
25105,5
41691,5
31792,5
15008,5
66957,5
56532,5
75323,5
41702,5
66960,5
93306,5
31776,5
22402,5
6550,5
93014,5
40928,5
32295,5
75250,5
57185,5
92742,5
66391,5
92744,5
6809,5
22322,5
57175,5
41370,5
84732,5
57164,5
84726,5
6788,5
41100,5
84720,5
14537,5
14512,5
41062,5
14509,5
6820,5
6840,5
84761,5
6838,5
14489,5
6828,5
41046,5
66379,5
14496,5
84751,5
6826,5
77002,5
92729,5
41051,5
32304,5
32303,5
92764,5
32285,5
32283,5
84693,5
41137,5
14573,5
66429,5
32245,5
66437,5
6754,5
92798,5
14585,5
66438,5
66441,5
41148,5
32241,5
14595,5
6748,5
41150,5
41136,5
32251,5
92768,5
14569,5
66408,5
77913,5
74073,5
32255,5
41123,5
57135,5
92776,5
66415,5
41124,5
66420,5
84701,5
14558,5
84698,5
41129,5
21356,5
57226,5
92709,5
41035,5
57309,5
23968,5
92632,5
66298,5
14430,5
40972,5
84816,5
40975,5
6906,5
14431,5
32384,5
75235,5
92648,5
14438,5
92650,5
92653,5
32408,5
32409,5
66331,5
22300,5
84853,5
32432,5
6942,5
84850,5
14401,5
21364,5
66288,5
6931,5
92618,5
92619,5
40946,5
92621,5
40949,5
66294,5
40953,5
75236,5
22313,5
41033,5
57252,5
57251,5
57249,5
41019,5
32322,5
41025,5
57242,5
92694,5
84770,5
57236,5
14476,5
21359,5
92703,5
92704,5
6850,5
92706,5
66360,5
6862,5
57279,5
41017,5
32358,5
40989,5
84795,5
77008,5
14453,5
40997,5
6873,5
66346,5
32336,5
84783,5
57266,5
77007,5
22314,5
74087,5
74083,5
41156,5
84675,5
57110,5
56965,5
6612,5
32117,5
56952,5
56951,5
56950,5
41290,5
41291,5
6606,5
6605,5
84569,5
76974,5
92952,5
56942,5
56940,5
56937,5
14666,5
32121,5
14676,5
22351,5
66540,5
23937,5
32154,5
77926,5
6644,5
6642,5
84594,5
66551,5
56978,5
92922,5
41267,5
32132,5
74064,5
92927,5
92928,5
6601,5
66578,5
56994,5
6582,5
6581,5
6580,5
21346,5
14714,5
56889,5
66626,5
14715,5
56880,5
93001,5
41359,5
74056,5
6569,5
6567,5
6565,5
75275,5
66616,5
56898,5
84562,5
14706,5
74062,5
92962,5
14682,5
56925,5
41312,5
32101,5
56923,5
56922,5
84553,5
41313,5
77934,5
32085,5
14705,5
56908,5
84536,5
32157,5
41257,5
57107,5
66459,5
57073,5
92838,5
57072,5
14610,5
75260,5
32224,5
6712,5
57064,5
6711,5
57059,5
32222,5
92850,5
84643,5
92853,5
66476,5
66460,5
57083,5
57043,5
92832,5
6743,5
21355,5
57106,5
6740,5
57105,5
32236,5
84667,5
66451,5
32232,5
41166,5
41169,5
84663,5
92827,5
14601,5
84656,5
32214,5
41218,5
92904,5
57020,5
21353,5
84617,5
32169,5
75264,5
92890,5
66523,5
66526,5
32166,5
92896,5
57006,5
32160,5
84606,5
32159,5
22338,5
66536,5
66516,5
32179,5
57040,5
6666,5
41220,5
66484,5
32211,5
6691,5
6687,5
41227,5
66494,5
84630,5
92872,5
84627,5
84625,5
41236,5
6667,5
32184,5
66508,5
74716,5
