user_id,streamer
43043,295
50084,198
58337,197
14727,196
15026,196
83004,194
91505,192
53803,192
29447,192
61942,192
30086,186
85003,184
88872,159
45311,159
38226,159
45796,158
41091,154
17309,153
93772,150
17601,150
68046,148
65233,145
52858,144
95585,144
99304,142
74697,142
8321,141
16173,140
79264,138
93552,138
20009,138
52638,137
13645,135
34668,134
65949,133
21069,133
39593,132
55591,131
63266,130
42161,130
84367,130
82792,130
10545,129
52169,128
74969,127
87201,127
65184,127
67131,127
58148,126
39062,126
6695,126
7735,125
91685,124
68007,124
54738,124
92868,124
75466,123
94575,123
7741,122
93143,121
77239,121
94685,121
34591,120
69825,120
7093,119
59476,119
34922,119
1771,118
73494,118
39588,118
50368,118
81014,117
57939,117
64659,117
45652,117
67888,116
17212,116
41874,116
60171,116
28940,115
50819,115
91013,115
13818,114
10592,114
1936,114
93145,114
24251,114
65629,114
20362,114
79610,114
95164,113
93493,113
54581,113
72402,113
15145,113
69214,112
14798,112
95593,112
80889,112
60981,112
42989,112
71380,111
55912,111
17250,111
30106,110
47625,110
19211,110
25012,110
48978,110
12263,110
29490,110
2364,110
63621,110
77641,109
28480,109
66949,109
40213,109
19169,109
73323,109
7269,109
51524,109
95457,108
27689,108
80717,108
72248,108
38959,108
87010,107
99617,107
86018,107
36017,107
79498,107
43708,107
33706,107
2849,107
64007,107
51771,106
62409,106
64864,106
51694,106
84422,106
34930,106
40469,106
83019,106
41923,106
66493,106
34464,105
32006,105
50954,105
87881,105
41020,105
64511,105
81280,105
89825,105
17141,105
11144,105
17640,105
22310,105
37986,105
32733,105
63268,104
48835,104
39579,104
35660,104
80639,104
11945,104
686,104
38436,104
27195,104
62371,104
18733,104
83704,104
18016,104
59608,103
33618,103
34932,103
39405,103
32328,103
79669,103
79812,103
70613,103
53056,103
18396,103
79005,102
41541,102
5024,102
51818,102
6195,102
5055,102
24575,102
49738,102
30307,102
139,102
97818,101
9308,101
33462,101
62128,101
28516,101
53988,101
89440,101
26124,101
42067,101
31085,101
81412,100
86289,100
47792,100
52481,100
17898,100
82135,100
70633,100
48035,100
47933,99
58034,99
94795,99
46997,99
71803,99
86321,99
83748,99
71780,98
10494,98
95025,98
46536,98
93616,98
81442,98
95846,98
33403,98
13798,98
44476,98
82009,98
90799,98
29196,98
68343,97
49850,97
31356,97
67681,97
47236,97
97556,97
65314,97
88849,97
60482,97
2718,97
70848,97
65626,97
64507,97
45342,97
66637,97
71404,97
47130,97
35183,96
72913,96
49140,96
99370,96
34543,96
58362,96
56760,96
4395,96
82224,96
45102,95
75974,95
71321,95
96123,95
38589,95
12168,95
79544,95
52175,95
4313,95
15367,95
86509,95
89675,95
92778,94
8614,94
12433,94
83683,94
73442,94
51131,94
70326,94
22682,94
16456,94
54946,94
79762,94
27919,93
74362,93
92185,93
1372,93
44932,93
13411,93
43589,93
2078,93
9277,93
77830,93
95798,93
18674,93
4657,93
96209,92
51869,92
98863,92
45643,92
21717,92
5720,92
2777,92
361,92
96429,92
38399,92
53971,92
43853,92
64104,92
35244,92
27538,92
48989,92
66917,92
42815,92
2786,92
67724,92
72588,92
14956,92
73087,92
42261,91
98116,91
97916,91
34504,91
5785,91
67292,91
90553,91
64153,91
20582,91
50989,91
54574,91
15521,91
46014,91
13174,91
97768,91
67694,91
71957,91
12823,90
69204,90
38109,90
9161,90
17191,90
61495,90
75198,90
57565,90
77908,90
96935,90
88259,90
22148,90
57985,90
14948,90
28961,90
28809,90
99493,90
99776,90
93296,89
69702,89
17300,89
19226,89
5135,89
34760,89
77929,89
36527,89
59440,89
87904,89
31865,88
15985,88
77918,88
56279,88
39442,88
54446,88
23756,88
14619,88
87698,88
15595,88
85060,88
38344,88
27751,88
78942,88
80953,88
17051,88
90147,88
24303,88
89140,88
74058,88
98413,88
51637,87
49770,87
33038,87
28756,87
41005,87
32658,87
50074,87
95982,87
37583,87
89360,87
12172,87
96949,87
83848,87
28240,87
57341,87
52501,87
72296,87
91141,86
50762,86
49357,86
81867,86
49271,86
44781,86
92429,86
71225,86
43287,86
5121,86
5399,86
3535,86
8293,86
29947,86
34284,86
16544,86
353,86
99981,86
86847,86
18302,86
80805,86
76475,86
13414,86
28775,86
61839,86
22841,86
35325,85
39735,85
53905,85
85982,85
93503,85
76333,85
58499,85
80032,85
46183,85
13151,85
89052,85
74589,85
50288,85
74812,85
8376,85
58838,85
93555,85
75354,85
12070,85
4427,85
42322,84
36039,84
39229,84
78512,84
92739,84
27443,84
73729,84
49484,84
38254,84
12145,84
88809,84
21770,84
19594,84
43596,84
19707,84
37794,84
39509,84
63939,84
15129,84
42857,84
57723,84
84890,84
79334,84
83858,84
87380,84
98409,84
19521,84
10774,84
43208,84
16196,83
80094,83
77275,83
78641,83
26195,83
55461,83
5009,83
60242,83
15883,83
6003,83
33237,83
97530,83
5014,83
38005,83
47952,83
85461,83
67227,83
80457,83
93199,83
74261,83
46470,83
77183,83
70840,83
41929,83
32622,83
82004,83
88552,83
13720,83
14060,83
949,82
36602,82
59526,82
6925,82
24288,82
47151,82
54788,82
74714,82
75850,82
42095,82
50320,82
59148,82
80903,82
22544,82
71341,82
23777,82
80980,82
4784,82
30741,82
57905,82
90997,82
33566,82
99069,82
50935,82
93392,82
68161,82
60838,82
43819,82
32661,82
87060,82
14361,82
22530,82
40788,82
19786,82
47684,82
35286,82
94731,81
49648,81
47698,81
2306,81
77890,81
15619,81
40693,81
83664,81
43094,81
76859,81
9043,81
24973,81
45898,81
93793,81
66619,81
69415,81
37585,81
93810,81
49721,81
50136,81
674,81
47255,81
86247,81
54608,81
77863,81
10689,81
22609,81
82663,81
4781,81
66244,81
91291,81
27593,81
90175,81
38483,81
13331,81
65170,80
39432,80
97029,80
52677,80
4782,80
96283,80
51811,80
7612,80
15185,80
47786,80
52744,80
87551,80
27209,80
14911,80
57195,80
43748,80
32904,80
28497,80
90445,80
47992,80
91605,80
71091,80
77214,80
71765,80
26609,80
20952,80
91724,80
45948,80
1773,80
95384,80
72405,79
27031,79
90700,79
19535,79
56178,79
16029,79
28419,79
23377,79
73728,79
24418,79
30052,79
88902,79
91804,79
2349,79
27359,79
17464,79
417,79
73116,79
37129,79
94780,79
13768,79
94385,79
13550,79
17144,79
15759,79
89959,79
78148,79
45502,79
65349,79
31153,79
58234,79
22241,79
40704,79
59524,79
10967,79
34806,79
82443,79
91471,79
16091,78
721,78
69600,78
8326,78
27644,78
49581,78
71817,78
50354,78
34341,78
86792,78
29618,78
39856,78
53002,78
29828,78
60051,78
64491,78
93153,78
38673,78
60737,78
95392,78
76424,78
78231,78
4564,78
58919,78
49407,78
40127,78
7645,78
9878,78
51391,78
29782,78
2629,78
91674,78
87077,77
3890,77
23469,77
88608,77
82151,77
30484,77
81744,77
65627,77
83010,77
36261,77
45623,77
43350,77
2006,77
36012,77
18969,77
39118,77
83148,77
77108,77
54434,77
72161,77
47237,77
38353,77
3390,77
13014,77
43144,77
93295,77
92208,77
14382,77
90205,77
27153,77
42742,77
24501,76
80146,76
91241,76
44996,76
28800,76
43301,76
28550,76
38716,76
14698,76
92681,76
59149,76
64897,76
782,76
2555,76
85187,76
69001,76
3590,76
30334,76
96255,76
17577,76
49338,76
50722,76
52792,76
89232,76
15409,76
50498,76
52763,76
47244,76
80545,76
21742,76
16194,76
92689,76
14599,76
31549,76
88987,76
44885,76
68494,76
79691,76
32198,76
6548,76
19242,75
33191,75
26056,75
19256,75
21422,75
49907,75
66991,75
7693,75
79758,75
38157,75
68688,75
37642,75
32982,75
20075,75
57060,75
99050,75
93640,75
98638,75
79006,75
21835,75
65413,75
72198,75
80731,75
87348,75
33565,75
6269,75
16803,75
43849,75
47433,75
27238,75
96363,75
93134,75
27778,75
24959,75
16101,75
32920,75
95221,75
82213,75
71042,75
24669,75
30777,75
82580,75
26872,75
52136,75
33823,75
79706,75
39574,74
20927,74
87196,74
17746,74
86928,74
10078,74
27730,74
4218,74
93246,74
55911,74
8711,74
43803,74
63866,74
93110,74
6641,74
14316,74
63276,74
72196,74
18153,74
3823,74
42792,74
94752,74
38674,74
74072,74
33002,74
13955,74
22217,74
57011,74
72746,74
36956,74
1494,74
94362,74
72293,74
18466,74
77091,74
80627,74
71427,74
66219,74
88843,74
11668,74
12474,74
41521,74
35497,74
73326,74
34833,74
84605,74
72558,74
55,74
56466,74
34808,73
74091,73
85496,73
55603,73
63924,73
70766,73
77551,73
29131,73
42879,73
1830,73
47275,73
77710,73
60013,73
80581,73
92633,73
23037,73
64908,73
87516,73
65147,73
1866,73
96768,73
66533,73
37100,73
30343,73
88616,73
59383,73
28355,73
72278,73
17201,73
68684,73
90136,73
80632,73
12503,73
37199,73
6910,73
99563,73
99622,73
4492,73
13797,73
64697,73
99795,73
33511,73
12293,73
15615,72
66442,72
7900,72
86806,72
52265,72
60854,72
90257,72
89499,72
15410,72
92913,72
61311,72
58166,72
64660,72
32191,72
21925,72
12479,72
14871,72
35614,72
76454,72
6140,72
78230,72
31638,72
76657,72
29458,72
70038,72
13132,72
7608,72
68863,72
17820,72
25410,72
95608,72
87272,72
76488,72
9791,72
34248,72
17658,72
82769,72
80645,72
32775,72
14989,72
92363,72
53955,72
92357,72
17118,72
88051,72
43862,72
58009,72
96798,72
549,72
31400,72
82368,72
46291,72
32932,72
97149,72
15778,72
97815,72
93660,72
57417,72
39672,71
12437,71
17359,71
95340,71
44846,71
55029,71
14386,71
51791,71
91767,71
53590,71
91659,71
87244,71
28071,71
95028,71
63055,71
91181,71
31419,71
63922,71
88527,71
10220,71
74326,71
14118,71
35241,71
69009,71
81869,71
35999,71
94767,71
8890,71
31873,71
21926,71
82018,71
41059,71
58829,71
15878,71
21882,71
16661,71
56483,71
48840,71
68889,71
33886,71
23574,71
57698,71
38225,71
50684,71
63304,71
64714,71
6829,71
32730,71
40158,71
96373,71
42053,71
67912,71
21260,71
95347,71
78426,71
36932,71
4261,71
99466,71
12358,70
28906,70
34359,70
16371,70
64418,70
40364,70
56757,70
87927,70
42444,70
50131,70
47632,70
4438,70
60828,70
76174,70
80523,70
96525,70
83248,70
17670,70
55682,70
1116,70
31680,70
56626,70
27334,70
59392,70
59211,70
97739,70
49724,70
94960,70
29402,70
98774,70
98620,70
36340,70
69882,70
13803,70
84108,70
74233,70
52599,70
90694,70
99821,70
78661,70
12824,70
44709,70
78686,70
53806,70
68604,70
79741,70
37695,70
14980,70
32681,70
94772,70
53749,70
35849,70
4662,70
97128,70
63593,70
62516,70
3043,70
61264,70
94151,70
91286,69
55463,69
73352,69
1474,69
70432,69
52497,69
80584,69
73760,69
58111,69
97403,69
53415,69
93808,69
52213,69
94147,69
36254,69
28854,69
99689,69
29017,69
47902,69
59219,69
28260,69
38203,69
16134,69
37906,69
46702,69
5243,69
92936,69
72434,69
33584,69
66341,69
65802,69
66230,69
66353,69
36486,69
72204,69
99801,69
57012,69
22856,69
38534,69
1820,69
30256,69
39533,69
34489,69
90598,69
34761,69
32551,69
23242,69
62497,69
62193,69
36953,69
75143,69
99823,69
37507,69
80568,69
74943,69
67968,69
51589,69
20473,69
66049,69
82566,69
54990,69
16166,68
60783,68
94816,68
49180,68
30236,68
99788,68
95350,68
19070,68
96382,68
68932,68
33934,68
97377,68
25731,68
85153,68
95291,68
70034,68
28372,68
96112,68
81939,68
66605,68
13408,68
71139,68
72348,68
90353,68
35727,68
70515,68
6290,68
12723,68
26844,68
85777,68
71814,68
25208,68
12966,68
66730,68
15169,68
44683,68
4146,68
63799,68
80196,68
59753,68
59142,68
21052,68
61399,68
12090,68
82641,68
59012,68
1463,68
97531,68
17987,68
76060,68
48340,68
62112,68
90054,68
83968,68
54025,68
25360,68
38126,68
21350,68
17009,68
48222,68
82732,68
53688,68
20982,68
66027,68
64514,68
80393,68
71187,68
22308,68
67003,68
82369,68
46495,68
72857,67
20313,67
20762,67
98524,67
90681,67
81688,67
82374,67
86391,67
72608,67
2418,67
50361,67
66566,67
86093,67
72977,67
94562,67
74007,67
77356,67
62352,67
50731,67
69316,67
1854,67
20143,67
75383,67
33161,67
54472,67
91311,67
19906,67
74893,67
38317,67
80039,67
41698,67
70062,67
22157,67
89048,67
83366,67
39245,67
42192,67
50118,67
20989,67
42121,67
38092,67
14589,67
43117,67
22943,67
80106,67
96942,67
53562,67
33957,67
22971,67
31013,67
41505,67
29817,67
38329,67
95447,67
3943,67
11232,67
31050,67
10633,67
28836,67
41527,67
88079,67
69625,67
42256,67
45773,67
25224,67
69789,67
24874,67
73747,67
45498,67
43463,67
76619,67
46781,67
11884,67
69500,67
77950,67
69894,67
7352,67
29768,67
53343,66
78283,66
93799,66
98604,66
47336,66
96333,66
22284,66
85956,66
27942,66
38602,66
8705,66
87048,66
62091,66
26674,66
77800,66
40602,66
41676,66
62498,66
83752,66
20029,66
77530,66
69617,66
27149,66
40202,66
67790,66
60612,66
95080,66
92453,66
69626,66
38675,66
66504,66
43844,66
63382,66
93700,66
93088,66
28090,66
33826,66
83990,66
87646,66
28835,66
57834,66
48708,66
86741,66
78896,66
65085,66
62574,66
14582,66
86768,66
96028,66
62597,66
40865,66
11186,66
45780,66
76569,66
61872,66
82250,66
65305,66
21806,66
63129,66
64268,66
58633,66
34078,66
61256,66
36347,66
87220,66
59769,66
13913,66
75037,66
44268,66
52733,66
18045,66
47592,66
89396,66
21604,66
12666,66
71246,66
37432,66
70931,66
27422,66
2357,66
73435,65
99028,65
46164,65
78438,65
36920,65
37030,65
91187,65
7478,65
90168,65
69774,65
7490,65
26422,65
25377,65
55331,65
88858,65
50463,65
17654,65
27853,65
66205,65
35934,65
42410,65
89458,65
1491,65
52082,65
2265,65
45569,65
34433,65
94886,65
62326,65
4108,65
72054,65
8669,65
33679,65
80347,65
85736,65
57154,65
68182,65
50663,65
26392,65
46011,65
81871,65
85559,65
97121,65
33172,65
86647,65
18404,65
8013,65
28728,65
25576,65
24549,65
34090,65
51623,65
63395,65
89852,65
99484,65
28609,65
62561,65
94133,65
2776,65
26142,65
21347,65
73265,65
91807,65
95319,65
29232,65
49159,65
22305,65
1933,65
30351,65
18291,65
74036,65
40239,65
98242,64
47611,64
46668,64
8072,64
10404,64
37212,64
59691,64
47223,64
57792,64
222,64
91538,64
32074,64
79985,64
6715,64
58615,64
19408,64
46362,64
22805,64
83776,64
81753,64
99079,64
30058,64
1071,64
69741,64
96455,64
91824,64
26003,64
32971,64
67384,64
90893,64
39337,64
55186,64
7445,64
20087,64
22399,64
83487,64
55816,64
89408,64
73038,64
62600,64
75657,64
88952,64
80626,64
92942,64
99683,64
79273,64
29801,64
7646,64
94509,64
75115,64
46092,64
95936,64
36876,64
31209,64
30473,64
4279,64
17003,64
97775,64
46173,64
36447,64
1362,64
4335,64
84881,64
45874,64
74642,64
31930,64
12214,64
83080,64
27926,64
77297,64
43888,64
81517,64
17797,64
16756,64
37484,64
38375,64
88129,64
85431,64
37348,64
8761,64
83941,64
29033,64
42586,64
20485,64
7818,64
89332,64
18005,64
88449,64
72094,64
95320,64
41217,64
75138,64
22418,64
27459,64
29850,63
51364,63
74342,63
23769,63
94621,63
39774,63
15347,63
69246,63
20196,63
74803,63
96783,63
15854,63
76701,63
72478,63
10429,63
54883,63
33687,63
73675,63
45530,63
69470,63
54315,63
43701,63
73993,63
44187,63
9879,63
25342,63
28644,63
98678,63
80275,63
53151,63
99217,63
13394,63
94378,63
84112,63
59964,63
66969,63
35720,63
70682,63
30215,63
40184,63
17390,63
85352,63
69651,63
41764,63
77485,63
38419,63
6708,63
59543,63
59513,63
10735,63
50985,63
75889,63
65449,63
30962,63
16522,63
81682,63
65824,63
68922,63
19975,63
86183,63
97117,63
3718,63
46177,63
47409,63
73877,63
46691,63
24720,63
62788,63
5197,63
87752,63
39714,63
57580,63
70025,63
56469,63
62764,63
84565,63
37081,63
83810,63
98916,63
33264,63
88399,63
14050,63
19811,63
93884,63
68029,63
12692,63
78072,63
70487,63
18422,63
31264,62
500,62
83089,62
55657,62
58757,62
64378,62
80969,62
83063,62
23734,62
96711,62
65329,62
62389,62
16672,62
47610,62
20144,62
71734,62
91081,62
27667,62
75127,62
17944,62
15480,62
1677,62
75049,62
74351,62
43747,62
94626,62
35407,62
98883,62
69594,62
55151,62
31450,62
96144,62
78798,62
82398,62
55180,62
83412,62
2472,62
29130,62
77241,62
82694,62
98302,62
71095,62
49945,62
41672,62
36627,62
54629,62
94143,62
41562,62
46508,62
85380,62
8190,62
22910,62
14503,62
98726,62
39778,62
91632,62
69502,62
88655,62
70227,62
39804,62
34110,62
17263,62
79925,62
12470,62
65896,62
79981,62
37177,62
12378,62
16113,62
12860,62
50441,62
40653,62
36402,62
16433,62
96855,62
69758,62
74493,62
31700,62
92601,62
98109,62
17872,62
35010,62
83871,62
43322,62
72251,62
81266,62
18976,62
42026,62
63066,62
23337,62
85792,62
2297,62
99125,62
9587,62
44646,62
52857,62
33485,62
76808,62
25246,62
20055,62
1618,62
9102,61
32618,61
42695,61
2154,61
17919,61
17790,61
21814,61
54156,61
40744,61
94814,61
6741,61
5054,61
21804,61
76140,61
42805,61
58302,61
55845,61
43077,61
38401,61
3421,61
58587,61
38712,61
80566,61
92751,61
74140,61
88492,61
90866,61
66546,61
92795,61
99736,61
71893,61
11464,61
95945,61
93321,61
16363,61
8881,61
76364,61
83160,61
11279,61
51320,61
61007,61
90327,61
93550,61
47945,61
43877,61
39936,61
11950,61
7932,61
49780,61
82920,61
91268,61
29982,61
25006,61
43189,61
46313,61
78805,61
25213,61
63072,61
5625,61
74451,61
68350,61
85019,61
45025,61
91865,61
78626,61
5962,61
82253,61
59858,61
37696,61
93373,61
43949,61
98423,61
84762,61
41727,61
95084,61
49936,61
16975,61
53852,61
82306,61
64126,61
54625,61
78658,61
41135,61
32968,61
94359,61
15179,61
55375,61
49991,61
17037,61
76912,61
96982,61
22951,61
98232,61
44988,61
69472,61
96750,61
11696,61
54831,61
33213,61
20163,61
34741,61
5322,61
25836,61
87154,61
72172,61
78904,61
57421,61
8707,61
74765,61
22948,61
16610,61
10600,61
71785,61
98844,61
77666,61
33195,61
89983,61
26447,61
24089,61
20567,61
32562,61
90045,61
65205,60
86913,60
39494,60
71514,60
46528,60
28052,60
60666,60
9077,60
44949,60
54627,60
22337,60
37331,60
76435,60
81318,60
22257,60
41377,60
56014,60
72760,60
63262,60
24345,60
49943,60
78296,60
98507,60
33350,60
33105,60
26144,60
2762,60
38615,60
1315,60
90068,60
99882,60
9186,60
18344,60
75570,60
17834,60
91788,60
51880,60
89896,60
88837,60
18191,60
84917,60
28015,60
68336,60
72009,60
97072,60
39549,60
80057,60
79489,60
43899,60
90808,60
18217,60
2861,60
84957,60
53491,60
47535,60
7598,60
58203,60
72188,60
80398,60
32826,60
34937,60
56867,60
61268,60
55450,60
54067,60
82890,60
5426,60
20244,60
74221,60
51379,60
36934,60
88058,60
46326,60
36916,60
46170,60
15802,60
42075,60
29549,60
40926,60
36278,60
17995,60
1792,60
93307,60
88212,60
77878,60
85808,60
64459,60
66292,60
3321,60
15290,60
99659,60
99201,60
57885,60
94363,60
89411,60
81847,60
94340,60
32810,60
70998,60
65224,60
91336,60
43997,60
90562,60
64827,60
16886,60
8957,60
73518,60
31025,60
80987,60
59656,60
96960,60
32611,60
28846,60
6395,60
89400,60
93265,60
34673,60
7362,60
44020,60
36779,60
83021,60
13117,59
62406,59
26657,59
32595,59
95446,59
87079,59
39019,59
79611,59
95899,59
90056,59
37278,59
5040,59
90014,59
5043,59
2628,59
31208,59
54003,59
68797,59
9340,59
81511,59
94888,59
24232,59
11563,59
52896,59
30935,59
76732,59
13279,59
95546,59
45984,59
76418,59
27423,59
72773,59
19240,59
40393,59
18041,59
38735,59
89534,59
51129,59
58534,59
30664,59
2461,59
96299,59
20309,59
95795,59
9738,59
68543,59
60450,59
31464,59
13006,59
36931,59
88273,59
12104,59
71088,59
39924,59
11303,59
31440,59
28149,59
96227,59
66342,59
58384,59
43780,59
41943,59
98643,59
637,59
78587,59
98621,59
34882,59
33087,59
82416,59
84184,59
22145,59
15536,59
49604,59
8377,59
54673,59
42196,59
69341,59
33535,59
65647,59
48510,59
57407,59
84947,59
1052,59
82056,59
50019,59
63715,59
29821,59
49954,59
24915,59
57057,59
66347,59
57462,59
72876,59
35178,59
35553,59
29705,59
805,59
92473,59
48280,59
15827,59
40,59
21472,59
16361,59
92881,59
90,59
64985,59
36214,59
5373,59
99885,59
72974,59
93285,59
56554,59
91179,59
13919,59
49173,59
36138,59
75057,59
85781,59
65217,59
94408,59
47571,59
54544,59
50753,59
90981,59
18038,58
30175,58
24029,58
20916,58
87302,58
41462,58
79926,58
61726,58
44573,58
51276,58
13791,58
19777,58
89777,58
10046,58
80025,58
44120,58
85224,58
95330,58
17584,58
44742,58
54531,58
51480,58
91430,58
36088,58
44081,58
70897,58
63339,58
59098,58
8325,58
2280,58
63441,58
66028,58
73226,58
53914,58
32906,58
41309,58
69450,58
33142,58
46995,58
37287,58
97335,58
85871,58
86357,58
7806,58
74690,58
6502,58
99680,58
49500,58
80468,58
99650,58
83228,58
3872,58
23317,58
95943,58
88202,58
19357,58
89065,58
21352,58
83163,58
65402,58
83137,58
78402,58
31384,58
57310,58
88935,58
38568,58
31489,58
76348,58
11227,58
34220,58
78151,58
42858,58
29135,58
99859,58
80745,58
49060,58
64871,58
184,58
55792,58
71853,58
21870,58
11725,58
7425,58
3191,58
23860,58
87643,58
84722,58
67137,58
91041,58
87611,58
27906,58
6027,58
22092,58
35300,58
74662,58
91929,58
82680,58
87480,58
76887,58
96955,58
27873,58
7723,58
89299,58
88048,58
88044,58
87985,58
49666,58
84340,58
27276,58
92261,58
23841,58
19522,58
68128,58
71652,58
64205,58
49834,58
77827,58
75435,58
98924,58
28312,58
58113,58
98099,58
26748,58
44442,58
20466,58
94748,58
94789,58
86322,58
77236,58
40324,58
20373,58
62548,58
54117,58
9321,58
13626,58
47424,58
62649,58
77291,57
50228,57
66431,57
29036,57
67816,57
61840,57
2304,57
73946,57
35478,57
21024,57
1620,57
46489,57
40998,57
65468,57
25973,57
37082,57
54331,57
14794,57
88725,57
8839,57
63801,57
14264,57
82768,57
10769,57
63931,57
58396,57
74220,57
78966,57
82210,57
67818,57
63101,57
25187,57
58647,57
55448,57
75225,57
77016,57
20496,57
88102,57
29779,57
65687,57
74801,57
42922,57
71021,57
32256,57
86092,57
90514,57
52787,57
27207,57
53482,57
19016,57
54599,57
87490,57
13585,57
6139,57
29877,57
72809,57
19739,57
93989,57
20267,57
9907,57
31616,57
9898,57
26203,57
46445,57
94221,57
35484,57
45871,57
60903,57
40994,57
89901,57
58894,57
71324,57
44001,57
13687,57
16080,57
47810,57
29145,57
38913,57
8096,57
36547,57
69314,57
3928,57
11047,57
26368,57
1889,57
54650,57
67184,57
46446,57
48471,57
31622,57
32577,57
14369,57
94695,57
93007,57
45510,57
91578,57
3102,57
58730,57
47327,57
72242,57
29552,57
65545,57
35405,57
76978,57
12391,57
96225,57
19904,57
64314,57
62637,57
60170,57
28774,57
25783,57
24456,57
6294,57
32875,57
94778,57
76221,57
7322,57
19700,57
56561,57
49662,57
70492,57
39831,57
13128,57
18881,57
51976,57
43814,57
57990,57
91887,57
25760,57
93771,57
92330,57
15625,57
13039,57
69850,57
95019,57
48970,57
7901,57
10154,57
98814,57
1235,57
4412,57
71477,57
82909,57
1851,57
94954,57
81074,57
12686,57
4559,57
21791,57
67016,57
39103,57
51128,57
44,57
23046,57
76553,57
82936,57
69431,57
51612,57
68413,57
7061,56
74554,56
48489,56
91588,56
57740,56
901,56
55846,56
66891,56
71124,56
98688,56
42367,56
71513,56
62573,56
20861,56
43468,56
97050,56
38322,56
44413,56
35796,56
48998,56
69622,56
57181,56
17031,56
33973,56
74603,56
21446,56
66557,56
23918,56
48913,56
69412,56
240,56
29370,56
76998,56
86996,56
5972,56
38369,56
55773,56
12163,56
41393,56
80970,56
16431,56
18987,56
39454,56
49011,56
10185,56
33206,56
8371,56
73239,56
39552,56
36315,56
29051,56
84085,56
82061,56
26910,56
13280,56
2719,56
55585,56
34151,56
93516,56
26763,56
27991,56
32558,56
10449,56
27243,56
42252,56
22683,56
331,56
37450,56
81780,56
62287,56
81038,56
77639,56
19547,56
45815,56
54497,56
83584,56
14615,56
41008,56
81393,56
68340,56
85774,56
76083,56
89315,56
15296,56
22966,56
79217,56
21384,56
25781,56
61145,56
26507,56
5894,56
25587,56
13135,56
86667,56
22496,56
55096,56
97180,56
36739,56
55537,56
26524,56
86695,56
47458,56
92268,56
59944,56
67686,56
52277,56
71931,56
97774,56
79270,56
98829,56
46299,56
81452,56
34994,56
78054,56
63648,56
60445,56
10364,56
35080,56
80211,56
25010,56
73320,56
89133,56
73898,56
43329,56
96291,56
43973,56
61309,56
63194,56
86469,56
54579,56
80621,56
93607,56
56213,56
39307,56
53451,56
97274,56
53869,56
23659,56
48531,56
42133,56
57394,56
36989,56
54175,56
15507,56
25800,56
15121,56
91310,56
6362,56
3660,56
29454,55
93797,55
12267,55
24327,55
90006,55
92470,55
10816,55
78807,55
45085,55
71379,55
68388,55
1825,55
51632,55
98866,55
13664,55
82604,55
1939,55
91874,55
69943,55
65854,55
77346,55
73389,55
37553,55
33239,55
82710,55
73441,55
46579,55
11475,55
3827,55
22911,55
30824,55
21799,55
87465,55
91657,55
25796,55
37302,55
3375,55
74237,55
95338,55
58612,55
54865,55
12559,55
385,55
48144,55
95937,55
39578,55
40713,55
11486,55
97200,55
65280,55
87239,55
18415,55
70703,55
57493,55
10560,55
96480,55
93335,55
90663,55
87430,55
83925,55
15818,55
80332,55
14708,55
31119,55
63895,55
54112,55
55612,55
68856,55
3215,55
78657,55
18786,55
90239,55
50522,55
90604,55
18084,55
59916,55
79200,55
12818,55
57773,55
47681,55
12064,55
53190,55
96348,55
38594,55
70975,55
51054,55
14141,55
81776,55
37710,55
80354,55
66636,55
65631,55
33746,55
75495,55
61088,55
21988,55
58854,55
84437,55
28180,55
68764,55
45836,55
91267,55
31986,55
92898,55
30227,55
93405,55
66233,55
57889,55
31467,55
36001,55
80392,55
14027,55
66214,55
7648,55
45686,55
90300,55
36942,55
14035,55
47463,55
12835,55
90610,55
32782,55
35664,55
38729,55
76015,55
78542,55
74601,55
91533,55
77412,55
94568,55
42193,55
33108,55
84323,55
94116,55
92645,55
1296,55
11143,55
65531,55
3586,55
32354,55
72355,55
10551,55
36247,55
42751,55
21927,55
72203,55
92631,55
38131,55
57244,55
85960,55
98310,55
99782,55
38383,55
44158,55
201,55
28816,55
78991,55
97842,55
69380,55
86160,55
36195,55
62087,55
77174,55
49395,55
85512,55
94880,55
17612,55
92030,55
70597,55
27328,55
690,54
73782,54
12312,54
68129,54
42085,54
33297,54
80350,54
62494,54
59947,54
39126,54
83057,54
80305,54
92216,54
99414,54
71671,54
93523,54
96757,54
82042,54
27124,54
529,54
36655,54
48824,54
78714,54
32146,54
43547,54
29728,54
58335,54
25333,54
18516,54
6072,54
15602,54
863,54
80452,54
7344,54
33445,54
13525,54
77993,54
33395,54
23914,54
93743,54
99021,54
87553,54
28776,54
86502,54
23856,54
55301,54
14844,54
40593,54
14768,54
33713,54
13417,54
81389,54
60861,54
82851,54
52312,54
52144,54
75341,54
18419,54
74541,54
90597,54
15088,54
10684,54
10295,54
49892,54
82804,54
34657,54
70595,54
79427,54
25301,54
32250,54
82407,54
22239,54
22292,54
58632,54
34431,54
20330,54
95023,54
78282,54
17903,54
75417,54
11391,54
94453,54
58157,54
73900,54
85369,54
32849,54
40058,54
66109,54
18267,54
62317,54
23500,54
37001,54
3804,54
48907,54
93990,54
32575,54
81781,54
30135,54
45758,54
4756,54
24703,54
31595,54
51566,54
19227,54
98330,54
63480,54
51356,54
1526,54
85280,54
98394,54
54569,54
29278,54
41327,54
90027,54
14093,54
8247,54
54822,54
49416,54
35700,54
44645,54
45672,54
81761,54
17325,54
78310,54
62062,54
28546,54
1168,54
46688,54
72431,54
32876,54
3724,54
58492,54
15967,54
47604,54
36222,54
20019,54
71425,54
51488,54
20524,54
99670,54
74145,54
17927,54
13111,54
69585,54
74726,54
39664,54
85045,54
86945,54
78179,54
85578,54
74255,54
93182,54
21388,54
85568,54
14696,54
95453,54
46710,54
13684,54
86693,54
30530,54
97252,54
70226,54
57395,54
7014,54
24401,54
87318,54
73327,54
76186,54
74131,53
33765,53
57034,53
62220,53
99485,53
54607,53
78297,53
7001,53
57846,53
79125,53
71584,53
93383,53
73730,53
30290,53
80593,53
64156,53
89461,53
97526,53
71140,53
14100,53
64527,53
76088,53
82811,53
52569,53
65429,53
74920,53
37746,53
30352,53
10288,53
71279,53
47337,53
11028,53
80187,53
60194,53
36102,53
25296,53
24612,53
13106,53
36817,53
46274,53
42049,53
69813,53
73014,53
6263,53
67316,53
34899,53
65579,53
94483,53
93450,53
11889,53
79661,53
59963,53
2068,53
24305,53
38544,53
99371,53
42755,53
7467,53
72971,53
65527,53
79262,53
91088,53
21945,53
67342,53
36781,53
78193,53
7484,53
94511,53
26793,53
33691,53
53924,53
86731,53
64466,53
42645,53
36617,53
37820,53
21286,53
53253,53
23815,53
90329,53
9441,53
49125,53
69267,53
89187,53
80722,53
11980,53
70161,53
72817,53
1905,53
97625,53
88035,53
92205,53
678,53
19540,53
29538,53
23800,53
77870,53
63033,53
42018,53
50712,53
24626,53
68031,53
13047,53
31934,53
86162,53
69657,53
29052,53
77617,53
32315,53
58625,53
1228,53
88920,53
5736,53
37574,53
98973,53
4490,53
63594,53
71855,53
96023,53
94836,53
99691,53
15715,53
19879,53
20880,53
57530,53
12565,53
73264,53
48051,53
76979,53
71011,53
64781,53
88900,53
48921,53
59275,53
79367,53
7746,53
59548,53
81567,53
85225,53
94068,53
24046,53
72392,53
70731,53
43447,53
46590,53
54277,53
69953,53
92564,53
72422,53
89009,53
35384,53
7275,53
80486,53
22149,53
25787,53
29444,53
14679,53
24958,53
24980,53
46669,53
39708,53
64735,53
87333,53
61705,53
20914,53
24020,53
70006,53
75166,53
62570,53
979,53
30828,53
80875,53
40654,53
79951,53
14608,53
44997,53
14772,53
38250,53
39826,53
40759,53
50882,53
70774,53
43430,53
32371,53
10736,53
62553,53
6401,53
83801,53
85526,53
30963,53
36700,53
68630,53
86550,53
53757,53
5602,53
38345,53
18157,53
44798,53
18133,53
37659,53
16369,53
66561,53
56376,53
4231,53
41229,53
14284,53
74166,53
46521,53
6040,53
70811,53
35174,53
37214,53
79024,53
94651,53
76226,53
37208,53
54785,53
82783,53
57348,53
81611,53
63917,53
26272,53
78726,53
67153,53
95612,53
44561,53
69654,53
19386,53
28988,52
70306,52
77254,52
76544,52
64749,52
53060,52
11385,52
83145,52
52480,52
49209,52
19132,52
42931,52
26691,52
80411,52
33989,52
70100,52
18863,52
93194,52
3354,52
67719,52
6821,52
99619,52
7011,52
92765,52
78349,52
3917,52
96058,52
31564,52
20354,52
92365,52
93057,52
19146,52
86367,52
84022,52
86377,52
67668,52
67635,52
88712,52
76461,52
67454,52
72157,52
88583,52
47335,52
17788,52
73839,52
92915,52
10597,52
42705,52
65365,52
6842,52
6843,52
58501,52
34139,52
89136,52
56763,52
26649,52
56535,52
16300,52
90754,52
23435,52
45452,52
67803,52
83107,52
10915,52
88020,52
19452,52
69849,52
64862,52
2189,52
59618,52
54773,52
24102,52
10163,52
20612,52
61518,52
41646,52
82699,52
18170,52
95524,52
41317,52
51553,52
35322,52
71352,52
25020,52
82674,52
32361,52
68744,52
41683,52
58659,52
59153,52
47984,52
66132,52
9658,52
86979,52
81672,52
23859,52
63976,52
27874,52
1396,52
67136,52
51518,52
98543,52
48440,52
94168,52
95366,52
66829,52
78799,52
14766,52
20585,52
64390,52
65875,52
55063,52
74736,52
17169,52
30440,52
4431,52
20882,52
2133,52
97783,52
36015,52
36333,52
66921,52
51691,52
14538,52
12992,52
14541,52
57384,52
40143,52
87345,52
98816,52
5931,52
30257,52
2115,52
18388,52
82499,52
40347,52
73378,52
90342,52
17258,52
91593,52
57554,52
62250,52
28729,52
57372,52
5870,52
61382,52
1189,52
77873,52
76751,52
81234,52
79088,52
90464,52
85637,52
26915,52
11906,52
69165,52
82365,52
51451,52
66166,52
47802,52
1455,52
97529,52
10405,52
86185,52
95134,52
94567,52
17394,52
54356,52
75967,52
72252,52
46979,52
7573,52
28481,52
17939,52
94306,52
56906,52
22498,52
93501,52
75596,52
27211,52
82819,52
67169,52
32051,52
72220,52
24183,52
1489,52
36246,52
32053,52
76778,52
68163,52
66330,52
74129,51
62612,51
76965,51
59274,51
90260,51
98437,51
92784,51
19918,51
92612,51
51461,51
32993,51
45555,51
70370,51
85244,51
94067,51
72576,51
38775,51
22781,51
73269,51
88803,51
95334,51
15850,51
91648,51
18079,51
20329,51
72486,51
71265,51
41366,51
79902,51
83649,51
66918,51
94278,51
62815,51
3687,51
72042,51
63478,51
70172,51
77039,51
78354,51
24313,51
32473,51
85414,51
42850,51
24812,51
74957,51
78976,51
42448,51
46896,51
8368,51
9810,51
94234,51
54711,51
41041,51
99792,51
12819,51
49376,51
57688,51
74158,51
50425,51
49019,51
56405,51
91312,51
85356,51
1550,51
97363,51
34227,51
90046,51
88743,51
97375,51
58964,51
22356,51
40098,51
6938,51
36685,51
44535,51
91343,51
25523,51
44878,51
81747,51
32374,51
76990,51
88397,51
2425,51
38409,51
91540,51
35775,51
50159,51
2131,51
48493,51
25841,51
52147,51
30171,51
15151,51
92115,51
490,51
87737,51
47442,51
62961,51
69708,51
75065,51
49570,51
80160,51
87675,51
29649,51
92049,51
28382,51
22052,51
20427,51
66279,51
34081,51
39433,51
41742,51
76831,51
77113,51
26041,51
71217,51
75363,51
81012,51
84169,51
17576,51
96819,51
44189,51
53171,51
8790,51
16732,51
37975,51
78588,51
55581,51
15306,51
72870,51
72201,51
56829,51
87858,51
93511,51
48723,51
35002,51
59894,51
95735,51
6349,51
73621,51
90803,51
41946,51
89361,51
61284,51
21998,51
87795,51
77848,51
70257,51
29202,51
81323,51
47668,51
57179,51
4745,51
7960,51
41590,51
42797,51
13009,51
33876,51
18379,51
57332,51
36085,51
8599,51
3318,51
85033,51
53539,51
28722,51
92556,51
5932,51
82581,51
93925,51
70174,51
35468,51
29831,51
9932,51
92573,51
34056,51
1145,51
17688,51
58224,51
28023,51
55725,51
62875,51
13403,51
87510,51
93750,51
42656,51
99958,51
60921,51
58513,51
36109,51
14887,51
30560,51
33843,51
97936,51
47494,51
37566,51
64641,51
84833,51
44098,51
53477,51
5942,51
64649,51
14787,51
40482,50
58164,50
96175,50
40840,50
93041,50
71211,50
8569,50
54523,50
79617,50
29245,50
94995,50
6755,50
20102,50
8694,50
68979,50
20523,50
9526,50
71201,50
95088,50
44227,50
29153,50
38570,50
92826,50
89247,50
96150,50
68246,50
31272,50
76575,50
95599,50
80434,50
6407,50
89079,50
79370,50
10212,50
70604,50
59622,50
57190,50
57213,50
93737,50
7887,50
10745,50
58512,50
91935,50
4309,50
55192,50
30980,50
78480,50
95490,50
22585,50
69841,50
68061,50
70496,50
10511,50
92341,50
92259,50
39076,50
93521,50
19546,50
10436,50
55434,50
55391,50
45269,50
41906,50
19572,50
27827,50
9229,50
41852,50
41848,50
57304,50
71479,50
92822,50
4573,50
6558,50
90095,50
42423,50
41245,50
79013,50
5552,50
4689,50
94246,50
38709,50
60388,50
20722,50
77525,50
11024,50
94253,50
91410,50
94285,50
42880,50
71257,50
70289,50
55778,50
78374,50
55145,50
60361,50
10057,50
22978,50
53529,50
77673,50
90770,50
56575,50
91810,50
28702,50
19837,50
56543,50
7219,50
88962,50
44962,50
5779,50
20909,50
5770,50
70740,50
6526,50
22889,50
10916,50
74006,50
60769,50
97808,50
24011,50
12441,50
47148,50
73558,50
27486,50
49813,50
61608,50
12298,50
73616,50
87475,50
97092,50
72750,50
854,50
67074,50
2059,50
62555,50
17821,50
16727,50
49677,50
583,50
64392,50
61462,50
76149,50
52025,50
35881,50
46747,50
2026,50
24171,50
26214,50
2416,50
75582,50
75569,50
1236,50
27389,50
18073,50
46988,50
38370,50
62187,50
48214,50
63745,50
908,50
66045,50
24194,50
98565,50
24068,50
33370,50
63383,50
14239,50
33039,50
14888,50
80887,50
98522,50
19050,50
67101,50
14475,50
65251,50
36252,50
64797,50
72998,50
27507,50
26619,50
81201,50
26586,50
25718,50
49131,50
96662,50
32721,50
52183,50
66313,50
52192,50
67366,50
85984,50
83701,50
66318,50
86176,50
67702,50
62753,50
71979,50
45782,50
81276,50
19113,50
84082,50
48838,50
16216,50
11688,50
27203,50
13596,50
87938,50
64624,50
99638,50
32907,50
64740,50
312,50
99966,50
67434,50
3026,50
58928,49
58895,49
79384,49
94710,49
17721,49
68734,49
17814,49
9020,49
47464,49
2031,49
68675,49
97948,49
51014,49
66495,49
24431,49
26626,49
51209,49
97718,49
5084,49
86683,49
44626,49
86752,49
90789,49
94740,49
9466,49
58858,49
95030,49
23480,49
58981,49
45286,49
19703,49
23058,49
95604,49
89527,49
52071,49
23846,49
96926,49
81247,49
19584,49
61325,49
31086,49
31094,49
53266,49
96854,49
18448,49
45304,49
75986,49
89297,49
59948,49
72217,49
27281,49
52261,49
18730,49
38009,49
88055,49
27706,49
60098,49
80415,49
18455,49
53463,49
40040,49
30789,49
68647,49
20027,49
44779,49
32449,49
81655,49
59138,49
22850,49
26940,49
95223,49
87037,49
90080,49
76993,49
26963,49
61869,49
18420,49
18259,49
32281,49
81505,49
98056,49
4448,49
89899,49
27046,49
61634,49
87414,49
27098,49
67044,49
89682,49
37543,49
4473,49
63147,49
26594,49
64270,49
84117,49
29514,49
34730,49
64451,49
84220,49
73701,49
92347,49
84294,49
78547,49
29596,49
25906,49
82933,49
92249,49
84396,49
33572,49
29004,49
99258,49
73620,49
7604,49
64221,49
41940,49
16825,49
57018,49
78667,49
33481,49
84655,49
6097,49
84682,49
55275,49
49934,49
83144,49
49537,49
90944,49
70125,49
6782,49
21619,49
16179,49
42664,49
83566,49
64994,49
99917,49
64945,49
6686,49
42871,49
83674,49
93116,49
64889,49
83398,49
93154,49
43090,49
160,49
25466,49
83386,49
92714,49
6603,49
74161,49
15956,49
48976,49
99741,49
7157,49
16424,49
290,49
83908,49
29438,49
7874,49
905,49
41662,49
20657,49
35842,49
5524,49
8467,49
24747,49
22361,49
47839,49
41089,49
57810,49
77510,49
63220,49
82317,49
94325,49
35997,49
47766,49
3920,49
74621,49
85734,49
36019,49
77475,49
32913,49
70911,49
94472,49
94491,49
28484,49
47603,49
36226,49
36233,49
44176,49
70945,49
47563,49
69373,49
85347,49
14347,49
78934,49
14884,49
33390,49
65766,49
43483,49
22123,49
73413,49
33346,49
84995,49
98896,49
35444,49
8035,49
63708,49
8048,49
8060,49
85108,49
93964,49
28679,49
14571,49
35506,49
14548,49
41411,49
29889,49
70742,49
8215,49
50293,49
17252,49
14428,49
65977,49
91574,49
38082,49
86109,49
96217,49
72017,49
45892,49
52699,49
45464,49
11324,49
38144,49
3397,49
60839,49
96162,49
45720,49
31379,49
67858,49
95975,49
3522,49
67599,49
53027,49
88741,49
23369,49
38463,49
67653,49
80848,49
88794,49
19352,49
96025,49
96178,49
75291,48
58872,48
51253,48
2254,48
1913,48
24226,48
97641,48
12978,48
51431,48
26873,48
24445,48
82055,48
54271,48
34339,48
68703,48
51463,48
90236,48
81712,48
58980,48
27393,48
37021,48
34364,48
94776,48
72667,48
92620,48
17818,48
47344,48
36603,48
42339,48
47328,48
13329,48
13303,48
13449,48
54086,48
25749,48
2107,48
2030,48
47280,48
86515,48
16442,48
4704,48
49486,48
71137,48
66565,48
80856,48
88708,48
28244,48
9285,48
56022,48
86896,48
12786,48
46678,48
81441,48
89804,48
27082,48
4373,48
16046,48
97144,48
46648,48
37486,48
6969,48
59496,48
99872,48
6675,48
61600,48
68341,48
56219,48
89639,48
34030,48
76154,48
89587,48
80085,48
96989,48
39436,48
96940,48
99920,48
53360,48
31038,48
95438,48
59389,48
2711,48
78109,48
39943,48
62061,48
20455,48
87008,48
44820,48
44830,48
12701,48
29110,48
76992,48
39838,48
90042,48
66887,48
97350,48
18340,48
7012,48
16335,48
42897,48
12536,48
45803,48
60842,48
3319,48
42889,48
12477,48
16318,48
79941,48
2680,48
53748,48
17660,48
1862,48
84924,48
63791,48
74425,48
63786,48
50113,48
64343,48
55095,48
615,48
43573,48
82587,48
91837,48
65563,48
92306,48
27465,48
14637,48
88551,48
1120,48
27587,48
22211,48
82565,48
43675,48
1167,48
41402,48
21277,48
63573,48
25871,48
63564,48
56765,48
84950,48
33384,48
83034,48
69612,48
29637,48
33561,48
15208,48
96306,48
92097,48
64091,48
35104,48
69681,48
21130,48
74549,48
78685,48
93645,48
45866,48
74566,48
74568,48
11299,48
663,48
84717,48
41776,48
55245,48
35247,48
52781,48
28805,48
35252,48
33418,48
16764,48
74442,48
14444,48
8255,48
19120,48
36038,48
82206,48
26419,48
70882,48
40980,48
1633,48
10945,48
36122,48
69914,48
52633,48
13868,48
24614,48
31667,48
58004,48
15634,48
13819,48
8729,48
50800,48
3770,48
85988,48
75109,48
86012,48
13699,48
36286,48
53345,48
50872,48
1839,48
88579,48
63081,48
77474,48
88415,48
91292,48
65490,48
69423,48
50394,48
85492,48
7415,48
70804,48
85528,48
43885,48
77555,48
66136,48
57716,48
25295,48
30016,48
47904,48
24760,48
88410,48
20716,48
70833,48
54593,48
20701,48
45602,48
33761,48
98376,48
47762,48
47758,48
52512,48
74970,48
78154,48
79487,48
60141,48
31171,48
70202,48
52109,48
18564,48
89387,48
23747,48
76103,48
89442,48
80432,48
18569,48
3265,48
61040,48
78171,48
31784,48
18694,48
11827,48
10553,48
19366,48
52152,48
4056,48
59792,48
60060,48
10432,48
99989,48
76065,48
39238,48
21577,48
42544,47
77250,47
35517,47
64894,47
23185,47
90649,47
91987,47
2074,47
42342,47
54107,47
36611,47
16038,47
4485,47
9223,47
19147,47
95333,47
72152,47
23795,47
89972,47
22909,47
52629,47
55752,47
84798,47
99363,47
25075,47
58601,47
68899,47
94881,47
4493,47
75347,47
33677,47
34290,47
26706,47
99040,47
33930,47
6518,47
14543,47
69748,47
79927,47
62673,47
78870,47
98722,47
64744,47
23368,47
32210,47
93452,47
44357,47
96897,47
17748,47
72415,47
82770,47
24453,47
13540,47
3097,47
44332,47
83934,47
20871,47
83268,47
35578,47
98062,47
64402,47
66988,47
85157,47
73485,47
304,47
11480,47
74787,47
17811,47
38572,47
89989,47
86375,47
62589,47
85163,47
29295,47
43383,47
81481,47
90718,47
28663,47
77753,47
94025,47
83284,47
38541,47
30832,47
62618,47
2606,47
53998,47
64784,47
19289,47
97450,47
1026,47
28089,47
78806,47
23817,47
4748,47
1048,47
79817,47
40096,47
88057,47
22757,47
17038,47
43560,47
20985,47
36933,47
22171,47
59165,47
67212,47
73363,47
62252,47
62031,47
65566,47
24993,47
50044,47
28901,47
93498,47
21488,47
91916,47
66784,47
71306,47
7951,47
72561,47
32476,47
68622,47
40026,47
68612,47
62073,47
18123,47
62141,47
18082,47
60808,47
10849,47
6599,47
40149,47
79841,47
89995,47
18215,47
40238,47
14640,47
30509,47
99826,47
87138,47
1112,47
53085,47
21732,47
10733,47
45869,47
51322,47
52150,47
10010,47
74181,47
44550,47
4525,47
28690,47
41491,47
56269,47
2153,47
52311,47
30523,47
92748,47
67734,47
98843,47
60218,47
38924,47
36872,47
67217,47
28191,47
78307,47
25054,47
81616,47
78780,47
25722,47
45660,47
78812,47
15940,47
10438,47
56309,47
91829,47
44881,47
94983,47
44300,47
83678,47
35341,47
66315,47
14333,47
49563,47
46487,47
54767,47
16885,47
12256,47
47783,47
80979,47
95779,47
56618,47
41907,47
47789,47
8791,47
11560,47
64584,47
5359,47
22495,47
78954,47
28849,47
54631,47
16510,47
13733,47
5367,47
57955,47
54352,47
1319,47
85818,47
99213,47
37567,47
24540,47
78449,47
26466,47
38366,47
8716,47
27172,47
45945,47
25353,47
58025,47
99149,47
41036,47
93089,47
88368,47
85561,47
67945,47
5452,47
82277,47
16291,47
53175,47
76659,47
50750,47
57746,47
52424,47
18526,47
80054,47
80067,47
46467,47
77435,47
93353,47
15091,47
29614,47
26532,47
70824,47
36317,47
76543,47
63327,47
83254,47
96448,47
23390,47
10591,47
88123,47
71878,47
59750,47
88339,47
89786,47
46653,47
13605,47
90896,47
14381,47
32062,47
39342,47
64529,47
64228,47
78510,47
27599,47
79340,47
40678,47
32798,47
56916,47
14111,47
61471,47
5165,47
31923,47
5210,47
92846,47
16902,47
11690,47
64642,47
56052,47
61596,47
85538,47
56223,47
68229,47
93060,47
15448,47
52531,47
69880,47
20726,47
27863,47
43861,47
19485,47
56967,47
80024,47
99420,47
77469,47
54792,47
97631,46
57361,46
60988,46
13008,46
26838,46
1567,46
28538,46
98321,46
57901,46
40157,46
6563,46
85733,46
8565,46
13038,46
21867,46
55807,46
21767,46
2302,46
80624,46
94369,46
5927,46
46236,46
22374,46
69302,46
77496,46
45598,46
66151,46
58957,46
43933,46
26369,46
82635,46
81209,46
58988,46
21892,46
98425,46
34875,46
7385,46
4701,46
43130,46
23586,46
71317,46
34106,46
71892,46
57886,46
213,46
63153,46
58860,46
12994,46
2337,46
32963,46
22380,46
91858,46
3580,46
99781,46
92293,46
2389,46
27710,46
26893,46
73179,46
35416,46
98500,46
46994,46
89363,46
32488,46
54560,46
42407,46
35604,46
99757,46
11909,46
63448,46
51036,46
41391,46
94608,46
64457,46
41426,46
68957,46
55964,46
5257,46
44423,46
26206,46
98155,46
24547,46
22639,46
26682,46
45628,46
79530,46
57444,46
98167,46
40419,46
59901,46
94859,46
88913,46
9125,46
48726,46
7351,46
39151,46
72877,46
36429,46
5140,46
58253,46
44276,46
1234,46
65084,46
69039,46
52630,46
30306,46
50971,46
86116,46
11746,46
21385,46
32060,46
10911,46
23190,46
86074,46
91669,46
48900,46
75600,46
77607,46
78037,46
96383,46
43840,46
56504,46
60758,46
62420,46
62415,46
81880,46
15901,46
18634,46
66611,46
78519,46
67325,46
5849,46
36108,46
29532,46
81843,46
16204,46
72656,46
57381,46
71172,46
96281,46
10538,46
3999,46
90426,46
41516,46
41518,46
7493,46
22557,46
82988,46
9336,46
30181,46
91082,46
19439,46
81167,46
58076,46
60322,46
7171,46
15660,46
80535,46
56655,46
78522,46
93957,46
62960,46
58029,46
66074,46
72738,46
30464,46
2142,46
57648,46
68860,46
51165,46
86572,46
36734,46
57392,46
81816,46
67595,46
35263,46
87596,46
28788,46
68550,46
39822,46
89934,46
23314,46
79918,46
56973,46
91931,46
95881,46
69648,46
39811,46
33512,46
79982,46
7836,46
46034,46
5964,46
2496,46
74637,46
32271,46
29751,46
26046,46
19305,46
42619,46
68262,46
64246,46
93622,46
39476,46
48466,46
26943,46
114,46
49930,46
4245,46
87282,46
35233,46
74629,46
735,46
37398,46
25914,46
65141,46
5985,46
89891,46
67962,46
126,46
12665,46
29747,46
72463,46
96538,46
46557,46
14988,46
7782,46
90094,46
28062,46
67438,46
74045,46
61999,46
55860,46
72460,46
56955,46
88776,46
76318,46
15105,46
78784,46
16905,46
71455,46
57275,46
29662,46
87693,46
29783,46
35337,46
97466,46
27147,46
88083,46
23329,46
10069,46
68206,46
78642,46
89999,46
87769,46
22976,46
15084,46
6795,46
10786,46
61017,46
25230,46
116,46
53449,46
4281,46
92883,46
46790,46
87770,46
12548,46
89962,46
55513,46
38456,46
23703,46
6029,46
38075,45
73032,45
82836,45
29484,45
53598,45
21409,45
2001,45
17802,45
56828,45
47270,45
3974,45
8717,45
26311,45
25588,45
6355,45
85943,45
47949,45
65532,45
41716,45
98576,45
23414,45
307,45
29753,45
9858,45
91112,45
34413,45
69395,45
6035,45
78982,45
69531,45
38493,45
45581,45
88050,45
97827,45
53044,45
18280,45
16416,45
86472,45
1675,45
76958,45
18645,45
53323,45
84782,45
19044,45
39751,45
68897,45
11077,45
11992,45
15260,45
91515,45
26723,45
34960,45
300,45
53206,45
4034,45
89345,45
66511,45
83499,45
89316,45
24889,45
49647,45
61631,45
40655,45
22504,45
53489,45
79375,45
29031,45
57052,45
67942,45
27333,45
38893,45
25132,45
13721,45
80461,45
61643,45
74242,45
37464,45
58359,45
6325,45
34550,45
12386,45
13558,45
6348,45
62722,45
15784,45
73266,45
15432,45
49752,45
13673,45
14374,45
16463,45
83970,45
8895,45
93317,45
57583,45
79298,45
17292,45
30245,45
32195,45
19780,45
50317,45
42274,45
60192,45
10022,45
86039,45
33164,45
7279,45
85324,45
74556,45
92488,45
36443,45
12222,45
71489,45
14312,45
54890,45
51746,45
23446,45
79947,45
98264,45
1966,45
79946,45
18923,45
77764,45
60300,45
35548,45
78735,45
85392,45
95848,45
95421,45
74865,45
77615,45
85404,45
78452,45
10906,45
3797,45
10109,45
54199,45
45088,45
79973,45
64627,45
93663,45
11454,45
43026,45
12243,45
54754,45
58381,45
98012,45
3719,45
94756,45
7428,45
47417,45
31152,45
55283,45
34029,45
92480,45
19148,45
17333,45
56639,45
90772,45
74543,45
85197,45
44513,45
5688,45
42479,45
18178,45
64348,45
99244,45
94382,45
19941,45
71350,45
75644,45
19947,45
84492,45
22872,45
33596,45
95864,45
30751,45
13034,45
32376,45
39850,45
77694,45
49971,45
73448,45
50156,45
54658,45
38749,45
44042,45
56158,45
21036,45
70353,45
77159,45
68140,45
62145,45
20652,45
73434,45
98442,45
68795,45
6365,45
42056,45
79657,45
82227,45
72335,45
73355,45
58825,45
77211,45
49821,45
4599,45
21497,45
83362,45
15572,45
63302,45
76401,45
76721,45
52066,45
32503,45
82292,45
68731,45
61283,45
79727,45
61400,45
4754,45
83727,45
77017,45
6368,45
43921,45
63748,45
38700,45
76827,45
56896,45
62267,45
47086,45
78781,45
89154,45
49564,45
60556,45
77667,45
59846,45
70041,45
52023,45
81214,45
92713,45
77061,45
67864,45
86861,45
89071,45
63776,45
12774,45
34108,45
3486,45
28044,45
26313,45
37056,45
93006,45
93945,45
22312,45
9343,45
38849,45
80575,45
99348,45
53140,45
69221,45
7664,45
53281,45
40257,45
4668,45
65807,45
79615,45
73934,45
91775,45
62395,45
16395,45
16267,45
37288,45
29835,45
67488,45
47253,45
77201,45
82194,45
43644,45
34618,45
35485,45
87968,45
49605,45
39973,45
13222,45
62442,45
53627,45
47234,45
8386,45
37257,45
39465,45
83795,45
76649,45
97478,45
61477,45
80213,45
38177,45
72340,45
84968,45
32443,45
96661,45
58747,45
50174,45
80725,45
91257,45
28787,45
48961,45
70060,45
14642,45
19998,45
38412,45
34064,45
88279,45
49373,45
78801,45
57765,44
4199,44
2984,44
96043,44
82310,44
79274,44
30224,44
18383,44
22354,44
78162,44
98498,44
23741,44
16104,44
43826,44
94124,44
4175,44
57761,44
54575,44
73134,44
84407,44
21129,44
79042,44
93427,44
89437,44
86023,44
60849,44
33001,44
80682,44
13728,44
91380,44
1769,44
93319,44
57585,44
90987,44
18413,44
5544,44
1777,44
83215,44
57586,44
64951,44
36134,44
95617,44
69173,44
93371,44
13917,44
32126,44
61517,44
98316,44
41201,44
29177,44
1371,44
85934,44
8398,44
20570,44
41239,44
68321,44
73556,44
63093,44
73080,44
22424,44
1409,44
29481,44
95656,44
28500,44
12186,44
93643,44
99183,44
3160,44
73198,44
65642,44
56006,44
520,44
67107,44
94476,44
89270,44
41215,44
36174,44
73056,44
35073,44
96919,44
64220,44
20668,44
95601,44
28544,44
67484,44
97069,44
1739,44
45370,44
34112,44
17487,44
36049,44
15215,44
74854,44
70554,44
64910,44
28876,44
8786,44
12093,44
7355,44
40852,44
41928,44
6683,44
64265,44
77470,44
71502,44
70793,44
51910,44
66060,44
35012,44
75084,44
23064,44
45096,44
14170,44
68054,44
38309,44
98364,44
67436,44
40937,44
9645,44
17879,44
66625,44
83715,44
7872,44
39785,44
81571,44
85109,44
19004,44
81888,44
44563,44
39794,44
73668,44
26185,44
35473,44
83344,44
97353,44
18631,44
45749,44
23511,44
49367,44
21939,44
76595,44
1106,44
61912,44
14654,44
34307,44
74441,44
23714,44
38035,44
86562,44
16976,44
262,44
93976,44
31493,44
98760,44
7840,44
36621,44
34418,44
61831,44
68452,44
1165,44
45257,44
24035,44
59799,44
72754,44
42682,44
6535,44
593,44
54066,44
56502,44
48420,44
71128,44
98777,44
97328,44
20954,44
39618,44
6298,44
29390,44
46802,44
44625,44
29771,44
295,44
25724,44
95205,44
66823,44
68595,44
96250,44
33363,44
79803,44
28747,44
67547,44
7974,44
46354,44
9566,44
81709,44
36987,44
80226,44
68607,44
31706,44
31805,44
81219,44
77046,44
69603,44
74428,44
17072,44
66734,44
49016,44
182,44
81006,44
46950,44
45533,44
175,44
35398,44
12989,44
14668,44
30558,44
20124,44
49969,44
59186,44
28179,44
37157,44
10879,44
67850,44
92670,44
18155,44
34347,44
77115,44
83555,44
9729,44
50134,44
62229,44
90117,44
16748,44
84891,44
18039,44
34344,44
32402,44
74709,44
12743,44
82682,44
72780,44
67695,44
60305,44
86318,44
93119,44
92058,44
44771,44
87883,44
6490,44
56584,44
82518,44
93454,44
75752,44
46671,44
37479,44
16939,44
30838,44
24858,44
58354,44
74792,44
35645,44
99416,44
84684,44
29293,44
74458,44
59779,44
42283,44
45925,44
81044,44
65590,44
17841,44
13601,44
348,44
48480,44
45338,44
50303,44
75206,44
2720,44
67001,44
61097,44
9017,44
8917,44
21075,44
66350,44
25489,44
22984,44
44317,44
12370,44
93996,44
60597,44
90928,44
23288,44
26045,44
26668,44
65918,44
54935,44
93470,44
34487,44
61741,44
40722,44
20294,44
5689,44
73493,44
97192,44
97258,44
36563,44
20417,44
29926,44
90712,44
93520,44
72834,44
1992,44
19588,44
90683,44
6988,44
22226,44
22270,44
55294,44
91614,44
42326,44
15214,43
5900,43
74715,43
88412,43
26280,43
83031,43
26154,43
11088,43
77914,43
76594,43
50108,43
43540,43
54609,43
18806,43
34694,43
91922,43
41815,43
25205,43
30039,43
77698,43
98468,43
27684,43
48622,43
98639,43
22122,43
73600,43
55438,43
1295,43
70748,43
16626,43
38677,43
78935,43
88009,43
48061,43
50449,43
91873,43
26018,43
99235,43
88514,43
48074,43
85176,43
35801,43
74883,43
24887,43
64178,43
63671,43
21043,43
63330,43
87981,43
52607,43
63578,43
11271,43
71995,43
92035,43
57516,43
47946,43
54702,43
63915,43
84802,43
41410,43
88659,43
57193,43
83011,43
24901,43
29673,43
21146,43
83507,43
33437,43
74406,43
98762,43
38662,43
14245,43
55551,43
91968,43
63572,43
65456,43
82461,43
76275,43
21175,43
91937,43
6125,43
63558,43
21172,43
3469,43
80339,43
28834,43
84507,43
16998,43
11351,43
93885,43
67969,43
17226,43
29544,43
43897,43
35450,43
28716,43
52601,43
46165,43
18999,43
84205,43
15478,43
28708,43
80737,43
17393,43
84819,43
93578,43
93644,43
59745,43
6476,43
20205,43
50865,43
79293,43
75765,43
21673,43
74287,43
39702,43
93185,43
72699,43
24113,43
93315,43
36741,43
87021,43
4424,43
29296,43
32816,43
9715,43
36722,43
66366,43
46731,43
77340,43
31915,43
66375,43
31711,43
90857,43
62717,43
4932,43
39935,43
34087,43
49255,43
32035,43
5301,43
43083,43
86914,43
79771,43
58093,43
19773,43
25357,43
55672,43
71465,43
22990,43
34556,43
24551,43
18378,43
80921,43
68636,43
15718,43
68822,43
71160,43
58150,43
13730,43
51796,43
53530,43
73973,43
44571,43
92643,43
1878,43
31674,43
32872,43
38278,43
92732,43
59897,43
86287,43
21584,43
21505,43
90608,43
75654,43
31337,43
45258,43
24051,43
3561,43
48905,43
59915,43
53580,43
39270,43
24058,43
30761,43
67834,43
60292,43
65266,43
66505,43
37231,43
37223,43
12648,43
95283,43
40444,43
13489,43
26628,43
23787,43
36662,43
93128,43
22666,43
82048,43
47479,43
71126,43
11474,43
13266,43
4450,43
79928,43
73982,43
60772,43
98025,43
37380,43
7235,43
33901,43
59343,43
9914,43
82015,43
2654,43
51138,43
86243,43
56337,43
53585,43
31333,43
12507,43
18089,43
91045,43
59756,43
58839,43
30070,43
26848,43
57841,43
90243,43
67123,43
49293,43
20661,43
97004,43
73942,43
9559,43
20122,43
61169,43
39455,43
80822,43
76821,43
19698,43
72621,43
51959,43
10161,43
36079,43
3385,43
2869,43
25332,43
53446,43
98313,43
47135,43
16586,43
16076,43
14051,43
79733,43
33975,43
27638,43
69320,43
46422,43
75556,43
31544,43
42130,43
11817,43
87691,43
32493,43
62215,43
80124,43
39396,43
51402,43
51387,43
51462,43
64524,43
72319,43
95611,43
96956,43
9480,43
76199,43
24163,43
25314,43
41081,43
52029,43
85663,43
46482,43
87622,43
85671,43
73847,43
94846,43
21447,43
54479,43
85860,43
82162,43
85858,43
12861,43
428,43
2806,43
16290,43
6946,43
11564,43
95944,43
12237,43
46337,43
51871,43
28239,43
41115,43
34111,43
16560,43
40890,43
5313,43
86702,43
99759,43
90455,43
64821,43
85925,43
85883,43
30511,43
18427,43
21675,43
23804,43
79170,43
44750,42
53682,42
79859,42
60212,42
22804,42
22820,42
52963,42
44876,42
20038,42
12653,42
84828,42
62178,42
86933,42
62181,42
991,42
9624,42
34334,42
67755,42
21667,42
22129,42
73858,42
4721,42
23429,42
41627,42
61304,42
95219,42
37144,42
44825,42
38695,42
77018,42
17056,42
84984,42
17113,42
12874,42
86870,42
87035,42
7954,42
28126,42
70328,42
55523,42
84969,42
67621,42
90156,42
71346,42
79848,42
35292,42
75574,42
67501,42
31783,42
10646,42
86964,42
70632,42
24746,42
11535,42
59516,42
80905,42
53460,42
74529,42
64124,42
38585,42
97060,42
34258,42
45090,42
53480,42
51887,42
57037,42
6126,42
99127,42
12200,42
12277,42
49879,42
46602,42
6118,42
27541,42
72169,42
53490,42
81396,42
68347,42
10060,42
80184,42
10345,42
10134,42
37600,42
49946,42
67922,42
72292,42
6206,42
18542,42
80131,42
15238,42
53383,42
59684,42
64946,42
16820,42
72128,42
88609,42
38446,42
27887,42
70142,42
39446,42
93532,42
72337,42
21556,42
60858,42
64180,42
6164,42
67113,42
37617,42
74519,42
64145,42
93099,42
39615,42
10035,42
6976,42
37315,42
84763,42
52460,42
97256,42
16954,42
42659,42
52362,42
19863,42
89919,42
72474,42
76742,42
9882,42
99041,42
87231,42
3495,42
92788,42
59311,42
71934,42
95694,42
45751,42
99843,42
87766,42
64878,42
81582,42
64299,42
9811,42
21735,42
32020,42
88602,42
28893,42
63936,42
88696,42
52329,42
78701,42
59445,42
97176,42
59782,42
21714,42
18348,42
21531,42
51767,42
16935,42
69777,42
39001,42
37448,42
18341,42
14996,42
41773,42
37439,42
67495,42
11549,42
81476,42
39720,42
81478,42
78738,42
55252,42
45737,42
13624,42
38000,42
61189,42
8996,42
18931,42
58341,42
17719,42
57724,42
24773,42
69269,42
16591,42
54273,42
18940,42
29442,42
62748,42
23763,42
34094,42
47506,42
3119,42
54798,42
82225,42
23739,42
10981,42
82480,42
6460,42
54322,42
85313,42
11768,42
16454,42
65496,42
35835,42
56550,42
97957,42
86316,42
87931,42
29045,42
82284,42
17771,42
54193,42
13498,42
50993,42
53155,42
96802,42
47420,42
57736,42
20379,42
54869,42
96352,42
83028,42
58386,42
82017,42
14482,42
81030,42
13545,42
54846,42
58372,42
16491,42
30229,42
74789,42
94628,42
26479,42
35749,42
47700,42
7424,42
19218,42
21847,42
16541,42
13828,42
60580,42
57945,42
60027,42
82163,42
64467,42
35790,42
39132,42
81070,42
88724,42
29985,42
95786,42
93402,42
18804,42
64468,42
68067,42
13897,42
53050,42
44089,42
28604,42
80295,42
3651,42
85317,42
58187,42
26408,42
30223,42
96594,42
66337,42
36080,42
11783,42
65340,42
74901,42
19217,42
58130,42
94428,42
26427,42
1765,42
3646,42
67569,42
77399,42
56628,42
94427,42
5644,42
13770,42
66316,42
40876,42
43919,42
17489,42
9144,42
20699,42
69581,42
62361,42
54613,42
68813,42
13116,42
78507,42
23172,42
52251,42
15345,42
45962,42
73348,42
61076,42
52824,42
91803,42
26779,42
57386,42
70212,42
64508,42
9356,42
78821,42
22347,42
44566,42
80765,42
71146,42
26764,42
86705,42
53941,42
69837,42
15948,42
8465,42
3044,42
2367,42
50505,42
20097,42
28733,42
70045,42
58882,42
12970,42
71243,42
93856,42
35439,42
42399,42
95016,42
32559,42
89161,42
2266,42
80520,42
86726,42
49411,42
72634,42
44612,42
35893,42
84354,42
23512,42
68827,42
75421,42
52195,42
1163,42
29395,42
85135,42
42162,42
99369,42
15858,42
13342,42
58514,42
77499,42
16248,42
24906,42
88836,42
98752,42
9173,42
85676,42
94829,42
52496,42
91340,42
51051,42
27726,42
50599,42
29881,42
79505,42
32712,42
35524,42
88390,42
29986,42
8085,42
26364,42
266,42
33936,42
22343,42
73146,42
85628,42
40344,42
44517,42
81923,42
42990,42
62448,42
44489,42
85583,42
17175,42
46323,42
21271,42
90566,42
6919,41
6703,41
99262,41
64504,41
48594,41
56674,41
25629,41
29624,41
92196,41
25824,41
99888,41
60461,41
21971,41
34044,41
78491,41
49260,41
25311,41
34695,41
34224,41
69903,41
34860,41
48844,41
34430,41
25462,41
64311,41
16208,41
65518,41
7176,41
6516,41
77874,41
29616,41
49711,41
80615,41
7464,41
93042,41
65185,41
16332,41
56339,41
34168,41
21746,41
29579,41
15358,41
74153,41
52628,41
74431,41
70362,41
7080,41
73844,41
64820,41
34176,41
49253,41
29565,41
70059,41
45725,41
33999,41
49781,41
64888,41
29220,41
15640,41
76359,41
64460,41
70472,41
74467,41
64613,41
16525,41
25602,41
56134,41
16223,41
84233,41
99602,41
64439,41
84251,41
660,41
644,41
38511,41
99620,41
21381,41
25496,41
99630,41
83952,41
69958,41
93200,41
55504,41
11238,41
93013,41
34479,41
92339,41
25611,41
6286,41
19374,41
45851,41
51167,41
22719,41
2242,41
10891,41
68811,41
77172,41
86671,41
67841,41
53986,41
71159,41
90471,41
58741,41
32629,41
2075,41
90528,41
62475,41
54048,41
23362,41
51146,41
97811,41
44483,41
22655,41
9237,41
36640,41
81945,41
40208,41
32572,41
58809,41
23617,41
9677,41
38855,41
44768,41
60232,41
68655,41
90238,41
32499,41
12925,41
53829,41
86830,41
96471,41
75555,41
66675,41
90307,41
66664,41
51350,41
58867,41
13002,41
24238,41
4827,41
79664,41
62321,41
81811,41
13319,41
28299,41
85948,41
8822,41
50910,41
98083,41
54310,41
13675,41
69110,41
62856,41
17657,41
36282,41
32837,41
20512,41
72938,41
58141,41
97869,41
66328,41
86005,41
91054,41
94579,41
80538,41
20537,41
32852,41
77402,41
5285,41
5290,41
40850,41
94671,41
54285,41
71000,41
11460,41
75326,41
79536,41
44432,41
27627,41
13361,41
13379,41
24395,41
29633,41
97977,41
9100,41
20353,41
1942,41
66427,41
10914,41
77295,41
86211,41
98020,41
13563,41
9006,41
1890,41
38781,41
5148,41
13593,41
31345,41
44816,41
95209,41
37700,41
27672,41
27845,41
23115,41
52099,41
39345,41
80164,41
52087,41
46436,41
45477,41
61402,41
18532,41
23080,41
37132,41
61442,41
89541,41
80091,41
80089,41
45134,41
27145,41
61506,41
37608,41
75860,41
59560,41
12211,41
37778,41
67456,41
68141,41
53263,41
23276,41
96641,41
3944,41
11705,41
61050,41
39039,41
39049,41
96666,41
71758,41
76119,41
27282,41
95799,41
96751,41
71731,41
10522,41
37918,41
95777,41
87905,41
61215,41
52199,41
39215,41
80253,41
11628,41
18443,41
97055,41
75842,41
97311,41
32306,41
61843,41
81569,41
76971,41
44916,41
18221,41
59270,41
26996,41
9813,41
97367,41
81588,41
87127,41
51602,41
72520,41
51572,41
39842,41
79858,41
12682,41
66854,41
90084,41
59177,41
38245,41
72554,41
37311,41
59306,41
27115,41
51669,41
39567,41
96536,41
31731,41
67037,41
12295,41
97122,41
67022,41
81406,41
75789,41
95468,41
66995,41
23982,41
72418,41
22942,41
59363,41
53579,41
3855,41
80466,41
87278,41
95394,41
37366,41
39755,41
59319,41
36225,41
97937,41
47669,41
16956,41
14360,41
7830,41
6028,41
63454,41
57182,41
1301,41
66022,41
29933,41
69444,41
8264,41
50326,41
35253,41
5696,41
98665,41
57552,41
7873,41
43774,41
14917,41
80772,41
5664,41
55247,41
1453,41
11301,41
85572,41
66137,41
50422,41
94200,41
63348,41
24798,41
69392,41
82779,41
60691,41
48213,41
14269,41
63968,41
85442,41
17342,41
33103,41
78961,41
91546,41
22064,41
43824,41
22258,41
49944,41
93747,41
60671,41
63665,41
20942,41
82632,41
1154,41
48162,41
69549,41
41495,41
35480,41
82594,41
77631,41
91790,41
70710,41
91802,41
29802,41
33253,41
43599,41
41538,41
50167,41
20974,41
52829,41
3458,41
91910,41
941,41
41348,41
41363,41
82531,41
23543,41
91955,41
50269,41
7893,41
60635,41
17035,41
93813,41
65921,41
57499,41
67610,41
82551,41
63827,41
33217,41
43507,41
85138,41
26344,41
65860,41
98452,41
48529,41
1627,41
85815,41
30113,41
66262,41
91246,41
28523,41
36047,41
85755,41
47735,41
1565,41
60351,41
73115,41
85720,41
8534,41
32972,41
6131,41
93628,41
91233,41
88515,41
67581,41
64165,41
64217,41
91106,41
32874,41
77428,41
84471,41
50786,41
7616,41
20577,41
17603,41
62983,41
30165,41
82867,41
36143,41
44111,41
80541,41
57948,41
19030,41
64043,41
35089,41
41082,41
82342,41
32989,41
24745,41
41799,41
69329,41
74572,41
79071,41
43994,41
15074,41
17431,41
67589,41
84966,40
57103,40
14732,40
31311,40
7626,40
65118,40
31596,40
69732,40
32036,40
68003,40
39572,40
35019,40
34194,40
16213,40
6808,40
87732,40
59713,40
85014,40
78608,40
15333,40
87303,40
87329,40
38919,40
85064,40
89848,40
42660,40
80412,40
34102,40
92802,40
92905,40
87756,40
88168,40
39636,40
56037,40
89406,40
14699,40
68382,40
59494,40
33532,40
18755,40
78199,40
19583,40
16068,40
89347,40
19681,40
42702,40
68127,40
16092,40
31046,40
64079,40
87916,40
59961,40
38127,40
92010,40
37670,40
10292,40
7831,40
38196,40
61243,40
10464,40
89327,40
18535,40
11586,40
65006,40
61453,40
10322,40
63840,40
21205,40
80260,40
70228,40
41810,40
61281,40
56853,40
33510,40
37928,40
92858,40
39120,40
34247,40
41864,40
32097,40
57115,40
84820,40
59631,40
81223,40
15025,40
20561,40
41522,40
62428,40
13490,40
34671,40
17772,40
20344,40
57824,40
20340,40
79486,40
80787,40
38281,40
32987,40
30391,40
33919,40
67660,40
79541,40
64506,40
17847,40
86466,40
58564,40
35853,40
68921,40
66163,40
40362,40
36654,40
69383,40
20238,40
36715,40
63355,40
8370,40
90494,40
36505,40
82304,40
91317,40
40740,40
16532,40
60318,40
60328,40
67756,40
85916,40
8696,40
86013,40
57998,40
60753,40
85843,40
91228,40
62842,40
34622,40
17665,40
34476,40
84079,40
31394,40
13672,40
32821,40
30121,40
8889,40
86101,40
58293,40
79365,40
20434,40
36428,40
58352,40
82043,40
83839,40
86626,40
85071,40
41226,40
18145,40
68567,40
35550,40
79840,40
65930,40
10937,40
64397,40
16346,40
57447,40
92735,40
19938,40
87110,40
18206,40
8103,40
79881,40
63668,40
33997,40
82990,40
78827,40
87162,40
87180,40
61856,40
12541,40
35475,40
79914,40
59329,40
89925,40
33267,40
89023,40
86994,40
9675,40
9657,40
36857,40
57635,40
34375,40
82439,40
91542,40
56449,40
9407,40
38368,40
57606,40
36848,40
78948,40
42408,40
79663,40
42097,40
40173,40
63563,40
67554,40
7115,40
83779,40
20119,40
34782,40
19292,40
10997,40
58921,40
14448,40
58954,40
88994,40
78320,40
59029,40
12710,40
16222,40
52094,40
3956,40
94429,40
70948,40
27932,40
27855,40
97807,40
98152,40
55676,40
21959,40
47836,40
53807,40
54225,40
6646,40
45008,40
72458,40
1115,40
98079,40
42852,40
99194,40
47372,40
95781,40
98016,40
28227,40
55490,40
96946,40
95382,40
97492,40
55168,40
55951,40
21679,40
26572,40
95302,40
28814,40
23720,40
5816,40
28808,40
25287,40
48100,40
48738,40
47883,40
96918,40
73278,40
99583,40
73055,40
47103,40
73237,40
23426,40
97075,40
99252,40
22625,40
43563,40
51410,40
2602,40
95635,40
73767,40
76414,40
75294,40
48272,40
55081,40
28210,40
52838,40
51962,40
72884,40
93201,40
26230,40
45857,40
96156,40
50573,40
73225,40
95633,40
74551,40
99822,40
870,40
53361,40
47483,40
76577,40
28904,40
76389,40
97062,40
43,40
72540,40
24475,40
44312,40
22950,40
25341,40
77361,40
2944,40
77468,40
54430,40
53300,40
94669,40
22228,40
74692,40
97820,40
2210,40
50286,40
53911,40
50198,40
78168,40
2362,40
576,40
51495,40
6197,40
76057,40
95732,40
25559,40
50088,40
75007,40
76602,40
94942,40
74176,40
48202,40
4355,40
4133,40
49078,40
44440,40
52021,40
1598,40
4347,40
27948,40
101,40
73473,40
22998,40
76603,40
2947,40
74069,40
5402,40
53306,40
50396,40
55288,40
72281,40
54586,40
48236,40
96238,40
70469,40
24417,40
5194,40
47287,40
23631,40
5057,40
4248,40
71634,40
6086,40
97749,40
5939,40
52555,40
48460,40
23468,40
93542,40
76669,40
25805,40
46018,40
49156,40
72091,40
24200,40
4420,40
97161,40
73315,40
22471,40
10158,39
28996,39
14471,39
8009,39
83410,39
77981,39
91030,39
83585,39
74811,39
7371,39
55112,39
36702,39
26843,39
1227,39
97633,39
98314,39
18579,39
7374,39
5906,39
60922,39
11626,39
29805,39
82521,39
64632,39
33547,39
37914,39
24875,39
92441,39
38923,39
72744,39
48150,39
12995,39
48843,39
75072,39
53992,39
68673,39
98772,39
71807,39
6480,39
76184,39
20933,39
60802,39
54207,39
52042,39
78846,39
69977,39
49717,39
76888,39
92580,39
40023,39
45060,39
10068,39
57472,39
80852,39
27396,39
54913,39
79458,39
90472,39
45089,39
55005,39
59559,39
65924,39
37753,39
75942,39
14522,39
57378,39
24639,39
74177,39
53977,39
69924,39
97623,39
33211,39
55668,39
5848,39
4875,39
74211,39
49138,39
18554,39
5836,39
41504,39
96527,39
16933,39
68335,39
7285,39
60850,39
66284,39
30927,39
71294,39
67498,39
56706,39
76817,39
21316,39
79670,39
90380,39
37228,39
20484,39
27005,39
33830,39
36816,39
75995,39
73926,39
82431,39
89294,39
15242,39
35745,39
54314,39
29711,39
50446,39
4152,39
66875,39
13098,39
74579,39
23113,39
57144,39
46180,39
95644,39
4178,39
78737,39
34259,39
76776,39
17332,39
51207,39
10316,39
71714,39
77868,39
95064,39
59953,39
80172,39
18214,39
37243,39
46865,39
33045,39
34243,39
84662,39
24280,39
27803,39
15441,39
17386,39
63354,39
23163,39
55447,39
87966,39
41860,39
70569,39
64611,39
53899,39
15437,39
85503,39
53906,39
77814,39
34777,39
66597,39
24770,39
81854,39
26327,39
82422,39
82379,39
95676,39
10465,39
33471,39
98558,39
59904,39
44644,39
44266,39
93626,39
18233,39
67306,39
81013,39
88052,39
89258,39
94993,39
53823,39
93410,39
44703,39
10619,39
89544,39
63154,39
10614,39
37204,39
66620,39
21025,39
72632,39
78772,39
96865,39
92343,39
35127,39
47221,39
70471,39
89552,39
27336,39
63508,39
786,39
69123,39
30965,39
69596,39
24085,39
91020,39
74053,39
88156,39
76844,39
91901,39
72622,39
3029,39
29788,39
67453,39
61935,39
14034,39
82289,39
30995,39
4200,39
6285,39
62423,39
85325,39
89472,39
3219,39
55238,39
85668,39
68210,39
12572,39
1321,39
66567,39
17445,39
14341,39
51659,39
53168,39
87840,39
92310,39
39407,39
81001,39
75422,39
83415,39
80991,39
44685,39
95624,39
98410,39
97772,39
84021,39
80349,39
82483,39
21049,39
78757,39
40769,39
38069,39
99675,39
70011,39
12596,39
80474,39
46989,39
65198,39
97064,39
62049,39
12240,39
78978,39
67068,39
49559,39
12923,39
9135,39
47342,39
15984,39
84324,39
64538,39
72389,39
82080,39
99480,39
54713,39
13344,39
89942,39
18347,39
83880,39
94206,39
88780,39
86152,39
95349,39
49171,39
80729,39
62167,39
18121,39
91213,39
89946,39
75735,39
70813,39
20777,39
99528,39
34133,39
19810,39
42904,39
56312,39
71420,39
14742,39
81739,39
94113,39
29940,39
29936,39
16168,39
11374,39
66344,39
36305,39
42912,39
52912,39
6595,39
61503,39
40316,39
7044,39
79934,39
9121,39
64168,39
20810,39
86440,39
27463,39
60356,39
37591,39
51930,39
18996,39
22286,39
13338,39
67084,39
24175,39
38754,39
10946,39
27612,39
78259,39
72393,39
57731,39
63906,39
46660,39
90076,39
75792,39
39885,39
46963,39
88695,39
57844,39
97981,39
54554,39
77492,39
57831,39
95266,39
39840,39
52722,39
41080,39
83755,39
86291,39
13557,39
31535,39
74011,39
51028,39
75261,39
79545,39
77481,39
9219,39
69257,39
63912,39
20660,39
70233,39
28076,39
78191,39
86915,39
19125,39
73623,39
40379,39
97944,39
76349,39
28063,39
63875,39
94259,39
84121,39
84120,39
35303,39
28058,39
98979,39
86981,39
15969,39
34840,39
78246,39
30025,39
11254,39
50024,39
95336,39
73994,39
53646,39
99686,39
9794,39
63890,39
732,39
77240,39
50992,39
43982,39
924,39
19933,39
51502,39
47430,39
60460,39
42811,39
36488,39
76313,39
32755,39
59036,39
46582,39
10845,39
18504,39
12732,39
29380,39
62911,39
7166,39
4361,39
62236,39
15512,39
82824,39
7097,39
36262,39
80021,39
93219,39
71449,39
80493,39
16869,39
18960,39
31392,39
30891,39
39634,39
2891,39
47574,39
10002,39
72555,39
25612,39
37145,39
96409,39
28654,39
93266,39
50163,39
7148,39
80514,39
75540,39
82137,39
70352,39
99538,39
37627,39
70734,39
31659,39
45513,39
98145,39
93192,39
96404,39
29067,39
1750,39
65727,39
78325,39
68396,39
23338,39
94080,39
13744,39
45013,39
69460,39
51358,39
9628,39
2893,39
64372,39
12958,39
9990,39
66311,39
80509,39
40523,39
28634,39
36229,39
53541,39
10848,39
86480,39
8218,39
69005,39
15965,38
59463,38
51119,38
28559,38
99351,38
10346,38
61610,38
5209,38
78717,38
37502,38
49424,38
76982,38
67176,38
51688,38
74154,38
86193,38
32994,38
27107,38
30023,38
72302,38
4317,38
39350,38
41357,38
26001,38
46771,38
36571,38
62658,38
23852,38
81941,38
90120,38
49335,38
98221,38
54612,38
47374,38
87614,38
77106,38
70829,38
20030,38
83705,38
15726,38
54953,38
28560,38
8198,38
26014,38
58027,38
49645,38
62610,38
49858,38
22412,38
86303,38
54414,38
83425,38
71622,38
20899,38
44835,38
36531,38
37691,38
83392,38
57505,38
80204,38
70989,38
10045,38
62606,38
2209,38
93612,38
86306,38
86307,38
29883,38
62594,38
49106,38
55336,38
91284,38
61639,38
26783,38
95478,38
81099,38
65615,38
32659,38
80203,38
85534,38
92078,38
70883,38
61787,38
97341,38
45037,38
27839,38
63296,38
19587,38
85987,38
10355,38
26729,38
17629,38
77505,38
75798,38
58213,38
14165,38
81097,38
30105,38
75224,38
57515,38
90110,38
36237,38
19747,38
83995,38
21121,38
86270,38
72684,38
71613,38
67297,38
68519,38
87389,38
16837,38
93694,38
47208,38
12276,38
12212,38
17649,38
24528,38
26750,38
5255,38
12442,38
70954,38
91898,38
63032,38
84012,38
51734,38
71412,38
52111,38
87583,38
1834,38
57548,38
36024,38
53404,38
69397,38
44149,38
49883,38
91800,38
17646,38
94495,38
84017,38
64727,38
79936,38
27119,38
25993,38
17568,38
24039,38
67076,38
73107,38
41325,38
44725,38
8304,38
62547,38
66956,38
15800,38
64710,38
23832,38
41552,38
1812,38
82202,38
15112,38
8265,38
90179,38
23045,38
36300,38
66560,38
61832,38
87738,38
45121,38
69584,38
1826,38
86034,38
83348,38
94466,38
46387,38
94459,38
29811,38
53780,38
96888,38
39712,38
47713,38
68692,38
57314,38
75164,38
57267,38
36128,38
66898,38
7846,38
49316,38
98418,38
98165,38
39373,38
10280,38
36584,38
70816,38
86398,38
43436,38
32620,38
69377,38
144,38
79910,38
91485,38
19640,38
26733,38
64802,38
25274,38
69627,38
13552,38
14091,38
7814,38
71385,38
13381,38
49093,38
41485,38
19891,38
9697,38
36434,38
4189,38
44723,38
50934,38
37719,38
70743,38
79797,38
30137,38
1858,38
77383,38
86117,38
91946,38
77714,38
46772,38
9905,38
69386,38
91514,38
58155,38
1847,38
1845,38
16850,38
12047,38
66358,38
75111,38
59685,38
48668,38
18624,38
61676,38
32064,38
84281,38
12424,38
76862,38
18627,38
81278,38
53752,38
15080,38
87834,38
1871,38
91976,38
84000,38
93859,38
36790,38
31217,38
63534,38
32410,38
18827,38
31415,38
93401,38
42899,38
65816,38
63515,38
88458,38
19012,38
48062,38
35620,38
38732,38
10621,38
79648,38
75473,38
77951,38
56290,38
3661,38
50271,38
79635,38
79395,38
21323,38
95873,38
40495,38
19251,38
10930,38
92734,38
85221,38
51423,38
26834,38
77280,38
67983,38
72036,38
87017,38
9391,38
74679,38
48771,38
33458,38
17305,38
46144,38
45846,38
10574,38
8971,38
54265,38
6929,38
39100,38
29554,38
12919,38
52323,38
5031,38
80719,38
33371,38
31804,38
16437,38
24830,38
23530,38
70501,38
56779,38
49172,38
98673,38
52840,38
7208,38
11004,38
5049,38
12910,38
34116,38
65696,38
94902,38
38452,38
97543,38
26038,38
76634,38
38091,38
10584,38
11606,38
31248,38
70075,38
6472,38
49623,38
28259,38
97430,38
48215,38
67859,38
24954,38
22604,38
38848,38
83068,38
3884,38
60826,38
3892,38
17190,38
95988,38
9080,38
77290,38
55712,38
6527,38
7231,38
29430,38
1117,38
3368,38
14636,38
89011,38
3856,38
16631,38
48201,38
99543,38
3860,38
52485,38
80830,38
52510,38
21426,38
29056,38
17172,38
88240,38
12967,38
1213,38
35229,38
90802,38
24090,38
28349,38
77282,38
96022,38
23283,38
23585,38
10694,38
71064,38
92710,38
21340,38
53073,38
60097,38
7347,38
70421,38
96376,38
94968,38
56635,38
27362,38
44388,38
26031,38
63957,38
97595,38
88951,38
73303,38
60268,38
60269,38
49247,38
7296,38
21763,38
15601,38
92483,38
31390,38
7301,38
74320,38
9423,38
14412,38
49584,38
61917,38
66876,38
26296,38
66062,38
30544,38
18752,38
35742,38
47975,38
63400,38
87136,38
19082,38
80686,38
54091,38
82432,38
9198,38
72498,38
81041,38
56856,38
29172,38
84239,38
78224,38
20261,38
66055,38
18766,38
52296,38
78603,38
96258,38
71717,38
35251,38
46977,38
84865,38
55512,38
9202,38
42686,38
35706,38
64328,38
49940,38
49210,38
87978,38
21639,38
53243,38
55369,38
37948,38
42687,38
53901,38
25077,38
95707,38
85489,38
34569,38
49691,38
60533,38
48789,38
77349,38
80651,38
86924,38
898,38
43279,38
80670,38
34586,38
98556,38
56945,38
38571,38
15555,38
18103,38
33411,38
49528,38
43260,38
2407,38
38876,38
37055,38
67774,38
32348,38
9259,38
35311,38
68052,38
72190,38
90856,38
4831,38
83606,38
74858,38
21952,38
38632,38
36250,37
27091,37
18495,37
75711,37
83304,37
88394,37
48253,37
77011,37
39863,37
68976,37
30872,37
54071,37
88628,37
54445,37
11409,37
45788,37
62693,37
35423,37
85032,37
15307,37
3524,37
94212,37
17642,37
38523,37
21461,37
48766,37
61603,37
76989,37
56082,37
25779,37
39675,37
24975,37
54817,37
28086,37
8695,37
78094,37
97145,37
65635,37
47548,37
6758,37
38519,37
47317,37
69455,37
69297,37
69294,37
58461,37
82727,37
67024,37
32738,37
13464,37
81335,37
81702,37
51469,37
72063,37
6523,37
99030,37
30019,37
58421,37
16973,37
34846,37
34848,37
18361,37
78865,37
96280,37
18026,37
54074,37
19112,37
70020,37
13392,37
57748,37
2437,37
77006,37
3374,37
32871,37
45993,37
20366,37
86873,37
5763,37
1724,37
46672,37
98191,37
14633,37
57887,37
24343,37
13750,37
62688,37
38788,37
76964,37
90085,37
94502,37
17726,37
32703,37
88983,37
29902,37
24022,37
31586,37
51546,37
37367,37
38477,37
12897,37
27493,37
56481,37
665,37
81988,37
30731,37
18078,37
52956,37
25471,37
86790,37
98836,37
94830,37
12274,37
32660,37
6591,37
22876,37
86860,37
44106,37
58490,37
95191,37
79577,37
24446,37
88869,37
29972,37
71402,37
60646,37
8602,37
45894,37
83969,37
17019,37
76362,37
99197,37
11334,37
48876,37
18057,37
79785,37
84750,37
78996,37
65037,37
48335,37
94135,37
20603,37
54669,37
48304,37
4619,37
88866,37
36973,37
54034,37
96124,37
42556,37
42551,37
96115,37
37565,37
30455,37
72008,37
52643,37
78281,37
66805,37
53582,37
48676,37
96109,37
5370,37
53649,37
81473,37
4623,37
88493,37
16206,37
31423,37
98996,37
2035,37
87514,37
21668,37
25886,37
1010,37
12208,37
85007,37
94426,37
78222,37
61720,37
52620,37
4540,37
59156,37
3515,37
60680,37
2071,37
96378,37
81978,37
98041,37
41293,37
49672,37
18997,37
38782,37
39916,37
50866,37
88927,37
67023,37
93184,37
61496,37
8513,37
12947,37
6966,37
67106,37
67692,37
20226,37
99692,37
27614,37
37048,37
62806,37
15933,37
3509,37
81362,37
99701,37
99970,37
25207,37
19038,37
83134,37
18117,37
22349,37
95287,37
81653,37
15863,37
12459,37
40314,37
18985,37
39705,37
67678,37
89965,37
86242,37
93165,37
20695,37
12332,37
2821,37
9842,37
71809,37
57904,37
61303,37
82263,37
65684,37
75690,37
96871,37
50633,37
64588,37
82506,37
64437,37
26385,37
99743,37
53917,37
22717,37
6356,37
46094,37
6090,37
49646,37
63520,37
23245,37
70489,37
14142,37
94614,37
68266,37
37225,37
76810,37
68733,37
22054,37
85275,37
4761,37
8942,37
7443,37
39324,37
76664,37
63132,37
57093,37
97751,37
34409,37
66092,37
60925,37
69872,37
57320,37
89149,37
25139,37
91038,37
47249,37
95752,37
87892,37
79316,37
77167,37
94586,37
81583,37
47180,37
1243,37
41981,37
26007,37
40798,37
66145,37
74311,37
89165,37
17985,37
36029,37
47133,37
39466,37
6369,37
17241,37
90259,37
48575,37
24231,37
53186,37
26972,37
24302,37
95871,37
32318,37
40748,37
39109,37
49315,37
47866,37
61048,37
60009,37
73958,37
67426,37
68183,37
46156,37
7847,37
81885,37
46841,37
52301,37
37849,37
72178,37
61034,37
17963,37
317,37
66181,37
45373,37
61067,37
39121,37
45377,37
17437,37
1314,37
24734,37
21247,37
6046,37
59730,37
70986,37
41725,37
40768,37
83644,37
80984,37
68256,37
41761,37
78768,37
87108,37
26379,37
34603,37
59676,37
97389,37
5239,37
48745,37
74916,37
91948,37
99579,37
40201,37
46120,37
41670,37
55219,37
35954,37
88047,37
7859,37
74834,37
26371,37
28208,37
33567,37
22070,37
32355,37
23083,37
87818,37
55557,37
85377,37
52694,37
65167,37
90838,37
64605,37
93648,37
93332,37
97616,37
77629,37
34733,37
94959,37
73191,37
96738,37
70390,37
3893,37
17595,37
72107,37
79250,37
43667,37
18895,37
27181,37
81861,37
46456,37
41486,37
8078,37
21142,37
93566,37
55392,37
29689,37
13267,37
66585,37
91080,37
36900,37
5101,37
17589,37
9583,37
28858,37
28684,37
61147,37
59809,37
73975,37
53991,37
55708,37
96936,37
50399,37
43692,37
97821,37
48184,37
2214,37
70925,37
28844,37
18692,37
76532,37
70376,37
87630,37
61755,37
74137,37
74738,37
71474,37
80215,37
68665,37
50398,37
20050,37
29432,37
69966,37
65898,37
44560,37
50784,37
99746,37
77350,37
50197,37
26476,37
30924,37
88302,37
10390,37
89700,37
10780,37
46005,37
99378,37
68192,37
76153,37
53805,37
5284,37
55637,37
57063,37
95747,37
44250,37
18857,37
95895,37
95117,37
10715,37
43601,37
65664,37
99677,37
78459,37
31254,37
54221,37
62463,37
18860,37
52204,37
77657,37
62462,37
52130,37
29704,37
86541,37
54220,37
18858,37
14183,37
55414,37
48105,37
88002,37
96902,37
24904,37
53889,37
18278,37
48963,37
2991,37
35514,37
46229,37
78678,37
24870,37
56936,37
72237,37
90450,37
20983,37
71163,37
26420,37
53962,37
3937,37
95900,37
75060,37
47202,36
95213,36
44479,36
58566,36
51780,36
84404,36
8609,36
8860,36
75259,36
62381,36
51788,36
75683,36
34388,36
90592,36
58215,36
12815,36
58559,36
57920,36
46943,36
58268,36
32342,36
44252,36
79674,36
61860,36
32613,36
81590,36
99204,36
358,36
4999,36
15360,36
12606,36
90620,36
66768,36
12870,36
20467,36
53716,36
73655,36
24134,36
44837,36
34389,36
86503,36
4629,36
46869,36
9320,36
36941,36
46755,36
46754,36
49771,36
13261,36
62266,36
47087,36
90194,36
58656,36
72727,36
86458,36
90506,36
44288,36
15257,36
12465,36
75550,36
44343,36
82908,36
51305,36
61951,36
90255,36
44324,36
61838,36
36614,36
58651,36
58658,36
51405,36
94753,36
81943,36
22608,36
51549,36
64718,36
9344,36
4697,36
30499,36
91109,36
68832,36
9351,36
75353,36
32258,36
34372,36
30339,36
12725,36
9090,36
54443,36
4691,36
24204,36
9585,36
47082,36
9328,36
36677,36
236,36
40849,36
66845,36
83263,36
24036,36
99340,36
87328,36
27051,36
34918,36
8982,36
97383,36
37452,36
71248,36
86402,36
36980,36
40979,36
44225,36
86710,36
70965,36
51264,36
40187,36
69226,36
97701,36
9502,36
36826,36
37071,36
90306,36
5164,36
39909,36
72411,36
17915,36
75606,36
86408,36
22562,36
58353,36
90290,36
36711,36
32501,36
12678,36
86561,36
32367,36
75692,36
20518,36
51665,36
83259,36
20165,36
81546,36
16763,36
83931,36
22676,36
26895,36
91193,36
22505,36
79497,36
9297,36
94915,36
37297,36
77024,36
22464,36
46909,36
8828,36
57968,36
92995,36
47382,36
89414,36
64929,36
73929,36
50459,36
29719,36
38359,36
29088,36
80186,36
74704,36
35226,36
61245,36
31636,36
87868,36
93677,36
35863,36
56369,36
37863,36
33482,36
63937,36
3083,36
10303,36
27859,36
41737,36
47817,36
76759,36
1054,36
23181,36
35223,36
74070,36
38840,36
88973,36
65098,36
67856,36
34160,36
66120,36
7660,36
28850,36
70031,36
55351,36
31647,36
52231,36
23146,36
66464,36
31904,36
76232,36
59800,36
92662,36
93223,36
18975,36
50415,36
21764,36
37854,36
98424,36
76787,36
81173,36
50617,36
37801,36
63796,36
34141,36
50653,36
28769,36
41618,36
42528,36
93819,36
70122,36
45890,36
26391,36
25826,36
67813,36
43515,36
41593,36
98331,36
7966,36
32001,36
52595,36
73680,36
98319,36
53440,36
70316,36
35996,36
53401,36
60331,36
24986,36
63195,36
41709,36
11367,36
63789,36
88910,36
52892,36
57197,36
99477,36
27449,36
26376,36
27881,36
70618,36
46340,36
39404,36
21507,36
14750,36
81198,36
64066,36
55201,36
64412,36
7909,36
76058,36
61129,36
14790,36
43048,36
72143,36
50289,36
60066,36
63554,36
39048,36
528,36
85238,36
50295,36
88135,36
60949,36
96500,36
35621,36
67995,36
31299,36
56758,36
76620,36
21912,36
52471,36
55579,36
68005,36
35640,36
93301,36
38097,36
31231,36
48087,36
7147,36
56609,36
53062,36
93336,36
38957,36
67950,36
42214,36
18862,36
14526,36
85168,36
11572,36
6422,36
42200,36
67939,36
88207,36
38199,36
72121,36
92497,36
60895,36
88188,36
55623,36
55680,36
27682,36
15631,36
60910,36
1137,36
17276,36
67551,36
93466,36
24814,36
41998,36
65479,36
88341,36
6229,36
10832,36
21206,36
7582,36
73762,36
37995,36
41988,36
74727,36
47974,36
99430,36
39179,36
78380,36
89319,36
84254,36
85067,36
55445,36
55420,36
31858,36
35445,36
6232,36
7566,36
98582,36
95959,36
61006,36
99462,36
34723,36
25630,36
73249,36
74825,36
64479,36
49634,36
66019,36
65682,36
72177,36
35717,36
92289,36
38866,36
98613,36
29577,36
19480,36
85353,36
1331,36
93274,36
68066,36
98590,36
99386,36
73412,36
85802,36
29249,36
91521,36
22303,36
39744,36
74654,36
5616,36
64664,36
78981,36
13613,36
31557,36
28029,36
76952,36
19877,36
34666,36
39758,36
18424,36
20774,36
3644,36
74016,36
84842,36
32791,36
84840,36
38619,36
75185,36
33392,36
61527,36
79984,36
17682,36
15569,36
84885,36
5695,36
87564,36
11257,36
50863,36
91572,36
67097,36
99599,36
95437,36
78278,36
46553,36
86079,36
70785,36
55944,36
89871,36
17674,36
43829,36
6900,36
19849,36
93073,36
71405,36
61524,36
62709,36
12260,36
61570,36
57713,36
49679,36
87413,36
11149,36
13497,36
35022,36
44870,36
97987,36
95265,36
9774,36
53687,36
69291,36
51010,36
84801,36
9758,36
60531,36
27080,36
39871,36
76325,36
77483,36
18364,36
891,36
86309,36
74277,36
5498,36
8481,36
43964,36
96212,36
69363,36
84835,36
11204,36
37545,36
60545,36
83976,36
65745,36
89993,36
83974,36
99814,36
90005,36
15178,36
64519,36
84821,36
8454,36
41120,36
77529,36
96216,36
14924,36
88640,36
33424,36
11148,36
32094,36
26565,36
91608,36
73419,36
96945,36
69550,36
69546,36
66297,36
62984,36
95514,36
70724,36
45078,36
67145,36
71484,36
29854,36
95452,36
98213,36
69509,36
8123,36
92824,36
21544,36
1708,36
65648,36
72005,36
22221,36
52033,36
96304,36
50743,36
2962,36
66274,36
14807,36
11308,36
56231,36
67182,36
86935,36
26428,36
8012,36
55086,36
43587,36
92815,36
46389,36
25017,36
39562,36
43604,36
91801,36
91797,36
76409,36
57385,36
65652,36
91794,36
43618,36
23025,36
77632,36
36213,36
53057,36
94044,36
60591,36
8213,36
56197,36
47585,36
91630,36
22979,36
54866,36
25797,36
13772,36
73533,36
36243,36
13753,36
38459,36
19178,36
10026,36
81329,36
91641,36
16868,36
94019,36
53499,36
8175,36
75090,36
11274,36
47557,36
49668,36
77616,36
74331,35
40287,35
33775,35
53030,35
19002,35
72542,35
27678,35
12748,35
3459,35
11396,35
53022,35
99487,35
88830,35
60699,35
24121,35
67812,35
60524,35
31736,35
95993,35
46876,35
308,35
88494,35
45964,35
58693,35
88759,35
80736,35
442,35
34620,35
60448,35
62001,35
52492,35
52663,35
88714,35
52919,35
45977,35
72553,35
76254,35
10810,35
37079,35
28265,35
23572,35
52900,35
16608,35
510,35
52652,35
80715,35
46927,35
30421,35
83136,35
54062,35
38592,35
52636,35
3678,35
52756,35
19345,35
64540,35
45474,35
65422,35
74355,35
11071,35
67743,35
71903,35
80782,35
23140,35
524,35
66933,35
77052,35
61788,35
61781,35
83999,35
74296,35
68658,35
12492,35
68357,35
96978,35
81310,35
81488,35
64648,35
89789,35
46527,35
9994,35
2883,35
49670,35
79983,35
39703,35
68326,35
90228,35
9641,35
81260,35
46359,35
30968,35
45147,35
96882,35
58932,35
64409,35
68278,35
89569,35
39470,35
58935,35
81230,35
32023,35
53813,35
33683,35
99384,35
32042,35
80068,35
64723,35
10145,35
89853,35
22947,35
67199,35
75764,35
12389,35
53612,35
33631,35
37530,35
9707,35
2796,35
37519,35
30772,35
59252,35
76977,35
9714,35
2779,35
37504,35
74280,35
39832,35
44858,35
97151,35
79845,35
90096,35
79807,35
87488,35
89872,35
25371,35
81480,35
51934,35
51926,35
53763,35
44975,35
51743,35
28019,35
44784,35
44961,35
53759,35
46584,35
22838,35
4476,35
18339,35
74419,35
61559,35
46589,35
79800,35
9865,35
18602,35
59633,35
38975,35
28204,35
3223,35
27742,35
19471,35
58826,35
53158,35
95797,35
34764,35
80278,35
27303,35
96703,35
51607,35
25348,35
15447,35
95021,35
37982,35
31859,35
84037,35
31106,35
71665,35
19463,35
52340,35
99575,35
96629,35
37183,35
10686,35
38184,35
39011,35
80932,35
67461,35
80402,35
424,35
88162,35
51563,35
39037,35
45409,35
46850,35
23680,35
11657,35
68004,35
23240,35
3987,35
83912,35
34773,35
27816,35
328,35
87867,35
64625,35
81566,35
76788,35
44674,35
27862,35
75976,35
67252,35
51662,35
64626,35
67244,35
46336,35
81189,35
87822,35
16678,35
30986,35
87791,35
39441,35
4238,35
97322,35
10317,35
2593,35
37945,35
31944,35
2584,35
39240,35
59838,35
76042,35
31078,35
95698,35
18232,35
53292,35
64430,35
72228,35
72235,35
27836,35
37268,35
89412,35
37271,35
68756,35
30573,35
96808,35
39333,35
40398,35
64517,35
94238,35
93827,35
25561,35
93126,35
47714,35
26273,35
56259,35
14789,35
78121,35
5218,35
84694,35
13973,35
26264,35
90943,35
13436,35
93820,35
15034,35
5206,35
42208,35
86629,35
90924,35
6277,35
48032,35
77894,35
72726,35
29006,35
91012,35
93150,35
33970,35
29303,35
64098,35
78112,35
82860,35
13214,35
34004,35
42538,35
70026,35
84945,35
5408,35
65628,35
78371,35
40780,35
24294,35
34222,35
94622,35
90967,35
35538,35
84461,35
94387,35
1190,35
28547,35
44280,35
14039,35
14329,35
21042,35
17961,35
35339,35
26377,35
15152,35
28392,35
93816,35
50903,35
70614,35
93730,35
8530,35
16193,35
36523,35
16303,35
21705,35
15962,35
47996,35
41654,35
92823,35
48586,35
29011,35
14967,35
79136,35
70129,35
91927,35
36799,35
43481,35
34071,35
43479,35
24272,35
32960,35
13665,35
6679,35
36804,35
29393,35
64224,35
42358,35
56501,35
75452,35
17091,35
74684,35
24731,35
29530,35
40922,35
54912,35
44118,35
34148,35
51096,35
69513,35
74526,35
5791,35
47599,35
78484,35
64826,35
65122,35
40902,35
44142,35
62974,35
70350,35
7063,35
69476,35
93429,35
62899,35
41396,35
26692,35
17896,35
63759,35
14703,35
15010,35
14472,35
97893,35
91178,35
14469,35
13809,35
97892,35
17235,35
36610,35
30133,35
70066,35
8133,35
69871,35
1033,35
93388,35
85025,35
1707,35
28669,35
64201,35
55016,35
24854,35
78892,35
34199,35
29320,35
34998,35
85828,35
82864,35
48047,35
26655,35
5865,35
78534,35
55079,35
93880,35
30128,35
16155,35
17564,35
20641,35
26747,35
56775,35
63476,35
36710,35
82196,35
17097,35
8232,35
47687,35
93161,35
92738,35
8214,35
22202,35
81926,35
17111,35
70429,35
33546,35
92656,35
22199,35
57388,35
58089,35
21914,35
21916,35
83359,35
6618,35
1754,35
94064,35
50716,35
54833,35
86525,35
55227,35
57593,35
77493,35
50959,35
75212,35
70802,35
28821,35
2344,35
78173,35
845,35
85100,35
86219,35
54728,35
65893,35
66665,35
9101,35
93048,35
14562,35
57005,35
90742,35
78635,35
5018,35
44428,35
85576,35
32534,35
86234,35
79012,35
14146,35
49761,35
63405,35
94178,35
24448,35
33040,35
18029,35
86786,35
56902,35
42253,35
93672,35
21982,35
82041,35
83299,35
65731,35
55322,35
7711,35
14254,35
17388,35
54161,35
57766,35
29211,35
36417,35
84731,35
62212,35
47932,35
97546,35
748,35
6750,35
82394,35
92176,35
5545,35
90678,35
22001,35
6154,35
93025,35
91397,35
20332,35
73180,35
58477,35
64260,35
5028,35
94805,35
85498,35
28829,35
35039,35
26589,35
99944,35
92924,35
16427,35
78167,35
6077,35
56894,35
25089,35
78636,35
93095,35
94,35
49272,35
810,35
74933,35
18002,35
86098,35
20700,35
34190,35
14070,35
54111,35
14107,35
8989,35
34103,35
29267,35
82837,35
6694,35
35721,35
41719,35
32563,35
14310,35
83370,35
28799,35
63210,35
74586,35
78029,35
94720,35
34067,35
21217,35
62633,35
21220,35
24147,35
70563,35
47140,35
42245,35
56016,35
8988,35
26039,35
54208,35
78396,35
93718,35
41992,35
75215,35
55396,35
54734,35
66164,35
73919,35
5564,35
50995,35
49754,35
29619,35
26200,35
7654,35
57630,35
55359,35
20392,35
20395,35
54744,35
36919,35
77576,35
91366,35
70552,35
55231,35
57714,35
29963,35
68938,35
69968,34
11532,34
28649,34
74381,34
63650,34
42271,34
62737,34
69501,34
29501,34
78889,34
61423,34
13576,34
72104,34
24917,34
83075,34
66307,34
50211,34
35206,34
55699,34
89132,34
15976,34
53589,34
96580,34
8177,34
29504,34
67966,34
10656,34
67964,34
11595,34
10695,34
67051,34
99450,34
526,34
22965,34
19820,34
78919,34
5679,34
19809,34
32114,34
57624,34
19857,34
57636,34
72387,34
80438,34
43806,34
61530,34
13685,34
63618,34
72932,34
9955,34
32133,34
78955,34
1182,34
63626,34
45448,34
72381,34
45443,34
36324,34
10728,34
17230,34
94110,34
48871,34
16931,34
99355,34
57646,34
89075,34
89790,34
10003,34
78983,34
55636,34
5607,34
65906,34
31290,34
1209,34
59436,34
85132,34
99616,34
92434,34
57546,34
39752,34
32153,34
48692,34
89113,34
17655,34
11576,34
30862,34
57578,34
85173,34
6456,34
59337,34
29488,34
86032,34
57567,34
54820,34
31256,34
94154,34
9945,34
99824,34
29978,34
34188,34
39606,34
41548,34
99587,34
82357,34
50375,34
53185,34
29729,34
37871,34
65480,34
16524,34
31052,34
82367,34
18649,34
88014,34
45340,34
99576,34
74915,34
80175,34
83634,34
47887,34
87887,34
19525,34
63396,34
70596,34
3172,34
37856,34
33078,34
26336,34
82793,34
78601,34
6015,34
35958,34
91971,34
81186,34
71726,34
71720,34
81179,34
84024,34
93721,34
31020,34
4196,34
53362,34
82312,34
7825,34
63429,34
98585,34
43414,34
65145,34
87864,34
10307,34
61213,34
43355,34
87634,34
93596,34
23757,34
85501,34
23753,34
11837,34
56996,34
41938,34
89343,34
15439,34
56989,34
16084,34
53260,34
19537,34
56981,34
85482,34
61151,34
24805,34
34584,34
92148,34
87983,34
61148,34
93565,34
92116,34
76728,34
6101,34
816,34
17398,34
92062,34
89413,34
21123,34
57069,34
28826,34
74886,34
77801,34
31920,34
18677,34
17391,34
24811,34
21995,34
63338,34
43337,34
93613,34
22022,34
98545,34
65138,34
59820,34
87923,34
84020,34
63184,34
64054,34
6340,34
89185,34
92351,34
1665,34
41500,34
27335,34
49630,34
22200,34
27721,34
65124,34
10599,34
46407,34
36131,34
31194,34
36129,34
42083,34
87701,34
82191,34
55077,34
52346,34
64116,34
65653,34
63499,34
55004,34
85359,34
28682,34
83587,34
93385,34
89153,34
33457,34
5787,34
50798,34
21299,34
41443,34
20925,34
61413,34
26473,34
65464,34
33506,34
35197,34
8105,34
55609,34
24605,34
72314,34
65123,34
35196,34
20945,34
76848,34
22179,34
10157,34
23834,34
21257,34
7505,34
83603,34
7937,34
28903,34
7509,34
41622,34
73111,34
49084,34
10223,34
16547,34
95597,34
131,34
14019,34
95609,34
70631,34
96651,34
63177,34
82455,34
75960,34
55214,34
790,34
57295,34
92297,34
17280,34
62698,34
48862,34
15702,34
77674,34
22160,34
23696,34
73706,34
5905,34
63474,34
11691,34
41598,34
87743,34
7476,34
46374,34
67186,34
73066,34
18596,34
99850,34
57321,34
23226,34
42308,34
45298,34
62697,34
92725,34
22806,34
65033,34
70097,34
25235,34
40859,34
87255,34
14959,34
8751,34
2640,34
13282,34
97297,34
34456,34
83799,34
95136,34
61995,34
24025,34
23447,34
48285,34
42625,34
66541,34
90225,34
83270,34
61968,34
98032,34
30619,34
26845,34
22794,34
3756,34
38390,34
82634,34
25397,34
30621,34
67832,34
79417,34
46774,34
16170,34
71912,34
94965,34
6914,34
97804,34
9577,34
7046,34
73401,34
72747,34
46779,34
943,34
47065,34
73822,34
69188,34
58441,34
92886,34
4674,34
18321,34
70056,34
72791,34
28094,34
87324,34
73996,34
6734,34
38803,34
60710,34
36597,34
30689,34
90748,34
12733,34
39982,34
48599,34
58048,34
61717,34
36925,34
79227,34
77426,34
42908,34
88425,34
47311,34
91121,34
97275,34
26710,34
23575,34
97850,34
88419,34
61996,34
79450,34
93173,34
62527,34
66518,34
78153,34
9064,34
6623,34
29317,34
19073,34
34961,34
40162,34
22727,34
22755,34
2575,34
54254,34
13127,34
31435,34
61933,34
87153,34
4799,34
14803,34
20471,34
32366,34
33946,34
33342,34
86638,34
86631,34
50061,34
20113,34
46843,34
68779,34
13166,34
4824,34
691,34
62345,34
64528,34
48331,34
20440,34
88811,34
44286,34
72654,34
72655,34
88814,34
74188,34
90864,34
60422,34
12630,34
14812,34
52796,34
42868,34
36845,34
81838,34
63812,34
30237,34
90250,34
83814,34
67623,34
79643,34
42535,34
80749,34
23439,34
4861,34
70121,34
71901,34
72724,34
14775,34
40228,34
92851,34
47109,34
49176,34
82640,34
86555,34
73594,34
25948,34
96353,34
44219,34
90287,34
18236,34
34471,34
70987,34
56189,34
13170,34
96151,34
65079,34
95066,34
94623,34
52618,34
42599,34
30226,34
76277,34
4768,34
30225,34
70155,34
11053,34
34656,34
56266,34
48597,34
81894,34
14695,34
64834,34
57956,34
52670,34
62619,34
74613,34
5484,34
97485,34
34065,34
71355,34
65743,34
17154,34
70229,34
3376,34
67875,34
91351,34
83153,34
48195,34
17756,34
94292,34
13514,34
8482,34
84522,34
16362,34
87392,34
75230,34
91323,34
1982,34
91298,34
48227,34
66452,34
53700,34
19295,34
57866,34
70221,34
42356,34
38525,34
63901,34
9159,34
36530,34
84736,34
99024,34
48878,34
59199,34
54142,34
46643,34
72082,34
7195,34
65116,34
57754,34
2450,34
26615,34
90629,34
23936,34
97528,34
12822,34
94875,34
67901,34
52486,34
21644,34
66395,34
15551,34
41152,34
86925,34
52998,34
37544,34
51482,34
56039,34
97534,34
53657,34
35264,34
12321,34
68492,34
44480,34
85080,34
88638,34
32752,34
74452,34
44897,34
28306,34
65883,34
68487,34
56530,34
68485,34
29409,34
8459,34
45508,34
67889,34
8453,34
39877,34
12787,34
38604,34
11212,34
9695,34
74316,34
80688,34
63940,34
37114,34
84415,34
32699,34
95203,34
88373,34
13390,34
64199,34
54043,34
22423,34
5053,34
19986,34
23356,34
56100,34
85030,34
53747,34
69220,34
85026,34
49467,34
7124,34
24109,34
88389,34
18346,34
79171,34
97446,34
44803,34
12400,34
55801,34
75760,34
23972,34
32414,34
36570,34
30718,34
58631,34
62047,34
13429,34
94420,34
97946,34
86344,34
86347,34
90113,34
76220,34
2003,34
51263,34
30108,34
24119,34
31528,33
63920,33
35329,33
61127,33
21984,33
55507,33
92909,33
971,33
56830,33
56102,33
73478,33
23437,33
14821,33
83515,33
59971,33
49212,33
78169,33
88783,33
27499,33
67365,33
26052,33
55956,33
822,33
98955,33
31466,33
25053,33
88728,33
80661,33
23483,33
52741,33
11778,33
38622,33
6846,33
42855,33
957,33
63985,33
73424,33
42759,33
76061,33
93510,33
29178,33
48426,33
35175,33
87991,33
3565,33
48737,33
72192,33
41955,33
56005,33
93076,33
6745,33
63886,33
93525,33
52285,33
45322,33
64941,33
6223,33
60586,33
98956,33
48436,33
18729,33
50389,33
16202,33
27775,33
52294,33
39167,33
49186,33
17364,33
41939,33
6240,33
15656,33
6867,33
48367,33
33416,33
7625,33
50018,33
55963,33
65737,33
66103,33
14,33
45921,33
59982,33
34076,33
6411,33
10867,33
73274,33
50128,33
14680,33
15627,33
98848,33
17210,33
50135,33
42981,33
427,33
55650,33
85056,33
27425,33
63602,33
31662,33
25618,33
48121,33
76514,33
99075,33
96425,33
63743,33
64555,33
67972,33
42956,33
85198,33
39023,33
80939,33
67467,33
85191,33
33199,33
6394,33
43108,33
31648,33
19281,33
31756,33
60256,33
50263,33
65398,33
15482,33
11425,33
67861,33
3831,33
29016,33
65901,33
7213,33
72202,33
95939,33
38279,33
98767,33
88315,33
14607,33
10760,33
78015,33
10801,33
7220,33
42287,33
88267,33
29424,33
55709,33
26184,33
23319,33
98796,33
82771,33
70373,33
18947,33
38224,33
78439,33
7177,33
21424,33
14652,33
92607,33
92606,33
67490,33
17199,33
82556,33
52466,33
43057,33
60156,33
31282,33
70393,33
72116,33
21830,33
89019,33
78397,33
83472,33
29365,33
65474,33
21322,33
52839,33
85330,33
35685,33
93124,33
71880,33
33132,33
96107,33
42069,33
99518,33
66017,33
861,33
67819,33
10976,33
6638,33
7468,33
3461,33
1004,33
42077,33
93157,33
987,33
80744,33
11012,33
38443,33
56822,33
84691,33
60615,33
60408,33
35185,33
64604,33
88519,33
81007,33
95803,33
27743,33
43202,33
80567,33
63825,33
34228,33
21955,33
88059,33
21245,33
60391,33
7463,33
31789,33
71757,33
35401,33
52532,33
11390,33
33176,33
7399,33
23367,33
1247,33
48453,33
39043,33
7084,33
38146,33
10907,33
38152,33
50110,33
70052,33
38354,33
45952,33
76131,33
70345,33
33313,33
63532,33
76256,33
96595,33
48769,33
15593,33
76108,33
96367,33
7454,33
84214,33
64455,33
10608,33
92349,33
23676,33
88133,33
76473,33
16276,33
6617,33
11647,33
1023,33
7420,33
56351,33
16780,33
44311,33
93569,33
5622,33
62337,33
40633,33
8394,33
5579,33
33871,33
53591,33
61568,33
5583,33
71394,33
27112,33
54675,33
69391,33
47497,33
50921,33
12661,33
1859,33
49026,33
83732,33
2832,33
83274,33
58340,33
20796,33
82079,33
34522,33
2536,33
16359,33
30806,33
2247,33
90004,33
59254,33
94247,33
17737,33
34880,33
24271,33
5176,33
66398,33
67027,33
86679,33
47168,33
86686,33
28195,33
91463,33
61578,33
59290,33
30027,33
26981,33
4522,33
75453,33
53613,33
25198,33
79009,33
87482,33
1904,33
78972,33
95395,33
82134,33
81372,33
49710,33
75412,33
39676,33
98126,33
13705,33
61487,33
62887,33
54826,33
22702,33
59430,33
75134,33
5709,33
41331,33
22972,33
4390,33
5103,33
53532,33
2514,33
26850,33
99593,33
22255,33
5098,33
636,33
47579,33
85990,33
36283,33
25157,33
62869,33
22285,33
86103,33
17679,33
8319,33
57621,33
94129,33
30830,33
81792,33
86742,33
71028,33
37594,33
91548,33
97636,33
97626,33
24088,33
51935,33
8288,33
62832,33
47537,33
4408,33
49457,33
75503,33
61964,33
9970,33
79629,33
54280,33
5519,33
13531,33
39813,33
9639,33
86451,33
2057,33
72448,33
2612,33
40939,33
87304,33
74271,33
18326,33
72796,33
70901,33
91186,33
57970,33
81961,33
48555,33
71331,33
68722,33
9527,33
77019,33
44795,33
51062,33
97327,33
53832,33
22440,33
34849,33
86453,33
22449,33
61723,33
34483,33
40819,33
51154,33
27014,33
20535,33
58934,33
34993,33
81538,33
70939,33
81528,33
2636,33
28464,33
8764,33
68644,33
28472,33
30187,33
77423,33
62493,33
62440,33
44212,33
62515,33
97273,33
44763,33
75717,33
28164,33
81551,33
20084,33
8637,33
22759,33
13463,33
13164,33
41047,33
99352,33
22381,33
87383,33
68526,33
61627,33
710,33
23958,33
97142,33
87396,33
37476,33
50996,33
17764,33
62372,33
20468,33
58247,33
37253,33
50986,33
47183,33
19930,33
371,33
4546,33
33539,33
36538,33
30129,33
57915,33
75689,33
8829,33
51058,33
86394,33
36579,33
90132,33
30699,33
30706,33
36573,33
51196,33
8853,33
90305,33
86620,33
8592,33
22517,33
39888,33
36757,33
49399,33
35013,33
58885,33
44842,33
94398,33
210,33
44032,33
2909,33
37618,33
81313,33
45129,33
98379,33
46915,33
63170,33
49319,33
77717,33
37813,33
93755,33
69615,33
61279,33
20247,33
65655,33
9154,33
31982,33
47794,33
41685,33
94810,33
14056,33
14058,33
77268,33
50579,33
82917,33
14063,33
47803,33
89468,33
64909,33
39435,33
28772,33
43474,33
11985,33
64096,33
20993,33
37767,33
47710,33
73676,33
27911,33
35102,33
90701,33
82220,33
75592,33
16520,33
10197,33
9147,33
54158,33
98337,33
50667,33
17525,33
90540,33
61307,33
13986,33
89555,33
91913,33
99396,33
81210,33
41715,33
24732,33
28319,33
7669,33
31917,33
18682,33
44464,33
95693,33
70584,33
7701,33
73937,33
72212,33
33828,33
63359,33
12832,33
407,33
80197,33
58537,33
68924,33
45277,33
80236,33
86900,33
67352,33
35780,33
56964,33
59867,33
86910,33
69734,33
90586,33
62097,33
70610,33
27253,33
16523,33
4959,33
92000,33
9176,33
93705,33
92002,33
32997,33
46982,33
14120,33
35861,33
23110,33
7770,33
63301,33
66712,33
89439,33
31055,33
73695,33
45232,33
27844,33
7767,33
25762,33
12882,33
95667,33
81149,33
10174,33
85735,33
75073,33
10100,33
2938,33
395,33
27946,33
1696,33
27941,33
98220,33
87659,33
87663,33
91854,33
58669,33
48518,33
59541,33
777,33
71143,33
64259,33
48865,33
78823,33
95528,33
39565,33
90727,33
46999,33
85873,33
24595,33
46472,33
29876,33
81289,33
1743,33
5749,33
73823,33
53508,33
59482,33
58410,33
72601,33
85959,33
99590,33
81644,33
1716,33
13805,33
83907,33
68356,33
59501,33
10061,33
10064,33
2930,33
59509,33
49466,33
98200,33
19729,33
4731,33
15710,33
79496,33
48864,33
71501,33
9134,33
87714,33
80064,33
28267,33
55050,33
13918,33
32034,33
73018,33
40484,33
66263,33
61373,33
98282,33
10130,33
93937,33
2982,33
36829,32
49918,32
12655,32
47057,32
37039,32
35279,32
66716,32
25210,32
84357,32
37134,32
32481,32
75597,32
18197,32
17950,32
37003,32
97782,32
2322,32
97303,32
51534,32
26952,32
35319,32
62240,32
51551,32
46788,32
26978,32
12972,32
88536,32
49722,32
60575,32
13223,32
34686,32
96350,32
82762,32
60661,32
63810,32
60647,32
26812,32
14774,32
2159,32
26119,32
2238,32
64297,32
13004,32
36837,32
73732,32
14848,32
32327,32
88604,32
37130,32
13197,32
75431,32
46795,32
15252,32
81789,32
492,32
99008,32
15274,32
23540,32
16818,32
37126,32
86616,32
26071,32
35347,32
72524,32
82683,32
63839,32
46921,32
73464,32
86852,32
17983,32
73460,32
97741,32
84940,32
32567,32
48312,32
88619,32
82740,32
36996,32
73462,32
82691,32
12554,32
66661,32
97537,32
87027,32
66655,32
66702,32
35271,32
97490,32
67699,32
33556,32
75500,32
62054,32
66564,32
97332,32
49592,32
33367,32
88610,32
994,32
73733,32
18198,32
66400,32
88453,32
86544,32
85962,32
17225,32
65938,32
98198,32
48522,32
18527,32
87645,32
85234,32
32877,32
48067,32
62991,32
47661,32
17580,32
2963,32
81277,32
2965,32
12069,32
15022,32
17269,32
46112,32
49905,32
50710,32
66001,32
46474,32
82141,32
25264,32
32839,32
63598,32
80916,32
86051,32
75870,32
63597,32
36295,32
36284,32
96568,32
86036,32
52408,32
3284,32
73271,32
82117,32
587,32
13732,32
32857,32
88180,32
85188,32
34815,32
75097,32
82140,32
52402,32
15111,32
61347,32
35097,32
85458,32
33004,32
98475,32
11770,32
85432,32
63404,32
48729,32
61219,32
16907,32
24764,32
64020,32
35825,32
35153,32
14192,32
73699,32
63389,32
35815,32
74885,32
46252,32
85488,32
65491,32
61159,32
63380,32
64023,32
16917,32
61318,32
61061,32
98651,32
82221,32
36033,32
31801,32
27231,32
98605,32
73122,32
23712,32
24820,32
26381,32
96869,32
11919,32
14327,32
46168,32
85360,32
96845,32
67424,32
85374,32
35946,32
87847,32
25858,32
14084,32
32127,32
17671,32
62817,32
13409,32
97905,32
97209,32
27430,32
61647,32
15354,32
50126,32
17133,32
2726,32
97941,32
64354,32
96428,32
15201,32
31650,32
97942,32
23596,32
17140,32
45973,32
32720,32
18959,32
75258,32
60747,32
27083,32
13365,32
24964,32
83082,32
32267,32
97301,32
84974,32
12524,32
67604,32
74691,32
74498,32
2634,32
61813,32
12511,32
13275,32
13283,32
66987,32
81494,32
51111,32
98904,32
47310,32
26704,32
24374,32
14718,32
87296,32
63751,32
52523,32
60752,32
49826,32
75163,32
26198,32
27111,32
36432,32
49621,32
35482,32
14590,32
745,32
50204,32
32788,32
15167,32
84534,32
82077,32
85106,32
72391,32
31724,32
75841,32
2841,32
62793,32
81371,32
24496,32
18452,32
73301,32
64461,32
47468,32
60795,32
66435,32
60773,32
23954,32
65869,32
81413,32
86252,32
11466,32
33258,32
2773,32
82854,32
46639,32
66403,32
35460,32
50180,32
35777,32
37516,32
60779,32
61595,32
51858,32
35469,32
87476,32
62680,32
87479,32
38276,32
65500,32
63918,32
9540,32
7158,32
30856,32
89104,32
20237,32
31267,32
54945,32
19377,32
31273,32
95424,32
44993,32
38939,32
6136,32
95906,32
5793,32
69682,32
89892,32
15738,32
65322,32
91748,32
48873,32
34159,32
83983,32
21454,32
21458,32
311,32
92675,32
84069,32
92085,32
90533,32
74180,32
7716,32
57749,32
6220,32
27972,32
65391,32
45418,32
10636,32
91466,32
76600,32
57494,32
27977,32
64643,32
78043,32
45425,32
22328,32
20457,32
5177,32
83289,32
30450,32
95876,32
8925,32
22663,32
83618,32
83461,32
34300,32
93273,32
39665,32
54050,32
4397,32
84070,32
58212,32
44198,32
64881,32
90466,32
16485,32
7040,32
25811,32
19307,32
60227,32
42503,32
57112,32
7772,32
92754,32
83347,32
77173,32
56280,32
73921,32
40234,32
7779,32
34,32
60241,32
21088,32
38815,32
7009,32
39817,32
22205,32
69122,32
93142,32
95289,32
54573,32
19315,32
80487,32
70588,32
95960,32
54173,32
60183,32
20214,32
67913,32
70340,32
69108,32
56374,32
43353,32
42454,32
89947,32
315,32
54595,32
22212,32
68439,32
16165,32
10795,32
95359,32
30807,32
70073,32
94265,32
91384,32
22690,32
54588,32
6100,32
31328,32
44931,32
53611,32
56539,32
27715,32
79353,32
5056,32
30333,32
30330,32
79501,32
31102,32
92405,32
25751,32
43845,32
58488,32
71664,32
95729,32
25464,32
99712,32
23174,32
286,32
73962,32
53395,32
6390,32
90676,32
76674,32
83721,32
59908,32
8346,32
6391,32
15695,32
28640,32
45151,32
40460,32
39395,32
45274,32
69760,32
6385,32
69859,32
42102,32
59789,32
95670,32
54170,32
83869,32
93431,32
64867,32
39286,32
78933,32
6376,32
41285,32
5666,32
6338,32
21880,32
78925,32
19561,32
5662,32
80147,32
58484,32
34057,32
41304,32
90715,32
71638,32
29515,32
39393,32
40483,32
89567,32
79527,32
89573,32
43858,32
94699,32
80053,32
80049,32
56601,32
95521,32
42005,32
83391,32
95843,32
77860,32
76633,32
54266,32
30422,32
7580,32
43023,32
69367,32
30430,32
92572,32
90860,32
7221,32
8950,32
4349,32
4350,32
71119,32
5756,32
41987,32
80384,32
89177,32
10120,32
31182,32
39547,32
54701,32
49446,32
23194,32
4049,32
59950,32
58510,32
94075,32
58511,32
5010,32
54715,32
70405,32
7311,32
20778,32
56809,32
8192,32
69938,32
21838,32
20285,32
7542,32
54838,32
76856,32
16549,32
78010,32
39106,32
78435,32
10132,32
69474,32
23358,32
53010,32
8799,32
41507,32
4659,32
212,32
99632,32
21561,32
91113,32
95169,32
95033,32
88820,32
41674,32
70919,32
6909,32
92875,32
34660,32
56151,32
69265,32
22410,32
74116,32
91949,32
44776,32
21669,32
6882,32
70859,32
38714,32
60385,32
6936,32
34638,32
34115,32
28698,32
19232,32
56193,32
25599,32
25598,32
99783,32
94376,32
21056,32
41539,32
33776,32
71227,32
23398,32
5867,32
45617,32
96101,32
93874,32
22752,32
22465,32
91135,32
31456,32
25384,32
23478,32
45745,32
42725,32
29797,32
52706,32
56046,32
68683,32
44730,32
29180,32
5938,32
21004,32
91234,32
4730,32
79736,32
78183,32
95090,32
28752,32
70646,32
93829,32
91893,32
3589,32
45717,32
83783,32
95047,32
6849,32
79205,32
69610,32
44660,32
48808,32
59040,32
41556,32
69198,32
91256,32
93043,32
15936,32
91914,32
57336,32
28504,32
5397,32
88723,32
95072,32
22124,32
40954,32
55983,32
20995,32
77015,32
42103,32
41039,32
45554,32
71850,32
25715,32
58112,32
96056,32
60309,32
71173,32
49015,32
40200,32
99798,32
25821,32
70294,32
76466,32
77390,32
58794,32
60289,32
44849,32
34457,32
8795,32
34459,32
30212,32
10928,32
91071,32
92828,32
5274,32
22120,31
48034,31
15788,31
36280,31
95137,31
47769,31
76829,31
18381,31
80083,31
17301,31
70672,31
33129,31
87182,31
2792,31
23052,31
63270,31
26271,31
36155,31
20039,31
91591,31
15813,31
62156,31
70518,31
47550,31
53432,31
54118,31
50859,31
93791,31
18169,31
25875,31
98514,31
77885,31
39995,31
64762,31
45118,31
64024,31
1766,31
40209,31
35989,31
61362,31
32919,31
89626,31
57545,31
6246,31
99699,31
14023,31
62898,31
23035,31
47770,31
57523,31
95060,31
15118,31
75721,31
26512,31
25386,31
93502,31
95313,31
46965,31
48000,31
93487,31
96873,31
54114,31
50855,31
89590,31
59612,31
1541,31
34252,31
69817,31
7915,31
10172,31
62139,31
62138,31
49884,31
37372,31
5976,31
94066,31
24826,31
50348,31
20872,31
22645,31
64736,31
50637,31
74962,31
69848,31
73149,31
53334,31
64306,31
34318,31
55582,31
86823,31
3082,31
58943,31
44600,31
12940,31
5680,31
9808,31
84332,31
61937,31
22893,31
32298,31
98469,31
74217,31
37865,31
97306,31
52180,31
46303,31
62217,31
50674,31
13963,31
17255,31
63114,31
28156,31
15678,31
51409,31
40502,31
7964,31
74392,31
97137,31
28944,31
45229,31
58784,31
71604,31
93942,31
35110,31
36285,31
13954,31
66939,31
79890,31
21275,31
32317,31
56777,31
95615,31
15999,31
96863,31
18617,31
7477,31
61298,31
48714,31
74977,31
65357,31
68507,31
55282,31
81568,31
95586,31
42062,31
69454,31
90296,31
41619,31
51834,31
77101,31
91904,31
20180,31
75802,31
68730,31
2523,31
9827,31
26896,31
10264,31
7976,31
47711,31
20056,31
68244,31
61270,31
82493,31
61271,31
19663,31
73664,31
2385,31
22251,31
63432,31
95534,31
74877,31
57086,31
92118,31
84346,31
93594,31
70711,31
25879,31
40186,31
24800,31
81357,31
69505,31
26009,31
16506,31
76953,31
87341,31
90364,31
61650,31
8108,31
87540,31
82313,31
70611,31
65672,31
2974,31
1380,31
54914,31
15310,31
21169,31
34820,31
37631,31
56980,31
90153,31
37446,31
99095,31
95354,31
90542,31
39933,31
32105,31
26930,31
70727,31
59416,31
63369,31
89829,31
78688,31
99600,31
19843,31
49076,31
75076,31
47652,31
12636,31
34844,31
99609,31
28197,31
40297,31
24739,31
24611,31
68846,31
15361,31
78684,31
18434,31
77192,31
95002,31
79924,31
94938,31
2553,31
79607,31
4469,31
12225,31
57411,31
7803,31
49505,31
64047,31
48488,31
82318,31
71409,31
91994,31
59175,31
85835,31
26465,31
85544,31
43415,31
58831,31
9435,31
53996,31
53726,31
94945,31
81645,31
39753,31
30482,31
91700,31
97473,31
37641,31
28786,31
42003,31
26969,31
97497,31
13765,31
71239,31
87295,31
72394,31
55471,31
59286,31
37047,31
69494,31
5835,31
95504,31
23007,31
73520,31
62902,31
66281,31
74912,31
41489,31
76872,31
33620,31
80044,31
63263,31
29610,31
17575,31
61590,31
6083,31
71495,31
53708,31
54100,31
87458,31
64022,31
87161,31
40385,31
78771,31
92014,31
45094,31
56848,31
6235,31
98583,31
7562,31
66775,31
2684,31
99873,31
82371,31
66835,31
57487,31
64021,31
4957,31
9273,31
61446,31
6057,31
16439,31
66984,31
23868,31
61454,31
81315,31
72331,31
99103,31
12423,31
55432,31
51620,31
85467,31
8151,31
22094,31
65282,31
6013,31
1432,31
83716,31
83273,31
83400,31
30663,31
46818,31
85438,31
66979,31
68499,31
61426,31
21196,31
74927,31
1730,31
21111,31
62995,31
1729,31
21197,31
35959,31
78861,31
97230,31
28822,31
10351,31
14725,31
82012,31
80846,31
7057,31
49917,31
65403,31
14981,31
58176,31
17911,31
77371,31
78308,31
70068,31
94627,31
31683,31
79279,31
65031,31
47439,31
83346,31
3867,31
45485,31
80456,31
18906,31
46012,31
96485,31
75210,31
79052,31
25289,31
7052,31
96451,31
21756,31
94605,31
54578,31
42527,31
21519,31
67584,31
31366,31
40799,31
65044,31
43987,31
97990,31
65817,31
6629,31
92759,31
17904,31
48573,31
63932,31
3834,31
1948,31
16174,31
57802,31
8495,31
29113,31
64208,31
13201,31
80835,31
60221,31
57797,31
89051,31
60185,31
42894,31
3941,31
24457,31
27695,31
90898,31
2216,31
72136,31
51214,31
99071,31
92613,31
80408,31
47457,31
36803,31
26169,31
14644,31
85062,31
90894,31
91454,31
33560,31
49432,31
73345,31
85082,31
65228,31
19418,31
11622,31
67455,31
84202,31
19419,31
19394,31
55756,31
21470,31
22350,31
85024,31
69326,31
27669,31
29079,31
46022,31
27376,31
99453,31
3894,31
73367,31
84068,31
45459,31
47197,31
56752,31
34612,31
20477,31
42400,31
7142,31
48244,31
14992,31
89081,31
84196,31
60154,31
58218,31
3305,31
75207,31
54299,31
20689,31
78284,31
62363,31
11245,31
67759,31
40947,31
32672,31
27502,31
88591,31
33408,31
22421,31
45818,31
23450,31
3538,31
65749,31
25832,31
49567,31
8613,31
15947,31
86348,31
26051,31
8591,31
30103,31
77438,31
34663,31
63882,31
82752,31
36624,31
55955,31
94492,31
3640,31
38616,31
49935,31
45761,31
65717,31
42754,31
35003,31
33427,31
27534,31
45769,31
76339,31
2029,31
80671,31
79169,31
2019,31
86381,31
74350,31
38613,31
73590,31
47357,31
57940,31
92969,31
5390,31
56055,31
2040,31
62562,31
34682,31
21656,31
911,31
67685,31
11037,31
70918,31
54563,31
48327,31
11350,31
3755,31
96075,31
8553,31
15187,31
208,31
99532,31
45590,31
27606,31
58094,31
25971,31
60312,31
91067,31
30197,31
96030,31
11380,31
864,31
11386,31
36697,31
11389,31
13241,31
80532,31
84759,31
79109,31
65798,31
74369,31
38391,31
19234,31
33382,31
66458,31
86482,31
93085,31
55930,31
13305,31
36549,31
17040,31
45865,31
5425,31
52596,31
74499,31
19207,31
78132,31
74666,31
35332,31
84892,31
58073,31
54533,31
27472,31
88480,31
17866,31
52561,31
70846,31
22390,31
96077,31
38740,31
29279,31
28578,31
52230,31
44326,31
14556,31
86707,31
1240,31
72911,31
94119,31
55685,31
93352,31
83575,31
65471,31
6382,31
61030,31
25733,31
54718,31
65367,31
26201,31
180,31
16354,31
94777,31
98769,31
95787,31
17695,31
61176,31
56724,31
77987,31
95742,31
15651,31
95836,31
13078,31
66356,31
85113,31
12979,31
69962,31
78421,31
5613,31
41264,31
92502,31
65954,31
75470,31
53225,31
13060,31
39214,31
45359,31
8378,31
4089,31
84529,31
67715,31
87969,31
33536,31
58339,31
71727,31
56689,31
80303,31
68068,31
11742,31
48467,31
23160,31
92489,31
40634,31
16555,31
1178,31
98699,31
20797,31
29960,31
87962,31
74304,31
69008,31
29459,31
40576,31
52293,31
94167,31
38047,31
20361,31
58311,31
10612,31
35552,31
90859,31
59805,31
3981,31
4071,31
9014,31
43020,31
83456,31
96767,31
47059,31
98077,31
72,31
31780,31
86684,31
81768,31
3111,31
81061,31
71044,31
59939,31
30009,31
23131,31
78515,31
77973,31
77578,31
67379,31
48187,31
4054,31
69369,31
52361,31
50879,31
24927,31
91518,31
39165,31
72875,31
26865,31
92558,31
96766,31
60945,31
20452,31
96702,31
80986,31
35590,31
36327,31
1219,31
25730,31
20750,31
421,31
88001,31
59785,31
49835,31
71687,31
66642,30
5687,30
62160,30
1616,30
81581,30
44621,30
30183,30
64271,30
97952,30
5312,30
63041,30
1646,30
61907,30
47706,30
29927,30
78975,30
54153,30
62489,30
97371,30
87123,30
20400,30
94824,30
24634,30
94739,30
28703,30
54407,30
30300,30
26902,30
8738,30
75246,30
91101,30
47269,30
26429,30
48512,30
779,30
72507,30
36365,30
48895,30
84585,30
2117,30
69166,30
58614,30
25439,30
68738,30
36303,30
66506,30
62207,30
87197,30
77684,30
90761,30
72930,30
2011,30
34947,30
94445,30
68693,30
58481,30
12974,30
79707,30
25720,30
24044,30
32316,30
83685,30
43856,30
50691,30
41292,30
97915,30
64840,30
72925,30
24505,30
51046,30
49031,30
26861,30
44374,30
13371,30
90277,30
12945,30
40973,30
90750,30
40987,30
79173,30
91238,30
34314,30
54197,30
9044,30
33574,30
20651,30
28615,30
5338,30
5336,30
64860,30
13311,30
13929,30
72581,30
55101,30
91119,30
95035,30
5050,30
22273,30
82842,30
8328,30
218,30
5346,30
44117,30
79145,30
8671,30
91252,30
2375,30
40134,30
36569,30
17840,30
12983,30
7994,30
20112,30
94467,30
97888,30
53876,30
75014,30
37265,30
28338,30
90703,30
5465,30
9424,30
44257,30
41459,30
40720,30
37044,30
29993,30
64152,30
20438,30
35076,30
83747,30
69515,30
26778,30
16762,30
30472,30
62900,30
32770,30
34907,30
9303,30
15968,30
30031,30
13157,30
20435,30
72516,30
66413,30
13741,30
44236,30
17976,30
90487,30
54105,30
77626,30
18152,30
41468,30
69479,30
8884,30
8878,30
35034,30
41365,30
12830,30
86947,30
13590,30
71008,30
66386,30
17609,30
26935,30
54944,30
64786,30
13555,30
28396,30
57480,30
18124,30
25150,30
54284,30
15837,30
58624,30
37080,30
62383,30
86666,30
2457,30
58278,30
51221,30
57730,30
85969,30
12792,30
47169,30
91667,30
75201,30
98193,30
79572,30
28410,30
62931,30
54929,30
69349,30
41196,30
44297,30
90855,30
41433,30
40702,30
41431,30
54640,30
54915,30
1911,30
22334,30
40365,30
30258,30
1910,30
16817,30
86608,30
13179,30
34406,30
8779,30
13471,30
62457,30
62302,30
91507,30
40212,30
32631,30
28282,30
25766,30
79638,30
35037,30
82899,30
24087,30
12684,30
90823,30
53961,30
43777,30
15853,30
81707,30
26837,30
32365,30
20529,30
58503,30
24423,30
94358,30
26736,30
22477,30
74202,30
15209,30
36371,30
90409,30
26907,30
36132,30
91792,30
98258,30
63009,30
70940,30
46848,30
69131,30
75475,30
57803,30
51200,30
2511,30
25476,30
8990,30
13598,30
22693,30
32391,30
28252,30
58734,30
26919,30
72885,30
79631,30
17707,30
97683,30
43647,30
75472,30
91629,30
44446,30
2436,30
13183,30
40421,30
50852,30
66426,30
97517,30
91009,30
26544,30
44213,30
58349,30
26820,30
46875,30
81898,30
36157,30
5245,30
33534,30
58521,30
99725,30
44433,30
17581,30
30507,30
28433,30
20508,30
46888,30
33569,30
4740,30
92427,30
65360,30
73968,30
48103,30
10491,30
49536,30
39171,30
31142,30
92448,30
46202,30
46198,30
17208,30
31824,30
76663,30
95775,30
4045,30
85184,30
29503,30
92465,30
73273,30
61171,30
42145,30
64434,30
18717,30
56698,30
84031,30
95718,30
11823,30
6387,30
27287,30
89355,30
37961,30
87980,30
89340,30
92418,30
19508,30
59976,30
76717,30
39098,30
6468,30
85122,30
60015,30
31790,30
73306,30
74751,30
98786,30
92552,30
29032,30
29034,30
76630,30
68012,30
56549,30
98797,30
38116,30
39097,30
3232,30
71722,30
61020,30
10527,30
85162,30
46167,30
69935,30
95796,30
43071,30
74775,30
80322,30
11718,30
19475,30
10554,30
42241,30
85147,30
27733,30
50219,30
59832,30
1246,30
89186,30
19695,30
46363,30
25358,30
82478,30
14378,30
45154,30
59641,30
43174,30
63470,30
95614,30
21274,30
11959,30
19668,30
80104,30
56773,30
89503,30
23819,30
72264,30
85284,30
72276,30
827,30
33096,30
70539,30
28896,30
55526,30
45124,30
78572,30
83209,30
23050,30
59610,30
59615,30
92299,30
55546,30
46373,30
67195,30
35190,30
43163,30
68150,30
42098,30
25107,30
85250,30
96792,30
21290,30
838,30
17248,30
89404,30
76007,30
98332,30
1248,30
19574,30
61188,30
76737,30
56732,30
70450,30
89438,30
42096,30
46331,30
77921,30
67243,30
92340,30
68227,30
37845,30
59703,30
31018,30
31026,30
81168,30
14411,30
4186,30
48056,30
7441,30
59746,30
53330,30
27252,30
34605,30
92587,30
72289,30
92856,30
52843,30
88853,30
56173,30
15530,30
64503,30
71890,30
42617,30
48773,30
60387,30
50022,30
21697,30
88518,30
26096,30
17032,30
3689,30
10983,30
70153,30
45852,30
72014,30
23374,30
29291,30
73987,30
29286,30
80539,30
42575,30
88445,30
38387,30
65781,30
60346,30
23393,30
38405,30
10968,30
76263,30
25024,30
6902,30
45668,30
84092,30
56077,30
96254,30
99012,30
27511,30
45750,30
42727,30
42736,30
45791,30
67749,30
71951,30
80641,30
48414,30
31539,30
42738,30
3601,30
6799,30
3648,30
11226,30
26089,30
31566,30
60429,30
74334,30
38669,30
33404,30
38482,30
17004,30
21666,30
34098,30
80714,30
88578,30
88738,30
35283,30
80620,30
38490,30
56088,30
48441,30
72053,30
53102,30
7173,30
18855,30
45438,30
46078,30
70365,30
42369,30
76147,30
96554,30
80424,30
48232,30
95903,30
31280,30
93255,30
16642,30
10738,30
80444,30
38994,30
38999,30
33289,30
60093,30
85089,30
23255,30
65887,30
95866,30
14627,30
17160,30
88170,30
72137,30
42337,30
78049,30
23269,30
99948,30
43003,30
52404,30
39009,30
55823,30
31710,30
76240,30
80832,30
70102,30
11440,30
17098,30
33317,30
45538,30
31363,30
70308,30
71846,30
76490,30
45956,30
14797,30
6669,30
10909,30
64541,30
88932,30
3382,30
72074,30
38256,30
33316,30
95947,30
83544,30
35403,30
10782,30
64576,30
76535,30
88311,30
24978,30
89032,30
74374,30
6615,30
67890,30
82624,30
95961,30
18934,30
47994,30
11869,30
9667,30
79980,30
61702,30
32104,30
48671,30
43311,30
65137,30
21163,30
50605,30
12175,30
16728,30
32177,30
21087,30
61497,30
75809,30
55218,30
87352,30
21039,30
73666,30
14219,30
2871,30
34831,30
24803,30
25678,30
70616,30
4386,30
14015,30
89788,30
74123,30
98563,30
87431,30
29635,30
92183,30
78628,30
15342,30
79769,30
590,30
19917,30
64934,30
39650,30
30662,30
25881,30
22827,30
61709,30
25262,30
15390,30
28050,30
33012,30
66216,30
70606,30
57049,30
49306,30
39929,30
68453,30
59340,30
46595,30
18438,30
87343,30
34835,30
67072,30
76945,30
89967,30
9866,30
24780,30
73792,30
44819,30
61557,30
79919,30
81383,30
7732,30
9683,30
21115,30
69620,30
30788,30
71378,30
77748,30
12191,30
71422,30
63356,30
41858,30
43434,30
87472,30
95189,30
15371,30
57045,30
75745,30
90149,30
91986,30
89986,30
93623,30
2027,30
7833,30
14163,30
69658,30
79875,30
29775,30
59522,30
71365,30
40036,30
99375,30
93518,30
32054,30
68338,30
59190,30
17345,30
2740,30
1353,30
29735,30
63407,30
66177,30
91923,30
92200,30
83241,30
4589,30
30914,30
85605,30
7944,30
80027,30
44739,30
41745,30
74546,30
64355,30
50366,30
73204,30
35884,30
90224,30
56837,30
95120,30
83964,30
44732,30
16884,30
30931,30
49893,30
15402,30
53462,30
7555,30
23862,30
87268,30
34008,30
71466,30
95241,30
7786,30
41636,30
9730,30
18394,30
44757,30
23840,30
39890,30
70603,30
96997,30
40006,30
53668,30
87694,30
63275,30
78620,30
18296,30
32182,30
95281,30
63990,30
81425,30
40010,30
19760,30
70639,30
34544,30
19769,30
6222,30
18390,30
16483,30
35747,30
81290,30
85616,30
18391,30
5933,30
13520,29
14783,29
7079,29
49313,29
32740,29
93140,29
57782,29
50527,29
79094,29
85855,29
63813,29
62648,29
6664,29
56331,29
57150,29
25610,29
28551,29
70106,29
35921,29
63794,29
57793,29
1013,29
72859,29
41099,29
91332,29
14747,29
36121,29
43409,29
1644,29
20971,29
98920,29
33315,29
85650,29
36507,29
21498,29
57151,29
17086,29
65051,29
49239,29
8507,29
32981,29
7059,29
63930,29
69315,29
57160,29
91799,29
41106,29
78752,29
41514,29
98598,29
70695,29
91263,29
49961,29
54486,29
25681,29
50662,29
91915,29
55174,29
15103,29
14889,29
42661,29
93049,29
8582,29
878,29
98317,29
36082,29
41011,29
66467,29
92901,29
84859,29
33399,29
70275,29
65074,29
49990,29
26389,29
6762,29
42703,29
78170,29
74999,29
63916,29
29189,29
47365,29
26395,29
63098,29
78184,29
36060,29
50695,29
83680,29
5936,29
63907,29
86374,29
78197,29
56057,29
62581,29
82735,29
15945,29
93023,29
25068,29
55142,29
32723,29
44050,29
50067,29
66197,29
74942,29
33355,29
98937,29
64846,29
42574,29
6956,29
43574,29
1507,29
1631,29
26637,29
21535,29
42631,29
48443,29
1974,29
97969,29
94346,29
75238,29
34117,29
55893,29
17456,29
48320,29
1965,29
93728,29
29754,29
83488,29
20984,29
32962,29
65172,29
35982,29
42618,29
48994,29
36548,29
44043,29
21698,29
70285,29
74504,29
47772,29
99847,29
17048,29
86311,29
804,29
29271,29
43449,29
36094,29
25597,29
84649,29
56202,29
72868,29
14631,29
57781,29
63762,29
47964,29
69863,29
73495,29
98110,29
26250,29
54790,29
99161,29
43137,29
82107,29
98681,29
50392,29
82821,29
70561,29
21282,29
77589,29
50304,29
66090,29
69754,29
49057,29
35758,29
49290,29
73872,29
1799,29
82100,29
41931,29
50889,29
16282,29
98707,29
77965,29
43839,29
82840,29
85500,29
70789,29
29962,29
98095,29
28973,29
16930,29
94122,29
17247,29
29516,29
69868,29
26486,29
47517,29
83615,29
82513,29
49859,29
85476,29
16928,29
78938,29
6329,29
50385,29
65980,29
78580,29
50837,29
91652,29
63981,29
41329,29
73885,29
69480,29
63451,29
56795,29
94045,29
78571,29
48002,29
48540,29
47993,29
6264,29
78592,29
29593,29
20874,29
47578,29
7536,29
50363,29
74582,29
82829,29
43179,29
7488,29
25472,29
22269,29
65194,29
93455,29
63485,29
85278,29
24850,29
69498,29
91660,29
26025,29
43170,29
72973,29
761,29
84695,29
28920,29
16097,29
85413,29
29615,29
14376,29
82114,29
5740,29
91592,29
29897,29
56793,29
75169,29
1223,29
92409,29
29046,29
20743,29
49256,29
98027,29
69638,29
7547,29
8066,29
17161,29
82852,29
55736,29
82572,29
14618,29
48194,29
63952,29
21100,29
28580,29
92040,29
73328,29
84528,29
17585,29
84653,29
47660,29
42317,29
82361,29
92602,29
33976,29
70030,29
32999,29
24967,29
98263,29
93205,29
92657,29
6557,29
41128,29
93250,29
26359,29
78369,29
5543,29
98813,29
50493,29
64119,29
55763,29
29062,29
42986,29
30024,29
79014,29
14130,29
26167,29
14651,29
24768,29
77554,29
14488,29
85178,29
85519,29
25649,29
93615,29
85928,29
36379,29
78471,29
94159,29
17383,29
35798,29
91730,29
91728,29
72893,29
73197,29
93601,29
21334,29
50267,29
13628,29
17217,29
57017,29
33198,29
41235,29
62943,29
57420,29
6121,29
41805,29
25652,29
85130,29
85550,29
66144,29
55696,29
66382,29
35085,29
85542,29
41216,29
6106,29
47922,29
29701,29
85172,29
42225,29
85909,29
48115,29
22307,29
14534,29
17206,29
5606,29
92462,29
70409,29
98534,29
66489,29
27637,29
19897,29
9433,29
4845,29
53136,29
88088,29
3239,29
16556,29
18202,29
49705,29
61015,29
84219,29
52338,29
99444,29
79666,29
15821,29
89231,29
87134,29
81586,29
99318,29
71190,29
34897,29
23694,29
75627,29
18150,29
58721,29
60976,29
16761,29
46106,29
12704,29
68016,29
58744,29
88108,29
30503,29
11672,29
53969,29
12683,29
90427,29
23230,29
60006,29
18815,29
46784,29
79710,29
37294,29
84221,29
90282,29
99439,29
99671,29
59960,29
87227,29
95825,29
80271,29
84038,29
2637,29
4708,29
39195,29
9594,29
84255,29
72191,29
66899,29
45353,29
66897,29
82978,29
58844,29
97352,29
9465,29
88056,29
52314,29
12601,29
80309,29
44655,29
82984,29
27004,29
48666,29
59988,29
61861,29
12578,29
54022,29
4920,29
46769,29
99695,29
96507,29
12852,29
40405,29
4992,29
38227,29
22650,29
16429,29
76564,29
3927,29
79547,29
19381,29
99693,29
23650,29
44462,29
48630,29
37046,29
46962,29
37028,29
67931,29
94848,29
18913,29
25414,29
46983,29
90670,29
31709,29
88285,29
34435,29
40457,29
62159,29
10751,29
37006,29
51471,29
30394,29
58520,29
58528,29
31743,29
9248,29
3264,29
49538,29
12767,29
84061,29
11615,29
31236,29
37104,29
31234,29
10655,29
11629,29
34745,29
65396,29
531,29
18823,29
64303,29
67143,29
48650,29
15474,29
45428,29
10665,29
51526,29
60086,29
86955,29
49729,29
12804,29
15291,29
18852,29
90569,29
31752,29
31757,29
67471,29
3281,29
48639,29
51513,29
32433,29
65588,29
67468,29
51677,29
11797,29
11498,29
12002,29
97094,29
2814,29
83196,29
53597,29
87759,29
12257,29
39764,29
15411,29
59613,29
2827,29
10184,29
64665,29
27114,29
68429,29
4460,29
51908,29
67043,29
97096,29
22903,29
44923,29
90038,29
59259,29
12308,29
27096,29
46353,29
12305,29
37523,29
59636,29
23938,29
18408,29
51864,29
34841,29
22898,29
4244,29
95322,29
89912,29
81241,29
71361,29
27168,29
52074,29
30934,29
89674,29
87665,29
59453,29
89684,29
45077,29
4371,29
95562,29
30923,29
81304,29
59512,29
12122,29
18513,29
37667,29
18525,29
10001,29
71443,29
45108,29
18556,29
89606,29
76927,29
97041,29
48679,29
44995,29
75863,29
68312,29
67173,29
68319,29
32112,29
39520,29
96915,29
37743,29
59423,29
97019,29
23082,29
81416,29
76688,29
52225,29
87297,29
51741,29
37929,29
2688,29
64707,29
15774,29
15673,29
61186,29
76756,29
59814,29
31914,29
2693,29
15675,29
39934,29
51747,29
75736,29
66970,29
74270,29
59058,29
20018,29
66940,29
97288,29
66944,29
73804,29
61149,29
46762,29
66946,29
52247,29
9617,29
44760,29
67347,29
37383,29
76050,29
61170,29
19560,29
45249,29
4147,29
95267,29
97155,29
18647,29
34564,29
39879,29
71347,29
53347,29
19623,29
27249,29
39866,29
53303,29
80110,29
22870,29
59210,29
27871,29
67018,29
19942,29
72257,29
12374,29
32202,29
25784,29
71603,29
84347,29
87889,29
66992,29
19603,29
68599,29
19606,29
61225,29
19985,29
90133,29
34502,29
27070,29
79809,29
72412,29
31941,29
33893,29
94806,29
20228,29
15722,29
45548,29
69079,29
3649,29
86499,29
24325,29
19159,29
81800,29
52940,29
86713,29
3408,29
28474,29
84144,29
60459,29
79258,29
2098,29
71006,29
94561,29
62354,29
54395,29
79260,29
79362,29
8952,29
51147,29
17884,29
76239,29
3782,29
19255,29
48776,29
79223,29
19301,29
38834,29
84139,29
36882,29
91153,29
38847,29
80809,29
86455,29
96180,29
86747,29
52948,29
54463,29
97645,29
72772,29
26825,29
80793,29
62307,29
45710,29
13313,29
90827,29
45706,29
2272,29
38831,29
44146,29
27428,29
11222,29
83319,29
60248,29
13258,29
88430,29
69098,29
58209,29
2160,29
11048,29
30241,29
22535,29
58222,29
38687,29
15586,29
19191,29
96303,29
40714,29
45886,29
30222,29
76291,29
16374,29
62427,29
19032,29
70964,29
36768,29
54320,29
13199,29
60614,29
36742,29
80733,29
51199,29
96305,29
58179,29
81859,29
83825,29
28443,29
67792,29
88568,29
88433,29
88907,29
3766,29
70947,29
33741,29
18993,29
34636,29
48578,29
40829,29
40686,29
83096,29
58109,29
88564,29
81906,29
60436,29
25188,29
60588,29
96086,29
86556,29
15527,29
88483,29
58114,29
91027,29
45848,29
49412,29
67808,29
19327,29
48761,29
79465,29
36599,29
20621,29
86418,29
97912,29
86772,29
88319,29
20384,29
99270,29
68992,29
65425,29
71077,29
58389,29
28323,29
38297,29
71078,29
67736,29
74173,29
26854,29
86775,29
27652,29
34350,29
38286,29
70902,29
40970,29
44362,29
27656,29
79447,29
20333,29
88613,29
45794,29
72070,29
90790,29
20355,29
67693,29
75532,29
28329,29
23602,29
71829,29
47090,29
38553,29
54163,29
25728,29
40589,29
19306,29
88667,29
33926,29
38521,29
88334,29
20360,29
81964,29
23604,29
65424,29
81734,29
79471,29
88617,29
36898,29
19334,29
52669,29
73262,28
4174,28
52764,28
39338,28
25324,28
17339,28
10097,28
45842,28
52767,28
63980,28
96937,28
45678,28
10106,28
99985,28
61395,28
89446,28
10304,28
78609,28
67280,28
45764,28
3085,28
82496,28
85335,28
88546,28
10396,28
61195,28
27576,28
75914,28
27831,28
93400,28
45062,28
56868,28
74610,28
42744,28
67320,28
67700,28
63855,28
19764,28
50016,28
87929,28
29256,28
10406,28
67335,28
52790,28
89750,28
52690,28
45774,28
85239,28
84710,28
19183,28
85258,28
49987,28
15676,28
96793,28
76762,28
96148,28
80579,28
52081,28
27255,28
45242,28
42633,28
76879,28
98574,28
56155,28
42113,28
39300,28
98573,28
61410,28
78236,28
68320,28
59723,28
98642,28
52140,28
27221,28
29588,28
98632,28
37785,28
71926,28
96203,28
35188,28
19709,28
10191,28
34218,28
11094,28
96309,28
38630,28
95574,28
19689,28
49220,28
61356,28
71530,28
21661,28
3555,28
23502,28
1300,28
24823,28
95561,28
55530,28
35688,28
65070,28
6281,28
11207,28
92279,28
96894,28
45712,28
27219,28
6765,28
29560,28
4264,28
50333,28
17308,28
25640,28
10159,28
59581,28
471,28
95550,28
42061,28
92263,28
81257,28
17278,28
63911,28
37829,28
7543,28
19718,28
95618,28
50314,28
73458,28
37742,28
59598,28
68327,28
48859,28
53379,28
74864,28
53369,28
53456,28
33680,28
23491,28
37730,28
52635,28
60576,28
29221,28
89513,28
76307,28
42764,28
69792,28
96210,28
99084,28
81218,28
77872,28
83508,28
78218,28
30972,28
6861,28
63889,28
59655,28
61358,28
43172,28
43171,28
67777,28
81195,28
29207,28
82477,28
55839,28
956,28
7247,28
65891,28
3824,28
85086,28
67989,28
29413,28
10847,28
80961,28
52396,28
27639,28
63704,28
38851,28
63706,28
67578,28
60915,28
67462,28
84973,28
42341,28
65873,28
39016,28
43004,28
56298,28
18941,28
14648,28
7188,28
48203,28
99065,28
6524,28
98804,28
35464,28
26036,28
83058,28
83568,28
89210,28
72160,28
60726,28
10882,28
7241,28
80512,28
35481,28
49236,28
95844,28
76110,28
95850,28
65001,28
60239,28
56274,28
53108,28
85099,28
29040,28
10609,28
48185,28
70379,28
85095,28
17092,28
80387,28
89169,28
95991,28
60880,28
84976,28
38189,28
85022,28
38287,28
56340,28
78355,28
60840,28
80469,28
65030,28
74700,28
10757,28
60816,28
98876,28
89057,28
82595,28
89037,28
17132,28
3336,28
96493,28
38883,28
98877,28
31323,28
7082,28
3346,28
10778,28
14986,28
85013,28
84182,28
95950,28
89026,28
16157,28
60102,28
72083,28
78058,28
89107,28
55754,28
80417,28
60131,28
67563,28
92722,28
85054,28
60133,28
50141,28
56335,28
16942,28
15489,28
46030,28
31729,28
7144,28
74588,28
33793,28
46041,28
65851,28
6556,28
67886,28
511,28
3322,28
55795,28
10743,28
60716,28
11417,28
48081,28
64999,28
96087,28
34088,28
64983,28
99421,28
7089,28
46219,28
31109,28
48344,28
71692,28
14500,28
89322,28
61112,28
42190,28
88010,28
17213,28
78473,28
27783,28
74314,28
69911,28
85175,28
3176,28
68081,28
49637,28
10507,28
15007,28
63596,28
14521,28
87997,28
52266,28
38738,28
19201,28
35315,28
19028,28
67341,28
14466,28
59835,28
25829,28
14470,28
56700,28
52804,28
76704,28
78492,28
53270,28
3492,28
52264,28
92402,28
89365,28
27811,28
60381,28
34583,28
96329,28
15582,28
10433,28
34058,28
7369,28
76681,28
37969,28
67419,28
77994,28
31414,28
21386,28
52923,28
88941,28
83576,28
33735,28
92508,28
56603,28
52339,28
10889,28
42270,28
52518,28
72163,28
6982,28
21526,28
23232,28
14570,28
17185,28
25614,28
16136,28
85116,28
55703,28
17082,28
76096,28
23234,28
60025,28
49550,28
80789,28
60011,28
33216,28
53181,28
72180,28
34696,28
34198,28
71873,28
92472,28
88883,28
19505,28
50255,28
55665,28
88049,28
31406,28
27753,28
98740,28
16620,28
72170,28
38376,28
70288,28
52910,28
46158,28
84164,28
60004,28
88061,28
64991,28
27620,28
3422,28
24907,28
3419,28
11325,28
5382,28
99372,28
29917,28
65598,28
77596,28
5706,28
68945,28
41321,28
12887,28
20302,28
50862,28
1789,28
86871,28
94083,28
2396,28
20305,28
15861,28
40477,28
97533,28
8227,28
2445,28
41338,28
12833,28
4985,28
94871,28
90600,28
28655,28
28650,28
51485,28
32461,28
64275,28
78890,28
57527,28
64876,28
30406,28
99176,28
72966,28
68977,28
81724,28
86835,28
49764,28
8300,28
18025,28
41269,28
17675,28
9049,28
51344,28
51338,28
26584,28
28343,28
99815,28
44353,28
71053,28
44348,28
90813,28
66649,28
62813,28
99817,28
54194,28
18042,28
79495,28
51424,28
81736,28
9122,28
9115,28
50869,28
1806,28
5670,28
79485,28
98115,28
86060,28
5068,28
72597,28
54191,28
4983,28
28295,28
13882,28
91756,28
20208,28
46886,28
66300,28
99143,28
62967,28
68852,28
64880,28
37125,28
27173,28
94926,28
77623,28
85930,28
37118,28
30469,28
51537,28
54964,28
78834,28
74463,28
46878,28
73019,28
40205,28
30532,28
24616,28
51588,28
40216,28
97407,28
43628,28
90456,28
5821,28
44575,28
66844,28
4887,28
40255,28
13856,28
37111,28
642,28
66820,28
98203,28
5759,28
62085,28
1728,28
82146,28
41386,28
62086,28
26921,28
78869,28
71108,28
77606,28
9250,28
33918,28
26499,28
29888,28
58569,28
26494,28
94905,28
66796,28
82944,28
62939,28
8125,28
91713,28
94916,28
20243,28
4936,28
44507,28
51522,28
36215,28
28272,28
94010,28
36217,28
46916,28
18127,28
25747,28
82078,28
74471,28
8531,28
13243,28
91051,28
79268,28
99785,28
54541,28
70843,28
97812,28
40862,28
36674,28
91086,28
77414,28
81986,28
20559,28
24333,28
91293,28
22379,28
44196,28
72901,28
62451,28
13207,28
24440,28
90994,28
69121,28
43984,28
57808,28
74492,28
13219,28
77511,28
8506,28
54347,28
58132,28
54358,28
62630,28
36709,28
36545,28
75256,28
62504,28
22462,28
26669,28
72806,28
84496,28
69237,28
221,28
69219,28
62580,28
66483,28
99765,28
8622,28
77447,28
40986,28
15943,28
77456,28
13377,28
47340,28
8604,28
57975,28
51093,28
94517,28
20569,28
28493,28
66521,28
36554,28
54456,28
66472,28
30149,28
77436,28
40930,28
51080,28
69195,28
41004,28
86444,28
36497,28
20504,28
13194,28
22548,28
64853,28
73545,28
30265,28
90842,28
40648,28
2246,28
8964,28
75188,28
5573,28
13096,28
86690,28
5571,28
24261,28
81836,28
8413,28
81810,28
47490,28
36850,28
8999,28
15254,28
36874,28
51298,28
90820,28
54244,28
25990,28
5138,28
79380,28
71017,28
73540,28
1867,28
66629,28
86725,28
73841,28
82047,28
51235,28
79067,28
47476,28
43940,28
2202,28
98013,28
82879,28
44244,28
58195,28
47200,28
40746,28
70979,28
40750,28
94630,28
48959,28
49024,28
91382,28
81886,28
30240,28
94664,28
20475,28
54646,28
58266,28
41171,28
69099,28
16811,28
62690,28
22330,28
84456,28
91426,28
64793,28
81857,28
40695,28
26785,28
90907,28
90910,28
63018,28
4924,28
8050,28
18358,28
47876,28
33873,28
21073,28
12351,28
9763,28
53698,28
51793,28
77752,28
29739,28
92011,28
59182,28
95236,28
79838,28
24742,28
363,28
21080,28
87398,28
59229,28
12296,28
29710,28
16073,28
27108,28
4530,28
78697,28
78723,28
46630,28
23950,28
90008,28
34256,28
53645,28
61605,28
97132,28
19931,28
47837,28
87368,28
82301,28
64034,28
12412,28
34850,28
41701,28
91980,28
14061,28
43442,28
7864,28
39937,28
25502,28
20001,28
18329,28
81474,28
14049,28
46717,28
34022,28
51755,28
43432,28
41712,28
53732,28
26367,28
12383,28
59146,28
65659,28
83648,28
47808,28
71209,28
17466,28
51769,28
95196,28
41718,28
9686,28
90148,28
87338,28
66492,28
50444,28
51883,28
73168,28
92171,28
81333,28
61468,28
35776,28
43290,28
98555,28
39657,28
77836,28
18490,28
56975,28
9996,28
35788,28
15729,28
56997,28
18477,28
75893,28
68408,28
55418,28
68387,28
46481,28
15044,28
23865,28
33065,28
6213,28
45040,28
80006,28
48478,28
7602,28
45030,28
2899,28
28867,28
19792,28
61461,28
9984,28
65343,28
27136,28
47919,28
15378,28
4447,28
44970,28
71403,28
95385,28
79920,28
89928,28
1401,28
6108,28
19873,28
87504,28
73506,28
35834,28
95346,28
53575,28
53565,28
45012,28
30842,28
22012,28
15731,28
30858,28
22963,28
69723,28
27126,28
19829,28
87533,28
93610,28
85514,28
1395,28
51927,28
9938,28
14202,28
66981,28
96235,28
12545,28
36026,28
99333,28
82231,28
95022,28
53817,28
40073,28
50699,28
26988,28
20061,28
69598,28
28184,28
319,28
70700,28
61803,28
70690,28
85819,28
53796,28
95013,28
98351,28
91819,28
66237,28
58993,28
98356,28
16883,28
75694,28
87228,28
46783,28
77098,28
9508,28
97325,28
68737,28
99332,28
34475,28
53822,28
32921,28
1601,28
1603,28
37308,28
57346,28
66207,28
64081,28
71245,28
20107,28
44652,28
90338,28
93849,28
15801,28
48506,28
20973,28
40105,28
49499,28
28196,28
46738,28
97266,28
95153,28
30542,28
18195,28
72453,28
93928,28
66870,28
69609,28
98385,28
47747,28
55056,28
51706,28
71307,28
15785,28
17502,28
9621,28
17496,28
15344,28
71221,28
9613,28
24024,28
87091,28
61913,28
87096,28
77654,28
83262,28
90379,28
36117,28
77703,28
12496,28
93776,28
46764,28
40197,28
16503,27
49426,27
83926,27
25316,27
34179,27
99586,27
16013,27
15217,27
84114,27
49385,27
597,27
64637,27
99767,27
48894,27
64634,27
48564,27
25237,27
34822,27
49701,27
84002,27
49069,27
84488,27
49112,27
65586,27
49657,27
49077,27
83173,27
16915,27
34043,27
64639,27
35014,27
724,27
73490,27
73888,27
25683,27
83916,27
16444,27
83497,27
64323,27
65271,27
99561,27
64837,27
33812,27
49512,27
15537,27
34534,27
25405,27
16855,27
64732,27
49688,27
34787,27
64256,27
15280,27
84402,27
48942,27
65209,27
49498,27
33982,27
849,27
33778,27
84616,27
83332,27
16242,27
334,27
74107,27
99581,27
65405,27
65593,27
84262,27
64068,27
83151,27
15497,27
84029,27
25672,27
48606,27
65493,27
99706,27
25705,27
345,27
64968,27
15259,27
34950,27
16414,27
65447,27
99655,27
65149,27
65636,27
16570,27
84621,27
84280,27
73807,27
538,27
16953,27
49132,27
34863,27
25807,27
329,27
15630,27
34445,27
458,27
65551,27
83222,27
34331,27
74412,27
64012,27
83979,27
489,27
33835,27
15031,27
65463,27
15223,27
49252,27
73528,27
83887,27
16008,27
813,27
99974,27
744,27
83940,27
99448,27
15421,27
65276,27
99336,27
99474,27
34793,27
84096,27
33960,27
74487,27
64184,27
99083,27
84019,27
65431,27
269,27
96472,27
16967,27
31479,27
3655,27
67783,27
52771,27
41469,27
11033,27
45649,27
52826,27
96114,27
10991,27
80555,27
45618,27
69527,27
33429,27
38733,27
96091,27
31418,27
10971,27
52875,27
54925,27
52877,27
80543,27
41425,27
60320,27
60319,27
27616,27
31476,27
45694,27
31602,27
27564,27
45867,27
70677,27
28737,27
60582,27
28727,27
88580,27
19062,27
31569,27
93887,27
71974,27
3564,27
60551,27
22206,27
60536,27
67707,27
11162,27
88661,27
71945,27
19115,27
19136,27
3611,27
67751,27
38609,27
76356,27
27559,27
3792,27
96010,27
96008,27
60275,27
10663,27
89138,27
89150,27
5685,27
45415,27
19427,27
89184,27
91577,27
95842,27
89218,27
76642,27
68042,27
10558,27
22275,27
27747,27
95801,27
10512,27
20848,27
95766,27
31130,27
59942,27
41296,27
19520,27
10479,27
53194,27
76592,27
60092,27
95880,27
71823,27
10894,27
29879,27
52941,27
88953,27
10874,27
41389,27
41379,27
23347,27
94029,27
95977,27
45522,27
95966,27
27700,27
89024,27
10790,27
8173,27
38908,27
3889,27
22253,27
69457,27
38966,27
70757,27
38984,27
20857,27
11300,27
60629,27
87680,27
29743,27
52256,27
23742,27
7804,27
41732,27
21059,27
93713,27
11775,27
81046,27
88013,27
29749,27
93717,27
91975,27
11757,27
77728,27
81024,27
88038,27
61091,27
38021,27
7879,27
38024,27
61042,27
61033,27
52332,27
11695,27
57221,27
96742,27
61162,27
19017,27
87950,27
87729,27
21099,27
87742,27
61323,27
37784,27
3016,27
3019,27
11984,27
87783,27
3041,27
96862,27
28813,27
22062,27
72256,27
77765,27
96846,27
37855,27
81161,27
21078,27
52197,27
6060,27
87900,27
31912,27
72219,27
37940,27
96616,27
60982,27
93753,27
3258,27
56025,27
55165,27
20998,27
60794,27
3359,27
96465,27
80853,27
93830,27
80840,27
3379,27
88340,27
41576,27
88348,27
23587,27
45943,27
60679,27
80783,27
11363,27
67602,27
31633,27
31629,27
70668,27
88464,27
3464,27
60640,27
67529,27
38252,27
88276,27
27356,27
23684,27
80966,27
3270,27
93759,27
55205,27
38147,27
88159,27
22109,27
18841,27
38188,27
27354,27
5982,27
67503,27
5979,27
76165,27
46054,27
7912,27
27370,27
88239,27
96516,27
41626,27
5956,27
38232,27
52467,27
45317,27
45310,27
39210,27
40166,27
68775,27
79667,27
22739,27
68794,27
22434,27
90432,27
90435,27
4890,27
94951,27
9334,27
70885,27
54023,27
20220,27
20229,27
57950,27
28508,27
68882,27
77222,27
94444,27
79180,27
44486,27
4965,27
94456,27
30436,27
68907,27
40990,27
44084,27
10445,27
58857,27
53791,27
59020,27
4696,27
8554,27
9597,27
22400,27
58968,27
40053,27
70868,27
58953,27
68685,27
40062,27
9543,27
28160,27
30097,27
20077,27
68720,27
40101,27
90284,27
40118,27
68736,27
9495,27
44671,27
77457,27
79692,27
68913,27
9232,27
58558,27
94863,27
40610,27
69060,27
9009,27
58355,27
94718,27
8998,27
28466,27
40838,27
8992,27
40629,27
22561,27
28397,27
44281,27
30255,27
22491,27
8932,27
8928,27
28450,27
28404,27
58142,27
69100,27
8918,27
58239,27
90964,27
44222,27
79396,27
22588,27
69017,27
54166,27
30404,27
9193,27
94833,27
68953,27
22630,27
20600,27
9165,27
54154,27
5358,27
71081,27
9136,27
91163,27
79246,27
90741,27
20338,27
69183,27
22454,27
22460,27
68998,27
58070,27
9079,27
9063,27
9054,27
9051,27
53788,27
39996,27
68641,27
71453,27
39460,27
39463,27
28585,27
59621,27
10182,27
10175,27
94191,27
30958,27
95558,27
45125,27
78994,27
39510,27
19716,27
95542,27
95525,27
10108,27
71485,27
59514,27
10085,27
89702,27
45061,27
20754,27
45058,27
22997,27
45057,27
94185,27
4243,27
68272,27
29974,27
27804,27
59864,27
5665,27
23155,27
8298,27
10403,27
80214,27
39268,27
29969,27
31063,27
20807,27
31057,27
94183,27
39331,27
27848,27
39339,27
89454,27
10306,27
19631,27
29980,27
59698,27
41221,27
77566,27
45180,27
79003,27
68384,27
59038,27
10027,27
9836,27
79079,27
76980,27
70841,27
39829,27
95258,27
53693,27
59198,27
9762,27
5474,27
54559,27
41058,27
77013,27
71334,27
9699,27
44788,27
39970,27
9653,27
4672,27
5459,27
79133,27
4677,27
9642,27
53778,27
70842,27
44918,27
19893,27
22912,27
19846,27
27978,27
39633,27
30873,27
19803,27
9981,27
91455,27
68419,27
54635,27
30834,27
28574,27
59379,27
22939,27
95355,27
94240,27
76940,27
30827,27
95403,27
9912,27
95393,27
44960,27
19870,27
89937,27
8477,27
59322,27
57094,27
18661,27
43356,27
7027,27
50704,27
55868,27
32909,27
36114,27
82190,27
92746,27
85853,27
98253,27
26460,27
66287,27
24613,27
66296,27
50749,27
85906,27
36193,27
6620,27
62950,27
17613,27
70098,27
1718,27
24576,27
62925,27
24574,27
85975,27
21740,27
75026,27
56283,27
21744,27
13932,27
55888,27
35935,27
47806,27
50587,27
74952,27
85692,27
35970,27
73123,27
1536,27
32961,27
35995,27
50638,27
36022,27
24693,27
82237,27
70311,27
7015,27
17534,27
56276,27
1584,27
1589,27
17546,27
29309,27
82207,27
24664,27
13781,27
32863,27
2018,27
50927,27
98059,27
29383,27
1887,27
78062,27
21784,27
13560,27
78060,27
87678,27
1934,27
7175,27
13508,27
86251,27
86274,27
7183,27
7189,27
62611,27
62609,27
75245,27
24419,27
70019,27
47377,27
56526,27
47375,27
32711,27
62584,27
78073,27
1869,27
36241,27
92659,27
13763,27
82131,27
29344,27
86000,27
47572,27
70339,27
98135,27
56370,27
6575,27
24519,27
72929,27
72912,27
36332,27
98091,27
55808,27
82087,27
93210,27
1852,27
1856,27
66362,27
24485,27
86126,27
32801,27
93220,27
7125,27
24737,27
17438,27
63240,27
50083,27
84983,27
73406,27
84985,27
73394,27
48271,27
48257,27
48250,27
55957,27
85037,27
63741,27
63734,27
73358,27
17143,27
65863,27
73349,27
85078,27
35461,27
73338,27
35462,27
1139,27
33221,27
63630,27
48124,27
26218,27
24878,27
78223,27
98913,27
35895,27
70260,27
6794,27
14899,27
84849,27
78181,27
70254,27
78185,27
49996,27
6770,27
82698,27
48363,27
14856,27
25029,27
17041,27
48348,27
25025,27
26105,27
56071,27
55969,27
63822,27
82672,27
63821,27
33336,27
25005,27
84954,27
26120,27
35547,27
82535,27
50281,27
33190,27
17348,27
29144,27
6948,27
14252,27
85477,27
66115,27
14234,27
1381,27
35793,27
92829,27
92821,27
21708,27
82380,27
35831,27
73175,27
47892,27
98477,27
98470,27
85599,27
6671,27
6661,27
47869,27
47859,27
21720,27
63257,27
35743,27
93101,27
14321,27
73259,27
14465,27
33183,27
70182,27
48068,27
48063,27
85255,27
35618,27
14420,27
17262,27
48050,27
35641,27
85289,27
85373,27
6905,27
1284,27
98634,27
26275,27
6698,27
78256,27
35683,27
98622,27
33099,27
1333,27
35705,27
26658,27
54343,27
18139,27
6323,27
46922,27
32431,27
18134,27
87004,27
12757,27
51538,27
81972,27
51542,27
93475,27
24110,27
62009,27
32399,27
46877,27
32158,27
37555,27
87041,27
92137,27
81635,27
87045,27
55553,27
81627,27
7453,27
62078,27
92384,27
18439,27
36999,27
2412,27
29654,27
86886,27
42124,27
75579,27
75586,27
7411,27
66741,27
26920,27
37034,27
43132,27
12825,27
81683,27
37054,27
87541,27
26925,27
21899,27
75608,27
51913,27
18446,27
97097,27
2531,27
12668,27
7506,27
75774,27
51676,27
61799,27
56865,27
32280,27
93526,27
51728,27
46735,27
61701,27
51739,27
6225,27
55457,27
2736,27
72424,27
87337,27
51763,27
46694,27
2723,27
67000,27
41942,27
29648,27
12368,27
81545,27
12549,27
26998,27
61576,27
92275,27
97108,27
61586,27
97378,27
97372,27
46830,27
37244,27
72496,27
87418,27
12552,27
12334,27
41901,27
72490,27
43292,27
46809,27
78577,27
75681,27
46808,27
18247,27
32485,27
7408,27
81720,27
97732,27
46503,27
93320,27
77803,27
13193,27
43063,27
86610,27
62405,27
2212,27
24274,27
13142,27
56614,27
86571,27
13129,27
97730,27
86662,27
24269,27
51973,27
78677,27
81846,27
51219,27
22018,27
2229,27
2182,27
43039,27
29014,27
66542,27
7206,27
32068,27
47354,27
97903,27
87658,27
75314,27
92584,27
13290,27
78036,27
46461,27
56562,27
61444,27
81914,27
56579,27
86543,27
69960,27
12112,27
62454,27
32079,27
2146,27
28823,27
28825,27
6438,27
55329,27
77960,27
2874,27
26889,27
75496,27
24216,27
36881,27
7372,27
2298,27
7695,27
13013,27
69714,27
24178,27
75517,27
92436,27
42178,27
86821,27
92414,27
26877,27
47029,27
26831,27
21155,27
17953,27
62360,27
72577,27
72639,27
47153,27
13076,27
18483,27
36969,27
86722,27
46531,27
29002,27
86838,27
43098,27
75876,27
77727,26
78762,26
70264,26
22507,26
69119,26
79247,26
20536,26
30195,26
29737,26
29725,26
28856,26
16292,26
20516,26
70209,26
21095,26
28796,26
69733,26
30188,26
70564,26
33972,26
70261,26
70194,26
78229,26
69735,26
74042,26
79193,26
73891,26
83396,26
28688,26
25692,26
69554,26
29842,26
28680,26
29998,26
70721,26
16265,26
29872,26
78327,26
78002,26
20780,26
78437,26
29368,26
69403,26
78011,26
29026,26
29027,26
77585,26
74041,26
20839,26
22240,26
16337,26
22244,26
78917,26
69978,26
70008,26
16344,26
21733,26
77524,26
29643,26
70115,26
20606,26
29244,26
28859,26
69222,26
78600,26
78248,26
73944,26
21702,26
70872,26
22415,26
70151,26
70136,26
21706,26
77472,26
28909,26
70504,26
28543,26
78272,26
22150,26
70665,26
69593,26
20665,26
73860,26
30078,26
78290,26
34082,26
83405,26
70477,26
29123,26
20844,26
27598,26
79300,26
74468,26
81788,26
75486,26
18024,26
32533,26
26856,26
18055,26
18058,26
26909,26
75269,26
26912,26
81699,26
32452,26
18110,26
73652,26
16768,26
73653,26
72628,26
66615,26
73609,26
73604,26
32698,26
24365,26
17862,26
66537,26
66547,26
81913,26
25950,26
75413,26
24308,26
33548,26
73595,26
75430,26
26768,26
32591,26
73599,26
26936,26
82957,26
65583,26
32163,26
81376,26
67082,26
67093,26
27127,26
27135,26
18485,26
75888,26
33662,26
75899,26
16696,26
75912,26
25877,26
32057,26
18580,26
32013,26
33652,26
72404,26
18167,26
23961,26
66862,26
32345,26
73657,26
18229,26
18261,26
65564,26
18305,26
32233,26
18328,26
81465,26
75772,26
32204,26
67002,26
65555,26
18357,26
73577,26
75268,26
25269,26
33468,26
26276,26
33464,26
33095,26
17337,26
17338,26
74874,26
73201,26
26300,26
32727,26
26317,26
17395,26
17399,26
73152,26
82358,26
17424,26
73128,26
26274,26
17288,26
26249,26
33175,26
16997,26
74605,26
26082,26
25043,26
65758,26
65779,26
25016,26
26116,26
74686,26
82626,26
24983,26
33306,26
33299,26
74594,26
24929,26
82327,26
82802,26
17477,26
75135,26
66352,26
17680,26
24490,26
72892,26
72891,26
32797,26
17711,26
32785,26
66390,26
73555,26
24463,26
17751,26
32747,26
16836,26
17777,26
25156,26
26549,26
17504,26
17647,26
66223,26
32934,26
66250,26
26403,26
17549,26
75020,26
82199,26
66268,26
75048,26
24632,26
17606,26
82153,26
74522,26
75096,26
82126,26
75958,26
67211,26
16385,26
28082,26
71415,26
19851,26
71396,26
19878,26
68495,26
28061,26
28075,26
30738,26
76682,26
22854,26
68628,26
22834,26
79783,26
79773,26
68637,26
79763,26
22957,26
71439,26
30898,26
30915,26
80227,26
80225,26
68159,26
16527,26
76765,26
19648,26
80120,26
27865,26
80107,26
30981,26
19686,26
23053,26
30960,26
30954,26
80074,26
68663,26
79747,26
71271,26
68962,26
65260,26
16421,26
20342,26
69000,26
30342,26
28333,26
79432,26
69053,26
33938,26
65243,26
22564,26
30270,26
79347,26
77341,26
16386,26
65261,26
20307,26
28146,26
77233,26
28162,26
28168,26
68732,26
68742,26
68768,26
74235,26
20151,26
20155,26
33907,26
79595,26
77208,26
30443,26
65268,26
33914,26
20256,26
68138,26
68124,26
72253,26
33718,26
72146,26
25284,26
18833,26
76156,26
27363,26
72120,26
80893,26
83076,26
80263,26
76202,26
27398,26
18937,26
76218,26
18974,26
23589,26
72035,26
23688,26
67437,26
67423,26
81019,26
67289,26
83036,26
75999,26
67307,26
18716,26
27293,26
27295,26
31852,26
83045,26
76067,26
67404,26
18753,26
76072,26
23722,26
65477,26
80751,26
76296,26
76301,26
31358,26
25345,26
80462,26
80448,26
19356,26
71805,26
76558,26
31263,26
76586,26
71767,26
19436,26
68024,26
65370,26
31163,26
80285,26
68105,26
16576,26
80510,26
71981,26
80518,26
74357,26
71965,26
80675,26
27540,26
67758,26
67782,26
31458,26
76382,26
27570,26
27574,26
67815,26
27596,26
83140,26
27605,26
27608,26
69525,26
12791,26
43207,26
93081,26
88228,26
84399,26
53742,26
53777,26
88216,26
12939,26
1439,26
93011,26
95143,26
38195,26
46742,26
47886,26
4718,26
42769,26
50468,26
50477,26
4728,26
12914,26
38168,26
85286,26
38155,26
88235,26
84393,26
11546,26
92882,26
95260,26
56261,26
64305,26
60757,26
56215,26
4583,26
13016,26
60774,26
11481,26
46687,26
88241,26
95243,26
88292,26
62278,26
86773,26
97194,26
15295,26
64288,26
38229,26
44839,26
64226,26
88148,26
93364,26
98416,26
93262,26
6522,26
95018,26
50692,26
1597,26
53923,26
55735,26
4830,26
47709,26
12836,26
6473,26
84544,26
53932,26
6461,26
35596,26
43069,26
95001,26
94989,26
37977,26
35059,26
84548,26
6541,26
46834,26
42953,26
12890,26
64218,26
12905,26
36984,26
53835,26
36986,26
93108,26
6670,26
1534,26
47771,26
42886,26
63506,26
35635,26
62144,26
93152,26
85270,26
95055,26
1566,26
6616,26
95044,26
42927,26
63466,26
53671,26
95290,26
86748,26
97023,26
38549,26
92281,26
4351,26
51952,26
88639,26
56796,26
38530,26
7494,26
62366,26
34759,26
2870,26
7452,26
51948,26
60563,26
7430,26
63414,26
7414,26
7405,26
11228,26
64426,26
86654,26
48198,26
15481,26
41952,26
97012,26
36732,26
4274,26
4297,26
48279,26
36765,26
95506,26
92184,26
88719,26
34719,26
63398,26
41985,26
45069,26
41995,26
98860,26
92224,26
38574,26
95485,26
35761,26
38560,26
35732,26
2860,26
50210,26
48020,26
36856,26
46625,26
98650,26
88463,26
42383,26
88456,26
86734,26
42439,26
50334,26
48019,26
38421,26
98618,26
7109,26
98617,26
2764,26
92700,26
7077,26
34874,26
42462,26
95295,26
84327,26
48059,26
34792,26
56619,26
4366,26
92420,26
60587,26
48139,26
42194,26
42217,26
53554,26
92485,26
50247,26
34814,26
53574,26
46585,26
1193,26
88523,26
51906,26
88505,26
60630,26
98718,26
64371,26
11310,26
93351,26
61161,26
11043,26
54835,26
55041,26
47078,26
93948,26
94024,26
87523,26
12219,26
2014,26
37580,26
94033,26
43739,26
54875,26
54860,26
51072,26
51074,26
87502,26
97890,26
5725,26
12248,26
61558,26
87223,26
85072,26
55042,26
14860,26
97611,26
47405,26
14606,26
43535,26
87610,26
87595,26
5898,26
47036,26
87194,26
47410,26
87578,26
5869,26
12178,26
63877,26
63703,26
2332,26
43594,26
12174,26
51019,26
14866,26
84871,26
63862,26
44215,26
87486,26
15135,26
61572,26
2127,26
12365,26
35364,26
94279,26
94284,26
94298,26
51163,26
43995,26
12380,26
2158,26
44005,26
47209,26
94349,26
44030,26
47146,26
47191,26
51213,26
5437,26
44114,26
47172,26
44065,26
54423,26
5523,26
12495,26
84938,26
5697,26
44206,26
54812,26
44205,26
5681,26
54791,26
94589,26
5268,26
87437,26
61606,26
61780,26
94572,26
12331,26
43843,26
5289,26
54401,26
94539,26
84941,26
87388,26
43946,26
14605,26
98023,26
37261,26
87624,26
15067,26
6216,26
50791,26
46887,26
12718,26
54052,26
93568,26
54057,26
50812,26
37164,26
44499,26
43316,26
37827,26
44485,26
94882,26
87785,26
93625,26
84699,26
55316,26
5035,26
1757,26
54039,26
35147,26
84641,26
47657,26
51567,26
43116,26
97416,26
62064,26
4866,26
1656,26
93397,26
6367,26
55605,26
63569,26
6238,26
87015,26
6328,26
94935,26
64055,26
2504,26
93496,26
4919,26
85203,26
12736,26
87775,26
93634,26
98159,26
98074,26
47520,26
93734,26
85119,26
61381,26
93769,26
14937,26
12071,26
43472,26
37248,26
98072,26
54249,26
54282,26
97572,26
61415,26
5951,26
47485,26
44272,26
5187,26
63673,26
98049,26
43448,26
12033,26
1768,26
5073,26
54155,26
47558,26
97501,26
11999,26
1774,26
46954,26
55295,26
14966,26
37202,26
12003,26
44341,26
37783,26
51476,26
14963,26
98125,26
94762,26
47547,26
5113,26
35498,26
35250,26
15526,26
42116,26
35949,26
651,26
53092,26
57942,26
86241,26
58766,26
83892,26
86261,26
91277,26
91303,26
13980,26
34452,26
8552,26
10542,26
85764,26
53096,26
41061,26
41069,26
632,26
35938,26
36248,26
13714,26
36472,26
58101,26
36027,26
91064,26
13225,26
46235,26
52255,26
58023,26
59940,26
10099,26
58722,26
90481,26
40254,26
10480,26
39584,26
52751,26
41076,26
91356,26
95924,26
8359,26
9454,26
49794,26
39629,26
62587,26
57680,26
83623,26
96092,26
86363,26
89163,26
90313,26
57673,26
14104,26
45360,26
91526,26
99191,26
59432,26
8375,26
3610,26
90415,26
86323,26
86268,26
45414,26
10577,26
99292,26
58827,26
53117,26
52203,26
8415,26
57684,26
59484,26
39072,26
91476,26
3988,26
95838,26
60049,26
3617,26
49469,26
45683,26
59401,26
62761,26
52399,26
99539,26
9091,26
45592,26
3760,26
48882,26
58408,26
3262,26
34299,26
52895,26
96050,26
52343,26
34374,26
96560,26
96129,26
34376,26
49542,26
89479,26
40416,26
10246,26
40478,26
9149,26
83722,26
99607,26
58486,26
15986,26
392,26
46080,26
15974,26
3286,26
9184,26
40449,26
59692,26
58450,26
99567,26
9093,26
90614,26
52918,26
49641,26
90986,26
293,26
8877,26
59564,26
90955,26
90962,26
95952,26
3874,26
45480,26
9235,26
34404,26
62881,26
3880,26
3888,26
9301,26
48736,26
10414,26
40369,26
90913,26
58365,26
14033,26
89588,26
63173,26
10325,26
64796,26
8977,26
58552,26
95984,26
8953,26
505,26
8944,26
45653,26
45504,26
322,26
59778,26
96149,26
40389,26
59404,26
8360,26
38963,26
10892,26
90144,26
41579,26
84060,26
99961,26
99033,26
90137,26
10883,26
95650,26
91875,26
59133,26
49962,26
52568,26
57283,26
10901,26
99002,26
39874,26
96427,26
62999,26
40009,26
38856,26
45817,26
48459,26
95679,26
41456,26
99916,26
85565,26
48454,26
88990,26
16171,26
96445,26
85549,26
62501,26
96910,26
65026,26
15642,26
2981,26
60311,26
91947,26
39765,26
41824,26
96364,26
2906,26
13239,26
50057,26
41798,26
38718,26
95590,26
85837,26
932,26
34104,26
53411,26
59253,26
50072,26
48311,26
7705,26
45947,26
7766,26
92033,26
48328,26
59208,26
15600,26
52051,26
64550,26
84098,26
46462,26
14205,26
10956,26
98976,26
9744,26
41731,26
41743,26
13262,26
63038,26
45169,26
59314,26
62535,26
13633,26
58963,26
45268,26
8187,26
757,26
3562,26
8200,26
8220,26
49856,26
100,26
3022,26
10724,26
84018,26
781,26
103,26
64629,26
62556,26
3038,26
95705,26
52171,26
89018,26
91582,26
60173,26
107,26
10746,26
48486,26
4119,26
48503,26
99113,26
59397,26
57587,26
15730,26
91654,26
96890,26
83986,26
38872,26
91704,26
3010,26
38948,26
825,26
99082,26
10806,26
99078,26
53280,26
46324,26
63075,26
95740,26
60136,26
34213,26
16141,26
5139,25
85980,25
94679,25
13759,25
71018,25
22433,25
32305,25
96213,25
3740,25
61896,25
94450,25
5247,25
72050,25
13760,25
23412,25
13779,25
28437,25
76428,25
36328,25
5154,25
87270,25
36242,25
76445,25
87269,25
13782,25
66912,25
61724,25
76311,25
32262,25
70983,25
82172,25
76297,25
54422,25
96177,25
13713,25
66925,25
13775,25
27556,25
12504,25
94639,25
70972,25
77366,25
61801,25
45839,25
96286,25
23510,25
77380,25
61859,25
86010,25
17616,25
22528,25
37312,25
45792,25
94519,25
37306,25
12557,25
87160,25
45923,25
45909,25
62933,25
52570,25
85881,25
87203,25
86045,25
3632,25
3571,25
45674,25
3558,25
85893,25
71529,25
71019,25
53635,25
95344,25
17844,25
66630,25
86735,25
36629,25
22913,25
28032,25
95409,25
17972,25
13080,25
4127,25
71408,25
4130,25
4435,25
45244,25
62308,25
81782,25
44809,25
53655,25
53172,25
86380,25
32700,25
62231,25
32530,25
4070,25
45314,25
81752,25
66659,25
4098,25
66653,25
66507,25
53685,25
71646,25
45273,25
95423,25
53325,25
23111,25
81833,25
71476,25
32635,25
62466,25
95489,25
62403,25
17887,25
53488,25
81872,25
62408,25
23016,25
53443,25
62430,25
76847,25
45136,25
27905,25
53391,25
95625,25
71460,25
66534,25
36818,25
86681,25
95651,25
27994,25
4401,25
71454,25
45046,25
23097,25
32651,25
44090,25
95645,25
66608,25
27858,25
95640,25
53720,25
23213,25
22573,25
81636,25
45518,25
77207,25
12735,25
76533,25
36431,25
13571,25
54038,25
86172,25
52991,25
71157,25
4880,25
53983,25
62042,25
44581,25
66399,25
66837,25
62713,25
28112,25
52917,25
77298,25
94747,25
94764,25
23392,25
54189,25
87086,25
45603,25
5062,25
61948,25
45585,25
54144,25
3779,25
45564,25
54076,25
61966,25
28233,25
12780,25
66787,25
81671,25
53846,25
3973,25
76628,25
13453,25
22784,25
79895,25
18065,25
3995,25
66707,25
95830,25
53811,25
36964,25
45368,25
28122,25
86359,25
44687,25
95050,25
53095,25
66414,25
76563,25
86976,25
66412,25
95913,25
86213,25
27687,25
95902,25
22760,25
95890,25
76585,25
81691,25
53072,25
36506,25
44643,25
22430,25
83501,25
87301,25
10834,25
91545,25
80418,25
8310,25
38954,25
8297,25
20831,25
91560,25
20842,25
8277,25
41301,25
20851,25
41316,25
8248,25
78899,25
89055,25
8199,25
91642,25
89043,25
78856,25
29871,25
91725,25
60219,25
91729,25
67865,25
41454,25
91543,25
29966,25
89125,25
41140,25
20623,25
8627,25
80293,25
80298,25
8608,25
8544,25
91327,25
20703,25
69327,25
89226,25
30038,25
41143,25
41244,25
68037,25
69357,25
69371,25
10610,25
41210,25
80395,25
91491,25
39041,25
20784,25
91510,25
91513,25
89003,25
78830,25
88629,25
78828,25
29672,25
29671,25
19182,25
60427,25
29667,25
38651,25
29657,25
56983,25
92145,25
88736,25
92164,25
56935,25
78627,25
56930,25
60483,25
80631,25
21201,25
88687,25
38567,25
69785,25
67726,25
92269,25
38554,25
38550,25
38535,25
21141,25
60421,25
7719,25
7905,25
41497,25
91808,25
67855,25
57358,25
91862,25
57311,25
29790,25
19267,25
67839,25
80533,25
60291,25
7892,25
67811,25
80542,25
7861,25
57194,25
31405,25
78740,25
7794,25
92016,25
92029,25
38723,25
92039,25
10998,25
79192,25
8672,25
69196,25
8698,25
9533,25
59399,25
68717,25
19798,25
90304,25
79998,25
10019,25
90352,25
9451,25
68772,25
9415,25
89746,25
90418,25
90430,25
39595,25
68805,25
68812,25
9366,25
58708,25
90511,25
20231,25
79593,25
90530,25
10137,25
89612,25
9545,25
58952,25
68677,25
59069,25
39784,25
30767,25
68456,25
19937,25
79850,25
89954,25
59324,25
59152,25
89935,25
68436,25
68618,25
89907,25
68420,25
79792,25
59351,25
19856,25
59062,25
9644,25
20035,25
19841,25
19836,25
90215,25
58991,25
40044,25
10168,25
39488,25
40423,25
80221,25
58267,25
90887,25
58237,25
79319,25
89417,25
90934,25
79296,25
59817,25
90966,25
20514,25
40793,25
58125,25
40642,25
91042,25
30206,25
58087,25
19545,25
69154,25
39224,25
79235,25
59912,25
39185,25
20575,25
91131,25
8962,25
40632,25
40429,25
19647,25
40434,25
80087,25
30389,25
40465,25
30375,25
30370,25
90686,25
90698,25
10257,25
58456,25
79477,25
58447,25
20420,25
19641,25
9075,25
59725,25
79438,25
20386,25
9035,25
9033,25
40597,25
79414,25
89460,25
58371,25
92291,25
56782,25
61694,25
93801,25
37788,25
6098,25
81232,25
6089,25
55289,25
77773,25
22060,25
37768,25
12020,25
93690,25
12023,25
6061,25
22073,25
77746,25
22078,25
61351,25
6044,25
43423,25
43427,25
12057,25
55209,25
55208,25
28773,25
93798,25
12083,25
87763,25
93636,25
87779,25
70544,25
6354,25
6336,25
28939,25
87899,25
77900,25
43186,25
21953,25
6268,25
45944,25
43214,25
11899,25
21975,25
55317,25
70555,25
28860,25
21997,25
6187,25
55388,25
67238,25
37836,25
87826,25
70570,25
55334,25
55330,25
5958,25
87656,25
31545,25
43514,25
87496,25
43781,25
87477,25
67031,25
87442,25
54781,25
54774,25
77577,25
12336,25
28598,25
22304,25
5594,25
54666,25
70821,25
94251,25
77523,25
81439,25
37459,25
54562,25
87336,25
5443,25
12415,25
18333,25
5436,25
94388,25
43765,25
70745,25
43758,25
32098,25
12111,25
37680,25
61435,25
77689,25
70657,25
55131,25
67119,25
61465,25
81334,25
43562,25
32096,25
55089,25
22248,25
87573,25
32106,25
93901,25
55068,25
5843,25
93946,25
55032,25
93982,25
5780,25
12226,25
61550,25
77946,25
28967,25
43124,25
43123,25
88437,25
21466,25
60695,25
29358,25
7086,25
88396,25
92701,25
11431,25
42466,25
42469,25
31658,25
42510,25
42534,25
38305,25
56165,25
6916,25
80847,25
11493,25
21581,25
60803,25
56122,25
11512,25
42666,25
21595,25
78215,25
56424,25
42393,25
7165,25
19041,25
7449,25
38501,25
38498,25
56726,25
69873,25
38491,25
92389,25
88576,25
42146,25
78475,25
42209,25
78454,25
92600,25
69944,25
69948,25
7280,25
56608,25
80735,25
29436,25
42320,25
92582,25
60645,25
21413,25
92599,25
92935,25
21610,25
42707,25
93300,25
6624,25
93160,25
42906,25
21750,25
81004,25
38026,25
11748,25
55743,25
70374,25
55717,25
67385,25
6470,25
55876,25
43068,25
93347,25
55663,25
55655,25
87957,25
11838,25
18710,25
67329,25
28979,25
21874,25
37923,25
6627,25
11671,25
80898,25
93062,25
42717,25
92973,25
38211,25
70245,25
78177,25
11584,25
11589,25
88192,25
21654,25
93030,25
18842,25
67465,25
29128,25
55949,25
93072,25
21685,25
38153,25
18825,25
78147,25
55919,25
38123,25
60955,25
55889,25
78116,25
76252,25
77075,25
36124,25
47392,25
63847,25
75285,25
75266,25
47376,25
14852,25
47381,25
26647,25
47390,25
17025,25
73129,25
17021,25
33396,25
17005,25
14883,25
50983,25
47429,25
1931,25
50967,25
51063,25
14838,25
82690,25
72790,25
47205,25
47242,25
47251,25
47276,25
82644,25
17081,25
47292,25
33338,25
82662,25
63820,25
65789,25
82670,25
14805,25
72771,25
26695,25
24364,25
47330,25
72883,25
75179,25
14925,25
50742,25
50724,25
82818,25
75061,25
50713,25
15134,25
64142,25
73043,25
75046,25
98308,25
15170,25
1580,25
24677,25
73088,25
24701,25
35000,25
24706,25
34987,25
64111,25
47650,25
16977,25
98226,25
1841,25
47524,25
35255,25
82759,25
75136,25
26552,25
26545,25
84727,25
75116,25
47565,25
1723,25
84677,25
72992,25
26483,25
72997,25
15064,25
75080,25
35383,25
97708,25
84989,25
17293,25
66018,25
2724,25
2674,25
51712,25
51703,25
46759,25
97278,25
35644,25
46768,25
75702,25
2631,25
14417,25
97344,25
2569,25
97379,25
97393,25
46859,25
97197,25
17297,25
97420,25
35671,25
82421,25
85462,25
66095,25
23898,25
66089,25
27123,25
35725,25
97053,25
85391,25
35712,25
51877,25
27105,25
66047,25
23939,25
51816,25
51807,25
2754,25
24084,25
97424,25
63775,25
14586,25
17163,25
72604,25
47076,25
85075,25
2311,25
51318,25
35446,25
72620,25
33283,25
33284,25
97670,25
65845,25
24241,25
24253,25
2241,25
84998,25
63772,25
26875,25
75551,25
72552,25
17179,25
63565,25
35554,25
2500,25
46889,25
14507,25
51536,25
14517,25
97461,25
97491,25
2431,25
51474,25
24151,25
26905,25
75568,25
97560,25
51432,25
33235,25
1488,25
73145,25
46529,25
74426,25
25223,25
73638,25
15831,25
34447,25
48648,25
99314,25
73654,25
83883,25
99339,25
64248,25
74423,25
25887,25
25291,25
65237,25
15893,25
83331,25
49617,25
33963,25
83922,25
34466,25
49745,25
83954,25
15690,25
73509,25
34557,25
49890,25
15711,25
34532,25
34527,25
64671,25
65294,25
64674,25
73592,25
25953,25
718,25
48570,25
99247,25
83959,25
74473,25
25312,25
83809,25
99509,25
49014,25
150,25
64932,25
25663,25
49095,25
64959,25
49307,25
83451,25
25521,25
74076,25
34174,25
99934,25
49235,25
16191,25
49178,25
83513,25
49217,25
16225,25
49043,25
49002,25
48831,25
25443,25
74318,25
34332,25
49531,25
25803,25
99628,25
356,25
99635,25
16333,25
34296,25
83695,25
74260,25
74231,25
99681,25
25761,25
49464,25
49456,25
48952,25
15680,25
16529,25
74576,25
33617,25
73224,25
34855,25
33626,25
84339,25
48029,25
48030,25
26260,25
24848,25
24849,25
15380,25
15399,25
33682,25
74782,25
64405,25
74756,25
34771,25
48186,25
50360,25
33614,25
73341,25
50393,25
74917,25
64258,25
47885,25
84414,25
50466,25
65599,25
47913,25
26328,25
98509,25
24778,25
82938,25
82949,25
15301,25
84376,25
84374,25
16751,25
47961,25
74737,25
34751,25
16531,25
48341,25
74649,25
84076,25
34616,25
84071,25
74623,25
48402,25
34609,25
15635,25
64586,25
25076,25
880,25
48433,25
25095,25
15646,25
49914,25
74587,25
829,25
73445,25
26102,25
50144,25
15559,25
34735,25
15493,25
48239,25
1062,25
74708,25
50106,25
33731,25
84168,25
98892,25
33734,25
24990,25
98909,25
34702,25
74687,25
33760,25
50069,25
98930,25
72356,25
39790,25
85531,25
96714,25
82275,25
96446,25
85761,25
52391,25
46377,25
85577,25
46204,25
3272,25
23668,25
3328,25
52254,25
76116,25
45968,25
36092,25
66240,25
96886,25
27286,25
17450,25
17559,25
63209,25
23764,25
76146,25
75944,25
96620,25
45965,25
3104,25
14095,25
96948,25
27324,25
46310,25
46146,25
46423,25
35823,25
52118,25
66139,25
23610,25
82296,25
85509,25
35915,25
63239,25
96469,25
82326,25
27248,25
46194,25
3343,25
13943,25
46020,25
13970,25
51999,25
2971,25
52235,25
96763,25
85754,25
51977,25
75977,25
23879,25
85822,25
14077,25
72341,25
46253,25
3132,25
13992,25
34769,24
11184,24
29791,24
78541,24
69852,24
26049,24
17703,24
83051,24
1126,24
88606,24
7458,24
32955,24
86075,24
57334,24
26054,24
41758,24
96631,24
34758,24
69799,24
35977,24
69806,24
3727,24
67710,24
15467,24
31389,24
57287,24
98788,24
21256,24
26178,24
62812,24
88634,24
86086,24
48191,24
21258,24
65475,24
29807,24
78809,24
7995,24
73305,24
78489,24
98758,24
84293,24
31593,24
88557,24
92442,24
7334,24
19046,24
10865,24
29829,24
92455,24
11266,24
56644,24
33681,24
52926,24
88970,24
57379,24
92390,24
16679,24
80704,24
42040,24
67684,24
7426,24
88596,24
33696,24
15438,24
16670,24
74747,24
34599,24
78509,24
11225,24
64427,24
73321,24
11230,24
1147,24
76094,24
83060,24
19260,24
92265,24
38682,24
57056,24
31439,24
98922,24
31441,24
29681,24
33752,24
29741,24
48300,24
50071,24
13631,24
64495,24
57189,24
80596,24
98977,24
67801,24
16618,24
69678,24
16605,24
38655,24
33767,24
88873,24
62800,24
57129,24
57116,24
26113,24
38725,24
69643,24
98946,24
25007,24
67814,24
92041,24
78742,24
78709,24
29718,24
21116,24
14008,24
88890,24
60446,24
88669,24
35985,24
57250,24
21207,24
7575,24
15498,24
1065,24
67737,24
82260,24
56831,24
48394,24
99004,24
92252,24
60516,24
92257,24
57133,24
31514,24
67729,24
38776,24
50115,24
50008,24
64485,24
78759,24
60333,24
62787,24
56999,24
38639,24
67770,24
92128,24
17689,24
48263,24
57243,24
84317,24
41652,24
27592,24
76121,24
98879,24
80630,24
56934,24
14248,24
11291,24
11676,24
93109,24
98380,24
95909,24
42895,24
38093,24
82868,24
62647,24
6634,24
6631,24
47734,24
61082,24
73092,24
11711,24
93208,24
17463,24
81011,24
93218,24
6555,24
11737,24
78066,24
82878,24
1513,24
80967,24
29157,24
67486,24
33577,24
78172,24
24761,24
84412,24
31748,24
53054,24
55973,24
93053,24
88183,24
38173,24
6729,24
38171,24
23298,24
74924,24
16805,24
52246,24
47812,24
18826,24
29063,24
35025,24
31738,24
18713,24
29005,24
47691,24
43109,24
67350,24
81081,24
6404,24
76590,24
82013,24
11839,24
67338,24
75002,24
70431,24
11841,24
67334,24
35072,24
82820,24
15128,24
93376,24
21879,24
1653,24
6415,24
71784,24
98283,24
77995,24
88031,24
70364,24
42995,24
6510,24
84531,24
84535,24
98318,24
78028,24
61109,24
78025,24
27435,24
1607,24
75016,24
88006,24
24648,24
37984,24
82832,24
33518,24
93348,24
88217,24
80909,24
24882,24
50370,24
42458,24
82290,24
11403,24
1329,24
21484,24
98584,24
21491,24
78311,24
11430,24
92712,24
21537,24
60742,24
47967,24
42484,24
31660,24
33608,24
47965,24
1373,24
42546,24
13565,24
3217,24
64353,24
45514,24
92664,24
92523,24
78422,24
48106,24
60623,24
48097,24
50270,24
65539,24
36418,24
21429,24
45528,24
73487,24
15369,24
70029,24
60669,24
56467,24
76515,24
92655,24
56430,24
15364,24
70127,24
92816,24
92978,24
50438,24
3873,24
73176,24
92926,24
42671,24
16770,24
18892,24
80888,24
82940,24
82299,24
16774,24
73200,24
56067,24
16775,24
74903,24
88226,24
29210,24
96688,24
76074,24
46203,24
26329,24
56121,24
34908,24
29238,24
1411,24
80833,24
92849,24
1382,24
6908,24
42624,24
11473,24
16755,24
21569,24
18920,24
29250,24
31682,24
26316,24
42644,24
38264,24
78233,24
82954,24
73183,24
6880,24
78228,24
86068,24
91709,24
10844,24
25411,24
85908,24
83670,24
64901,24
39527,24
68872,24
83677,24
90552,24
40339,24
9262,24
16039,24
23515,24
30418,24
9239,24
30951,24
96282,24
23605,24
59600,24
89571,24
48886,24
89570,24
59537,24
48914,24
90518,24
48918,24
40222,24
27487,24
10070,24
58773,24
48957,24
23529,24
58759,24
39589,24
68815,24
30505,24
90465,24
39585,24
264,24
65151,24
20204,24
25746,24
30495,24
85796,24
90493,24
10200,24
85789,24
16061,24
40535,24
411,24
80126,24
63084,24
63091,24
15960,24
39375,24
89471,24
83369,24
59718,24
99537,24
45807,24
40538,24
64842,24
9060,24
3366,24
58393,24
90792,24
85949,24
69029,24
49561,24
68996,24
40519,24
83736,24
9105,24
45989,24
30380,24
90674,24
20308,24
40473,24
79523,24
89526,24
25790,24
49504,24
34308,24
30363,24
73779,24
49515,24
90702,24
99578,24
9127,24
68980,24
9124,24
58465,24
89716,24
39603,24
91763,24
68626,24
23590,24
39910,24
16241,24
79806,24
9687,24
9904,24
49146,24
9664,24
49133,24
3467,24
91,24
89903,24
59063,24
49121,24
89897,24
83462,24
39723,24
9622,24
32898,24
49273,24
49170,24
59145,24
79819,24
26,24
19912,24
9841,24
72046,24
79901,24
39816,24
25585,24
79874,24
59232,24
59223,24
19943,24
79853,24
83512,24
3456,24
25590,24
49227,24
99976,24
30737,24
89952,24
39882,24
9609,24
39715,24
49402,24
40161,24
127,24
83619,24
89796,24
40136,24
30563,24
59459,24
9473,24
9472,24
99841,24
83625,24
89874,24
23537,24
9450,24
90383,24
49361,24
49012,24
39609,24
83424,24
40206,24
89738,24
58886,24
90297,24
30594,24
40111,24
9603,24
16259,24
9954,24
19831,24
90217,24
49302,24
9959,24
99,24
16123,24
45967,24
65119,24
68414,24
89840,24
58948,24
27479,24
59398,24
89838,24
52593,24
99868,24
48812,24
62928,24
10298,24
69407,24
89126,24
78971,24
10675,24
8339,24
57647,24
69401,24
736,24
41258,24
8316,24
96173,24
89089,24
48548,24
25984,24
10705,24
89105,24
49841,24
57614,24
25155,24
41276,24
10719,24
57666,24
64680,24
71921,24
17644,24
673,24
41147,24
30012,24
31195,24
80374,24
89201,24
91475,24
33897,24
71930,24
10606,24
8395,24
82234,24
83249,24
48585,24
74490,24
60070,24
91495,24
39032,24
65287,24
65326,24
89087,24
83803,24
84045,24
23648,24
52782,24
52420,24
15663,24
46264,24
74585,24
48462,24
76404,24
80488,24
67870,24
85759,24
74593,24
91742,24
73488,24
41463,24
31349,24
91747,24
78837,24
69540,24
3700,24
38879,24
41409,24
89041,24
71899,24
99139,24
99126,24
8278,24
48502,24
8274,24
52452,24
78918,24
72125,24
84007,24
89061,24
84011,24
60181,24
64630,24
74565,24
38909,24
34567,24
49901,24
26021,24
91671,24
79017,24
41141,24
25214,24
58181,24
48760,24
40712,24
71948,24
99463,24
58206,24
20483,24
58202,24
8862,24
3588,24
65238,24
16457,24
10397,24
40770,24
73722,24
49624,24
33939,24
91011,24
83849,24
40811,24
83854,24
71949,24
65232,24
40690,24
497,24
69042,24
68186,24
49585,24
45994,24
25313,24
79381,24
34382,24
10333,24
58316,24
482,24
80176,24
8966,24
74356,24
83341,24
80183,24
58281,24
20451,24
39318,24
20463,24
20528,24
30211,24
89371,24
59979,24
30082,24
71935,24
20671,24
89254,24
49732,24
20681,24
49737,24
59996,24
10550,24
45741,24
10552,24
72099,24
79072,24
83938,24
57788,24
25919,24
57776,24
83942,24
83943,24
19494,24
59969,24
89370,24
91225,24
99405,24
605,24
58098,24
16417,24
80251,24
69144,24
609,24
69156,24
62914,24
82217,24
15867,24
89330,24
89320,24
40924,24
15847,24
68094,24
40952,24
74432,24
91218,24
70442,24
88303,24
76599,24
12488,24
94431,24
93395,24
44093,24
77452,24
53252,24
72635,24
44128,24
18299,24
77431,24
54490,24
54437,24
18294,24
44143,24
81493,24
3066,24
2267,24
95722,24
61777,24
12448,24
45297,24
33397,24
47189,24
12393,24
37455,24
94336,24
94344,24
72685,24
17107,24
87334,24
81460,24
61662,24
94414,24
61665,24
76685,24
37428,24
44038,24
77477,24
62558,24
44053,24
51251,24
35426,24
32282,24
85600,24
94705,24
72592,24
65890,24
14616,24
70990,24
5191,24
51408,24
66148,24
12607,24
12613,24
61808,24
95680,24
18211,24
85120,24
35496,24
2397,24
71041,24
71616,24
13306,24
17164,24
54325,24
47045,24
14646,24
54392,24
54391,24
97649,24
44177,24
12522,24
87240,24
28445,24
96849,24
26832,24
12538,24
51291,24
97638,24
14655,24
36613,24
72258,24
72612,24
71636,24
62563,24
2177,24
37462,24
76661,24
94015,24
17036,24
70735,24
28659,24
82346,24
43722,24
14842,24
63258,24
4048,24
86392,24
26666,24
54854,24
85620,24
5724,24
97876,24
23198,24
47325,24
27772,24
43710,24
43680,24
5807,24
87543,24
28717,24
93895,24
1968,24
75233,24
28709,24
26638,24
81345,24
77633,24
4010,24
65764,24
43623,24
51029,24
37602,24
71736,24
37597,24
35916,24
67081,24
75333,24
63830,24
2164,24
5528,24
81418,24
46312,24
54695,24
22327,24
94210,24
72751,24
47281,24
22346,24
71676,24
12273,24
97819,24
94263,24
61633,24
17823,24
17095,24
2151,24
87362,24
35886,24
5597,24
72759,24
22296,24
47301,24
2081,24
22267,24
87462,24
22271,24
51100,24
86393,24
95755,24
84937,24
86400,24
5655,24
54764,24
54756,24
72766,24
12319,24
43837,24
13369,24
87409,24
44354,24
14560,24
72285,24
72336,24
18013,24
44852,24
35663,24
66645,24
35665,24
75907,24
53658,24
14362,24
4537,24
95368,24
35693,24
23956,24
53615,24
4503,24
85340,24
62311,24
35699,24
81793,24
44850,24
13011,24
76820,24
66654,24
33036,24
4683,24
51732,24
51752,24
53735,24
97206,24
97007,24
95220,24
27877,24
53709,24
71338,24
95229,24
62234,24
95232,24
71339,24
12985,24
71546,24
71392,24
85344,24
32502,24
75880,24
53511,24
17370,24
76901,24
17940,24
27132,24
85425,24
4356,24
27954,24
95499,24
95404,24
35769,24
23010,24
17924,24
45116,24
86614,24
53483,24
27920,24
81882,24
22975,24
71445,24
45020,24
35715,24
72396,24
62324,24
71406,24
36720,24
85350,24
2809,24
97077,24
4432,24
51909,24
53558,24
4414,24
13089,24
82449,24
4411,24
32581,24
22958,24
32584,24
22814,24
71293,24
87097,24
33196,24
61988,24
61992,24
62491,24
54044,24
44522,24
32401,24
94920,24
75629,24
35563,24
71168,24
18144,24
14480,24
28256,24
17228,24
12753,24
17229,24
44569,24
26944,24
46892,24
35544,24
87059,24
66853,24
81604,24
44365,24
87094,24
94784,24
37209,24
63313,24
72570,24
45236,24
35513,24
97509,24
61945,24
17203,24
46381,24
65919,24
81619,24
53329,24
44436,24
53972,24
4865,24
28131,24
53821,24
51646,24
95076,24
75915,24
97315,24
27013,24
23089,24
12902,24
65995,24
53818,24
85226,24
46760,24
75708,24
81916,24
46476,24
81728,24
85287,24
71288,24
45170,24
12864,24
51626,24
77120,24
4800,24
62082,24
81669,24
44603,24
71181,24
85230,24
28218,24
75647,24
28212,24
22731,24
62485,24
71223,24
75658,24
62114,24
53366,24
2560,24
26986,24
71235,24
84860,24
21819,24
84807,24
82319,24
67149,24
15056,24
81148,24
84697,24
98171,24
67128,24
47583,24
67148,24
24608,24
1902,24
93595,24
33422,24
22140,24
43200,24
15032,24
22125,24
53128,24
28847,24
31931,24
37716,24
47431,24
1688,24
35922,24
6296,24
6069,24
11951,24
55548,24
82733,24
82806,24
93683,24
55135,24
86304,24
5915,24
43187,24
64051,24
6255,24
43325,24
47624,24
6041,24
43420,24
37876,24
65708,24
1805,24
87862,24
77697,24
47534,24
70574,24
6144,24
77741,24
45424,24
84786,24
62599,24
1731,24
50805,24
64032,24
28757,24
55260,24
98118,24
37671,24
98120,24
66450,24
43209,24
32081,24
32080,24
98060,24
33489,24
65718,24
43327,24
55446,24
18529,24
33488,24
37677,24
16986,24
6322,24
93564,24
84797,24
23786,24
24584,24
93675,24
87908,24
1720,24
46289,24
70666,24
82763,24
26490,24
87829,24
72904,24
16938,24
61377,24
37645,24
17776,24
43558,24
77721,24
70625,24
67308,24
1662,24
18547,24
28820,24
43461,24
33502,24
37733,24
55098,24
11855,24
1950,24
97984,24
24526,24
82744,24
93847,24
11914,24
93839,24
98229,24
87749,24
27724,24
43152,24
36508,24
70589,24
82008,24
37843,24
95856,24
65698,24
35209,24
98132,24
55109,24
31998,24
82761,24
67190,24
55196,24
93585,24
75996,24
6009,24
61368,24
25352,23
6702,23
6700,23
22728,23
97292,23
9096,23
71252,23
73125,23
69033,23
30364,23
53828,23
48879,23
53943,23
47742,23
23851,23
27515,23
24570,23
93093,23
96972,23
24060,23
95012,23
27176,23
55913,23
438,23
93129,23
90728,23
20351,23
24719,23
1552,23
53873,23
76795,23
72484,23
95010,23
53358,23
40486,23
71218,23
69006,23
96769,23
24704,23
4837,23
24077,23
99565,23
74319,23
43310,23
49510,23
29116,23
47745,23
27856,23
48805,23
42793,23
95918,23
44449,23
8754,23
99350,23
26933,23
91075,23
53107,23
51541,23
74413,23
75936,23
52289,23
48718,23
4946,23
75110,23
91015,23
97445,23
97442,23
73710,23
77213,23
72967,23
49680,23
72231,23
3356,23
79208,23
30143,23
40943,23
98476,23
76196,23
52482,23
57980,23
625,23
57984,23
77283,23
49694,23
76554,23
621,23
94809,23
25895,23
96229,23
75122,23
40910,23
75119,23
91111,23
91100,23
24107,23
94913,23
94982,23
1509,23
4871,23
50829,23
24729,23
28837,23
22711,23
69085,23
24091,23
2524,23
40637,23
48786,23
99483,23
71952,23
53956,23
69069,23
29148,23
97406,23
79400,23
77162,23
40603,23
30297,23
4747,23
50566,23
79280,23
29160,23
90963,23
99457,23
77808,23
55950,23
29164,23
48758,23
97431,23
50495,23
1475,23
96241,23
46428,23
53993,23
42828,23
50526,23
43341,23
79333,23
28248,23
74363,23
79346,23
27524,23
4749,23
98743,23
51682,23
44973,23
50708,23
76935,23
9589,23
96420,23
6273,23
30634,23
79753,23
21941,23
93349,23
43177,23
40012,23
28000,23
21853,23
6306,23
39999,23
90178,23
4270,23
9649,23
45011,23
51911,23
79788,23
58976,23
9567,23
74976,23
26470,23
53593,23
52003,23
99865,23
58889,23
79715,23
40112,23
45153,23
90276,23
1608,23
52604,23
52594,23
25659,23
55528,23
47704,23
68705,23
24651,23
58942,23
75814,23
4478,23
25514,23
26472,23
3954,23
49265,23
49262,23
49129,23
76850,23
3412,23
21897,23
55619,23
90063,23
90059,23
49225,23
71482,23
90043,23
39820,23
27431,23
39818,23
93379,23
2882,23
75883,23
73999,23
95511,23
39805,23
39802,23
39797,23
23024,23
79846,23
79842,23
76849,23
3938,23
75056,23
45028,23
73976,23
97042,23
51940,23
49162,23
9701,23
77939,23
28984,23
77940,23
55607,23
75871,23
2888,23
23889,23
74024,23
23896,23
23890,23
47670,23
59170,23
98262,23
51841,23
9496,23
49079,23
95214,23
99685,23
40373,23
58574,23
90583,23
30139,23
40358,23
77055,23
78084,23
90557,23
22818,23
9284,23
72452,23
9286,23
78082,23
2695,23
58642,23
95152,23
46712,23
78080,23
9306,23
53723,23
70344,23
73091,23
25765,23
48884,23
359,23
49501,23
21739,23
1572,23
20295,23
95610,23
98344,23
78101,23
3545,23
53815,23
6583,23
42919,23
55373,23
342,23
58541,23
99663,23
49492,23
42936,23
44727,23
79548,23
40313,23
68853,23
95324,23
97220,23
93272,23
95248,23
43000,23
51792,23
58824,23
46665,23
90388,23
6515,23
23963,23
9439,23
52006,23
49341,23
23063,23
76976,23
95867,23
47623,23
96324,23
20117,23
55724,23
99845,23
9475,23
70368,23
42998,23
21788,23
95893,23
55797,23
72207,23
6191,23
70360,23
71548,23
28865,23
25741,23
21985,23
6210,23
99730,23
27078,23
93254,23
55452,23
22860,23
23976,23
53707,23
99744,23
2732,23
40214,23
55456,23
56013,23
26903,23
98140,23
73407,23
27355,23
43880,23
7704,23
98601,23
7707,23
54683,23
96825,23
78316,23
57066,23
56367,23
57085,23
22329,23
72880,23
54648,23
23397,23
70817,23
46157,23
50048,23
54628,23
76145,23
53217,23
21140,23
73211,23
29340,23
47296,23
54775,23
78352,23
98900,23
7111,23
77691,23
23334,23
69725,23
42442,23
21159,23
50346,23
2094,23
7675,23
78656,23
7678,23
48291,23
57024,23
21150,23
41863,23
2095,23
42447,23
7699,23
7761,23
47279,23
3279,23
91962,23
1876,23
96659,23
96098,23
49973,23
7045,23
57248,23
92758,23
7919,23
45403,23
53234,23
94366,23
922,23
21014,23
47196,23
26068,23
92797,23
1853,23
44034,23
21009,23
75448,23
98085,23
45616,23
56334,23
24328,23
74655,23
22134,23
92031,23
970,23
56366,23
7787,23
57132,23
97809,23
75408,23
3210,23
28556,23
76441,23
50929,23
7797,23
94307,23
963,23
48350,23
7838,23
98975,23
92716,23
94321,23
91973,23
56949,23
52328,23
23416,23
5823,23
21300,23
69861,23
3990,23
27624,23
43635,23
92525,23
78520,23
7422,23
7261,23
5813,23
42289,23
48099,23
50187,23
54998,23
42292,23
73270,23
92336,23
92329,23
23792,23
56792,23
48093,23
28735,23
75214,23
5753,23
69867,23
98748,23
5888,23
45550,23
51007,23
98753,23
73297,23
52921,23
1970,23
56672,23
29499,23
42182,23
56617,23
22191,23
50226,23
98741,23
26220,23
53148,23
53153,23
43605,23
76647,23
47425,23
1998,23
92591,23
75342,23
26266,23
45571,23
92233,23
50970,23
71832,23
56849,23
42002,23
47316,23
92654,23
7133,23
7577,23
71709,23
45335,23
28628,23
26153,23
78617,23
92190,23
3764,23
1912,23
69743,23
1043,23
43813,23
28743,23
52201,23
98703,23
70023,23
48065,23
51059,23
21414,23
50173,23
55125,23
43755,23
27640,23
7193,23
78578,23
45566,23
51073,23
98809,23
56522,23
26165,23
24950,23
75319,23
7162,23
56817,23
98837,23
27247,23
97866,23
96562,23
51227,23
30136,23
5212,23
8381,23
73607,23
29990,23
27555,23
3976,23
29994,23
5198,23
49790,23
41197,23
2352,23
26553,23
52292,23
25202,23
27213,23
5173,23
57718,23
47018,23
57720,23
54275,23
91465,23
21615,23
20773,23
53112,23
8436,23
48582,23
91531,23
50421,23
72926,23
8336,23
733,23
54344,23
28436,23
45700,23
53277,23
99205,23
29223,23
78980,23
2343,23
94635,23
41225,23
93703,23
72279,23
56068,23
99215,23
78989,23
44235,23
692,23
91445,23
3650,23
57861,23
30085,23
74448,23
74447,23
52479,23
41012,23
41006,23
91247,23
48643,23
40995,23
49723,23
54206,23
30118,23
74444,23
23623,23
40982,23
73157,23
21636,23
6800,23
91223,23
95925,23
30130,23
94766,23
6807,23
94700,23
6810,23
22563,23
41145,23
96499,23
54252,23
5141,23
71628,23
51435,23
91399,23
78194,23
41101,23
24524,23
22577,23
8497,23
44342,23
22590,23
29478,23
2405,23
22600,23
8527,23
91330,23
42731,23
56119,23
6863,23
56217,23
72643,23
8109,23
26029,23
27580,23
77444,23
54473,23
57429,23
57431,23
54465,23
78845,23
95723,23
78243,23
48470,23
44119,23
41436,23
1389,23
5332,23
2256,23
42626,23
97686,23
41412,23
47512,23
851,23
96832,23
41378,23
72644,23
99043,23
92836,23
56187,23
54527,23
52418,23
5984,23
8056,23
6937,23
77467,23
54494,23
91774,23
872,23
56184,23
57406,23
69548,23
1843,23
45295,23
6926,23
41480,23
5396,23
74878,23
8152,23
8182,23
74511,23
49888,23
55221,23
8280,23
43444,23
41283,23
99128,23
22088,23
41279,23
94573,23
97647,23
51282,23
49842,23
26830,23
3664,23
69419,23
6043,23
70951,23
75485,23
20821,23
78956,23
21591,23
76540,23
54397,23
5297,23
44141,23
97656,23
27659,23
8193,23
77722,23
99093,23
57520,23
8207,23
91624,23
96535,23
4298,23
8226,23
69458,23
47134,23
41335,23
814,23
94533,23
52174,23
8259,23
52773,23
71645,23
26823,23
6886,23
23422,23
8158,23
31807,23
84575,23
37517,23
81395,23
83645,23
31165,23
39117,23
64069,23
35564,23
10544,23
37557,23
18430,23
87509,23
33905,23
32148,23
12221,23
80330,23
64750,23
68045,23
61519,23
68043,23
31160,23
87433,23
63493,23
83278,23
37352,23
35637,23
35052,23
14413,23
31126,23
61690,23
59936,23
89306,23
68085,23
87346,23
35611,23
33173,23
12373,23
67010,23
59967,23
64130,23
35599,23
89275,23
10532,23
14514,23
12176,23
61489,23
60010,23
89173,23
87713,23
61350,23
60061,23
65668,23
81246,23
32030,23
12015,23
17188,23
60083,23
64765,23
17184,23
87784,23
18610,23
61301,23
14579,23
34426,23
10679,23
39000,23
61357,23
63635,23
33475,23
18507,23
87568,23
89235,23
33910,23
12157,23
81332,23
19457,23
37646,23
61457,23
15063,23
37737,23
68017,23
37702,23
63620,23
12080,23
60041,23
37720,23
61387,23
67162,23
64164,23
81510,23
85540,23
62244,23
31029,23
84463,23
14251,23
10293,23
66676,23
66100,23
85454,23
59726,23
85445,23
12916,23
86841,23
12911,23
62158,23
16490,23
18091,23
68478,23
64518,23
15220,23
15752,23
86782,23
34986,23
66929,23
68222,23
86660,23
66612,23
14197,23
82388,23
16124,23
14209,23
17968,23
19680,23
84446,23
83024,23
39413,23
13049,23
86745,23
80112,23
86753,23
82884,23
85484,23
16812,23
66652,23
59739,23
18109,23
33097,23
84478,23
12600,23
14388,23
89380,23
61880,23
34687,23
39247,23
33890,23
31091,23
10422,23
66902,23
89368,23
12568,23
37291,23
61852,23
64926,23
12542,23
33140,23
85295,23
15772,23
35030,23
61892,23
66888,23
18168,23
86986,23
37101,23
10326,23
63438,23
87007,23
85342,23
59765,23
84128,23
81622,23
59795,23
35692,23
31066,23
89423,23
61958,23
89419,23
61938,23
80201,23
32352,23
38995,23
10696,23
10697,23
88351,23
80815,23
14808,23
88850,23
31656,23
38314,23
18961,23
38330,23
80561,23
84911,23
11415,23
11010,23
18980,23
11013,23
88829,23
88825,23
14919,23
38382,23
18984,23
11368,23
11441,23
84811,23
15866,23
11455,23
88236,23
38237,23
84951,23
33322,23
67515,23
60814,23
60805,23
67830,23
31702,23
60797,23
11490,23
80838,23
88335,23
67564,23
82650,23
67828,23
11457,23
14795,23
65796,23
63904,23
38684,23
67608,23
33981,23
11126,23
38587,23
38581,23
19043,23
67643,23
88554,23
19054,23
14868,23
83717,23
38555,23
67721,23
80710,23
60525,23
34304,23
38502,23
19081,23
31533,23
16002,23
38524,23
88545,23
64879,23
38601,23
82725,23
15977,23
60426,23
11051,23
84893,23
60431,23
14837,23
17047,23
38647,23
38645,23
88531,23
31624,23
14843,23
67768,23
83403,23
11090,23
19155,23
60462,23
38621,23
35362,23
88225,23
31735,23
85009,23
14649,23
89060,23
85074,23
17150,23
81132,23
84700,23
80451,23
67318,23
31899,23
11851,23
38895,23
18701,23
33276,23
63742,23
85038,23
35417,23
38882,23
83847,23
60210,23
15027,23
38916,23
14643,23
61253,23
65681,23
60126,23
61261,23
10704,23
11930,23
80422,23
11923,23
64770,23
83861,23
67294,23
37891,23
87891,23
19367,23
60155,23
81146,23
18667,23
15030,23
31285,23
11784,23
83323,23
16654,23
89012,23
64903,23
16948,23
16949,23
82628,23
38813,23
38117,23
65162,23
60968,23
14958,23
82638,23
88146,23
38158,23
10890,23
84965,23
35370,23
16378,23
16312,23
11577,23
18869,23
15904,23
14745,23
67445,23
13972,23
65834,23
60224,23
18749,23
88021,23
67409,23
18757,23
14735,23
81020,23
31357,23
38826,23
61054,23
61041,23
35385,23
11684,23
61010,23
10864,23
31786,23
60245,23
13131,23
60538,23
34590,23
85585,23
62917,23
13790,23
35987,23
83522,23
68430,23
39748,23
30823,23
89917,23
86516,23
81922,23
13784,23
85991,23
59345,23
85992,23
85995,23
68427,23
86512,23
36245,23
34905,23
65540,23
62507,23
79938,23
65065,23
35866,23
63282,23
59552,23
34927,23
30940,23
16146,23
39532,23
10125,23
63294,23
63004,23
19887,23
84065,23
66275,23
85886,23
89660,23
30813,23
13858,23
36706,23
64272,23
10115,23
10112,23
17593,23
36170,23
13845,23
83162,23
80050,23
16147,23
33000,23
66520,23
59353,23
66333,23
86373,23
32795,23
66475,23
65573,23
13423,23
85651,23
66211,23
62598,23
89782,23
86148,23
83475,23
62613,23
17773,23
62634,23
33822,23
63202,23
63183,23
86239,23
59441,23
15650,23
13536,23
86226,23
36473,23
86128,23
30847,23
62760,23
85704,23
32840,23
35897,23
17845,23
81955,23
34901,23
82337,23
15681,23
36606,23
39719,23
66182,23
63227,23
32812,23
9949,23
32818,23
16698,23
19835,23
17492,23
13627,23
34576,23
62772,23
39610,23
13387,23
9859,23
13748,23
62390,23
36782,23
13926,23
81879,23
10149,23
59590,23
62421,23
66239,23
59305,23
17544,23
84119,23
86625,23
82211,23
84425,23
34181,23
19899,23
64651,23
13979,23
89630,23
36103,23
62368,23
67392,22
56720,22
78018,22
6482,22
99613,22
26636,22
73456,22
6496,22
97696,22
63767,22
72640,22
21816,22
86100,22
23400,22
49625,22
36351,22
51052,22
52341,22
33295,22
69865,22
37953,22
50166,22
81076,22
85028,22
11812,22
70408,22
26817,22
46134,22
47142,22
6436,22
45597,22
93334,22
3378,22
93277,22
6458,22
2261,22
36338,22
11236,22
38006,22
78502,22
55855,22
6613,22
80998,22
56692,22
70318,22
13669,22
36073,22
51018,22
67440,22
62839,22
61000,22
93156,22
18799,22
3254,22
72683,22
52802,22
62844,22
45667,22
48427,22
36306,22
60996,22
35304,22
13689,22
61036,22
92404,22
42921,22
93242,22
6539,22
6399,22
11244,22
3725,22
61081,22
6554,22
2227,22
72677,22
70357,22
25039,22
18776,22
64787,22
31806,22
84053,22
25843,22
3717,22
48764,22
51217,22
45629,22
45640,22
21753,22
34734,22
81091,22
73700,22
71860,22
49664,22
19085,22
34595,22
61238,22
17008,22
70551,22
77859,22
6227,22
49669,22
33249,22
18654,22
23634,22
32924,22
61226,22
47072,22
82046,22
77876,22
27657,22
86154,22
62700,22
56747,22
77880,22
14876,22
7460,22
26867,22
55626,22
43317,22
52270,22
32754,22
93599,22
77826,22
36043,22
42071,22
84858,22
53031,22
76546,22
43318,22
14587,22
27662,22
2355,22
72093,22
51003,22
96700,22
62683,22
95948,22
14045,22
38520,22
14621,22
76075,22
70534,22
66260,22
52977,22
14672,22
97637,22
63716,22
29527,22
3810,22
93411,22
47120,22
11221,22
11868,22
47121,22
33275,22
70453,22
77884,22
77953,22
96453,22
62728,22
48877,22
24965,22
28972,22
3791,22
27322,22
36277,22
70441,22
55586,22
93448,22
96654,22
71839,22
52968,22
43183,22
85690,22
17012,22
6288,22
65371,22
83174,22
64480,22
61196,22
17712,22
76509,22
48712,22
3822,22
45540,22
55568,22
55574,22
21295,22
95996,22
70491,22
70490,22
47104,22
67651,22
55894,22
76383,22
47329,22
31653,22
35990,22
92506,22
45811,22
15971,22
36191,22
72139,22
84915,22
70071,22
23521,22
11416,22
7101,22
60607,22
14829,22
85913,22
34626,22
11407,22
15972,22
56371,22
70057,22
64868,22
13841,22
83064,22
47318,22
49507,22
33795,22
50142,22
26713,22
1087,22
49552,22
6984,22
88347,22
64873,22
56260,22
97945,22
82154,22
92773,22
92766,22
72770,22
80816,22
17610,22
92747,22
13822,22
64852,22
27509,22
42249,22
38312,22
16571,22
42445,22
76324,22
13869,22
34324,22
64858,22
65204,22
47339,22
60638,22
78406,22
13892,22
42354,22
82181,22
74651,22
84882,22
97935,22
64859,22
42324,22
52537,22
45931,22
96375,22
42351,22
76249,22
75293,22
42328,22
74635,22
42384,22
74309,22
16358,22
72010,22
36169,22
92676,22
60625,22
85717,22
60628,22
66217,22
29367,22
13898,22
76282,22
27436,22
7251,22
80746,22
75329,22
56397,22
11358,22
7122,22
7249,22
88447,22
78362,22
88450,22
7239,22
92481,22
21539,22
36269,22
13731,22
11608,22
64800,22
72064,22
26761,22
80935,22
36256,22
93056,22
2163,22
42801,22
42800,22
31754,22
84956,22
27547,22
25315,22
63809,22
21653,22
72838,22
96510,22
3266,22
6778,22
93008,22
46048,22
7340,22
52384,22
11619,22
51177,22
31580,22
21718,22
52761,22
2015,22
78122,22
70298,22
88116,22
71915,22
7350,22
26773,22
24291,22
6697,22
69895,22
48779,22
11644,22
70278,22
15908,22
21689,22
47386,22
27557,22
13727,22
11575,22
60862,22
51039,22
47291,22
45779,22
14779,22
31684,22
27530,22
69926,22
88325,22
63050,22
56153,22
33329,22
99523,22
42229,22
84955,22
23488,22
92848,22
96588,22
60766,22
76164,22
92840,22
75364,22
67567,22
60762,22
29463,22
60601,22
96223,22
60812,22
23475,22
6804,22
92984,22
99507,22
56044,22
52511,22
76573,22
96186,22
92468,22
2145,22
51151,22
17636,22
2136,22
21614,22
73746,22
888,22
42696,22
88247,22
83791,22
1991,22
42670,22
88548,22
52267,22
45048,22
51417,22
87039,22
44494,22
23952,22
28285,22
32382,22
54082,22
54106,22
82472,22
2761,22
54110,22
65346,22
54113,22
54116,22
3020,22
94834,22
25952,22
5029,22
63461,22
12688,22
28320,22
66020,22
45171,22
23967,22
77281,22
49806,22
54172,22
54059,22
53400,22
35847,22
87031,22
45140,22
17900,22
4851,22
73573,22
53424,22
75948,22
2817,22
71175,22
77164,22
51882,22
64673,22
18129,22
53984,22
66807,22
35702,22
53987,22
63289,22
83116,22
27100,22
44543,22
51846,22
4916,22
37120,22
22680,22
48559,22
52159,22
61927,22
12651,22
27872,22
54267,22
17289,22
75759,22
61882,22
75757,22
13272,22
77342,22
66539,22
86513,22
45207,22
77344,22
45209,22
35871,22
12595,22
5193,22
54308,22
17286,22
62495,22
94656,22
75743,22
50073,22
37285,22
81937,22
13299,22
34688,22
5156,22
54262,22
37250,22
97199,22
17298,22
73410,22
34507,22
97191,22
71060,22
72413,22
71045,22
87115,22
85301,22
87118,22
71038,22
71562,22
45193,22
709,22
33883,22
77308,22
84142,22
48576,22
71024,22
61900,22
27068,22
22569,22
97202,22
16513,22
81681,22
13209,22
61295,22
98935,22
13064,22
44964,22
49853,22
62320,22
13058,22
76892,22
22919,22
14224,22
62314,22
4488,22
13165,22
13044,22
36864,22
53602,22
44927,22
36867,22
17994,22
53640,22
62303,22
17999,22
4539,22
45073,22
4549,22
13025,22
95285,22
28021,22
50042,22
28209,22
95414,22
66610,22
86657,22
22986,22
45056,22
13126,22
71472,22
13120,22
63326,22
36801,22
13114,22
95449,22
72305,22
95483,22
2950,22
76923,22
86682,22
99140,22
4417,22
4418,22
95428,22
32576,22
2922,22
36832,22
32570,22
28011,22
4568,22
62295,22
13184,22
62289,22
4700,22
66687,22
27140,22
95128,22
86826,22
86827,22
62183,22
95116,22
13198,22
52128,22
44717,22
72368,22
65419,22
22786,22
15735,22
85411,22
83977,22
12851,22
71236,22
63320,22
66745,22
49824,22
2838,22
2835,22
62094,22
45113,22
53792,22
48509,22
12976,22
75894,22
66114,22
65336,22
13185,22
4598,22
81765,22
25138,22
18020,22
45095,22
4302,22
81754,22
4300,22
62205,22
12971,22
95224,22
86805,22
86807,22
23031,22
12949,22
13189,22
95175,22
22833,22
28105,22
12941,22
53312,22
70971,22
54334,22
81360,22
4035,22
72556,22
28694,22
87550,22
14515,22
55053,22
37611,22
32110,22
43597,22
87559,22
27274,22
43593,22
5858,22
24118,22
12161,22
63214,22
86338,22
14530,22
61478,22
97474,22
55090,22
62596,22
70683,22
51512,22
71737,22
61514,22
63216,22
63472,22
67079,22
27791,22
15587,22
13366,22
23186,22
54828,22
49728,22
45336,22
43759,22
35925,22
43757,22
18435,22
70741,22
95770,22
61545,22
61532,22
32984,22
37588,22
61522,22
4051,22
73649,22
54950,22
12206,22
85190,22
33201,22
45344,22
33210,22
70669,22
76637,22
45384,22
27971,22
70609,22
81251,22
843,22
33820,22
35500,22
62639,22
61337,22
77766,22
3934,22
2394,22
15513,22
3150,22
36489,22
26152,22
6109,22
77798,22
55314,22
93630,22
11974,22
67200,22
23285,22
95897,22
32750,22
31985,22
17770,22
98881,22
67166,22
37701,22
81981,22
22151,22
43527,22
93833,22
2452,22
5922,22
22141,22
16436,22
43519,22
46262,22
37683,22
23755,22
2427,22
13448,22
86308,22
36534,22
85148,22
18548,22
81268,22
22105,22
3972,22
35939,22
12050,22
93724,22
51547,22
5698,22
81385,22
54535,22
695,22
25924,22
5330,22
87274,22
61734,22
34495,22
94470,22
61712,22
2625,22
71629,22
44101,22
18313,22
12450,22
69833,22
18316,22
97330,22
97331,22
34710,22
54511,22
54516,22
44056,22
70869,22
94404,22
44045,22
61686,22
12489,22
65975,22
62524,22
62520,22
70963,22
37292,22
62506,22
45240,22
87221,22
66524,22
4144,22
66923,22
77397,22
54377,22
5272,22
28457,22
23137,22
54384,22
35880,22
66932,22
15685,22
28468,22
66936,22
28475,22
94551,22
95688,22
32278,22
5308,22
32216,22
22394,22
43789,22
22393,22
77558,22
16625,22
17238,22
15795,22
94181,22
54714,22
54742,22
12337,22
72537,22
12333,22
87428,22
35575,22
53241,22
81959,22
81960,22
96789,22
86421,22
64623,22
70773,22
32174,22
37526,22
67034,22
85642,22
51548,22
61583,22
5577,22
28583,22
97397,22
94277,22
98908,22
61655,22
97358,22
98905,22
94347,22
86446,22
94343,22
77491,22
45272,22
83946,22
5509,22
77519,22
77545,22
18366,22
46300,22
5525,22
12363,22
32196,22
63524,22
96800,22
82332,22
16458,22
32680,22
32189,22
44083,22
48108,22
7495,22
38900,22
34940,22
59562,22
20259,22
65110,22
64907,22
31305,22
50840,22
30424,22
34269,22
39483,22
68304,22
20268,22
99893,22
40380,22
59591,22
41350,22
49441,22
39484,22
78874,22
57507,22
30442,22
90558,22
50442,22
64400,22
20233,22
69504,22
98149,22
19728,22
41419,22
9304,22
10799,22
1187,22
16307,22
9280,22
65603,22
84712,22
89618,22
89047,22
78868,22
30409,22
10195,22
20337,22
59669,22
50818,22
91561,22
31276,22
73126,22
89523,22
75091,22
47835,22
38946,22
73930,22
47871,22
10252,22
31268,22
59687,22
10262,22
57619,22
74097,22
57620,22
47600,22
34799,22
82889,22
64231,22
50494,22
9209,22
91617,22
89562,22
58529,22
80450,22
1464,22
29920,22
57563,22
19354,22
24751,22
10210,22
80445,22
39452,22
60164,22
90656,22
68274,22
58507,22
84250,22
57439,22
74909,22
25535,22
34892,22
16957,22
79653,22
79652,22
9406,22
38811,22
59498,22
20991,22
19279,22
89017,22
91859,22
40210,22
41546,22
41545,22
33598,22
30529,22
47953,22
73820,22
21007,22
40177,22
31383,22
9440,22
41680,22
41671,22
60345,22
34868,22
59461,22
84216,22
80008,22
24817,22
40163,22
10037,22
50888,22
78786,22
74048,22
73965,22
84779,22
88945,22
65715,22
39594,22
65584,22
57377,22
49266,22
83554,22
79618,22
57410,22
8090,22
57412,22
69533,22
68824,22
10093,22
84735,22
72947,22
30492,22
47915,22
20931,22
276,22
10111,22
79601,22
29864,22
10843,22
75124,22
8040,22
20949,22
8046,22
8055,22
69559,22
68810,22
35231,22
68342,22
16695,22
38836,22
58761,22
91773,22
30918,22
47930,22
41487,22
72944,22
15405,22
84377,22
60233,22
40510,22
78959,22
90309,22
49075,22
10529,22
57934,22
8869,22
10375,22
20639,22
26406,22
84278,22
59796,22
10387,22
35069,22
82853,22
8623,22
47727,22
8838,22
59823,22
16081,22
58152,22
68076,22
59986,22
91260,22
69249,22
24681,22
91338,22
91331,22
98349,22
59772,22
15186,22
19484,22
30080,22
69290,22
80193,22
24617,22
57875,22
64128,22
49394,22
1655,22
91279,22
15182,22
30233,22
80218,22
1591,22
80116,22
91092,22
65643,22
89314,22
8676,22
69191,22
8745,22
74144,22
69157,22
47708,22
20590,22
91215,22
40919,22
58061,22
8730,22
58040,22
8725,22
74757,22
31121,22
69177,22
59928,22
82841,22
50216,22
79191,22
75054,22
58123,22
25707,22
91055,22
73079,22
84538,22
8776,22
30134,22
57965,22
8651,22
58104,22
10500,22
79261,22
68097,22
8661,22
82843,22
16680,22
1679,22
69306,22
50658,22
40583,22
26484,22
120,22
20376,22
60059,22
10624,22
57683,22
39064,22
20766,22
58383,22
79095,22
41202,22
1142,22
79425,22
84468,22
64013,22
60046,22
58377,22
80155,22
80153,22
65618,22
1521,22
83659,22
50574,22
72991,22
10670,22
57664,22
10667,22
58445,22
8353,22
79469,22
99880,22
67979,22
74946,22
57675,22
10659,22
80401,22
48133,22
40565,22
78986,22
31036,22
60045,22
1703,22
20721,22
69070,22
91396,22
79051,22
19610,22
69322,22
73010,22
64411,22
24603,22
59759,22
10564,22
31058,22
30260,22
80182,22
20444,22
19596,22
20691,22
79084,22
80171,22
8455,22
50621,22
69068,22
39074,22
25440,22
98365,22
8424,22
40600,22
80161,22
24708,22
39086,22
8438,22
89208,22
68188,22
31186,22
79403,22
49088,22
68040,22
40615,22
47757,22
9491,22
20900,22
64161,22
89969,22
50296,22
25381,22
21189,22
75187,22
65175,22
99964,22
88875,22
60363,22
38737,22
38734,22
99968,22
59192,22
78604,22
56907,22
78734,22
20032,22
60511,22
41967,22
79764,22
49241,22
90267,22
59147,22
98005,22
30802,22
90289,22
59415,22
29582,22
82718,22
9521,22
16177,22
25379,22
40102,22
16229,22
84831,22
49153,22
11099,22
30861,22
69634,22
41862,22
39694,22
21068,22
9627,22
16233,22
65064,22
68592,22
74809,22
20057,22
89845,22
84812,22
74796,22
1865,22
16321,22
7740,22
7744,22
92201,22
64384,22
64892,22
79965,22
7757,22
7748,22
79963,22
30816,22
79961,22
41793,22
50257,22
64361,22
99982,22
57042,22
58965,22
59180,22
90119,22
89939,22
310,22
80570,22
47500,22
7709,22
56895,22
57058,22
39872,22
98067,22
49491,22
21216,22
9614,22
50321,22
89880,22
88860,22
26225,22
60380,22
47482,22
7533,22
73809,22
9671,22
78631,22
98657,22
74225,22
78565,22
50336,22
59352,22
39781,22
83506,22
16185,22
31538,22
29,22
89801,22
83526,22
59233,22
7632,22
88735,22
50901,22
41920,22
16209,22
57010,22
92286,22
98024,22
9819,22
9928,22
88888,22
30797,22
74819,22
19902,22
39977,22
59249,22
30669,22
21174,22
7,22
56800,22
56802,22
7499,22
64379,22
9512,22
79869,22
31408,22
26577,22
21244,22
39727,22
9660,22
27492,21
81663,21
12776,21
19876,21
82419,21
84498,21
59344,21
73901,21
14262,21
30328,21
3579,21
15207,21
83965,21
90852,21
85713,21
9048,21
12779,21
65501,21
52705,21
30327,21
31034,21
59089,21
8984,21
59751,21
90109,21
53783,21
71313,21
82165,21
4892,21
66677,21
12932,21
59758,21
49087,21
62032,21
25493,21
65136,21
74972,21
62989,21
69081,21
23934,21
28254,21
89913,21
34109,21
44578,21
62043,21
28115,21
45826,21
8969,21
74500,21
79376,21
64198,21
94940,21
52701,21
59163,21
86874,21
22809,21
77124,21
32486,21
15633,21
4808,21
897,21
37029,21
64213,21
12846,21
14306,21
1252,21
53913,21
82268,21
33077,21
13821,21
20404,21
25976,21
12844,21
95043,21
97030,21
18053,21
20398,21
69032,21
52393,21
28173,21
4777,21
62140,21
53886,21
51945,21
62127,21
32484,21
89929,21
46573,21
71254,21
77119,21
15374,21
98369,21
68195,21
9026,21
69015,21
9902,21
45810,21
48411,21
94997,21
53938,21
25675,21
22802,21
890,21
96260,21
66781,21
28157,21
36192,21
77099,21
53951,21
66054,21
81730,21
94985,21
32442,21
71280,21
95000,21
45808,21
75831,21
28198,21
27513,21
45806,21
31042,21
4732,21
13789,21
79811,21
18061,21
45789,21
97061,21
26252,21
71274,21
36962,21
62104,21
36201,21
73470,21
44455,21
58295,21
34617,21
91024,21
58116,21
156,21
65401,21
44261,21
82484,21
12590,21
44258,21
35035,21
54316,21
77343,21
84072,21
12575,21
58102,21
46714,21
80247,21
45972,21
20539,21
59860,21
46055,21
46061,21
59845,21
66039,21
34823,21
34035,21
23988,21
19945,21
37246,21
99844,21
45941,21
61890,21
96384,21
20511,21
75003,21
79271,21
23647,21
73081,21
66892,21
25937,21
1221,21
15164,21
46697,21
54289,21
30217,21
18245,21
51738,21
72439,21
1623,21
63092,21
75710,21
73063,21
54393,21
18277,21
46021,21
85277,21
35047,21
68476,21
61747,21
96440,21
75044,21
91125,21
79220,21
98771,21
52476,21
48159,21
12480,21
30173,21
94473,21
18271,21
65436,21
66257,21
22486,21
59235,21
13942,21
5238,21
10439,21
81550,21
8750,21
97255,21
8749,21
37313,21
97276,21
10441,21
37321,21
90029,21
45992,21
5270,21
33666,21
59293,21
79889,21
76176,21
33661,21
59810,21
75763,21
28302,21
77027,21
34610,21
63139,21
68170,21
49085,21
5006,21
22641,21
28301,21
63000,21
27085,21
66858,21
23552,21
72021,21
14359,21
82856,21
66026,21
68528,21
130,21
5027,21
64930,21
54094,21
27090,21
84499,21
71105,21
19967,21
48566,21
32400,21
97125,21
54047,21
37151,21
23948,21
51835,21
66290,21
79358,21
20448,21
2772,21
47739,21
68530,21
76288,21
94891,21
39320,21
82859,21
10348,21
90903,21
49963,21
33538,21
22586,21
3297,21
37222,21
96550,21
77299,21
22591,21
12639,21
74808,21
37224,21
85307,21
65075,21
72408,21
94725,21
90947,21
76162,21
63008,21
49181,21
63015,21
25060,21
12625,21
40758,21
94736,21
12643,21
141,21
51772,21
90905,21
5058,21
89418,21
94802,21
58214,21
90932,21
98764,21
32952,21
87085,21
54187,21
27460,21
79315,21
46070,21
34677,21
74994,21
25483,21
10372,21
20486,21
20487,21
86820,21
23287,21
4671,21
35883,21
66179,21
82352,21
62710,21
17852,21
95695,21
30512,21
49894,21
16182,21
40237,21
15401,21
47931,21
36415,21
84350,21
98525,21
30855,21
48028,21
27843,21
58742,21
19816,21
19818,21
32996,21
52961,21
815,21
95720,21
45495,21
59502,21
72243,21
62692,21
82987,21
32678,21
13350,21
4104,21
89828,21
23333,21
95974,21
20173,21
53264,21
76530,21
52971,21
76518,21
90452,21
76724,21
40087,21
66512,21
33628,21
40060,21
79646,21
71543,21
95620,21
3032,21
20215,21
40298,21
34935,21
62740,21
63286,21
45166,21
35856,21
17891,21
59525,21
17486,21
3788,21
45160,21
99119,21
52915,21
95589,21
50026,21
53410,21
27617,21
59391,21
99915,21
33772,21
80043,21
30849,21
89685,21
45221,21
47924,21
90483,21
14040,21
46342,21
45214,21
89679,21
20206,21
23087,21
40266,21
58710,21
36410,21
16773,21
96646,21
15580,21
71572,21
46346,21
36681,21
40108,21
35962,21
16505,21
68397,21
98594,21
76610,21
9501,21
36526,21
36478,21
86277,21
68766,21
39625,21
36541,21
32980,21
23254,21
36550,21
16733,21
53132,21
26026,21
3127,21
16161,21
66406,21
23301,21
71748,21
53101,21
23752,21
1364,21
79699,21
48009,21
46232,21
79702,21
46228,21
53070,21
35955,21
10018,21
27696,21
33818,21
90314,21
76605,21
15655,21
68761,21
50250,21
46243,21
62,21
68391,21
85670,21
66202,21
25035,21
86334,21
71799,21
95731,21
82328,21
68793,21
90399,21
58805,21
40199,21
62666,21
82302,21
83192,21
26301,21
4075,21
85682,21
72224,21
15672,21
46201,21
76678,21
58788,21
17824,21
34854,21
53233,21
9987,21
39604,21
49127,21
86378,21
74866,21
17804,21
82029,21
90370,21
3171,21
58834,21
72200,21
36470,21
46286,21
83547,21
53166,21
62661,21
34864,21
66478,21
15658,21
16533,21
95789,21
45472,21
71723,21
19772,21
4038,21
96776,21
36394,21
39557,21
1202,21
90729,21
89497,21
4504,21
71391,21
95337,21
82276,21
53603,21
39397,21
4519,21
40493,21
82405,21
90180,21
52005,21
62888,21
58472,21
73538,21
27154,21
68239,21
74608,21
86019,21
44894,21
64977,21
76957,21
73258,21
4457,21
13075,21
47838,21
95406,21
3681,21
39429,21
40476,21
35794,21
72329,21
39722,21
39994,21
22916,21
71398,21
99169,21
95374,21
13710,21
98432,21
884,21
76385,21
68638,21
52772,21
13029,21
9106,21
89549,21
86813,21
62237,21
35782,21
89467,21
79780,21
97022,21
32531,21
82414,21
30337,21
4633,21
22843,21
3639,21
30673,21
49836,21
95179,21
73539,21
50588,21
44783,21
4669,21
27543,21
9661,21
30340,21
4602,21
82408,21
84450,21
71919,21
53662,21
20341,21
50561,21
44879,21
86016,21
28068,21
10271,21
25509,21
95253,21
40526,21
18009,21
44855,21
73414,21
9640,21
68395,21
10277,21
3641,21
58449,21
36257,21
40004,21
53573,21
13213,21
9258,21
17693,21
4301,21
71496,21
62767,21
95531,21
45097,21
20053,21
36754,21
16789,21
82918,21
23384,21
35976,21
32815,21
33576,21
4332,21
66582,21
76884,21
23396,21
13160,21
74536,21
36749,21
20581,21
19833,21
96062,21
45568,21
95573,21
73299,21
75943,21
53441,21
36388,21
16504,21
99047,21
95557,21
62425,21
45584,21
16784,21
47895,21
80063,21
71505,21
86591,21
17488,21
92,21
53453,21
10142,21
62394,21
45609,21
82108,21
46469,21
71434,21
95440,21
79529,21
52045,21
63337,21
27995,21
40447,21
32580,21
46463,21
17664,21
86673,21
82105,21
16583,21
33035,21
20031,21
44998,21
30971,21
90661,21
82392,21
3697,21
68277,21
20034,21
89867,21
20279,21
23000,21
76101,21
65605,21
39500,21
17397,21
34962,21
98654,21
58555,21
40029,21
40016,21
45015,21
13651,21
16140,21
71881,21
52350,21
45034,21
95470,21
14187,21
34967,21
95448,21
90166,21
68114,21
12469,21
88981,21
24277,21
67432,21
55854,21
41490,21
70320,21
38080,21
91782,21
91791,21
24278,21
60999,21
51211,21
88107,21
84766,21
8016,21
60990,21
6655,21
82629,21
35381,21
57355,21
41549,21
6673,21
55899,21
97750,21
42853,21
80513,21
16308,21
26537,21
31372,21
29093,21
78841,21
83846,21
33951,21
91737,21
21795,21
82616,21
11759,21
47167,21
81035,21
11754,21
63780,21
69526,21
89005,21
10838,21
6547,21
55782,21
6553,21
70361,21
10839,21
11730,21
93224,21
97721,21
31352,21
61066,21
81005,21
41560,21
99495,21
56062,21
24310,21
50875,21
70256,21
42760,21
26567,21
93004,21
26749,21
26570,21
48909,21
11571,21
6803,21
10924,21
97798,21
31395,21
18867,21
73741,21
10932,21
21629,21
88218,21
38213,21
29204,21
19249,21
56048,21
16968,21
67489,21
17093,21
60298,21
7926,21
29150,21
78792,21
70280,21
98803,21
84769,21
41586,21
91894,21
99497,21
60924,21
65457,21
21003,21
41601,21
51170,21
33441,21
88178,21
15463,21
29169,21
48238,21
93050,21
6739,21
42804,21
42803,21
60271,21
2161,21
57280,21
7931,21
18849,21
63946,21
55737,21
55729,21
61202,21
97619,21
93481,21
78906,21
8254,21
48713,21
6308,21
8234,21
6320,21
89056,21
19349,21
51311,21
55584,21
97634,21
91621,21
93437,21
75499,21
41336,21
51301,21
64777,21
24553,21
48720,21
67915,21
48943,21
87910,21
87913,21
93483,21
41302,21
43017,21
48710,21
33466,21
26860,21
10717,21
31943,21
77858,21
51360,21
48689,21
55495,21
21968,21
38943,21
47068,21
67290,21
43206,21
31933,21
99390,21
63714,21
8283,21
55534,21
38941,21
55538,21
78928,21
10737,21
83661,21
24563,21
97614,21
67313,21
43131,21
28953,21
11859,21
11801,21
72961,21
61124,21
49458,21
55671,21
78007,21
31855,21
91708,21
38870,21
17126,21
93312,21
81056,21
10813,21
57441,21
73712,21
24541,21
33945,21
20920,21
64445,21
38859,21
43021,21
33453,21
89008,21
6497,21
31831,21
50177,21
48741,21
37965,21
34411,21
85061,21
55611,21
38897,21
93390,21
31898,21
67322,21
69485,21
10784,21
11850,21
31308,21
64471,21
65155,21
35411,21
49448,21
8172,21
18711,21
82590,21
55633,21
28995,21
51281,21
83314,21
37956,21
91679,21
67358,21
91958,21
57231,21
97592,21
48867,21
21186,21
75279,21
11102,21
11106,21
41953,21
24458,21
35276,21
2008,21
60473,21
35313,21
72824,21
21369,21
72832,21
7300,21
63898,21
56882,21
63853,21
47451,21
21203,21
14904,21
60485,21
63897,21
38471,21
19138,21
47444,21
7263,21
92537,21
99640,21
21390,21
67614,21
41871,21
11062,21
11072,21
7190,21
74245,21
47353,21
88750,21
92132,21
74302,21
51040,21
34002,21
29412,21
7644,21
65769,21
78639,21
11317,21
92576,21
34286,21
56545,21
7631,21
75283,21
67626,21
67629,21
42284,21
33379,21
99636,21
29212,21
84208,21
63887,21
14870,21
56738,21
92277,21
42043,21
56746,21
16338,21
42045,21
88600,21
7429,21
31550,21
42089,21
7439,21
42088,21
11209,21
60542,21
7508,21
26627,21
29561,21
11176,21
11192,21
25788,21
11190,21
56791,21
50987,21
69802,21
42119,21
42198,21
78505,21
92451,21
92447,21
72848,21
92445,21
60505,21
80720,21
11247,21
21336,21
7553,21
56836,21
7551,21
38488,21
7358,21
63857,21
56687,21
69887,21
33387,21
69788,21
67731,21
42163,21
92394,21
97967,21
72866,21
56808,21
48875,21
41868,21
21432,21
24378,21
35360,21
56139,21
78234,21
75374,21
16970,21
98093,21
78235,21
10958,21
47283,21
31677,21
78746,21
19233,21
29259,21
11468,21
78254,21
60352,21
50905,21
16971,21
72755,21
38298,21
35258,21
35358,21
35261,21
69635,21
6975,21
69636,21
91997,21
2111,21
33415,21
31690,21
67491,21
74224,21
48809,21
60844,21
41686,21
21607,21
80890,21
57206,21
56106,21
70220,21
69621,21
10954,21
67831,21
7845,21
457,21
92918,21
7842,21
80868,21
57178,21
67534,21
75384,21
65808,21
88294,21
57167,21
29241,21
65458,21
10980,21
78733,21
16370,21
69665,21
92059,21
38348,21
42455,21
38358,21
26601,21
7099,21
92692,21
18983,21
16987,21
48210,21
48854,21
33365,21
75324,21
65777,21
88796,21
78359,21
26607,21
78363,21
7697,21
57031,21
51078,21
56462,21
60662,21
21437,21
78691,21
7743,21
63835,21
82668,21
57121,21
67580,21
57113,21
69640,21
97848,21
34342,21
64850,21
42517,21
67817,21
92756,21
83686,21
56291,21
35267,21
92038,21
14816,21
80558,21
7058,21
33710,21
33359,21
57100,21
88846,21
7752,21
67583,21
88378,21
85085,21
74640,21
69313,21
47688,21
97499,21
64755,21
26987,21
87355,21
82537,21
5591,21
87641,21
69361,21
61641,21
48282,21
51618,21
43489,21
68015,21
89202,21
35520,21
22230,21
22369,21
5935,21
73384,21
81293,21
5767,21
18362,21
94011,21
49372,21
51486,21
67133,21
70834,21
60038,21
87640,21
37688,21
43713,21
83891,21
70637,21
82540,21
8646,21
94303,21
44010,21
93775,21
87676,21
33170,21
22388,21
77608,21
91184,21
5444,21
70624,21
54716,21
10607,21
22103,21
5757,21
93742,21
69310,21
14551,21
94036,21
28657,21
57976,21
32049,21
97351,21
61376,21
57919,21
79000,21
22376,21
87344,21
99319,21
57711,21
73039,21
12403,21
37493,21
46956,21
5986,21
24981,21
32142,21
44018,21
40951,21
97357,21
97508,21
46862,21
61437,21
30060,21
39112,21
8463,21
12199,21
12166,21
99301,21
41118,21
89222,21
57791,21
97460,21
85237,21
22336,21
5801,21
93861,21
69241,21
8447,21
30033,21
33182,21
91371,21
81358,21
5568,21
80340,21
32120,21
12348,21
81421,21
20636,21
12356,21
34450,21
30047,21
85183,21
24116,21
93923,21
48984,21
64423,21
74702,21
14501,21
35597,21
89214,21
46928,21
41157,21
87615,21
24128,21
84646,21
35070,21
94254,21
79166,21
65644,21
75665,21
46936,21
16293,21
99760,21
43526,21
37492,21
22144,21
70831,21
72500,21
60029,21
12131,21
17242,21
8508,21
49741,21
43674,21
12154,21
18491,21
73011,21
55105,21
46840,21
75607,21
5797,21
55106,21
14623,21
87593,21
5535,21
8501,21
55116,21
18450,21
63575,21
75620,21
64008,21
28868,21
8351,21
41270,21
79127,21
18639,21
8697,21
78973,21
81199,21
15108,21
43790,21
28517,21
19493,21
14477,21
24642,21
85214,21
33163,21
60084,21
61698,21
20793,21
5388,21
10531,21
79146,21
55422,21
28642,21
6111,21
37791,21
64077,21
6017,21
63655,21
18640,21
77850,21
77795,21
11979,21
91305,21
99295,21
24571,21
15041,21
28513,21
38979,21
37513,21
22013,21
84253,21
48278,21
11943,21
49684,21
57879,21
55364,21
64768,21
22006,21
43297,21
79143,21
77839,21
94438,21
18406,21
61615,21
73857,21
94137,21
70566,21
67209,21
48635,21
63674,21
15780,21
44094,21
2624,21
38992,21
37409,21
2356,21
31258,21
54782,21
93563,21
14591,21
34024,21
81170,21
28522,21
22249,21
8521,21
77743,21
8379,21
5727,21
37525,21
49700,21
5423,21
2406,21
87408,21
14463,21
31224,21
65912,21
18428,21
91494,21
22404,21
75575,21
10489,21
37423,21
99266,21
19383,21
87325,21
57690,21
12234,21
54733,21
91486,21
31215,21
70781,21
81379,21
84851,21
28870,21
85140,21
77476,21
16865,21
80420,21
12247,21
94072,21
72534,21
34708,21
2379,21
51446,21
94152,21
30073,21
32238,21
51465,21
33234,21
48996,21
43848,21
35632,21
18318,21
2613,21
97541,21
12258,21
28869,21
18324,21
626,21
50810,21
34439,21
26489,21
70871,21
32012,21
39031,21
22057,21
6074,21
80318,21
19481,21
33177,20
35275,20
35986,20
34739,20
26086,20
82278,20
35346,20
98259,20
2517,20
16718,20
75652,20
35333,20
3241,20
52342,20
82283,20
27329,20
16720,20
50923,20
85309,20
65553,20
35662,20
35334,20
33630,20
50324,20
98333,20
64484,20
24479,20
96617,20
52351,20
14375,20
72533,20
72409,20
24474,20
2516,20
14387,20
14913,20
85497,20
2700,20
73036,20
97951,20
63134,20
47403,20
34788,20
33522,20
14902,20
51015,20
47692,20
72466,20
84087,20
98315,20
47440,20
73046,20
76152,20
75051,20
2656,20
27007,20
82489,20
46073,20
98009,20
1009,20
97260,20
14000,20
36000,20
97337,20
24947,20
23661,20
98765,20
75031,20
33407,20
63477,20
35287,20
36031,20
98301,20
3329,20
26125,20
75221,20
1625,20
72481,20
50261,20
15150,20
74730,20
2622,20
46787,20
32937,20
98993,20
27011,20
24876,20
16617,20
82491,20
98810,20
50089,20
26078,20
1208,20
98724,20
15392,20
24430,20
98294,20
34690,20
51650,20
50933,20
48382,20
97208,20
1906,20
97380,20
50260,20
72509,20
14840,20
26664,20
34839,20
33369,20
1097,20
50947,20
2546,20
2542,20
1892,20
14022,20
84898,20
2541,20
75194,20
23683,20
50669,20
1001,20
2054,20
72788,20
96597,20
84901,20
46854,20
84518,20
2707,20
52388,20
82272,20
75742,20
82266,20
24883,20
2588,20
84557,20
46083,20
14857,20
1606,20
63160,20
33375,20
50285,20
50294,20
24860,20
72819,20
51595,20
3275,20
72145,20
47373,20
97159,20
35609,20
75204,20
50302,20
98272,20
98679,20
27338,20
17251,20
24629,20
73094,20
64067,20
33341,20
63384,20
3024,20
33305,20
64284,20
26918,20
75462,20
35751,20
48277,20
51961,20
66088,20
24585,20
47152,20
33580,20
1037,20
15578,20
46967,20
97690,20
98391,20
63638,20
51277,20
46380,20
72956,20
33728,20
46974,20
35770,20
98393,20
75698,20
24239,20
82560,20
97535,20
96874,20
34924,20
33307,20
23807,20
85408,20
14991,20
83074,20
96837,20
50055,20
75447,20
34645,20
23802,20
85604,20
14291,20
84737,20
84125,20
96848,20
35388,20
82876,20
35740,20
33592,20
24898,20
97714,20
24137,20
33314,20
23810,20
2237,20
98204,20
63279,20
24714,20
51949,20
52163,20
34717,20
98483,20
15468,20
14178,20
83025,20
75107,20
83128,20
72969,20
14196,20
51413,20
65416,20
26508,20
85076,20
2321,20
64239,20
1742,20
2942,20
52039,20
50202,20
47823,20
33465,20
50496,20
1472,20
14233,20
50821,20
47594,20
14635,20
75526,20
84687,20
51386,20
14232,20
14625,20
84449,20
23883,20
46447,20
1748,20
85051,20
75479,20
75566,20
46403,20
75564,20
35204,20
46412,20
65905,20
33049,20
1755,20
75483,20
84124,20
26884,20
64482,20
84420,20
85111,20
33046,20
2281,20
15226,20
1512,20
51284,20
84430,20
46421,20
2894,20
15053,20
52088,20
72987,20
63991,20
50033,20
2211,20
73184,20
50414,20
47555,20
33498,20
35956,20
24324,20
82812,20
24322,20
47266,20
3161,20
96726,20
16734,20
97123,20
23945,20
85674,20
17218,20
16735,20
34865,20
98097,20
3149,20
75807,20
85193,20
48362,20
23745,20
97120,20
73206,20
17462,20
98103,20
98225,20
98224,20
83123,20
34786,20
51141,20
50256,20
96707,20
52305,20
52321,20
98636,20
35667,20
98338,20
73098,20
33339,20
51127,20
26949,20
63815,20
24688,20
14939,20
96658,20
98624,20
52298,20
33500,20
84351,20
82298,20
26722,20
72909,20
98092,20
51130,20
16681,20
24692,20
17313,20
3183,20
46647,20
97140,20
35361,20
84790,20
48165,20
85665,20
83018,20
26928,20
2184,20
51198,20
15315,20
51510,20
82966,20
84971,20
35380,20
97057,20
73005,20
46937,20
73003,20
98128,20
47190,20
52205,20
1385,20
84747,20
97052,20
24279,20
3086,20
14305,20
98546,20
24709,20
96821,20
98133,20
98134,20
98137,20
35888,20
51907,20
46293,20
14331,20
64042,20
50768,20
47989,20
3129,20
63437,20
50249,20
16743,20
50372,20
51164,20
85656,20
26564,20
15326,20
46272,20
33777,20
74660,20
51191,20
23768,20
34775,20
17100,20
33604,20
72712,20
72928,20
64206,20
35709,20
82800,20
83052,20
51182,20
74744,20
46290,20
66138,20
44633,20
36035,20
11139,20
60519,20
67730,20
42032,20
67728,20
11159,20
92274,20
56798,20
83719,20
42058,20
92305,20
92326,20
29548,20
38517,20
11202,20
29535,20
64877,20
7567,20
38420,20
21208,20
41847,20
80594,20
16030,20
60425,20
67795,20
69716,20
11056,20
332,20
49495,20
38636,20
73803,20
56924,20
88711,20
56869,20
99643,20
80701,20
56743,20
31558,20
21298,20
56632,20
67641,20
21368,20
56622,20
80727,20
78428,20
92517,20
60617,20
38442,20
78415,20
70001,20
38427,20
42334,20
92597,20
11323,20
69939,20
7306,20
29476,20
42172,20
92364,20
19071,20
60574,20
67667,20
88587,20
56695,20
19058,20
7323,20
78486,20
42180,20
19047,20
92452,20
69921,20
92460,20
60420,20
60409,20
69685,20
41610,20
20957,20
69551,20
19290,20
69555,20
31364,20
29812,20
41525,20
41536,20
8011,20
67844,20
57315,20
60263,20
29792,20
57296,20
41607,20
78831,20
91770,20
91769,20
10815,20
8189,20
60191,20
38890,20
48933,20
78854,20
57455,20
67884,20
20948,20
69506,20
67873,20
41458,20
80497,20
48926,20
80501,20
10888,20
38800,20
88822,20
48910,20
38742,20
19228,20
29736,20
92027,20
19221,20
60370,20
69646,20
31430,20
92057,20
19205,20
7736,20
7733,20
7729,20
321,20
88824,20
31412,20
7796,20
92012,20
38768,20
16041,20
57258,20
91936,20
34281,20
10922,20
91941,20
91951,20
41753,20
88899,20
7883,20
41689,20
10950,20
41741,20
7812,20
67620,20
31623,20
8197,20
80973,20
80982,20
88109,20
78118,20
21721,20
11667,20
99490,20
67444,20
34391,20
6626,20
49614,20
55837,20
55829,20
78089,20
38031,20
70358,20
60969,20
34387,20
78388,20
70286,20
93040,20
42802,20
11596,20
21671,20
29167,20
60907,20
16382,20
42826,20
11625,20
29154,20
55942,20
55927,20
88136,20
18819,20
6690,20
11734,20
81017,20
88032,20
67415,20
93337,20
49627,20
6419,20
93361,20
25282,20
29001,20
55638,20
87961,20
43111,20
43112,20
70435,20
37927,20
18703,20
77957,20
61179,20
43056,20
29020,20
49626,20
6498,20
34402,20
83845,20
55750,20
38011,20
83325,20
55728,20
93290,20
81057,20
76185,20
11774,20
6489,20
78023,20
37990,20
55692,20
38183,20
49591,20
67474,20
88342,20
31643,20
99552,20
60729,20
11422,20
426,20
31654,20
7065,20
70092,20
433,20
60744,20
56300,20
56285,20
92763,20
83772,20
92801,20
70067,20
38385,20
88436,20
78379,20
56518,20
78386,20
92615,20
92616,20
21427,20
65207,20
60660,20
21459,20
56477,20
92640,20
18995,20
38386,20
11364,20
56408,20
445,20
92806,20
70250,20
74323,20
92907,20
21588,20
38253,20
70208,20
88260,20
60824,20
70217,20
80895,20
42711,20
56060,20
64804,20
16377,20
88213,20
6802,20
42745,20
6877,20
92899,20
48814,20
56183,20
49554,20
42558,20
92833,20
25822,20
56191,20
11463,20
56166,20
83787,20
6915,20
11471,20
99514,20
11479,20
88312,20
31689,20
29903,20
38910,20
28963,20
58709,20
79603,20
49118,20
9322,20
90507,20
20227,20
39563,20
40321,20
68857,20
40323,20
40328,20
90535,20
99897,20
9271,20
9264,20
58608,20
65105,20
39573,20
79437,20
20203,20
30525,20
30911,20
68809,20
59510,20
90448,20
89707,20
20183,20
80036,20
90459,20
9369,20
89706,20
89705,20
90470,20
90477,20
58728,20
10150,20
40371,20
80072,20
19708,20
59659,20
83592,20
40513,20
9103,20
10266,20
80122,20
80125,20
89476,20
34055,20
108,20
68213,20
16109,20
73906,20
58403,20
90781,20
89520,20
80097,20
16118,20
68939,20
39501,20
9224,20
68927,20
74081,20
68934,20
89556,20
90669,20
40474,20
19682,20
16266,20
40467,20
10226,20
59648,20
30376,20
90440,20
39597,20
30533,20
19840,20
90125,20
16199,20
99975,20
25566,20
39925,20
39927,20
9680,20
39733,20
39965,20
89900,20
20008,20
9650,20
25560,20
25605,20
89876,20
9891,20
68568,20
9886,20
68501,20
9816,20
4,20
30801,20
16228,20
19896,20
39830,20
79906,20
9734,20
9777,20
39846,20
19951,20
9872,20
9737,20
19882,20
20040,20
58995,20
30536,20
30637,20
34145,20
68393,20
58863,20
59465,20
59473,20
20128,20
68374,20
99932,20
58837,20
68786,20
90373,20
39617,20
19771,20
68366,20
74054,20
58875,20
10015,20
40132,20
9973,20
30632,20
89861,20
49242,20
58962,20
9562,20
79735,20
68412,20
79714,20
68714,20
40104,20
59422,20
74044,20
59448,20
25549,20
64935,20
9050,20
69465,20
80307,20
10540,20
30079,20
59994,20
79099,20
89252,20
57825,20
68050,20
49401,20
20704,20
89237,20
8480,20
16296,20
91385,20
41111,20
79028,20
91322,20
91308,20
69010,20
57903,20
99818,20
8665,20
39157,20
57963,20
8645,20
99813,20
89286,20
74155,20
39152,20
64914,20
31151,20
99794,20
80301,20
91269,20
57906,20
34026,20
99762,20
89206,20
8433,20
57596,20
57589,20
89086,20
78937,20
67936,20
69438,20
91566,20
69440,20
69442,20
60163,20
8270,20
67927,20
8257,20
91584,20
31297,20
38961,20
91544,20
19393,20
8374,20
91451,20
30014,20
8414,20
57702,20
8396,20
99749,20
31225,20
67953,20
41223,20
39029,20
19406,20
29977,20
89123,20
57643,20
8674,20
20597,20
99820,20
79297,20
90876,20
90883,20
58262,20
40682,20
20460,20
90889,20
90897,20
58246,20
79326,20
138,20
59780,20
25684,20
73896,20
59791,20
79304,20
40674,20
34039,20
89435,20
9028,20
69013,20
20390,20
40591,20
19626,20
10297,20
59732,20
40601,20
8973,20
74118,20
30289,20
40628,20
10320,20
58320,20
8976,20
8870,20
69112,20
40931,20
68155,20
69161,20
99825,20
40894,20
39206,20
39200,20
8712,20
58015,20
30179,20
69171,20
68116,20
40912,20
58008,20
49034,20
69178,20
8687,20
40872,20
58071,20
64924,20
83628,20
25694,20
25477,20
90978,20
65143,20
10402,20
8813,20
91056,20
40867,20
20533,20
20540,20
89356,20
69136,20
49047,20
31105,20
31902,20
93292,20
74389,20
53543,20
36811,20
76918,20
36808,20
36805,20
4376,20
45033,20
45038,20
53509,20
45050,20
95501,20
66573,20
23018,20
4308,20
27936,20
13196,20
95439,20
71430,20
33878,20
73526,20
83218,20
4527,20
28035,20
32560,20
65327,20
44972,20
32568,20
36834,20
44987,20
81818,20
4416,20
71421,20
66622,20
73527,20
36819,20
48508,20
71507,20
17905,20
53437,20
13277,20
4176,20
76773,20
62492,20
65352,20
71612,20
53307,20
95675,20
76747,20
71619,20
76739,20
81949,20
45267,20
27826,20
4124,20
33841,20
66544,20
81918,20
81912,20
95570,20
62435,20
71537,20
53406,20
71542,20
13247,20
62458,20
71563,20
74553,20
62473,20
36684,20
95616,20
76803,20
95622,20
33857,20
44900,20
53659,20
95029,20
28243,20
94966,20
65293,20
62081,20
66785,20
12794,20
11862,20
53939,20
62092,20
62098,20
53930,20
4834,20
62106,20
86929,20
28190,20
87002,20
32420,20
77179,20
37146,20
61965,20
37165,20
32388,20
87043,20
44503,20
12717,20
62004,20
12750,20
62015,20
54027,20
12744,20
99208,20
62025,20
4901,20
28182,20
66732,20
53683,20
86902,20
77045,20
44762,20
36945,20
95182,20
86817,20
12955,20
53717,20
12963,20
28084,20
53703,20
86760,20
95255,20
44863,20
4581,20
18006,20
53801,20
77048,20
95124,20
743,20
77110,20
44670,20
86884,20
48549,20
95089,20
81716,20
53827,20
48544,20
44714,20
64668,20
77073,20
18066,20
34520,20
4722,20
76726,20
48482,20
71641,20
62955,20
3690,20
45679,20
65387,20
71914,20
886,20
27554,20
52743,20
62906,20
83167,20
76330,20
62915,20
76322,20
62930,20
23504,20
899,20
23427,20
33801,20
27578,20
45606,20
99049,20
62745,20
76465,20
23385,20
65384,20
45604,20
17683,20
45637,20
36348,20
52851,20
52848,20
13649,20
32822,20
52828,20
71975,20
99026,20
3808,20
99022,20
96386,20
82189,20
3418,20
52522,20
36107,20
85809,20
96437,20
3391,20
85799,20
17555,20
27413,20
45999,20
82216,20
26073,20
36048,20
36153,20
85869,20
96356,20
45875,20
3516,20
96310,20
45860,20
96313,20
45862,20
13854,20
45887,20
72039,20
49960,20
45905,20
72032,20
45915,20
52543,20
45922,20
866,20
52939,20
17839,20
45421,20
17799,20
45371,20
45372,20
62592,20
23221,20
4005,20
49904,20
16536,20
3997,20
36551,20
32724,20
53131,20
13441,20
66448,20
76617,20
23214,20
95783,20
62575,20
86428,20
23159,20
23161,20
66510,20
32679,20
76690,20
53250,20
13362,20
13383,20
62566,20
71684,20
36587,20
86395,20
76668,20
95761,20
86272,20
36521,20
99068,20
66434,20
86204,20
86194,20
3878,20
45482,20
13542,20
62689,20
27665,20
27664,20
71808,20
86177,20
64597,20
36427,20
45515,20
36426,20
52964,20
27677,20
66402,20
64602,20
84049,20
86255,20
16539,20
3946,20
53082,20
53078,20
95884,20
45441,20
76568,20
13516,20
86223,20
71794,20
3913,20
3911,20
23294,20
54090,20
86969,20
81419,20
37740,20
55087,20
5876,20
32107,20
5855,20
32115,20
34451,20
12184,20
43626,20
5827,20
37606,20
37598,20
54993,20
54957,20
18451,20
54921,20
87580,20
37635,20
70678,20
55162,20
93766,20
28779,20
37726,20
25902,20
93782,20
18533,20
77690,20
22163,20
12124,20
15841,20
81311,20
32086,20
67121,20
81322,20
61520,20
54907,20
94039,20
43928,20
37490,20
54654,20
61622,20
22332,20
54642,20
12357,20
32192,20
94188,20
43935,20
28572,20
43936,20
34484,20
28566,20
87377,20
94193,20
28586,20
12264,20
22289,20
94081,20
28629,20
87446,20
22274,20
77582,20
25913,20
28600,20
73626,20
70803,20
87407,20
18384,20
5593,20
77237,20
77562,20
87696,20
12042,20
54610,20
37744,20
49651,20
55514,20
61229,20
55501,20
11900,20
48684,20
48682,20
600,20
93539,20
21986,20
11929,20
55417,20
67254,20
87836,20
33924,20
81138,20
21937,20
93484,20
37909,20
99419,20
11865,20
18683,20
55606,20
18680,20
73692,20
93438,20
18672,20
37907,20
25271,20
70493,20
6310,20
70505,20
43176,20
87814,20
6152,20
87804,20
87722,20
87731,20
87728,20
55251,20
32033,20
77749,20
34440,20
67171,20
93678,20
43422,20
87710,20
64758,20
61360,20
93720,20
43443,20
55261,20
81235,20
34429,20
67192,20
61299,20
99329,20
93641,20
61320,20
55305,20
43361,20
93652,20
28811,20
81233,20
87758,20
67191,20
77778,20
16428,20
18590,20
28563,20
77479,20
81534,20
77453,20
61827,20
28461,20
48590,20
94555,20
22580,20
61798,20
44164,20
71040,20
94540,20
12502,20
83245,20
44334,20
12494,20
66941,20
44349,20
81489,20
32252,20
49804,20
44103,20
5379,20
81483,20
32346,20
87103,20
37404,20
87101,20
44183,20
54369,20
12528,20
94619,20
77360,20
61873,20
37275,20
18230,20
77362,20
70982,20
94676,20
81560,20
74477,20
44229,20
64686,20
5236,20
44323,20
44294,20
44223,20
66913,20
87141,20
70955,20
77319,20
22501,20
61898,20
94594,20
66884,20
61910,20
5383,20
48607,20
5395,20
12392,20
49808,20
61657,20
77248,20
54538,20
28305,20
12411,20
81458,20
54542,20
94360,20
54551,20
94842,20
22621,20
5476,20
81444,20
43985,20
37468,20
5011,20
12364,20
44448,20
54600,20
87063,20
77238,20
44398,20
37263,20
87070,20
12434,20
49763,20
18196,20
44358,20
717,20
54501,20
33879,20
44061,20
12662,20
87313,20
71080,20
61685,20
65386,19
33953,19
49436,19
73479,19
73966,19
48265,19
33698,19
34416,19
48252,19
48587,19
64689,19
65165,19
50112,19
48316,19
34401,19
73989,19
49928,19
48171,19
33885,19
49965,19
64469,19
48694,19
34423,19
25951,19
50127,19
49143,19
65229,19
64773,19
73364,19
64564,19
49142,19
65249,19
25867,19
49981,19
65399,19
48765,19
33884,19
49979,19
65455,19
49052,19
26221,19
50162,19
26232,19
73788,19
25677,19
73440,19
49033,19
34458,19
65190,19
33904,19
65182,19
49757,19
48517,19
25671,19
50232,19
34640,19
34217,19
49903,19
73403,19
65211,19
73874,19
49086,19
49506,19
34744,19
34549,19
33842,19
73777,19
49071,19
34535,19
64522,19
48619,19
33740,19
64533,19
26017,19
65193,19
49527,19
48516,19
49543,19
34345,19
48521,19
34291,19
25900,19
50098,19
48975,19
73737,19
48794,19
73808,19
34265,19
49425,19
26212,19
49827,19
49433,19
65099,19
49984,19
65015,19
48445,19
49110,19
64692,19
48125,19
33862,19
50047,19
48536,19
48825,19
50208,19
64706,19
64753,19
48164,19
48287,19
34187,19
26093,19
49397,19
64653,19
48983,19
25727,19
64887,19
25755,19
68482,19
64359,19
60668,19
29322,19
29339,19
38332,19
38337,19
38347,19
56398,19
56453,19
38392,19
56476,19
56273,19
70024,19
42370,19
67611,19
38408,19
29396,19
38424,19
42316,19
42306,19
56304,19
29306,19
56592,19
56161,19
42715,19
67493,19
70223,19
29225,19
38257,19
70192,19
56135,19
60770,19
38300,19
42526,19
29287,19
29292,19
42557,19
56239,19
56242,19
42548,19
42536,19
29302,19
42278,19
67634,19
70241,19
57028,19
67764,19
56957,19
41917,19
41910,19
60458,19
57003,19
69726,19
60441,19
31443,19
60484,19
57041,19
60396,19
41825,19
57096,19
60383,19
41790,19
41787,19
60369,19
69749,19
41993,19
29453,19
42073,19
60603,19
31599,19
56670,19
56690,19
31570,19
42143,19
42141,19
60573,19
60534,19
38578,19
29569,19
38537,19
60530,19
69793,19
42039,19
31511,19
42024,19
69771,19
42719,19
31739,19
28730,19
31937,19
61255,19
31950,19
28875,19
37868,19
55477,19
55487,19
70549,19
28890,19
28897,19
28862,19
61220,19
37889,19
67293,19
70498,19
37904,19
55577,19
28935,19
31916,19
67261,19
37839,19
43147,19
43419,19
43520,19
55161,19
55171,19
43469,19
32067,19
28794,19
70612,19
61345,19
55263,19
67228,19
43388,19
55284,19
70600,19
37795,19
61294,19
61291,19
37823,19
37830,19
70481,19
37910,19
38202,19
67451,19
38050,19
29095,19
61037,19
31800,19
29118,19
55872,19
55878,19
42854,19
70281,19
61053,19
60947,19
31775,19
31762,19
70267,19
55975,19
42775,19
60888,19
67476,19
55820,19
55818,19
28947,19
29023,19
70458,19
28975,19
31889,19
55649,19
37958,19
61139,19
61133,19
37988,19
43031,19
31818,19
61110,19
67386,19
67389,19
61101,19
29050,19
43002,19
38008,19
38013,19
57141,19
31399,19
29758,19
58652,19
68929,19
40374,19
30427,19
68314,19
40340,19
30452,19
59549,19
40320,19
68851,19
30402,19
40275,19
30488,19
30922,19
30504,19
68817,19
40232,19
30534,19
30538,19
39462,19
58509,19
68370,19
40550,19
59734,19
58391,19
40573,19
40571,19
59724,19
59722,19
31031,19
58412,19
58430,19
59635,19
58444,19
59709,19
39388,19
40496,19
58482,19
59689,19
31000,19
59651,19
68369,19
30546,19
57255,19
39766,19
39976,19
39942,19
59118,19
39917,19
59136,19
30702,19
68432,19
68545,19
39769,19
39983,19
30805,19
59209,19
59212,19
59295,19
30760,19
59236,19
59294,19
30787,19
68634,19
59046,19
30548,19
68406,19
30550,19
68781,19
40168,19
68383,19
30567,19
58870,19
58874,19
68746,19
30589,19
30831,19
30598,19
58914,19
58929,19
40077,19
68682,19
58972,19
30653,19
40003,19
59736,19
58367,19
58347,19
41179,19
57584,19
31244,19
57674,19
60082,19
60073,19
60048,19
67996,19
57708,19
41155,19
57537,19
60023,19
30030,19
57778,19
57780,19
69325,19
41109,19
57789,19
30057,19
69462,19
41354,19
30267,19
41534,19
41642,19
69605,19
57269,19
57276,19
41591,19
38812,19
38817,19
69587,19
38843,19
38901,19
67862,19
29859,19
38878,19
41397,19
65069,19
57509,19
57511,19
38896,19
57850,19
39119,19
39124,19
58205,19
58161,19
40771,19
31084,19
39262,19
58170,19
39271,19
58189,19
30232,19
39298,19
41016,19
31073,19
31067,19
40697,19
58249,19
30250,19
58274,19
31060,19
59755,19
59829,19
40800,19
59854,19
59855,19
40991,19
59972,19
68080,19
40976,19
40968,19
68082,19
57962,19
69199,19
68110,19
30168,19
59927,19
59913,19
59890,19
39209,19
39217,19
39231,19
30199,19
37662,19
55083,19
26241,19
51754,19
46767,19
65991,19
66005,19
33143,19
35657,19
66015,19
33137,19
27049,19
27066,19
51660,19
72414,19
72410,19
46677,19
46646,19
33117,19
51870,19
33104,19
63433,19
72483,19
51655,19
63413,19
35539,19
26886,19
46996,19
65907,19
51473,19
35505,19
26913,19
51481,19
72569,19
35571,19
63497,19
35576,19
63544,19
63539,19
26968,19
51597,19
35624,19
26993,19
35625,19
63420,19
72373,19
47016,19
36014,19
66203,19
35973,19
46130,19
52363,19
52375,19
52377,19
46075,19
46069,19
27361,19
52242,19
32939,19
46057,19
52436,19
52473,19
66255,19
27415,19
52514,19
36090,19
46240,19
52218,19
46518,19
35848,19
35789,19
51980,19
52017,19
46486,19
46483,19
35822,19
35826,19
46401,19
27214,19
72223,19
63291,19
33008,19
35875,19
46338,19
52182,19
52196,19
72240,19
72234,19
51430,19
26847,19
43588,19
73065,19
26370,19
73124,19
50595,19
50650,19
35004,19
26390,19
64190,19
35041,19
64174,19
26365,19
47707,19
26424,19
73057,19
26433,19
73034,19
64118,19
35112,19
33496,19
65609,19
50528,19
50772,19
47958,19
33651,19
33645,19
48043,19
73246,19
50330,19
26288,19
64336,19
33619,19
47954,19
50454,19
26306,19
50405,19
50419,19
47925,19
64304,19
34914,19
50443,19
50448,19
50760,19
33493,19
26839,19
51172,19
51069,19
26685,19
72786,19
51084,19
47308,19
72761,19
47302,19
47229,19
72681,19
72840,19
47186,19
47179,19
35408,19
35409,19
47131,19
63740,19
26827,19
35449,19
63852,19
65757,19
35148,19
65704,19
33479,19
50813,19
26504,19
63960,19
35211,19
47562,19
35212,19
65690,19
35248,19
72855,19
65709,19
47523,19
47521,19
47503,19
33420,19
26622,19
35293,19
63871,19
52517,19
36111,19
63030,19
54030,19
66767,19
37052,19
37060,19
44592,19
66797,19
66804,19
54007,19
44536,19
37139,19
37026,19
71104,19
54119,19
28314,19
66860,19
44389,19
32349,19
71066,19
61920,19
44632,19
62135,19
44327,19
28053,19
62356,19
62346,19
44966,19
53583,19
53584,19
62315,19
62305,19
44905,19
36886,19
62155,19
44834,19
71333,19
44792,19
44735,19
28136,19
36965,19
32489,19
62170,19
71055,19
71037,19
45949,19
28613,19
37472,19
67013,19
43943,19
70819,19
70814,19
67021,19
28607,19
37497,19
54768,19
32231,19
43804,19
32172,19
37556,19
37572,19
32138,19
54927,19
67096,19
55051,19
61644,19
37416,19
28365,19
54298,19
54247,19
71005,19
71003,19
66894,19
28401,19
28402,19
32323,19
54297,19
37317,19
44099,19
54383,19
61818,19
37358,19
28485,19
54439,19
44116,19
37387,19
54474,19
62358,19
53553,19
36815,19
36384,19
45676,19
27573,19
62843,19
36326,19
27590,19
36344,19
62790,19
71876,19
66368,19
45698,19
62733,19
45556,19
71838,19
62712,19
66388,19
52985,19
27658,19
71796,19
52766,19
62895,19
71464,19
27500,19
27445,19
45932,19
27456,19
63003,19
72025,19
27478,19
62996,19
52648,19
27501,19
52707,19
27503,19
52661,19
62951,19
27512,19
52662,19
52681,19
36228,19
52695,19
71791,19
62645,19
36493,19
62449,19
45230,19
62484,19
53375,19
66555,19
62479,19
71558,19
71553,19
62453,19
66562,19
71781,19
62433,19
27916,19
53447,19
45112,19
45082,19
45076,19
66586,19
62382,19
45233,19
36646,19
45246,19
53294,19
27703,19
45429,19
36495,19
71779,19
32742,19
27732,19
53141,19
27741,19
27752,19
45354,19
45348,19
36581,19
53192,19
53213,19
45308,19
45283,19
32670,19
1,19
49203,19
10256,19
85011,19
8758,19
21731,19
21725,19
21724,19
24424,19
8755,19
78123,19
87440,19
95194,19
97991,19
93617,19
99291,19
11694,19
92625,19
78164,19
21736,19
87457,19
78100,19
88075,19
87066,19
94779,19
4658,19
96720,19
89647,19
78079,19
15719,19
94093,19
86188,19
75296,19
96736,19
8766,19
1929,19
14748,19
24473,19
94758,19
75525,19
91087,19
21549,19
2038,19
21541,19
97895,19
97879,19
96188,19
2064,19
17836,19
99346,19
8718,19
78300,19
89491,19
89487,19
97856,19
19084,19
87424,19
24522,19
83945,19
93620,19
10199,19
99310,19
21618,19
14006,19
80724,19
2013,19
97932,19
88104,19
10229,19
92646,19
98792,19
15781,19
83950,19
12316,19
78040,19
21825,19
17914,19
80813,19
22041,19
77794,19
77815,19
24245,19
98147,19
84083,19
99190,19
737,19
12875,19
8842,19
84075,19
9998,19
11743,19
1790,19
90979,19
3923,19
77790,19
754,19
14851,19
96655,19
22131,19
15581,19
24203,19
89830,19
3208,19
77712,19
77751,19
7278,19
11766,19
762,19
3200,19
99178,19
24219,19
10005,19
17965,19
21970,19
77979,19
13966,19
93853,19
99237,19
11712,19
7907,19
82888,19
11709,19
13965,19
16801,19
95171,19
75343,19
89692,19
94107,19
87061,19
5669,19
75390,19
15617,19
7253,19
90991,19
21963,19
75436,19
96689,19
5896,19
94333,19
89780,19
7897,19
75419,19
87495,19
24304,19
18911,19
82569,19
24312,19
75106,19
14021,19
14673,19
96160,19
17733,19
11573,19
10513,19
24816,19
5162,19
11570,19
24828,19
78755,19
6973,19
4514,19
91321,19
466,19
14071,19
5163,19
74843,19
78721,19
6985,19
80527,19
2243,19
10456,19
21151,19
96850,19
89333,19
86356,19
78668,19
19241,19
96864,19
2244,19
15964,19
21127,19
4156,19
97676,19
21112,19
12936,19
17249,19
86406,19
20894,19
82072,19
80477,19
16692,19
2328,19
91353,19
11533,19
78872,19
4169,19
12952,19
89158,19
11527,19
16086,19
83610,19
16090,19
97622,19
91344,19
6501,19
74806,19
94682,19
20994,19
2300,19
24863,19
20980,19
3030,19
17710,19
8515,19
10557,19
96146,19
16031,19
74793,19
17705,19
19302,19
95315,19
2228,19
94367,19
2213,19
75067,19
566,19
2110,19
10329,19
15862,19
19134,19
21372,19
21370,19
7078,19
85087,19
80638,19
88145,19
16737,19
83866,19
21342,19
86857,19
5889,19
19122,19
15834,19
78330,19
80680,19
97840,19
5440,19
12903,19
19108,19
89463,19
93324,19
97834,19
19110,19
14628,19
24591,19
3887,19
78400,19
78474,19
2149,19
75027,19
7970,19
78597,19
78599,19
8615,19
78605,19
92753,19
503,19
83790,19
99455,19
2203,19
3659,19
4542,19
21194,19
19222,19
15938,19
78586,19
95296,19
4141,19
532,19
75004,19
78504,19
95282,19
7053,19
14581,19
74987,19
85683,19
523,19
4551,19
4550,19
21249,19
94392,19
2180,19
24707,19
9969,19
24196,19
85643,19
95006,19
9493,19
96458,19
22969,19
12118,19
76921,19
76059,19
86025,19
76933,19
22930,19
81301,19
15316,19
84681,19
23765,19
22902,19
9535,19
87626,19
98561,19
98562,19
81607,19
87024,19
90367,19
16999,19
15266,19
86009,19
86011,19
92239,19
81340,19
4966,19
23704,19
98898,19
90311,19
3380,19
7541,19
23773,19
98917,19
5048,19
22891,19
84707,19
77066,19
98448,19
6172,19
93575,19
18578,19
6262,19
90209,19
7435,19
81237,19
90206,19
86971,19
7427,19
7419,19
16952,19
18141,19
7765,19
9580,19
92301,19
95863,19
96487,19
22879,19
6254,19
87820,19
1434,19
77005,19
92327,19
92045,19
6258,19
17096,19
81262,19
98464,19
15033,19
92207,19
85996,19
76814,19
76784,19
96380,19
7670,19
98727,19
96381,19
17042,19
94907,19
81533,19
76570,19
84509,19
76591,19
85957,19
23262,19
12764,19
1239,19
9341,19
15110,19
12039,19
23341,19
1129,19
9257,19
23477,19
84563,19
9247,19
6192,19
23424,19
81486,19
92159,19
5556,19
7642,19
98761,19
18307,19
7640,19
9310,19
98693,19
13792,19
90476,19
1310,19
76692,19
82654,19
76730,19
23138,19
76182,19
76179,19
76758,19
18417,19
90640,19
94963,19
9413,19
9178,19
23105,19
76780,19
23165,19
7594,19
5925,19
3414,19
7601,19
84479,19
81420,19
13849,19
84477,19
90467,19
84475,19
84633,19
76228,19
98842,19
95860,19
84469,19
12105,19
4891,19
98436,19
6272,19
4797,19
77386,19
1660,19
87522,19
95750,19
98247,19
77517,19
18743,19
94139,19
96611,19
24083,19
7317,19
82582,19
99102,19
87520,19
95122,19
9868,19
82815,19
75661,19
93415,19
99063,19
9745,19
17135,19
90092,19
82591,19
11857,19
9757,19
84211,19
92433,19
91694,19
77416,19
84194,19
95100,19
24053,19
9776,19
77594,19
87988,19
81002,19
22153,19
99134,19
18835,19
13622,19
77671,19
77679,19
18837,19
22152,19
81766,19
77688,19
93374,19
86114,19
75534,19
92496,19
89846,19
22208,19
99130,19
13925,19
3224,19
77601,19
77605,19
795,19
24149,19
77609,19
6375,19
80988,19
24167,19
24157,19
3583,19
18021,19
18807,19
22215,19
8885,19
17134,19
9741,19
9620,19
1587,19
77216,19
84738,19
9656,19
16926,19
98997,19
86960,19
15385,19
81670,19
18118,19
1498,19
75861,19
22653,19
18115,19
1503,19
4998,19
87876,19
5605,19
81667,19
90786,19
81658,19
22729,19
98987,19
22722,19
90785,19
1482,19
9056,19
3950,19
1487,19
22701,19
75903,19
75902,19
9635,19
16936,19
98415,19
82608,19
23932,19
3942,19
8980,19
93472,19
84272,19
93465,19
86952,19
18092,19
12182,19
13659,19
18086,19
18691,19
86951,19
87903,19
81101,19
87907,19
15427,19
1556,19
9016,19
92018,19
90154,19
22597,19
99027,19
896,19
23957,19
96274,19
9010,19
98363,19
75775,19
5618,19
82784,19
90127,19
98366,19
96265,19
74734,19
84570,19
79339,19
20683,19
79899,19
97557,19
85535,19
17275,19
85379,19
85248,19
80071,19
88413,19
2927,19
97277,19
97134,19
74295,19
25420,19
94441,19
97429,19
19611,19
20317,19
17351,19
80073,19
79226,19
79678,19
19974,19
97282,19
83440,19
82236,19
20571,19
99707,19
19405,19
25479,19
83557,19
80297,19
85271,19
19723,19
19864,19
35,19
25344,19
82492,19
88618,19
8261,19
2494,19
91830,19
83141,19
95491,19
82203,19
87256,19
83053,19
314,19
94657,19
11117,19
86559,19
3768,19
6536,19
8018,19
85306,19
19385,19
6899,19
170,19
20298,19
80130,19
10920,19
133,19
14261,19
10711,19
6855,19
12614,19
93921,19
99863,19
82490,19
19617,19
88344,19
10767,19
20619,19
88354,19
93972,19
80396,19
74609,19
6031,19
96994,19
88393,19
80151,19
19692,19
12471,19
74127,19
6832,19
2420,19
94552,19
12597,19
93187,19
2433,19
99720,19
4403,19
74597,19
99941,19
74120,19
11138,19
19964,19
79434,19
97417,19
74600,19
10766,19
2729,19
17441,19
83335,19
8134,19
95630,19
88771,19
80377,19
14281,19
87181,19
12463,19
2507,19
99864,19
74632,19
2390,19
11436,19
19619,19
8203,19
2526,19
20116,19
6689,19
8143,19
2392,19
91787,19
3829,19
206,19
79209,19
86656,19
2449,19
80379,19
20088,19
93986,19
79473,19
95445,19
80156,19
82173,19
2368,19
99726,19
95461,19
88574,19
20246,19
82311,19
74507,19
6517,19
10677,19
155,19
85285,19
99758,19
13041,19
14460,19
12518,19
4327,19
16599,19
8153,19
83395,19
79368,19
95462,19
95471,19
91678,19
83599,19
8279,19
79625,19
79752,19
88289,19
91552,19
19360,19
95548,19
80246,19
88718,19
14241,19
92992,19
79317,19
96959,19
6635,19
83309,19
74187,19
82418,19
83213,19
97465,19
10660,19
97340,19
94410,19
88559,19
11006,19
87252,19
89013,19
91726,19
11419,19
91772,19
3001,19
25448,19
79597,19
10993,19
95619,19
99995,19
14122,19
20479,19
93002,19
14293,19
95540,19
97103,19
6789,19
93911,19
85417,19
25547,19
17572,19
14353,19
6837,19
83381,19
13227,19
6796,19
74695,19
20530,19
10700,19
74415,19
79628,19
19741,19
11506,19
97110,19
83298,19
74150,19
94598,19
99664,19
88371,19
79540,19
97009,19
16345,19
83426,19
20767,19
16289,19
16497,19
19654,19
99972,19
82458,19
88290,19
91735,19
95533,19
82122,19
80127,19
74676,19
95602,19
83216,19
20513,19
82118,19
10702,19
20296,19
32,19
20042,18
16565,18
87859,18
52437,18
54709,18
30649,18
37870,18
71087,18
16922,18
68654,18
92388,18
33933,18
65700,18
67266,18
61216,18
18621,18
77178,18
55132,18
83157,18
28313,18
28274,18
2678,18
31992,18
20064,18
92382,18
31023,18
31019,18
65395,18
77175,18
11075,18
68725,18
42138,18
51720,18
80132,18
30631,18
52434,18
30602,18
22708,18
56727,18
39989,18
96528,18
88475,18
11908,18
22726,18
71206,18
30639,18
67214,18
93486,18
77198,18
22636,18
81182,18
77242,18
6749,18
2661,18
43639,18
51725,18
1502,18
31961,18
3304,18
97601,18
64393,18
15403,18
70899,18
67363,18
16892,18
31864,18
31862,18
7349,18
53202,18
37938,18
46113,18
92437,18
87959,18
46519,18
22387,18
34722,18
43598,18
98289,18
37925,18
61177,18
15486,18
15472,18
81085,18
33486,18
61180,18
15484,18
38699,18
95518,18
55114,18
77417,18
77424,18
53475,18
47705,18
9769,18
9770,18
59247,18
22365,18
50729,18
65645,18
18751,18
3234,18
47646,18
9839,18
33513,18
97339,18
89998,18
87970,18
83133,18
11348,18
22298,18
77573,18
54749,18
67414,18
22311,18
5904,18
28553,18
50735,18
42199,18
83390,18
95516,18
53387,18
59251,18
90018,18
5853,18
53804,18
30494,18
94138,18
77531,18
98236,18
62784,18
42212,18
43543,18
68804,18
15471,18
80157,18
31936,18
95082,18
22583,18
13124,18
77301,18
1545,18
64414,18
19629,18
86076,18
59130,18
95527,18
52400,18
36904,18
50635,18
42151,18
43643,18
65406,18
30591,18
71072,18
7390,18
42147,18
56712,18
28336,18
9672,18
18653,18
59111,18
67288,18
12814,18
81159,18
43863,18
60440,18
62265,18
53393,18
28386,18
45333,18
65214,18
88784,18
95093,18
47729,18
42784,18
20159,18
55017,18
93447,18
9733,18
47724,18
79644,18
11025,18
70950,18
60404,18
62805,18
28438,18
28431,18
11883,18
79679,18
68767,18
3276,18
95522,18
9721,18
51954,18
79680,18
84263,18
81102,18
31908,18
37905,18
22523,18
42789,18
2621,18
67319,18
95762,18
42070,18
28189,18
7600,18
65302,18
76662,18
82702,18
11200,18
1262,18
23200,18
1263,18
11199,18
96413,18
98671,18
68431,18
71701,18
79916,18
37770,18
81390,18
93534,18
13788,18
4257,18
23206,18
60552,18
96393,18
84495,18
55449,18
55158,18
76638,18
53431,18
38508,18
32193,18
23224,18
55156,18
2845,18
2798,18
83219,18
37766,18
98683,18
71685,18
68328,18
58718,18
76775,18
13766,18
16538,18
23118,18
92199,18
2758,18
42866,18
4006,18
67073,18
50315,18
48006,18
95556,18
37787,18
58802,18
76802,18
12781,18
1326,18
68466,18
67061,18
79905,18
33872,18
15229,18
98658,18
3406,18
3401,18
13776,18
55468,18
4884,18
97131,18
65296,18
71648,18
98641,18
76700,18
98627,18
62071,18
62288,18
88605,18
79968,18
47854,18
76464,18
85936,18
87688,18
30877,18
94923,18
45150,18
32246,18
71872,18
94928,18
71835,18
90527,18
32239,18
90520,18
7637,18
76486,18
61366,18
64175,18
80010,18
16502,18
68355,18
81487,18
84568,18
81495,18
50205,18
50206,18
76361,18
41900,18
50209,18
18293,18
2824,18
50212,18
19762,18
51885,18
84556,18
58617,18
36198,18
90516,18
55882,18
56932,18
60569,18
81467,18
64185,18
93135,18
16500,18
30854,18
98714,18
98706,18
50273,18
76513,18
58696,18
23275,18
27698,18
23274,18
33834,18
71776,18
71773,18
9330,18
42890,18
98723,18
1211,18
92163,18
76521,18
27647,18
35032,18
56944,18
1201,18
23336,18
1203,18
98729,18
44547,18
66980,18
45394,18
23321,18
68409,18
36878,18
38543,18
71556,18
51795,18
84364,18
46708,18
11942,18
76999,18
88703,18
50457,18
81267,18
30694,18
55946,18
98466,18
18552,18
89990,18
28097,18
40057,18
98471,18
28103,18
90232,18
6709,18
68579,18
83283,18
98501,18
36275,18
18522,18
68564,18
96482,18
30984,18
62877,18
55509,18
13709,18
32073,18
28051,18
40080,18
88692,18
46704,18
9547,18
71364,18
97228,18
11111,18
2851,18
77094,18
84360,18
80102,18
4024,18
2685,18
13093,18
20021,18
33440,18
77095,18
90231,18
77100,18
83307,18
19665,18
64347,18
88731,18
68649,18
68651,18
44642,18
46033,18
46032,18
40039,18
9578,18
28119,18
40045,18
71299,18
52464,18
90221,18
22808,18
18565,18
67170,18
81255,18
95543,18
7472,18
22801,18
32038,18
68631,18
22905,18
68265,18
87810,18
18468,18
55480,18
46670,18
23029,18
76864,18
34936,18
92231,18
56835,18
33888,18
90272,18
42019,18
43227,18
40146,18
46567,18
53960,18
18470,18
90332,18
34938,18
47980,18
15271,18
53966,18
81370,18
71540,18
34951,18
61316,18
45981,18
86008,18
71528,18
95582,18
18461,18
17000,18
88663,18
1348,18
23049,18
53445,18
90359,18
79861,18
33817,18
45988,18
62891,18
82738,18
87797,18
65377,18
34906,18
58902,18
90286,18
15305,18
82742,18
58909,18
30725,18
76947,18
84373,18
36836,18
94994,18
36274,18
13717,18
4233,18
90324,18
40117,18
51782,18
98566,18
15285,18
7544,18
45157,18
12785,18
44595,18
9490,18
71461,18
88506,18
88681,18
27975,18
64285,18
79839,18
58888,18
70786,18
62754,18
30487,18
59793,18
2399,18
67766,18
46306,18
80616,18
15890,18
69877,18
86275,18
89082,18
47263,18
69271,18
16722,18
4554,18
83842,18
80612,18
78523,18
69857,18
59786,18
53564,18
15882,18
89074,18
29472,18
42653,18
89426,18
53678,18
97802,18
62626,18
43686,18
60941,18
60939,18
53674,18
31232,18
39305,18
42472,18
83857,18
86265,18
29539,18
65554,18
34171,18
83569,18
54851,18
89378,18
29595,18
36667,18
80413,18
88177,18
88179,18
55705,18
38176,18
16715,18
59856,18
88332,18
3060,18
19209,18
79083,18
69796,18
59836,18
12924,18
86510,18
97779,18
51173,18
44983,18
78551,18
86517,18
29567,18
83824,18
92745,18
20666,18
60777,18
31451,18
83061,18
38167,18
29578,18
80598,18
67752,18
42467,18
60892,18
78326,18
70089,18
59694,18
21496,18
34132,18
4616,18
59699,18
21486,18
82962,18
96778,18
5707,18
79214,18
20588,18
60965,18
20589,18
83911,18
43067,18
94079,18
89493,18
29323,18
52046,18
56447,18
97901,18
11433,18
45261,18
19446,18
2061,18
21521,18
52234,18
79231,18
86228,18
46940,18
96759,18
46268,18
4394,18
6439,18
64747,18
69192,18
70035,18
53696,18
39348,18
67723,18
60180,18
15851,18
88362,18
53549,18
19127,18
53691,18
20616,18
13500,18
43059,18
29457,18
2415,18
78441,18
33719,18
52215,18
19114,18
4595,18
34448,18
78364,18
89466,18
2441,18
70027,18
56402,18
78375,18
67998,18
47293,18
78385,18
83896,18
39360,18
7113,18
53699,18
29404,18
36707,18
56282,18
55080,18
80368,18
78963,18
83600,18
64893,18
62560,18
65511,18
86425,18
33675,18
16049,18
80500,18
94012,18
34275,18
10583,18
80499,18
96909,18
46370,18
69544,18
39083,18
97628,18
60847,18
89118,18
54877,18
4506,18
78802,18
29795,18
43742,18
89250,18
34293,18
20981,18
2994,18
88283,18
56172,18
39003,18
20804,18
36590,18
60095,18
96885,18
11539,18
43008,18
16051,18
95378,18
20837,18
39047,18
13328,18
31319,18
20841,18
16094,18
54891,18
89155,18
78911,18
47060,18
42603,18
29919,18
43727,18
12956,18
20858,18
78880,18
55747,18
83038,18
54894,18
67872,18
86435,18
43736,18
29862,18
94026,18
78844,18
67881,18
31304,18
92831,18
29945,18
80459,18
20908,18
65494,18
78940,18
34255,18
78988,18
83711,18
79082,18
51267,18
79025,18
39196,18
97562,18
10467,18
89331,18
6486,18
69351,18
96857,18
46402,18
93870,18
10486,18
92781,18
95663,18
92782,18
95419,18
65530,18
51247,18
89102,18
21156,18
31411,18
83056,18
13289,18
3056,18
86336,18
78624,18
64831,18
88191,18
47003,18
16128,18
34351,18
38962,18
51443,18
54862,18
55715,18
80549,18
89284,18
69358,18
21082,18
69616,18
15998,18
80511,18
2287,18
69379,18
34305,18
78774,18
88220,18
6499,18
21029,18
42560,18
46358,18
4508,18
69604,18
21017,18
69602,18
29764,18
19364,18
20744,18
29760,18
93994,18
86804,18
86370,18
39144,18
64973,18
2279,18
89277,18
83017,18
80436,18
60109,18
83725,18
21054,18
54919,18
94000,18
86388,18
33590,18
38884,18
31815,18
20316,18
68965,18
21999,18
79521,18
7260,18
68967,18
1788,18
68971,18
77852,18
2558,18
21978,18
56591,18
10908,18
98117,18
89810,18
54982,18
36755,18
59427,18
34624,18
68954,18
4692,18
46179,18
22055,18
1759,18
70599,18
77783,18
30393,18
47564,18
95493,18
39670,18
88916,18
46845,18
70575,18
98144,18
42273,18
77818,18
28895,18
97398,18
4097,18
56564,18
89771,18
1827,18
38351,18
79478,18
38349,18
13588,18
46868,18
59489,18
18912,18
46205,18
77930,18
77941,18
92568,18
42307,18
95724,18
21921,18
3177,18
56586,18
3180,18
95149,18
28899,18
59455,18
10023,18
30357,18
10024,18
68986,18
97401,18
70523,18
95156,18
2917,18
77897,18
39621,18
1822,18
64591,18
31737,18
22081,18
56551,18
79588,18
98202,18
13153,18
60674,18
80232,18
68879,18
70719,18
9918,18
83126,18
86127,18
38381,18
80977,18
28689,18
80968,18
18824,18
92490,18
22184,18
16313,18
28670,18
42939,18
4325,18
50771,18
89985,18
9854,18
70768,18
18768,18
30485,18
59318,18
15529,18
1699,18
86637,18
98209,18
88455,18
37970,18
86771,18
3227,18
89875,18
88874,18
13619,18
7287,18
62404,18
64531,18
22119,18
83118,18
33758,18
36914,18
47580,18
77713,18
18856,18
36766,18
6393,18
56030,18
22091,18
47573,18
80915,18
20273,18
19539,18
77662,18
38246,18
50824,18
89857,18
15561,18
30444,18
59381,18
65421,18
80240,18
11767,18
70658,18
45183,18
46827,18
70655,18
15574,18
70645,18
46506,18
11722,18
70465,18
59660,18
39485,18
89604,18
1959,18
29159,18
54803,18
19473,18
1963,18
46242,18
38079,18
44801,18
10177,18
86879,18
70258,18
53278,18
94088,18
80742,18
10180,18
31621,18
21701,18
56492,18
29143,18
53739,18
47426,18
86579,18
20443,18
38072,18
56495,18
56081,18
67617,18
10156,18
21710,18
80755,18
43799,18
36731,18
29140,18
42691,18
83963,18
70242,18
55662,18
97931,18
38327,18
89536,18
21570,18
67648,18
33730,18
3137,18
92652,18
39425,18
5699,18
39422,18
51514,18
36483,18
10798,18
43565,18
70156,18
67645,18
31589,18
78182,18
56464,18
59625,18
53728,18
83955,18
92937,18
51038,18
60211,18
89547,18
46460,18
89543,18
2002,18
20506,18
21596,18
7141,18
86214,18
31183,18
10152,18
80314,18
42312,18
84033,18
65443,18
16253,18
5672,18
6414,18
65096,18
92589,18
31666,18
34575,18
78106,18
10103,18
34570,18
44787,18
21842,18
78005,18
12883,18
33570,18
21866,18
79430,18
4673,18
19512,18
28956,18
7233,18
15647,18
68093,18
98088,18
15648,18
31143,18
89718,18
64603,18
38044,18
36751,18
31678,18
13187,18
38045,18
79433,18
69030,18
20402,18
39560,18
34545,18
70343,18
15725,18
88965,18
1923,18
80769,18
79385,18
89628,18
2486,18
69073,18
19487,18
50974,18
52036,18
95192,18
36452,18
4368,18
29087,18
79401,18
93358,18
97436,18
39555,18
34561,18
6835,18
21805,18
29048,18
15704,18
64633,18
47461,18
97433,18
39542,18
21783,18
21781,18
33738,18
95708,18
13562,18
34492,18
5838,18
35413,18
32910,18
25167,18
85288,18
27184,18
228,18
8079,18
99763,18
23853,18
74513,18
95868,18
15006,18
63095,18
85615,18
23857,18
506,18
91776,18
72322,18
94693,18
94317,18
91895,18
57694,18
17762,18
57398,18
99754,18
17566,18
27186,18
90972,18
23847,18
32734,18
3605,18
25958,18
14568,18
26788,18
25174,18
82526,18
17556,18
225,18
24715,18
35331,18
63096,18
36135,18
3521,18
74505,18
85297,18
85677,18
5392,18
66623,18
72307,18
84913,18
99470,18
746,18
37362,18
25954,18
12151,18
87576,18
58385,18
14416,18
81806,18
99738,18
74918,18
17304,18
94853,18
87083,18
17295,18
17588,18
63028,18
5487,18
61972,18
66285,18
17158,18
90798,18
90800,18
58376,18
48392,18
81797,18
24229,18
75864,18
40581,18
26015,18
63496,18
8848,18
55340,18
7871,18
24752,18
87271,18
26355,18
54487,18
4991,18
55249,18
17755,18
87370,18
48380,18
40762,18
41774,18
5235,18
57393,18
41577,18
27150,18
931,18
91479,18
85623,18
91477,18
72351,18
8635,18
57947,18
6169,18
9094,18
37338,18
50090,18
76046,18
58466,18
66598,18
93787,18
26730,18
14600,18
45753,18
66602,18
91025,18
32951,18
25266,18
92061,18
50086,18
8112,18
41806,18
75039,18
32715,18
57424,18
99225,18
57627,18
75998,18
17796,18
6115,18
26432,18
66210,18
41812,18
40831,18
17481,18
44109,18
41280,18
17084,18
94723,18
12117,18
85090,18
5518,18
18175,18
74393,18
73716,18
48719,18
23735,18
32377,18
3749,18
40820,18
61807,18
8299,18
74391,18
61802,18
36146,18
49032,18
3850,18
536,18
57954,18
57654,18
85112,18
57415,18
27232,18
41472,18
32403,18
25930,18
17112,18
66828,18
62011,18
24287,18
41789,18
43324,18
8345,18
8092,18
58423,18
73102,18
12144,18
17957,18
91508,18
43411,18
91506,18
985,18
25204,18
12730,18
25227,18
35181,18
7739,18
85322,18
25238,18
17941,18
8805,18
26755,18
187,18
25907,18
14806,18
17520,18
66043,18
91207,18
99445,18
96174,18
14588,18
25219,18
63460,18
8812,18
93571,18
27240,18
85320,18
17594,18
37375,18
26446,18
91849,18
464,18
24948,18
12207,18
96141,18
24059,18
12427,18
73342,18
72574,18
91363,18
87340,18
94407,18
63905,18
401,18
5184,18
65872,18
72572,18
84852,18
24933,18
74832,18
87524,18
99574,18
99569,18
460,18
81732,18
66394,18
75676,18
57170,18
57163,18
65855,18
94668,18
87099,18
366,18
14932,18
57345,18
26888,18
18052,18
63612,18
26278,18
96139,18
48456,18
85638,18
74710,18
85807,18
72580,18
55353,18
14926,18
49509,18
24834,18
7988,18
63884,18
24152,18
49503,18
40718,18
14491,18
53006,18
63893,18
17254,18
36099,18
43313,18
91337,18
74798,18
54580,18
41073,18
48490,18
14495,18
96143,18
85655,18
52785,18
99116,18
41068,18
26932,18
3688,18
61980,18
48833,18
58230,18
75602,18
84836,18
49902,18
36100,18
26247,18
12229,18
48465,18
7834,18
99074,18
57858,18
35929,18
66671,18
32520,18
8536,18
5180,18
18023,18
14490,18
14520,18
91350,18
90900,18
54125,18
75594,18
37582,18
99533,18
17700,18
94299,18
26923,18
14065,18
63555,18
17291,18
8991,18
8859,18
43390,18
48924,18
84749,18
49857,18
43320,18
52642,18
32763,18
40747,18
73452,18
35607,18
82607,18
9002,18
48421,18
33298,18
81687,18
57338,18
26320,18
96122,18
91827,18
66755,18
48917,18
49468,18
72401,18
18102,18
82159,18
75826,18
26342,18
75484,18
24221,18
35623,18
94808,18
3669,18
41684,18
91816,18
7981,18
52834,18
52833,18
72397,18
32761,18
73174,18
33300,18
49951,18
63503,18
40605,18
27102,18
49855,18
52697,18
26061,18
57895,18
91440,18
18063,18
14858,18
17637,18
41740,18
26111,18
41736,18
94659,18
72444,18
48437,18
8551,18
5203,18
43470,18
81771,18
33286,18
61692,18
26127,18
3559,18
17648,18
12439,18
99654,18
27025,18
40729,18
72470,18
85798,18
43375,18
24005,18
26878,18
63627,18
8442,18
91828,18
53067,18
8986,18
12179,18
18003,18
75747,18
776,18
33292,18
44400,18
37460,18
25028,18
94817,18
41565,18
82036,18
96125,18
87288,18
24795,18
90841,18
5015,18
91427,18
75744,18
73192,18
15058,18
44006,18
91176,18
7683,18
35820,18
12322,18
49257,18
74143,18
37698,18
99357,18
54201,18
90613,18
57535,18
25465,18
63732,18
92111,18
52579,18
5120,18
72833,18
82658,18
99929,18
26513,18
57030,18
48687,18
73866,18
72853,18
14737,18
41340,18
99940,18
76264,18
33073,18
81541,18
12593,18
25673,18
90607,18
12566,18
27461,18
18252,18
25676,18
5547,18
24442,18
3818,18
6014,18
25488,18
43937,18
63777,18
45570,18
87443,18
25688,18
62021,18
12286,18
54459,18
63180,18
87422,18
84636,18
94371,18
3479,18
65903,18
32624,18
74199,18
81585,18
32334,18
81587,18
82550,18
41645,18
66490,18
13982,18
63802,18
63804,18
91139,18
61888,18
35972,18
99271,18
85694,18
6124,18
64056,18
26497,18
8706,18
36165,18
18237,18
54200,18
44123,18
61887,18
64064,18
57471,18
23611,18
63131,18
40433,18
45416,18
49766,18
32326,18
74167,18
72813,18
12555,18
73845,18
66563,18
3771,18
48242,18
48608,18
98853,18
72034,18
1098,18
81917,18
99993,18
50175,18
35425,18
99303,18
55326,18
27520,18
647,18
44135,18
87434,18
73974,18
92122,18
54046,18
85036,18
8149,18
8726,18
44132,18
62028,18
54450,18
75131,18
90594,18
35084,18
32290,18
45563,18
27525,18
73908,18
75174,18
49194,18
99312,18
14700,18
92139,18
23474,18
35410,18
25571,18
74020,18
58575,18
63379,18
1133,18
52730,18
58053,18
41891,18
53042,18
50176,18
73983,18
74028,18
58044,18
32669,18
35991,18
36183,18
96195,18
63336,18
71978,18
72006,18
72940,18
66538,18
55407,18
81924,18
26539,18
5117,18
48200,18
4943,18
61865,18
32642,18
49686,18
26617,18
54205,18
94236,18
12085,18
99945,18
35813,18
73918,18
84588,18
41355,18
23535,18
23533,18
85448,18
14267,18
63392,18
26602,18
49157,18
49155,18
74068,18
91084,18
652,18
40892,18
15117,18
18268,18
72003,18
71982,18
15114,18
36011,18
12303,18
94350,18
74078,18
91697,18
93825,18
71999,18
3828,18
48495,18
8679,18
49783,18
115,18
41295,18
15065,18
87473,18
73799,18
76105,18
17083,18
73757,18
25817,18
6181,18
57284,18
74322,18
8282,18
26701,18
24622,18
63125,18
66480,18
33094,18
91563,18
85560,18
35141,18
66576,18
26469,18
72118,18
18185,18
48704,18
54556,18
41444,18
99401,18
25374,18
99852,18
26697,18
32353,18
81605,18
1045,18
76129,18
49081,18
25802,18
84650,18
682,18
85381,18
129,18
41827,18
81878,18
48270,18
58491,18
41299,18
76143,18
14782,18
3753,18
61826,18
45417,18
73766,18
87152,18
91571,18
3487,18
27358,18
41287,18
24360,18
23710,18
76177,18
90733,18
7942,18
93708,18
98,18
49310,18
82544,18
85880,18
49067,18
5129,18
49098,18
91562,18
44481,18
35967,18
91585,18
3751,18
9117,18
41314,18
559,18
83729,17
82948,17
14692,17
78744,17
39297,17
26294,17
92717,17
93655,17
82038,17
64708,17
73203,17
53594,17
85107,17
10366,17
31583,17
73022,17
49569,17
88112,17
12402,17
99506,17
21538,17
69930,17
99503,17
15993,17
19274,17
88099,17
21063,17
73215,17
35994,17
15991,17
2118,17
61651,17
17198,17
69931,17
72939,17
97664,17
60937,17
8519,17
67769,17
24804,17
82927,17
91869,17
78712,17
31385,17
40960,17
80636,17
21579,17
97788,17
83734,17
3882,17
16705,17
26305,17
80642,17
4521,17
14701,17
43771,17
51280,17
62198,17
62616,17
26229,17
45707,17
83730,17
47338,17
73041,17
29824,17
59957,17
21387,17
42411,17
14594,17
5718,17
62174,17
59954,17
97672,17
46305,17
91933,17
63617,17
83689,17
62578,17
62202,17
4577,17
26550,17
54530,17
11673,17
14017,17
78795,17
29272,17
17714,17
12313,17
6967,17
31490,17
26563,17
54821,17
37447,17
60848,17
89260,17
91908,17
80508,17
74828,17
67738,17
73260,17
47358,17
75137,17
62628,17
34421,17
4499,17
57848,17
29455,17
5168,17
94721,17
55727,17
24856,17
622,17
26244,17
46283,17
29456,17
47113,17
37207,17
56460,17
61656,17
21010,17
24643,17
78465,17
29778,17
29493,17
85180,17
2122,17
55667,17
465,17
31506,17
52236,17
97899,17
10234,17
73275,17
57289,17
63746,17
86248,17
29762,17
96791,17
39412,17
89243,17
10555,17
45486,17
51068,17
75043,17
82943,17
32673,17
10533,17
60940,17
80504,17
29277,17
12417,17
7134,17
11666,17
8540,17
97877,17
47348,17
8663,17
73240,17
78425,17
35472,17
14529,17
58039,17
19061,17
462,17
19179,17
2114,17
10493,17
62162,17
37496,17
97777,17
3074,17
21191,17
64756,17
78561,17
95240,17
54839,17
83788,17
19116,17
10281,17
26498,17
10284,17
17747,17
53291,17
78614,17
56410,17
78566,17
66425,17
73009,17
21253,17
3116,17
91903,17
78544,17
56303,17
55088,17
78315,17
2173,17
21183,17
13427,17
36535,17
39383,17
56416,17
56277,17
12928,17
82974,17
24601,17
24555,17
88175,17
48688,17
83924,17
33607,17
24757,17
42516,17
80677,17
93855,17
75102,17
34363,17
69815,17
83937,17
87076,17
92668,17
21225,17
57306,17
56395,17
63717,17
19180,17
47294,17
14036,17
24726,17
59839,17
44853,17
5155,17
70022,17
26378,17
54236,17
69805,17
2188,17
78392,17
97761,17
54850,17
81996,17
8621,17
10413,17
36502,17
74958,17
57282,17
97745,17
29371,17
51124,17
7098,17
60893,17
32690,17
85134,17
66446,17
31433,17
61638,17
2097,17
24577,17
14574,17
38164,17
67714,17
94050,17
78398,17
95297,17
29408,17
63185,17
4594,17
19086,17
82027,17
33185,17
33612,17
89324,17
21395,17
31510,17
66404,17
67775,17
95684,17
36595,17
53660,17
29686,17
46265,17
48783,17
11613,17
7121,17
31403,17
21513,17
14020,17
7921,17
70101,17
38111,17
93299,17
63190,17
11631,17
69689,17
53039,17
47155,17
96758,17
85046,17
65957,17
54269,17
17791,17
43079,17
26411,17
17244,17
3674,17
44325,17
478,17
26534,17
61617,17
56443,17
89379,17
59922,17
86839,17
610,17
36568,17
34336,17
78416,17
49599,17
78414,17
29531,17
8715,17
31516,17
49610,17
82543,17
46275,17
47225,17
78648,17
95941,17
89395,17
91282,17
80551,17
95934,17
59882,17
35507,17
95312,17
74911,17
33646,17
70074,17
10446,17
6483,17
21177,17
26449,17
59813,17
53637,17
57270,17
10259,17
17787,17
32705,17
47226,17
29678,17
4155,17
5703,17
95292,17
44299,17
481,17
67732,17
36565,17
19235,17
81958,17
78303,17
14550,17
64730,17
37465,17
38113,17
29329,17
99393,17
93651,17
29665,17
91877,17
78213,17
47097,17
2643,17
80162,17
13138,17
73795,17
5271,17
14309,17
93714,17
20111,17
110,17
11342,17
13130,17
2645,17
11335,17
82325,17
86668,17
41435,17
74241,17
68774,17
99860,17
74291,17
68790,17
2895,17
68173,17
45520,17
20172,17
38698,17
79642,17
62262,17
25808,17
44191,17
49332,17
68181,17
74306,17
19607,17
74293,17
97312,17
33093,17
2887,17
20095,17
20072,17
68690,17
68687,17
83159,17
74200,17
5279,17
85409,17
79740,17
5282,17
73830,17
31012,17
79742,17
80111,17
8236,17
52955,17
55025,17
91598,17
82353,17
80141,17
14299,17
65234,17
88762,17
30590,17
20090,17
25403,17
96067,17
43600,17
57457,17
30600,17
25416,17
80133,17
4304,17
36812,17
82348,17
33948,17
5267,17
94462,17
89217,17
46829,17
12512,17
42746,17
35858,17
93706,17
97368,17
97364,17
19542,17
68909,17
79621,17
66226,17
46828,17
14145,17
49049,17
34027,17
51619,17
42750,17
163,17
8308,17
68928,17
35687,17
43662,17
88414,17
2907,17
8333,17
62413,17
25242,17
11387,17
54355,17
25894,17
38772,17
83433,17
2557,17
92991,17
62249,17
30405,17
88884,17
68895,17
8302,17
80212,17
65179,17
88842,17
41282,17
88834,17
85571,17
46805,17
25833,17
11014,17
79609,17
74333,17
68825,17
51651,17
43651,17
62387,17
49070,17
20222,17
57592,17
82264,17
6579,17
80234,17
49056,17
87147,17
30453,17
49061,17
86633,17
17495,17
93005,17
16310,17
73720,17
79590,17
73727,17
19567,17
74379,17
65174,17
83164,17
73837,17
41423,17
8184,17
55895,17
63334,17
2783,17
60541,17
49243,17
11198,17
25531,17
60549,17
4294,17
82428,17
79945,17
74049,17
45137,17
94530,17
46620,17
94526,17
16535,17
85460,17
55901,17
14266,17
99949,17
46574,17
55908,17
2755,17
80075,17
19913,17
46656,17
2760,17
86724,17
19712,17
2770,17
99951,17
19713,17
25528,17
30796,17
80046,17
38506,17
57486,17
30867,17
60604,17
80000,17
57497,17
88543,17
97100,17
91696,17
97087,17
97070,17
74019,17
30888,17
6011,17
19765,17
85510,17
33051,17
42900,17
44137,17
60605,17
19743,17
51879,17
86738,17
91665,17
88534,17
65353,17
63349,17
91677,17
66093,17
19817,17
73979,17
62297,17
82413,17
11224,17
25607,17
83203,17
57500,17
66124,17
54454,17
63401,17
60649,17
93723,17
61885,17
20006,17
38416,17
6018,17
20000,17
55030,17
8141,17
38418,17
30681,17
93074,17
14181,17
16432,17
30687,17
45115,17
91627,17
99904,17
11121,17
95539,17
8230,17
13099,17
97251,17
5820,17
45106,17
68242,17
68660,17
66171,17
37303,17
74174,17
99903,17
25726,17
46537,17
4292,17
74168,17
17412,17
16435,17
83181,17
74125,17
88683,17
97212,17
25487,17
11140,17
62282,17
88680,17
95992,17
68508,17
74111,17
12592,17
97166,17
68287,17
6685,17
51917,17
38547,17
88685,17
91636,17
83170,17
60498,17
51750,17
51942,17
4229,17
42835,17
65270,17
45165,17
88481,17
33906,17
43625,17
57532,17
65273,17
66070,17
38583,17
68263,17
68558,17
44096,17
99812,17
56041,17
60112,17
20769,17
61915,17
31279,17
35588,17
19369,17
93671,17
65485,17
92876,17
80405,17
6534,17
95641,17
51414,17
65988,17
74678,17
16122,17
64984,17
4446,17
44255,17
43471,17
38993,17
69414,17
8008,17
54903,17
78962,17
91386,17
33694,17
34221,17
39006,17
32830,17
82112,17
48883,17
87321,17
66340,17
57770,17
89114,17
60128,17
97567,17
2371,17
94649,17
33708,17
20692,17
30064,17
74645,17
79107,17
83559,17
53571,17
56140,17
30077,17
73455,17
93684,17
46427,17
55759,17
44241,17
60151,17
6896,17
5992,17
95420,17
46420,17
38968,17
64986,17
37399,17
43387,17
16657,17
51439,17
85635,17
10710,17
8441,17
47004,17
57753,17
70195,17
60134,17
6898,17
83055,17
61928,17
19348,17
38251,17
44057,17
20924,17
19316,17
39071,17
19318,17
24910,17
74767,17
86814,17
67885,17
48848,17
83640,17
20911,17
42589,17
29882,17
16066,17
16691,17
61664,17
34267,17
24922,17
10595,17
31348,17
88246,17
57814,17
10586,17
29841,17
85653,17
94034,17
430,17
20940,17
6953,17
69529,17
20936,17
3692,17
41077,17
51335,17
41547,17
78876,17
78952,17
57353,17
12657,17
95949,17
35918,17
10664,17
13325,17
46386,17
57786,17
39026,17
99595,17
53000,17
12960,17
92844,17
56177,17
64947,17
24968,17
24944,17
69456,17
64925,17
14087,17
43477,17
43580,17
44957,17
10637,17
97604,17
51355,17
57794,17
69478,17
67892,17
49525,17
87327,17
78897,17
5750,17
20870,17
2333,17
12466,17
65462,17
83435,17
54963,17
97457,17
73574,17
31164,17
92941,17
48986,17
82197,17
42699,17
4363,17
92885,17
10866,17
2492,17
53505,17
36740,17
19491,17
48990,17
38830,17
30268,17
88976,17
226,17
20433,17
16210,17
32911,17
16211,17
73542,17
31176,17
8077,17
79330,17
86575,17
51533,17
10837,17
74509,17
53516,17
13206,17
30262,17
35878,17
30294,17
54967,17
80302,17
25196,17
30331,17
36753,17
44095,17
79470,17
83449,17
49390,17
20345,17
49389,17
74465,17
2528,17
10900,17
30358,17
35677,17
49384,17
74457,17
52852,17
65109,17
74497,17
57662,17
25179,17
68073,17
80290,17
25182,17
65094,17
45191,17
85318,17
60259,17
12622,17
36745,17
83464,17
88954,17
94433,17
91519,17
74479,17
96957,17
93978,17
33732,17
35622,17
57728,17
41509,17
2958,17
10750,17
97521,17
79184,17
30140,17
99716,17
30145,17
5995,17
63250,17
94638,17
38912,17
63256,17
52056,17
86547,17
16169,17
19437,17
12980,17
54933,17
6543,17
48931,17
62469,17
54940,17
19413,17
46434,17
86534,17
63248,17
26057,17
36695,17
53560,17
69231,17
60763,17
83543,17
257,17
34134,17
43676,17
68026,17
91784,17
51515,17
10803,17
31188,17
16192,17
12485,17
37237,17
69124,17
20520,17
2470,17
35646,17
80348,17
62241,17
20502,17
11427,17
83087,17
83081,17
10770,17
48964,17
256,17
33724,17
42668,17
10773,17
89049,17
19441,17
95957,17
80378,17
25118,17
49430,17
92930,17
53540,17
60741,17
69152,17
79252,17
26092,17
64356,17
75160,17
72338,17
71174,17
98430,17
22713,17
15004,17
22709,17
85852,17
5911,17
28241,17
22688,17
67205,17
938,17
4791,17
22698,17
935,17
90174,17
71151,17
18604,17
940,17
27164,17
4794,17
34852,17
82760,17
81227,17
44647,17
54103,17
32002,17
52634,17
15362,17
2,17
7406,17
1480,17
71196,17
9059,17
62849,17
84336,17
81194,17
53180,17
32011,17
54594,17
13679,17
56723,17
22646,17
63031,17
23915,17
75851,17
59073,17
53864,17
46064,17
92022,17
61486,17
3294,17
87566,17
67263,17
42139,17
28316,17
71099,17
86057,17
4770,17
65832,17
50556,17
72357,17
50557,17
39974,17
22667,17
96539,17
28276,17
85838,17
13682,17
46071,17
28286,17
13895,17
67248,17
81181,17
99000,17
6266,17
72313,17
6292,17
90223,17
50479,17
4023,17
50481,17
77041,17
46025,17
28117,17
44460,17
57108,17
87588,17
86987,17
32046,17
77047,17
84703,17
43203,17
37840,17
75949,17
71314,17
98932,17
75975,17
98482,17
50456,17
77001,17
32059,17
9086,17
17090,17
84692,17
43883,17
64330,17
92324,17
23805,17
50462,17
61266,17
28096,17
56784,17
72254,17
23833,17
46029,17
55525,17
27189,17
15013,17
37848,17
84355,17
22772,17
16958,17
9605,17
33309,17
15339,17
71281,17
40011,17
3314,17
58406,17
33444,17
9612,17
62857,17
40561,17
75933,17
63963,17
77085,17
36136,17
61262,17
48351,17
75939,17
58418,17
87030,17
40549,17
71267,17
13883,17
6260,17
28153,17
28154,17
71259,17
75934,17
67179,17
94182,17
94852,17
84313,17
85861,17
28503,17
90069,17
1622,17
61985,17
98299,17
9771,17
14922,17
95756,17
39839,17
43149,17
57177,17
26990,17
70898,17
90058,17
66684,17
31861,17
24061,17
94145,17
53820,17
7827,17
12198,17
3936,17
27016,17
3933,17
1593,17
98320,17
39861,17
9760,17
48449,17
27008,17
72489,17
92421,17
94831,17
32500,17
1609,17
15487,17
11844,17
90049,17
24027,17
22352,17
13916,17
24076,17
92456,17
98249,17
99087,17
72528,17
93407,17
65649,17
24062,17
72529,17
48472,17
50738,17
22341,17
16875,17
26959,17
85813,17
77501,17
31844,17
91992,17
47675,17
77465,17
70870,17
90044,17
28530,17
31851,17
98265,17
1651,17
36357,17
93581,17
59244,17
22391,17
72508,17
66679,17
18048,17
55604,17
39864,17
70942,17
22619,17
887,17
35237,17
9694,17
27072,17
5503,17
1554,17
67299,17
48425,17
71014,17
87038,17
87557,17
50639,17
77323,17
53840,17
18676,17
9711,17
67301,17
27081,17
44689,17
66765,17
28353,17
1514,17
71076,17
54717,17
67277,17
66769,17
7785,17
40607,17
47790,17
1529,17
46082,17
86956,17
37619,17
92019,17
9013,17
32454,17
44698,17
81127,17
64453,17
4746,17
70958,17
32480,17
67323,17
13646,17
81708,17
57156,17
87546,17
14940,17
14960,17
37604,17
32491,17
95760,17
64446,17
13908,17
84215,17
22488,17
40649,17
12188,17
75727,17
22512,17
14957,17
46090,17
52392,17
22543,17
50657,17
61200,17
84268,17
72435,17
15444,17
67314,17
36336,17
93809,17
22518,17
52380,17
77372,17
40527,17
15325,17
18748,17
52578,17
50298,17
4945,17
76643,17
61339,17
23222,17
23578,17
56918,17
4002,17
12099,17
84601,17
40420,17
72057,17
48226,17
23204,17
76234,17
76231,17
23570,17
27448,17
45385,17
58549,17
1093,17
9338,17
41872,17
76607,17
15190,17
84497,17
48080,17
27455,17
36219,17
18354,17
48220,17
27453,17
7605,17
45951,17
33378,17
71716,17
6183,17
23271,17
85983,17
90444,17
85979,17
65752,17
37687,17
71651,17
92088,17
58782,17
48026,17
81401,17
76713,17
18423,17
9389,17
90433,17
9191,17
67070,17
71618,17
27800,17
76209,17
7700,17
62993,17
23600,17
94956,17
23606,17
76667,17
18238,17
81399,17
50311,17
71697,17
18401,17
71695,17
82706,17
98663,17
9384,17
86992,17
64060,17
76597,17
98830,17
9404,17
18281,17
76415,17
3983,17
43922,17
76421,17
41911,17
71953,17
61374,17
23399,17
23506,17
37106,17
18308,17
85939,17
48134,17
45927,17
33347,17
66965,17
87011,17
35061,17
62033,17
7651,17
9255,17
76346,17
76357,17
23472,17
13827,17
33361,17
82677,17
37112,17
71906,17
35066,17
23443,17
48156,17
58606,17
55159,17
5555,17
66968,17
4918,17
58557,17
27671,17
64117,17
23330,17
43929,17
12747,17
55408,17
76281,17
95855,17
71801,17
40318,17
1108,17
53129,17
76560,17
23296,17
94941,17
98705,17
32213,17
9236,17
92167,17
58675,17
87703,17
15156,17
27625,17
96347,17
71848,17
98745,17
12043,17
35038,17
23514,17
40306,17
61396,17
23519,17
40384,17
48114,17
66972,17
76308,17
34970,17
48015,17
81271,17
76922,17
84386,17
54682,17
76911,17
94981,17
32372,17
53952,17
27993,17
22960,17
62013,17
98549,17
64298,17
36266,17
63997,17
76925,17
81336,17
42038,17
44477,17
23725,17
81617,17
53957,17
76897,17
47971,17
72173,17
35159,17
81615,17
92254,17
67103,17
35162,17
37077,17
5916,17
12738,17
18481,17
4970,17
98560,17
16988,17
98539,17
87798,17
32364,17
71368,17
23772,17
40088,17
87619,17
98506,17
18534,17
96301,17
71370,17
52612,17
27290,17
5946,17
95009,17
82748,17
82750,17
65812,17
13877,17
4822,17
76008,17
1418,17
32386,17
76018,17
27289,17
76052,17
76051,17
76938,17
18506,17
11957,17
23751,17
18173,17
67132,17
53940,17
87029,17
18171,17
96312,17
81294,17
65730,17
81609,17
40140,17
27838,17
40192,17
13764,17
58807,17
76801,17
72117,17
76806,17
76168,17
61421,17
92087,17
92080,17
67078,17
64255,17
54069,17
85998,17
58820,17
76819,17
76823,17
94969,17
90401,17
76172,17
76175,17
11998,17
33401,17
36162,17
96438,17
52600,17
56871,17
64044,17
13861,17
64245,17
4877,17
32340,17
23635,17
18204,17
94967,17
53981,17
61422,17
56861,17
27950,17
4013,17
90691,17
9457,17
87774,17
86991,17
9461,17
42008,17
67095,17
66865,17
64040,17
90719,17
90720,17
9471,17
9476,17
76882,17
72165,17
23707,17
32125,17
61424,17
66867,17
37679,17
76151,17
86002,17
94971,17
45982,17
90385,17
76837,17
56858,17
15075,17
18199,17
92217,17
98579,17
65748,17
90680,17
84645,17
71519,17
37954,17
87560,17
4719,17
63779,17
77821,17
72637,17
59424,17
1920,17
88028,17
26811,17
70579,17
40765,17
29089,17
29091,17
92605,17
18885,17
54555,17
7174,17
75270,17
49762,17
99181,17
50975,17
89822,17
67606,17
89823,17
5486,17
22045,17
84091,17
77788,17
46181,17
6397,17
43556,17
80902,17
40846,17
47556,17
18981,17
21769,17
94097,17
10127,17
28874,17
54198,17
67598,17
86133,17
80878,17
77853,17
87503,17
39655,17
1797,17
50864,17
13551,17
89817,17
6402,17
7880,17
39534,17
21996,17
29080,17
32573,17
36059,17
50861,17
22004,17
94095,17
4651,17
61087,17
57218,17
96723,17
95186,17
7273,17
61031,17
52718,17
22116,17
72845,17
17996,17
77702,17
92505,17
37999,17
61957,17
52696,17
7866,17
5649,17
84979,17
24427,17
14859,17
24429,17
14849,17
84113,17
18000,17
8872,17
43319,17
8876,17
62667,17
80936,17
26629,17
11780,17
75223,17
84118,17
18010,17
40734,17
18850,17
58092,17
18874,17
39685,17
58185,17
18870,17
14846,17
22076,17
39516,17
26829,17
44754,17
59566,17
34529,17
64537,17
84975,17
18998,17
36393,17
13609,17
5653,17
36453,17
99281,17
82567,17
36070,17
82858,17
98176,17
59411,17
48534,17
75253,17
1937,17
62747,17
59577,17
86201,17
86134,17
62153,17
37560,17
29008,17
58103,17
87494,17
72732,17
55635,17
48572,17
84032,17
91944,17
70411,17
75400,17
50932,17
98061,17
17168,17
53762,17
63122,17
31686,17
24306,17
33568,17
39569,17
1891,17
77915,17
16809,17
92553,17
24362,17
95921,17
56534,17
16813,17
34600,17
88053,17
12272,17
24355,17
77899,17
34578,17
45742,17
77974,17
52712,17
8781,17
10076,17
62707,17
45744,17
5471,17
95158,17
67576,17
8787,17
82886,17
65895,17
75368,17
72735,17
77955,17
70451,17
47491,17
38043,17
75380,17
35351,17
91035,17
98064,17
7216,17
93609,17
21894,17
5673,17
36044,17
37170,17
91017,17
70553,17
95173,17
50881,17
1814,17
96719,17
28900,17
78044,17
40837,17
17955,17
47465,17
723,17
72789,17
77871,17
43092,17
48563,17
29054,17
18905,17
75313,17
7194,17
65620,17
26677,17
77865,17
53753,17
72793,17
36028,17
3604,17
11732,17
5067,17
679,17
84004,17
38062,17
89652,17
8809,17
29029,17
96214,17
57233,17
77886,17
78012,17
26690,17
5676,17
3181,17
21828,17
31657,17
70517,17
52291,17
28915,17
38034,17
33233,17
13572,17
50941,17
80808,17
34562,17
57232,17
24289,17
38059,17
61038,17
13591,17
40790,17
24369,17
57230,17
87498,17
13574,17
48511,17
98166,17
17171,17
40725,17
29217,17
84134,17
29173,17
59634,17
14002,17
44746,17
7309,17
59632,17
36475,17
1977,17
21680,17
72562,17
78175,17
12866,17
9927,17
26599,17
8746,17
53799,17
96636,17
78203,17
24129,17
47396,17
70707,17
21611,17
54752,17
70701,17
15130,17
16844,17
29222,17
45296,17
91091,17
89883,17
47402,17
28625,17
55184,17
37014,17
61597,17
70706,17
87993,17
37015,17
75601,17
31771,17
15771,17
18816,17
9920,17
78178,17
67638,17
80740,17
22250,17
32657,17
26906,17
40717,17
53222,17
98206,17
41639,17
19036,17
56631,17
86927,17
9892,17
70231,17
15533,17
78189,17
88000,17
1704,17
42231,17
50794,17
9885,17
9915,17
56634,17
75567,17
8900,17
43085,17
7159,17
70246,17
5036,17
22263,17
67429,17
28686,17
49878,17
22209,17
61541,17
17863,17
47379,17
9916,17
78196,17
87989,17
22213,17
39759,17
70717,17
70776,17
64516,17
19009,17
41693,17
96619,17
78135,17
93800,17
77663,17
1737,17
84153,17
13922,17
64497,17
70686,17
77575,17
43564,17
62763,17
1735,17
72557,17
14891,17
21600,17
26621,17
31620,17
32523,17
39709,17
40701,17
77668,17
29141,17
46125,17
42206,17
28581,17
32638,17
15565,17
87967,17
98235,17
75546,17
77678,17
75549,17
70679,17
8911,17
85023,17
94084,17
826,17
58208,17
34517,17
89568,17
7314,17
22290,17
54802,17
81022,17
806,17
10167,17
13939,17
2005,17
31618,17
4118,17
3220,17
70689,17
77659,17
91982,17
72905,17
34699,17
70692,17
18945,16
93197,16
80654,16
18187,16
53392,16
61837,16
4123,16
32976,16
51972,16
18276,16
17461,16
87765,16
45979,16
45912,16
66961,16
82678,16
43230,16
80806,16
83206,16
81502,16
17007,16
12784,16
31054,16
52563,16
61579,16
17006,16
18463,16
66962,16
83156,16
93195,16
96349,16
31591,16
87399,16
68363,16
37110,16
12529,16
17846,16
32269,16
19037,16
55055,16
55437,16
33351,16
87771,16
12115,16
88134,16
37718,16
17453,16
80033,16
30909,16
32277,16
33780,16
31045,16
19755,16
17805,16
32259,16
11272,16
12889,16
19045,16
55092,16
33360,16
82415,16
6199,16
62263,16
80178,16
18954,16
37800,16
6008,16
65574,16
12330,16
95851,16
87236,16
46217,16
3805,16
16742,16
11268,16
67098,16
68175,16
19612,16
81944,16
31665,16
43283,16
42916,16
33573,16
93537,16
17826,16
45535,16
12013,16
32683,16
62018,16
32682,16
43253,16
33212,16
17372,16
51939,16
55406,16
87205,16
67619,16
52576,16
95999,16
52530,16
81470,16
17043,16
46545,16
6135,16
55660,16
68311,16
2866,16
46258,16
32227,16
33388,16
81962,16
52924,16
81552,16
11284,16
68309,16
5924,16
37182,16
51944,16
82961,16
55067,16
43252,16
81464,16
61029,16
46562,16
81447,16
30966,16
93929,16
33810,16
87660,16
82919,16
17881,16
81453,16
88498,16
95584,16
87003,16
65368,16
55856,16
61352,16
45162,16
60621,16
3470,16
42920,16
55404,16
17408,16
67683,16
53138,16
17832,16
67670,16
11697,16
96038,16
12892,16
67682,16
87717,16
3147,16
87721,16
80082,16
66993,16
61581,16
55393,16
60648,16
88090,16
12048,16
33792,16
38083,16
96327,16
62290,16
19731,16
81967,16
18352,16
96003,16
31604,16
30932,16
61321,16
37190,16
45396,16
2877,16
82400,16
45730,16
82713,16
37276,16
66056,16
17078,16
33220,16
32243,16
46227,16
32623,16
17433,16
18207,16
81375,16
17838,16
6201,16
60610,16
61418,16
18437,16
37191,16
31606,16
11686,16
43073,16
67630,16
17867,16
67042,16
81578,16
32688,16
18320,16
66502,16
45934,16
62040,16
12108,16
37690,16
96187,16
96731,16
32229,16
80777,16
6441,16
82971,16
62165,16
46278,16
4247,16
12604,16
65359,16
32332,16
13018,16
33827,16
80784,16
87419,16
12547,16
12010,16
81895,16
31006,16
55470,16
81580,16
5917,16
80061,16
87755,16
95965,16
93611,16
6293,16
55118,16
18665,16
19403,16
3679,16
16913,16
46425,16
16648,16
52647,16
81152,16
87886,16
93764,16
61113,16
33180,16
16645,16
31388,16
67287,16
52987,16
55760,16
66014,16
5868,16
96570,16
61005,16
16841,16
32853,16
87287,16
55197,16
82600,16
81115,16
67946,16
96643,16
80942,16
38206,16
81128,16
80516,16
4092,16
95896,16
31265,16
65671,16
81133,16
60786,16
87890,16
66650,16
53086,16
61710,16
3706,16
11484,16
46077,16
33659,16
18106,16
65533,16
55777,16
45775,16
12387,16
66632,16
67994,16
80386,16
82169,16
60874,16
17989,16
96553,16
32892,16
83007,16
65685,16
66791,16
31751,16
61739,16
67233,16
96537,16
68011,16
86776,16
52431,16
32554,16
96950,16
61902,16
88338,16
55770,16
18646,16
19417,16
42975,16
3046,16
66647,16
95878,16
6168,16
43586,16
88200,16
37880,16
87130,16
11449,16
82486,16
96118,16
12810,16
31958,16
61482,16
96650,16
67990,16
81110,16
67847,16
36971,16
4077,16
6361,16
37160,16
81058,16
3572,16
95745,16
6364,16
37930,16
61668,16
16685,16
53220,16
67895,16
53201,16
86822,16
45324,16
82097,16
80463,16
46385,16
95657,16
43129,16
31802,16
11852,16
3686,16
46136,16
6321,16
53205,16
86819,16
61528,16
18750,16
67882,16
65651,16
12420,16
3573,16
87977,16
52138,16
43366,16
82823,16
96245,16
61666,16
18047,16
88257,16
4180,16
3233,16
93780,16
33501,16
65963,16
31321,16
65867,16
33165,16
31359,16
67353,16
67448,16
31781,16
93267,16
37206,16
3566,16
6532,16
18070,16
53341,16
17728,16
87309,16
53322,16
32781,16
52378,16
87112,16
4182,16
16700,16
52996,16
38212,16
16662,16
43019,16
18695,16
18801,16
32538,16
61120,16
11559,16
81078,16
53193,16
33262,16
96138,16
43373,16
95658,16
82060,16
46390,16
16669,16
46394,16
80990,16
2997,16
12197,16
45329,16
53191,16
82057,16
12702,16
16859,16
2996,16
16668,16
52433,16
32435,16
66024,16
67157,16
61663,16
38365,16
83100,16
32065,16
18158,16
43352,16
95865,16
17318,16
55311,16
81852,16
65616,16
61626,16
82463,16
38367,16
42947,16
16612,16
37342,16
61447,16
52611,16
12133,16
45607,16
60696,16
96812,16
31410,16
93909,16
18902,16
52470,16
38350,16
95677,16
96986,16
55074,16
52191,16
87261,16
17162,16
96166,16
81840,16
65723,16
52974,16
65439,16
46314,16
45693,16
61269,16
19523,16
52856,16
96489,16
83099,16
61893,16
65810,16
16974,16
36966,16
45702,16
67115,16
31087,16
3908,16
82295,16
60938,16
51985,16
55389,16
80861,16
52487,16
81868,16
67559,16
17214,16
52860,16
45747,16
4110,16
19576,16
3369,16
62152,16
80198,16
37327,16
95970,16
51993,16
61565,16
82261,16
96478,16
11373,16
18515,16
12120,16
31691,16
37487,16
3841,16
38378,16
12917,16
3357,16
87800,16
42945,16
81314,16
3497,16
31096,16
80235,16
68143,16
81979,16
3883,16
82741,16
11731,16
31708,16
95806,16
66808,16
18132,16
18880,16
3057,16
37862,16
18595,16
18882,16
3663,16
37359,16
65446,16
80894,16
68051,16
43113,16
88385,16
53363,16
53364,16
6398,16
80557,16
3598,16
32915,16
18135,16
82011,16
17120,16
37636,16
96523,16
19768,16
93495,16
16633,16
46172,16
60740,16
87505,16
95727,16
18865,16
60739,16
65534,16
93497,16
93576,16
18866,16
82576,16
93244,16
16712,16
3875,16
11907,16
3852,16
68038,16
31997,16
32916,16
43532,16
12138,16
55517,16
12146,16
4197,16
17540,16
88176,16
66824,16
31448,16
11735,16
3736,16
67526,16
96980,16
46195,16
60913,16
62192,16
52850,16
45762,16
82630,16
52855,16
68090,16
88400,16
68092,16
32404,16
2925,16
18140,16
82755,16
43529,16
38174,16
32021,16
61970,16
96671,16
81239,16
93304,16
80576,16
55805,16
82872,16
3065,16
68069,16
33736,16
46327,16
87372,16
37354,16
32032,16
12148,16
18575,16
82001,16
95674,16
81503,16
3794,16
71141,16
22737,16
47847,16
22732,16
84342,16
34845,16
71184,16
90182,16
28225,16
98431,16
44654,16
14583,16
42120,16
77169,16
28242,16
22697,16
47832,16
7952,16
53896,16
92371,16
9648,16
47824,16
22684,16
99441,16
47850,16
22679,16
56744,16
91205,16
71258,16
54699,16
28161,16
9602,16
1471,16
77103,16
28171,16
77104,16
77109,16
40962,16
77122,16
15340,16
22749,16
56756,16
86049,16
28193,16
56750,16
77140,16
92358,16
22741,16
51901,16
95048,16
84356,16
54264,16
95077,16
59108,16
22598,16
91258,16
42149,16
1542,16
35504,16
36322,16
496,16
56707,16
50632,16
73135,16
77310,16
77314,16
91884,16
7978,16
1557,16
90121,16
41014,16
9712,16
77332,16
7967,16
74940,16
26399,16
77293,16
28269,16
4783,16
42126,16
42128,16
71120,16
48748,16
64376,16
98426,16
24689,16
57943,16
77247,16
22635,16
39955,16
28309,16
22629,16
57305,16
9663,16
77273,16
26373,16
44680,16
44684,16
90213,16
24665,16
28925,16
44594,16
76894,16
13729,16
13726,16
27964,16
58883,16
72995,16
56819,16
22988,16
94391,16
94978,16
40115,16
48703,16
98547,16
98541,16
26467,16
40935,16
22937,16
14614,16
62883,16
26457,16
5131,16
23004,16
27943,16
90280,16
23015,16
23088,16
90400,16
27879,16
92204,16
23074,16
84424,16
71538,16
94728,16
90393,16
9429,16
40170,16
76842,16
23054,16
15265,16
94972,16
94973,16
27923,16
90351,16
76865,16
58855,16
23022,16
47935,16
90274,16
22795,16
22852,16
1440,16
7479,16
85105,16
1454,16
40956,16
9571,16
62872,16
4817,16
40957,16
64335,16
22811,16
22807,16
28132,16
84361,16
98450,16
28137,16
92333,16
77058,16
71278,16
9591,16
15331,16
9561,16
8655,16
98532,16
7481,16
42050,16
76961,16
84368,16
42051,16
28040,16
71382,16
76966,16
54684,16
35966,16
48722,16
22883,16
91192,16
86037,16
76983,16
76984,16
22869,16
28073,16
28074,16
92322,16
47900,16
98490,16
13657,16
77338,16
7379,16
22196,16
98190,16
98188,16
59360,16
98187,16
44747,16
34674,16
28711,16
26215,16
50820,16
74778,16
77683,16
9958,16
50827,16
15568,16
43833,16
99553,16
22132,16
70634,16
54520,16
84104,16
34647,16
34678,16
28695,16
70623,16
440,16
39760,16
28651,16
94681,16
28656,16
34689,16
39754,16
7991,16
14513,16
8529,16
47615,16
89924,16
77622,16
35936,16
26227,16
59330,16
84141,16
73277,16
59335,16
28677,16
7299,16
7297,16
74769,16
84101,16
24765,16
64556,16
77835,16
49521,16
28853,16
14481,16
99585,16
35568,16
15612,16
28878,16
15616,16
73351,16
84064,16
98111,16
89799,16
15626,16
77879,16
24952,16
84059,16
14468,16
13589,16
89783,16
28916,16
22010,16
73325,16
98169,16
95142,16
24909,16
92509,16
77725,16
39682,16
77729,16
77732,16
1756,16
8502,16
50845,16
86129,16
40776,16
59420,16
89826,16
73318,16
47566,16
77785,16
70592,16
98151,16
415,16
1770,16
42269,16
57851,16
77595,16
42230,16
90081,16
98327,16
41023,16
62804,16
24785,16
24787,16
94148,16
84200,16
73186,16
56681,16
24793,16
50701,16
56678,16
26310,16
90061,16
63628,16
62797,16
35947,16
47693,16
98285,16
62794,16
9783,16
7363,16
90086,16
35537,16
56688,16
28407,16
70997,16
70992,16
44700,16
85142,16
49611,16
56693,16
43854,16
84244,16
36337,16
9728,16
90107,16
64442,16
70967,16
35953,16
63632,16
77379,16
98352,16
5629,16
91290,16
95092,16
98281,16
56671,16
22426,16
70881,16
44736,16
34705,16
56653,16
70806,16
22309,16
26259,16
85664,16
77571,16
50764,16
70792,16
47639,16
77580,16
22280,16
59302,16
7312,16
56640,16
77591,16
50777,16
77593,16
53802,16
62779,16
36364,16
9830,16
28579,16
47676,16
22425,16
7345,16
90047,16
84179,16
85673,16
84177,16
9805,16
28541,16
22389,16
77498,16
35534,16
26279,16
90025,16
84176,16
84172,16
74839,16
84171,16
9822,16
15514,16
1670,16
48691,16
50357,16
9414,16
920,16
84744,16
4996,16
72762,16
98999,16
84939,16
7780,16
23892,16
701,16
26711,16
23870,16
72330,16
40567,16
23863,16
27175,16
75913,16
44453,16
696,16
43958,16
23850,16
48359,16
41785,16
27121,16
14982,16
84949,16
54109,16
84765,16
27067,16
63925,16
8789,16
94844,16
57247,16
63927,16
23975,16
43971,16
90818,16
58364,16
72407,16
903,16
910,16
23944,16
27101,16
35235,16
5002,16
75823,16
90815,16
915,16
48352,16
15016,16
24380,16
9098,16
1014,16
9099,16
50085,16
76030,16
72213,16
40511,16
85868,16
48295,16
76048,16
4975,16
27294,16
23732,16
76064,16
13874,16
48289,16
72194,16
98911,16
54611,16
54075,16
23709,16
41816,16
1012,16
58455,16
5469,16
57254,16
58420,16
35194,16
9073,16
48347,16
36139,16
94872,16
72270,16
72269,16
58432,16
36140,16
36141,16
58438,16
99265,16
23806,16
27241,16
995,16
997,16
90751,16
49773,16
84686,16
63010,16
40815,16
84768,16
40636,16
63064,16
26900,16
90929,16
63879,16
24285,16
24154,16
91004,16
48501,16
58217,16
5481,16
48497,16
90916,16
26774,16
24130,16
26931,16
14813,16
75624,16
49895,16
49897,16
41708,16
48473,16
7841,16
24168,16
75558,16
72430,16
26881,16
99209,16
36064,16
99189,16
8851,16
94804,16
24236,16
24235,16
75477,16
75487,16
48538,16
8858,16
41668,16
41687,16
48526,16
8832,16
90952,16
99151,16
36076,16
8873,16
49871,16
26874,16
84933,16
40691,16
8920,16
99072,16
49925,16
54585,16
99061,16
58297,16
24015,16
7821,16
75720,16
58119,16
5023,16
57245,16
27034,16
873,16
54181,16
72743,16
14949,16
14950,16
72441,16
27048,16
91943,16
72749,16
23999,16
75703,16
72728,16
40662,16
84815,16
72513,16
58133,16
8931,16
49910,16
41659,16
72708,16
44383,16
63039,16
44381,16
26991,16
41728,16
57172,16
5473,16
72492,16
94294,16
14930,16
75682,16
24040,16
8943,16
49921,16
76087,16
9123,16
34965,16
1215,16
58685,16
14690,16
56933,16
27686,16
75141,16
64191,16
48660,16
54219,16
7613,16
23270,16
35015,16
71777,16
15189,16
23256,16
7606,16
23246,16
9349,16
620,16
49690,16
54644,16
23236,16
27675,16
94939,16
24525,16
44548,16
76459,16
23387,16
9298,16
23378,16
76477,16
64170,16
48129,16
48127,16
94937,16
27630,16
36211,16
15159,16
49719,16
56947,16
1198,16
84527,16
63155,16
54011,16
85951,16
41937,16
92170,16
71753,16
27734,16
94894,16
34982,16
24545,16
76687,16
76689,16
1279,16
13774,16
71657,16
35988,16
94961,16
72964,16
76723,16
49671,16
84440,16
24561,16
56878,16
72975,16
76743,16
48690,16
50340,16
44574,16
23117,16
76771,16
58768,16
63731,16
50299,16
1275,16
75128,16
76650,16
44559,16
27746,16
76660,16
23210,16
75123,16
1257,16
44346,16
7922,16
35433,16
44564,16
94955,16
27770,16
9375,16
41965,16
41966,16
85973,16
50312,16
41969,16
49673,16
54031,16
85718,16
41915,16
64049,16
1067,16
57038,16
15085,16
1073,16
64062,16
94903,16
35122,16
58525,16
23607,16
15093,16
44497,16
26630,16
5091,16
49742,16
84602,16
27440,16
35105,16
58543,16
54056,16
48221,16
8752,16
76192,16
76189,16
76455,16
54065,16
72159,16
41820,16
9133,16
1042,16
64027,16
72148,16
75292,16
72141,16
75263,16
91078,16
54617,16
90672,16
24406,16
23641,16
40461,16
7710,16
72106,16
23630,16
35136,16
72100,16
98867,16
76260,16
48212,16
24447,16
5093,16
655,16
58078,16
48179,16
92124,16
23471,16
40868,16
1136,16
27553,16
58592,16
98781,16
98770,16
13825,16
64144,16
72894,16
7650,16
85932,16
71882,16
72898,16
27595,16
26585,16
91090,16
99294,16
75189,16
15124,16
23508,16
50168,16
72020,16
1103,16
40395,16
7674,16
50169,16
23532,16
35397,16
41883,16
23505,16
23492,16
44515,16
48190,16
35399,16
23498,16
13837,16
23497,16
27521,16
58571,16
36188,16
91838,16
41090,16
28927,16
79285,16
2458,16
63442,16
83523,16
73713,16
89025,16
20519,16
20517,16
51521,16
57435,16
25290,16
97472,16
20921,16
10808,16
16205,16
16218,16
89010,16
151,16
46908,16
4375,16
74367,16
73731,16
60230,16
30200,16
51508,16
34123,16
49349,16
25874,16
60175,16
99837,16
86551,16
46958,16
49050,16
73687,16
38906,16
97498,16
69179,16
20586,16
60188,16
79221,16
38898,16
85334,16
34129,16
10781,16
46941,16
38889,16
8117,16
20552,16
92940,16
38841,16
79377,16
83448,16
68994,16
41297,16
45059,16
86604,16
68989,16
38797,16
46861,16
25792,16
35713,16
92980,16
88925,16
60306,16
74283,16
79524,16
36760,16
68958,16
60307,16
112,16
74257,16
91573,16
25391,16
79479,16
49074,16
95472,16
46870,16
30278,16
97448,16
20409,16
88959,16
79406,16
95474,16
79408,16
38827,16
97425,16
20403,16
85371,16
54367,16
79419,16
143,16
25820,16
95476,16
86597,16
65111,16
25819,16
4352,16
10897,16
97513,16
99835,16
34143,16
34237,16
56179,16
39024,16
69430,16
98100,16
39022,16
69422,16
69420,16
83605,16
20824,16
20818,16
78958,16
94600,16
14368,16
78969,16
20795,16
25197,16
20772,16
10692,16
97587,16
89108,16
64967,16
25957,16
25959,16
86491,16
47056,16
8369,16
62552,16
16060,16
8082,16
56198,16
42588,16
44952,16
86450,16
5747,16
29891,16
29893,16
89159,16
20887,16
69477,16
16079,16
16083,16
16093,16
20860,16
69449,16
91502,16
60077,16
29997,16
4441,16
49359,16
51459,16
94442,16
6890,16
74430,16
79139,16
168,16
51467,16
69255,16
20644,16
30107,16
63453,16
94447,16
8306,16
60165,16
79163,16
69235,16
30117,16
20633,16
30122,16
63449,16
79164,16
38927,16
8334,16
73647,16
69364,16
79120,16
63463,16
20746,16
69360,16
60125,16
79015,16
79021,16
89106,16
34193,16
30046,16
43703,16
73637,16
79061,16
20707,16
56148,16
91524,16
16135,16
79098,16
93991,16
79110,16
89088,16
79119,16
25776,16
49096,16
10936,16
51762,16
60506,16
2728,16
62340,16
60510,16
16455,16
46684,16
36842,16
46681,16
13068,16
88676,16
41405,16
14271,16
16469,16
94535,16
97168,16
88664,16
49248,16
41,16
95555,16
16475,16
30771,16
60502,16
73907,16
14260,16
6705,16
68662,16
88737,16
25495,16
93064,16
30666,16
33925,16
6722,16
86701,16
42827,16
57,16
55037,16
6713,16
33913,16
4283,16
8204,16
55038,16
95553,16
68585,16
68566,16
88691,16
73905,16
25631,16
83236,16
63331,16
85504,16
14218,16
46615,16
88592,16
55887,16
68411,16
68410,16
11241,16
79987,16
38486,16
42893,16
88565,16
11255,16
95579,16
6648,16
30881,16
51884,16
16507,16
97085,16
53418,16
6640,16
55049,16
46616,16
2800,16
13062,16
63378,16
79896,16
88649,16
85469,16
2775,16
68461,16
49182,16
74033,16
99994,16
30803,16
91680,16
13048,16
46637,16
46636,16
36862,16
51837,16
68447,16
93113,16
88612,16
16493,16
68426,16
85513,16
30644,16
74124,16
13169,16
97346,16
56010,16
83413,16
99889,16
83411,16
57562,16
65177,16
16322,16
38713,16
11009,16
56001,16
38710,16
99900,16
2595,16
36785,16
73832,16
79623,16
85554,16
55010,16
42777,16
86640,16
86645,16
6776,16
44179,16
42779,16
25756,16
94477,16
79546,16
36770,16
25404,16
16294,16
79559,16
57569,16
88895,16
88894,16
30435,16
60358,16
16301,16
44182,16
79575,16
94576,16
92997,16
79580,16
10972,16
4329,16
20249,16
34020,16
83385,16
83379,16
85436,16
49264,16
68740,16
54394,16
30586,16
51687,16
79717,16
97286,16
49259,16
73876,16
79726,16
20083,16
25478,16
20079,16
16399,16
97268,16
83327,16
79738,16
20066,16
6747,16
14191,16
30628,16
42807,16
83334,16
51678,16
73842,16
20104,16
91701,16
62375,16
79647,16
79650,16
74193,16
95520,16
20136,16
33974,16
63315,16
35734,16
83364,16
46780,16
11055,16
42790,16
91626,16
6760,16
30564,16
77,16
60433,16
38666,16
25454,16
83658,16
43724,16
97822,16
74667,16
97857,16
25023,16
21510,16
45558,16
42420,16
25027,16
70091,16
39391,16
39386,16
2082,16
63237,16
59705,16
2089,16
13506,16
21474,16
59711,16
4606,16
39376,16
2091,16
10285,16
85632,16
56435,16
70112,16
86220,16
70113,16
47366,16
2024,16
64709,16
78241,16
39430,16
29258,16
41133,16
70158,16
29270,16
56452,16
62646,16
70149,16
92660,16
21543,16
91424,16
56444,16
15799,16
63236,16
70117,16
29305,16
97872,16
15825,16
36501,16
15828,16
70037,16
44242,16
7088,16
78427,16
36510,16
54317,16
15871,16
7076,16
29471,16
56354,16
29474,16
78450,16
51152,16
36516,16
89415,16
69912,16
59784,16
95268,16
51159,16
48928,16
63245,16
78488,16
29448,16
8026,16
59754,16
64759,16
29376,16
97837,16
21443,16
21421,16
4591,16
15845,16
2102,16
8435,16
2105,16
15848,16
47278,16
69981,16
97830,16
78408,16
94071,16
63519,16
47282,16
41520,16
29433,16
89451,16
70188,16
29239,16
97787,16
39587,16
10086,16
70415,16
15670,16
53760,16
57777,16
78003,16
98033,16
35912,16
1895,16
10117,16
84023,16
47473,16
70387,16
39559,16
39558,16
89662,16
29042,16
5677,16
10123,16
78053,16
1903,16
64610,16
77980,16
26112,16
44782,16
47519,16
47515,16
28938,16
84054,16
21907,16
39611,16
56560,16
378,16
50908,16
77947,16
85223,16
8470,16
1850,16
1855,16
95157,16
28971,16
77958,16
34589,16
98075,16
34588,16
44777,16
78068,16
36438,16
50956,16
24984,16
21677,16
78163,16
92627,16
4640,16
78174,16
91423,16
42376,16
47389,16
92635,16
43792,16
29192,16
74681,16
7153,16
89574,16
7152,16
57764,16
21617,16
78205,16
21601,16
2016,16
29237,16
35589,16
54300,16
10169,16
39517,16
57767,16
39537,16
47450,16
64647,16
21755,16
7178,16
34537,16
86191,16
63235,16
73400,16
56491,16
98003,16
56496,16
98002,16
99662,16
21707,16
44254,16
39498,16
21694,16
78143,16
74615,16
36056,16
89298,16
35630,16
86324,16
21066,16
36546,16
69778,16
56288,16
69781,16
13382,16
51241,16
10460,16
29772,16
69611,16
69709,16
97754,16
57719,16
86396,16
29734,16
16014,16
69597,16
78602,16
10463,16
69704,16
63498,16
20997,16
69801,16
63483,16
83821,16
10401,16
2181,16
69590,16
89375,16
86330,16
83692,16
21211,16
83726,16
34349,16
56272,16
99733,16
25114,16
21164,16
39221,16
36576,16
44928,16
44930,16
8404,16
25111,16
5737,16
44909,16
15934,16
89349,16
2204,16
21044,16
91473,16
21200,16
10435,16
64874,16
10452,16
10425,16
2285,16
29761,16
13433,16
2286,16
83758,16
95328,16
73554,16
8054,16
78813,16
51324,16
92825,16
51278,16
34274,16
78689,16
78521,16
21118,16
91777,16
74531,16
8420,16
91461,16
14407,16
44887,16
5721,16
47235,16
34327,16
69535,16
21310,16
39081,16
89409,16
69664,16
92830,16
56211,16
78493,16
25143,16
86369,16
59790,16
69511,16
47079,16
29540,16
74524,16
29826,16
89385,16
25087,16
26044,16
20972,16
10561,16
39269,16
56268,16
83832,16
44075,16
43740,16
64791,16
69693,16
92779,16
69639,16
69832,16
69840,16
15963,16
78535,16
29833,16
60014,16
64792,16
56328,16
6987,16
78683,16
95360,16
69574,16
12660,15
82470,15
17314,15
35754,15
95940,15
63592,15
35910,15
85446,15
17282,15
94440,15
85699,15
94612,15
63721,15
54239,15
66031,15
54510,15
84923,15
33247,15
35336,15
14462,15
85201,15
84920,15
63224,15
63175,15
36055,15
17311,15
35463,15
85084,15
82424,15
14029,15
65928,15
63589,15
54338,15
63332,15
61877,15
14366,15
85319,15
87100,15
17350,15
66038,15
5124,15
5384,15
85299,15
35983,15
94665,15
35674,15
54447,15
65974,15
5241,15
3918,15
94521,15
94430,15
94791,15
5254,15
85341,15
94643,15
37196,15
14057,15
63653,15
14164,15
63141,15
35961,15
61961,15
85249,15
33219,15
14756,15
65981,15
14758,15
94704,15
63797,15
14147,15
35854,15
5968,15
63241,15
33134,15
14419,15
3898,15
14617,15
85679,15
94775,15
14717,15
93806,15
54528,15
63501,15
53045,15
55188,15
5420,15
5356,15
84997,15
14731,15
65946,15
44074,15
12672,15
13989,15
5157,15
85748,15
33229,15
63505,15
85251,15
82457,15
35900,15
5999,15
44178,15
36032,15
5077,15
82494,15
14528,15
63285,15
17176,15
63163,15
52986,15
94742,15
85563,15
5981,15
33082,15
35909,15
17306,15
85164,15
14189,15
12615,15
61940,15
94335,15
5228,15
94418,15
5204,15
61881,15
94677,15
63536,15
13968,15
14442,15
17302,15
44048,15
94406,15
5991,15
44313,15
35521,15
43478,15
87073,15
35522,15
44291,15
94339,15
94711,15
54218,15
82459,15
53020,15
94632,15
12612,15
66058,15
63604,15
35963,15
44054,15
82510,15
65923,15
45146,15
35327,15
14850,15
33655,15
86368,15
36567,15
64841,15
33649,15
65535,15
4535,15
54861,15
44901,15
36954,15
95301,15
12933,15
13445,15
15920,15
83806,15
64801,15
13457,15
86829,15
15911,15
13458,15
15902,15
62182,15
86298,15
86292,15
95271,15
34407,15
16730,15
53309,15
83743,15
83014,15
16095,15
64980,15
83591,15
93999,15
64966,15
64958,15
94020,15
44971,15
16110,15
86471,15
62521,15
34226,15
44963,15
36937,15
13402,15
65498,15
93882,15
95379,15
86443,15
33678,15
13351,15
83675,15
13364,15
86407,15
5745,15
86390,15
83015,15
4140,15
62180,15
33616,15
82894,15
36468,15
64667,15
83981,15
62668,15
15739,15
36451,15
86189,15
36442,15
82913,15
86169,15
16798,15
84026,15
84052,15
62655,15
53259,15
15645,15
5663,15
53769,15
84057,15
86881,15
44767,15
5659,15
82875,15
84073,15
4688,15
53782,15
83966,15
95202,15
65568,15
44836,15
83870,15
86258,15
15864,15
86250,15
95251,15
53695,15
62635,15
4590,15
45255,15
15822,15
65581,15
53290,15
44833,15
16782,15
33595,15
15806,15
64724,15
86225,15
36487,15
33591,15
86221,15
12888,15
12886,15
83953,15
64694,15
83957,15
54924,15
65473,15
83572,15
16381,15
83318,15
86688,15
65240,15
33944,15
95532,15
13112,15
95603,15
33789,15
33954,15
36807,15
13001,15
83336,15
45091,15
83308,15
65411,15
4213,15
16364,15
13140,15
83376,15
13143,15
65188,15
62260,15
65183,15
86770,15
16317,15
4326,15
33932,15
13086,15
65154,15
65363,15
62299,15
53425,15
43609,15
36866,15
55046,15
83226,15
62316,15
53439,15
83190,15
13053,15
36855,15
13059,15
33881,15
13079,15
16543,15
62323,15
33889,15
65366,15
93939,15
65284,15
33896,15
36839,15
86711,15
62276,15
62341,15
83286,15
65157,15
13156,15
12964,15
45199,15
93979,15
33729,15
4381,15
4385,15
53533,15
65057,15
65053,15
13234,15
86554,15
62455,15
93888,15
95632,15
5792,15
86565,15
53552,15
34149,15
86535,15
33717,15
45205,15
86533,15
62482,15
43695,15
86514,15
34175,15
13276,15
64997,15
65066,15
54962,15
4206,15
45063,15
36773,15
54996,15
53382,15
53380,15
12997,15
86613,15
95498,15
83432,15
43661,15
36762,15
86606,15
93906,15
16273,15
62434,15
45190,15
12988,15
16263,15
65104,15
36746,15
45192,15
16249,15
62424,15
4195,15
93977,15
65072,15
16224,15
55102,15
36405,15
86885,15
3984,15
15168,15
62932,15
54032,15
62036,15
54638,15
84545,15
35058,15
44525,15
35068,15
64137,15
12754,15
54634,15
15125,15
64183,15
13836,15
37115,15
5930,15
62962,15
84584,15
5551,15
84587,15
62977,15
12742,15
94906,15
85903,15
4949,15
54012,15
94215,15
64071,15
37088,15
15276,15
94209,15
4870,15
34959,15
15245,15
94962,15
53985,15
33400,15
95827,15
53145,15
64225,15
34981,15
94214,15
84510,15
4897,15
33385,15
43912,15
15211,15
84484,15
84494,15
94950,15
53137,15
64195,15
86998,15
4905,15
13804,15
64074,15
36168,15
12788,15
14914,15
94840,15
94837,15
65846,15
5022,15
44425,15
37150,15
61991,15
95885,15
35269,15
36105,15
65859,15
17146,15
84822,15
33296,15
63049,15
17148,15
65864,15
14885,15
17151,15
33260,15
45444,15
84877,15
85788,15
54577,15
84880,15
5952,15
14964,15
12726,15
13855,15
94261,15
54619,15
65800,15
64035,15
5529,15
84647,15
4961,15
93818,15
15066,15
55166,15
85872,15
54077,15
64000,15
54604,15
5005,15
84690,15
85859,15
63971,15
84708,15
93811,15
13886,15
84719,15
84728,15
43962,15
62006,15
35219,15
94282,15
54672,15
53959,15
62731,15
33490,15
95748,15
86943,15
62105,15
64477,15
13635,15
45321,15
95104,15
86944,15
36352,15
16896,15
94142,15
86102,15
4738,15
36361,15
34742,15
54741,15
34748,15
37041,15
93841,15
12821,15
53830,15
15454,15
54736,15
65666,15
34772,15
86088,15
86938,15
95119,15
13658,15
44744,15
15597,15
4694,15
15585,15
33540,15
86892,15
64532,15
34659,15
5646,15
36377,15
84129,15
37018,15
33530,15
12863,15
34707,15
15541,15
82833,15
84145,15
95132,15
84149,15
5903,15
84150,15
34692,15
13625,15
12842,15
64496,15
36366,15
5621,15
84275,15
13723,15
86988,15
5601,15
4802,15
64339,15
86985,15
95031,15
13694,15
82753,15
4818,15
84363,15
53918,15
64318,15
44623,15
53933,15
4030,15
53936,15
4848,15
53160,15
15309,15
86028,15
62886,15
44607,15
16982,15
62079,15
33419,15
53953,15
15288,15
84344,15
54707,15
53845,15
43869,15
84277,15
84283,15
43860,15
62822,15
5617,15
33469,15
84304,15
95079,15
84305,15
15406,15
16919,15
4050,15
84315,15
84329,15
15395,15
86958,15
84321,15
4775,15
53872,15
64377,15
44667,15
64362,15
55123,15
53892,15
33456,15
45350,15
95758,15
38605,15
33053,15
22331,15
90001,15
28596,15
59285,15
1678,15
92467,15
1673,15
9824,15
42327,15
50734,15
90017,15
98241,15
22384,15
56668,15
47686,15
77570,15
70796,15
28606,15
50763,15
39780,15
70756,15
98211,15
39757,15
22235,15
89933,15
22222,15
22203,15
47605,15
59356,15
70709,15
59367,15
70704,15
1645,15
28514,15
90057,15
50679,15
59157,15
42166,15
7375,15
90115,15
70985,15
90111,15
59159,15
9732,15
28427,15
1568,15
98354,15
98342,15
1585,15
59174,15
22489,15
22444,15
50680,15
50689,15
77405,15
1594,15
98326,15
47712,15
59195,15
28476,15
70924,15
59201,15
59207,15
92428,15
22446,15
59215,15
22186,15
89877,15
22181,15
70461,15
39654,15
28881,15
59437,15
77866,15
39639,15
42286,15
98108,15
70532,15
21942,15
28918,15
56570,15
70495,15
42302,15
56552,15
56548,15
70559,15
21893,15
59508,15
10066,15
89715,15
89711,15
7229,15
42318,15
28978,15
77968,15
70433,15
28987,15
7225,15
70420,15
42323,15
1798,15
77840,15
9947,15
22106,15
22162,15
77680,15
70662,15
9961,15
98184,15
77693,15
77696,15
9968,15
70644,15
9974,15
59400,15
59403,15
22115,15
59409,15
22104,15
22008,15
28789,15
77737,15
77738,15
77740,15
98161,15
42255,15
77768,15
92515,15
92526,15
39666,15
22024,15
77819,15
28848,15
98130,15
77352,15
22540,15
9720,15
98529,15
7535,15
71452,15
1376,15
71446,15
7531,15
98551,15
27996,15
22955,15
22953,15
56803,15
9514,15
7520,15
7515,15
47936,15
1407,15
47963,15
7511,15
22918,15
40094,15
71383,15
56797,15
90270,15
40085,15
47912,15
90263,15
58937,15
22881,15
1433,15
98497,15
58947,15
47962,15
71456,15
40065,15
27893,15
50347,15
76767,15
71598,15
71596,15
71589,15
76794,15
76798,15
71569,15
1325,15
7583,15
1334,15
27884,15
58823,15
98592,15
90391,15
22991,15
71521,15
47982,15
23040,15
23036,15
42004,15
42006,15
40155,15
76874,15
90336,15
42022,15
92251,15
98564,15
22994,15
22992,15
22846,15
71329,15
9719,15
9679,15
77228,15
28288,15
71103,15
7395,15
50569,15
59084,15
50584,15
39949,15
22615,15
7391,15
59102,15
90158,15
28342,15
77296,15
50610,15
56730,15
56708,15
39922,15
77300,15
59120,15
77306,15
92398,15
71025,15
7383,15
28384,15
90123,15
9708,15
71007,15
42160,15
28398,15
77226,15
71129,15
28106,15
22736,15
28124,15
71296,15
98461,15
50490,15
9592,15
90214,15
71268,15
40031,15
58997,15
47864,15
22788,15
77123,15
90203,15
42106,15
77144,15
47819,15
7410,15
50525,15
98433,15
77160,15
50530,15
47840,15
77166,15
7403,15
22705,15
59047,15
90170,15
42123,15
50539,15
50555,15
89689,15
1880,15
48023,15
10530,15
29798,15
47110,15
21008,15
10547,15
56224,15
89265,15
59984,15
10104,15
29769,15
10526,15
29765,15
51295,15
10519,15
21058,15
78810,15
69591,15
20979,15
20976,15
69575,15
89245,15
89228,15
51321,15
10578,15
2310,15
20961,15
20960,15
89215,15
6954,15
60031,15
39079,15
42577,15
92805,15
59968,15
10516,15
21176,15
29592,15
7031,15
42507,15
97747,15
78607,15
69770,15
47195,15
10427,15
69762,15
7021,15
21192,15
7019,15
78621,15
29638,15
51226,15
89279,15
29655,15
39212,15
10454,15
78665,15
97702,15
56267,15
2253,15
10485,15
89303,15
89302,15
92790,15
39161,15
2271,15
39146,15
2317,15
60039,15
42579,15
38944,15
79010,15
30020,15
60130,15
20728,15
69342,15
79035,15
79048,15
56154,15
2378,15
20684,15
97550,15
30069,15
2386,15
20675,15
79130,15
60116,15
30084,15
20662,15
6891,15
69277,15
69270,15
20655,15
30100,15
97540,15
20642,15
2403,15
42649,15
46976,15
30119,15
2410,15
20749,15
30007,15
89170,15
69433,15
60053,15
29886,15
56192,15
69487,15
6939,15
97603,15
39042,15
20875,15
92841,15
78898,15
69461,15
78902,15
89134,15
51369,15
89130,15
20755,15
51374,15
10674,15
78953,15
20817,15
51388,15
10685,15
38997,15
92867,15
69394,15
92871,15
51393,15
92874,15
38985,15
97579,15
97759,15
47212,15
59824,15
39457,15
70287,15
89607,15
59593,15
59596,15
42365,15
39489,15
89598,15
78165,15
21648,15
89591,15
59616,15
1979,15
10189,15
92637,15
78207,15
98000,15
39444,15
59644,15
21574,15
70177,15
70176,15
59649,15
97910,15
89521,15
7136,15
29266,15
39420,15
21551,15
21547,15
78270,15
10160,15
29124,15
39408,15
1909,15
21846,15
7207,15
47474,15
21827,15
47470,15
29039,15
7205,15
47466,15
7203,15
70371,15
39545,15
21786,15
29065,15
1907,15
92603,15
1938,15
29075,15
70351,15
59545,15
42345,15
1919,15
98017,15
59558,15
29099,15
10144,15
10147,15
70323,15
1930,15
21737,15
47432,15
97889,15
47332,15
21248,15
69876,15
78445,15
69925,15
29479,15
97799,15
21345,15
7067,15
69904,15
39301,15
21330,15
51160,15
56338,15
21321,15
39294,15
69879,15
47233,15
29462,15
10378,15
29525,15
21297,15
10379,15
47230,15
97781,15
92720,15
89398,15
59803,15
69845,15
7039,15
10392,15
21255,15
51181,15
78444,15
89436,15
78293,15
78373,15
97865,15
21504,15
2077,15
89486,15
47309,15
56412,15
21473,15
89473,15
78345,15
51123,15
92667,15
39368,15
70039,15
47297,15
29397,15
21378,15
39358,15
92671,15
42443,15
70009,15
21410,15
39347,15
47286,15
7095,15
7092,15
69969,15
78410,15
59752,15
10337,15
97816,15
76754,15
71635,15
20632,15
8546,15
24782,15
91301,15
41029,15
57343,15
24807,15
48793,15
26285,15
48627,15
91868,15
26282,15
8541,15
41043,15
73229,15
57865,15
24779,15
24775,15
483,15
7983,15
49606,15
73160,15
26343,15
499,15
57312,15
7962,15
24723,15
530,15
40974,15
8640,15
99446,15
24680,15
57293,15
24840,15
73244,15
74823,15
91364,15
73396,15
26138,15
8460,15
26141,15
91393,15
91391,15
41107,15
99592,15
74722,15
26162,15
26163,15
91844,15
24946,15
399,15
24939,15
73252,15
91847,15
8510,15
99548,15
57351,15
99547,15
24895,15
74786,15
73289,15
41067,15
41064,15
26242,15
74814,15
41053,15
74820,15
26405,15
8644,15
74996,15
639,15
91107,15
26551,15
24517,15
58042,15
26561,15
91105,15
26566,15
75145,15
72920,15
72916,15
75155,15
26573,15
58068,15
41638,15
72902,15
75120,15
640,15
48642,15
24481,15
72887,15
649,15
58079,15
656,15
40863,15
72874,15
99293,15
75205,15
24450,15
75213,15
72864,15
91108,15
8709,15
49633,15
7941,15
75012,15
26425,15
57290,15
553,15
26438,15
48717,15
73042,15
24624,15
91168,15
7943,15
91165,15
48705,15
99381,15
91164,15
24589,15
58013,15
8690,15
49667,15
75086,15
91133,15
75087,15
40915,15
91132,15
72980,15
75098,15
24565,15
72972,15
72963,15
26518,15
72959,15
41126,15
74696,15
26126,15
8284,15
73834,15
25743,15
91602,15
25421,15
91586,15
25412,15
25396,15
25774,15
74247,15
73798,15
8126,15
49323,15
25799,15
99853,15
25828,15
49275,15
74346,15
25308,15
57437,15
91557,15
25288,15
25853,15
57598,15
49348,15
57427,15
74400,15
49360,15
99834,15
73667,15
49037,15
41332,15
91623,15
8327,15
25644,15
25586,15
25577,15
74017,15
25594,15
49189,15
73981,15
57502,15
74047,15
22,15
57485,15
31,15
57483,15
57482,15
47,15
74074,15
73853,15
74092,15
25655,15
25512,15
74101,15
73924,15
25504,15
25670,15
74115,15
59,15
49137,15
49136,15
73871,15
91628,15
25455,15
25252,15
91530,15
26123,15
25055,15
8409,15
99727,15
41182,15
48944,15
91795,15
8419,15
26047,15
73477,15
41168,15
48934,15
74628,15
49463,15
91817,15
41158,15
48920,15
74560,15
57376,15
91450,15
91438,15
25038,15
297,15
26091,15
57373,15
306,15
26103,15
74669,15
41132,15
48897,15
330,15
49496,15
48955,15
41189,15
57422,15
57676,15
91745,15
49379,15
49021,15
73633,15
8338,15
8099,15
91752,15
25932,15
25933,15
73603,15
91761,15
48997,15
91511,15
8357,15
223,15
74558,15
25967,15
91500,15
41483,15
74510,15
73543,15
25987,15
25989,15
91488,15
49418,15
73534,15
48969,15
91783,15
73521,15
73512,15
7913,15
24428,15
71642,15
23601,15
23571,15
58547,15
76241,15
72056,15
7687,15
41859,15
58533,15
72851,15
48235,15
1079,15
27411,15
72079,15
41853,15
58523,15
58548,15
48219,15
1092,15
9226,15
76267,15
9227,15
9230,15
76300,15
71997,15
58568,15
23525,15
7668,15
23509,15
41885,15
9243,15
98805,15
1123,15
72081,15
7702,15
27394,15
57074,15
57090,15
9097,15
23778,15
92066,15
40506,15
50091,15
27296,15
58467,15
48286,15
40499,15
23716,15
72181,15
72176,15
1027,15
27330,15
72097,15
76114,15
40485,15
23670,15
9157,15
50111,15
57062,15
23657,15
98873,15
9164,15
92086,15
90664,15
90658,15
90657,15
90646,15
1125,15
40375,15
98798,15
76645,15
58692,15
9331,15
58695,15
76583,15
76589,15
58707,15
7610,15
27716,15
9339,15
40264,15
76627,15
23237,15
90480,15
58740,15
58746,15
1218,15
27756,15
71724,15
40246,15
71715,15
76666,15
23195,15
7596,15
76679,15
7593,15
9385,15
27802,15
48038,15
58777,15
56884,15
58689,15
58687,15
9245,15
23404,15
1130,15
50194,15
90582,15
58586,15
58594,15
98776,15
58604,15
76378,15
23438,15
48155,15
76397,15
98766,15
48149,15
9279,15
56960,15
76551,15
76458,15
41922,15
50239,15
40319,15
48126,15
27629,15
9319,15
23346,15
48113,15
58670,15
71810,15
76537,15
92168,15
92180,15
57092,15
98921,15
58448,15
24213,15
49818,15
49820,15
72668,15
90984,15
24263,15
8841,15
72646,15
75457,15
8846,15
90965,15
57207,15
24237,15
72618,15
26833,15
764,15
58156,15
7869,15
40751,15
58190,15
90953,15
7865,15
49862,15
57205,15
72596,15
8871,15
49865,15
58207,15
90941,15
58210,15
49875,15
725,15
75434,15
75573,15
75330,15
8757,15
49747,15
99276,15
91072,15
99272,15
75281,15
48609,15
40843,15
49767,15
72803,15
8769,15
40836,15
26684,15
24373,15
24366,15
91005,15
26694,15
26698,15
26702,15
91059,15
91046,15
40817,15
75381,15
48579,15
24318,15
41656,15
714,15
91019,15
91952,15
40794,15
24159,15
99122,15
92048,15
9062,15
23926,15
23924,15
41765,15
99006,15
40599,15
72377,15
27128,15
41767,15
57123,15
72366,15
75877,15
75884,15
7776,15
58392,15
48364,15
23931,15
946,15
90774,15
40553,15
72300,15
27202,15
75937,15
27205,15
961,15
75947,15
48345,15
98949,15
27228,15
986,15
50062,15
57126,15
72395,15
8903,15
58272,15
90912,15
75630,15
819,15
26946,15
24094,15
75643,15
7843,15
24092,15
75651,15
90885,15
75673,15
90880,15
8938,15
27002,15
90869,15
27092,15
7817,15
57159,15
7816,15
27038,15
57152,15
75741,15
92006,15
7805,15
72421,15
7801,15
23978,15
92017,15
48422,15
9005,15
69230,15
14223,15
19675,15
61490,15
96262,15
31146,15
60713,15
19506,15
19492,15
3541,15
60728,15
96958,15
38331,15
11428,15
93239,15
38320,15
19453,15
87562,15
80366,15
31199,15
66761,15
88367,15
66762,15
42965,15
31219,15
18107,15
31226,15
18093,15
11399,15
43304,15
81722,15
31071,15
31072,15
80208,15
31079,15
19570,15
66704,15
51994,15
3567,15
19552,15
38377,15
68125,15
2914,15
52004,15
87545,15
46499,15
55356,15
87548,15
66722,15
61505,15
31120,15
88405,15
96999,15
61492,15
80399,15
11345,15
67982,15
96294,15
43294,15
88277,15
31307,15
46383,15
96904,15
3006,15
81626,15
67891,15
81618,15
32368,15
18188,15
93280,15
38236,15
11534,15
80485,15
45873,15
6506,15
11552,15
6505,15
52151,15
60851,15
67853,15
31293,15
80446,15
88300,15
66811,15
19414,15
80404,15
66799,15
11478,15
67963,15
2976,15
96288,15
60778,15
38284,15
42985,15
45845,15
11501,15
19395,15
93261,15
11496,15
96290,15
60790,15
42991,15
96292,15
2987,15
88307,15
37648,15
12194,15
38400,15
31371,15
38451,15
81884,15
30897,15
66569,15
97071,15
37540,15
60598,15
30903,15
68348,15
60602,15
80030,15
80037,15
45748,15
66604,15
19746,15
81858,15
55862,15
3615,15
68330,15
46578,15
6611,15
80058,15
17949,15
68322,15
51891,15
32621,15
6643,15
79950,15
32655,15
88633,15
46641,15
66535,15
17874,15
55897,15
30811,15
51851,15
11205,15
93121,15
46624,15
30884,15
60554,15
30839,15
30841,15
42881,15
68418,15
51875,15
37531,15
81893,15
88573,15
19785,15
12251,15
30945,15
52675,15
81834,15
61536,15
68225,15
97025,15
52684,15
11331,15
81746,15
60651,15
32526,15
68208,15
19630,15
93190,15
32512,15
55842,15
19621,15
80165,15
68185,15
32510,15
96246,15
68184,15
11340,15
19604,15
80179,15
68174,15
80123,15
52689,15
93588,15
30975,15
93169,15
17970,15
61553,15
88517,15
17979,15
60619,15
88509,15
32566,15
11309,15
46558,15
93181,15
2876,15
88487,15
11327,15
68261,15
81796,15
46547,15
51943,15
96226,15
3584,15
61547,15
81764,15
52157,15
87629,15
88643,15
31838,15
61305,15
31766,15
55481,15
11971,15
31769,15
96454,15
55486,15
88004,15
18800,15
11790,15
11791,15
96468,15
80995,15
61144,15
46138,15
81021,15
31819,15
67413,15
81338,15
37811,15
11818,15
46003,15
61290,15
11987,15
3205,15
61106,15
11729,15
80831,15
61332,15
96419,15
80843,15
18925,15
81384,15
11721,15
96710,15
61331,15
31693,15
38029,15
67088,15
52513,15
32145,15
81374,15
18445,15
67504,15
32140,15
67087,15
52300,15
52302,15
61098,15
67387,15
81286,15
80817,15
31839,15
61185,15
11858,15
61250,15
81100,15
67198,15
61247,15
61203,15
37897,15
3280,15
81150,15
96579,15
81160,15
31942,15
52409,15
87885,15
31952,15
11896,15
6282,15
67240,15
6274,15
18612,15
87871,15
81191,15
81087,15
67344,15
87854,15
52371,15
81048,15
37949,15
11824,15
18537,15
87817,15
96501,15
67164,15
32050,15
67368,15
52465,15
87930,15
31881,15
96600,15
81244,15
67362,15
11928,15
81238,15
81075,15
31874,15
67351,15
43154,15
11922,15
80824,15
81394,15
67846,15
43062,15
61388,15
67798,15
93562,15
80609,15
61386,15
46309,15
88160,15
96354,15
38149,15
60931,15
88154,15
55431,15
93557,15
32264,15
60934,15
3103,15
81492,15
67753,15
3110,15
43263,15
6450,15
46284,15
19130,15
43034,15
88190,15
19214,15
18242,15
61419,15
31380,15
66889,15
80526,15
61416,15
80528,15
88203,15
52161,15
19259,15
19257,15
32307,15
81519,15
55716,15
46343,15
81547,15
12079,15
81522,15
67825,15
66924,15
19224,15
32289,15
19223,15
80643,15
18298,15
32180,15
31517,15
96392,15
3417,15
81431,15
67647,15
96407,15
52245,15
3415,15
31587,15
18374,15
31590,15
19052,15
67632,15
45957,15
43241,15
88087,15
31617,15
81410,15
80785,15
46230,15
96410,15
80791,15
88072,15
18957,15
31574,15
38105,15
61353,15
18325,15
32249,15
3115,15
80660,15
67709,15
19107,15
12045,15
56127,15
80666,15
19105,15
55443,15
93325,15
80711,15
19100,15
80674,15
19095,15
19093,15
66985,15
19087,15
88119,15
3126,15
32218,15
12035,15
30790,15
18623,15
88757,15
79535,15
96095,15
51673,15
60430,15
79305,15
12478,15
69057,15
43405,15
37335,15
38670,15
79697,15
79392,15
82258,15
66370,15
68763,15
38664,15
51523,15
88773,15
66276,15
45656,15
97329,15
88905,15
61680,15
55982,15
37427,15
38688,15
20161,15
82175,15
12428,15
88807,15
17586,15
79655,15
37433,15
42788,15
60437,15
97291,15
17742,15
30578,15
2655,15
42798,15
37451,15
12394,15
30395,15
69046,15
17734,15
52776,15
38875,15
87349,15
20527,15
51516,15
32757,15
11074,15
69126,15
20086,15
30588,15
61768,15
96029,15
43407,15
56089,15
96147,15
33019,15
30580,15
33023,15
79277,15
69049,15
66389,15
96027,15
82049,15
12405,15
20509,15
88915,15
79552,15
32828,15
20174,15
69105,15
93003,15
20262,15
30463,15
38853,15
52815,15
32855,15
12531,15
3716,15
43428,15
38755,15
93018,15
45583,15
51531,15
79337,15
87291,15
93680,15
68871,15
32862,15
66312,15
6844,15
82147,15
30438,15
88881,15
10973,15
30261,15
68883,15
88870,15
87280,15
2579,15
60364,15
66305,15
10853,15
45586,15
66180,15
55273,15
17432,15
87217,15
82116,15
6845,15
2601,15
30243,15
56069,15
51663,15
6058,15
38705,15
61824,15
3721,15
79633,15
10861,15
43374,15
79634,15
30510,15
97334,15
61703,15
11001,15
46810,15
38720,15
30476,15
79602,15
87294,15
20270,15
87222,15
56000,15
68836,15
97336,15
12520,15
37411,15
30502,15
20193,15
79732,15
88985,15
97264,15
30720,15
97503,15
60501,15
43418,15
92906,15
30362,15
79421,15
66241,15
37498,15
19965,15
61612,15
46683,15
38799,15
79851,15
43446,15
32693,15
6812,15
68569,15
79796,15
52737,15
79798,15
10771,15
79805,15
93624,15
79808,15
11076,15
42838,15
51575,15
45708,15
38591,15
30705,15
96179,15
46707,15
69190,15
97222,15
38918,15
51562,15
51785,15
38563,15
32676,15
88950,15
79435,15
51803,15
20618,15
17518,15
20389,15
81946,15
20382,15
43336,15
42867,15
33050,15
32942,15
45728,15
20620,15
43417,15
17828,15
88660,15
17373,15
17378,15
11147,15
51786,15
79464,15
38558,15
20370,15
17522,15
38810,15
89063,15
19929,15
2749,15
68489,15
79441,15
33047,15
52749,15
60491,15
10779,15
69153,15
88744,15
82000,15
87190,15
46880,15
20028,15
69147,15
17545,15
6727,15
79242,15
88923,15
79770,15
12361,15
12576,15
17516,15
60470,15
61782,15
92945,15
30385,15
46733,15
97392,15
56095,15
51718,15
79409,15
60198,15
33027,15
20049,15
38885,15
3666,15
96080,15
68670,15
42808,15
60453,15
61858,15
79759,15
88748,15
79791,15
93066,15
20003,15
85483,15
17794,15
30178,15
32718,15
60479,15
96097,15
69026,15
2510,15
89044,15
60262,15
3645,15
2453,15
79519,15
30318,15
87390,15
92983,15
43413,15
88707,15
55947,15
61619,15
90936,14
41692,14
94309,14
61346,14
41294,14
43245,14
87145,14
12515,14
13949,14
94475,14
91597,14
13947,14
86999,14
40727,14
13941,14
55241,14
12029,14
62058,14
62056,14
63308,14
36067,14
91970,14
91721,14
13944,14
91599,14
43454,14
57568,14
91334,14
6233,14
5495,14
8191,14
5516,14
61863,14
6265,14
57119,14
90795,14
12591,14
6000,14
91656,14
87184,14
11926,14
8148,14
87746,14
55516,14
87837,14
57518,14
90806,14
87830,14
37262,14
57479,14
94289,14
41406,14
90819,14
58387,14
9046,14
61868,14
8171,14
87874,14
37058,14
37269,14
58414,14
37061,14
12585,14
91683,14
41388,14
12584,14
41383,14
85856,14
91675,14
55536,14
41780,14
87167,14
54444,14
90777,14
54601,14
58399,14
5912,14
37861,14
6249,14
11952,14
43217,14
55226,14
90879,14
14179,14
8935,14
63321,14
58264,14
57542,14
7828,14
91991,14
12543,14
12534,14
62076,14
58242,14
85556,14
11997,14
37781,14
7849,14
93531,14
7854,14
6224,14
54462,14
8892,14
43438,14
91631,14
90830,14
85821,14
8995,14
92007,14
5502,14
35814,14
14195,14
40641,14
7808,14
12603,14
93836,14
37293,14
57525,14
37808,14
87793,14
8142,14
87787,14
91995,14
58294,14
8948,14
7826,14
57529,14
12560,14
41445,14
63273,14
85564,14
8634,14
87538,14
41134,14
40942,14
12372,14
43309,14
91175,14
40945,14
43480,14
8664,14
40948,14
61640,14
57369,14
5424,14
7948,14
43495,14
41127,14
12366,14
6158,14
87517,14
87375,14
37569,14
87051,14
57946,14
12195,14
6093,14
63181,14
8699,14
57738,14
61493,14
63247,14
8427,14
57744,14
37435,14
58010,14
12419,14
57272,14
37443,14
58007,14
37601,14
14030,14
8431,14
12193,14
63244,14
40917,14
55173,14
37152,14
91925,14
43498,14
41621,14
61628,14
40547,14
12719,14
12347,14
57868,14
61573,14
87068,14
41096,14
57800,14
91352,14
61589,14
41086,14
37178,14
12689,14
41083,14
37501,14
41558,14
61609,14
6133,14
61956,14
12300,14
91325,14
43335,14
57827,14
12306,14
14076,14
61598,14
54515,14
5412,14
8549,14
57911,14
91226,14
57944,14
7957,14
55177,14
57938,14
7959,14
57783,14
91237,14
57316,14
44072,14
91281,14
57877,14
6151,14
5410,14
12329,14
12269,14
8557,14
14059,14
87056,14
87483,14
41034,14
41102,14
85627,14
87034,14
44112,14
58095,14
87674,14
40821,14
37717,14
58107,14
41465,14
41246,14
91060,14
91061,14
55416,14
91520,14
35867,14
43400,14
87275,14
85763,14
91938,14
44091,14
40839,14
91762,14
91069,14
12095,14
6184,14
40844,14
61733,14
87677,14
12490,14
8803,14
8309,14
7885,14
37346,14
44108,14
94455,14
55212,14
6051,14
87689,14
36054,14
87143,14
87135,14
91539,14
12493,14
93701,14
58154,14
87679,14
91960,14
44003,14
5475,14
8811,14
12756,14
37357,14
93558,14
43396,14
91768,14
58030,14
87281,14
57710,14
43504,14
94355,14
6076,14
62010,14
61469,14
6080,14
91472,14
37140,14
55285,14
91098,14
61474,14
12152,14
61481,14
61684,14
87092,14
58041,14
40888,14
91805,14
93662,14
5446,14
91453,14
41633,14
91786,14
87590,14
8397,14
44082,14
91329,14
44088,14
12109,14
40851,14
40853,14
87628,14
8380,14
61714,14
6182,14
85743,14
8753,14
37650,14
61438,14
93570,14
43386,14
85732,14
5401,14
61449,14
61451,14
61452,14
44078,14
14112,14
13244,14
92195,14
58422,14
59646,14
55959,14
36479,14
55961,14
86222,14
59673,14
13102,14
60451,14
10265,14
59693,14
39381,14
86236,14
60447,14
94073,14
42428,14
38653,14
42816,14
56465,14
61236,14
39461,14
7170,14
38588,14
59567,14
7169,14
89608,14
60486,14
13082,14
36467,14
39487,14
62656,14
42823,14
88717,14
60476,14
39471,14
10202,14
36499,14
36810,14
38659,14
7116,14
88808,14
10358,14
5713,14
6764,14
10368,14
86267,14
86641,14
60397,14
62384,14
42480,14
54836,14
42770,14
13149,14
10996,14
39275,14
37273,14
39321,14
55972,14
89453,14
6751,14
56403,14
39361,14
93038,14
7096,14
36800,14
10315,14
13492,14
92693,14
56373,14
93952,14
11060,14
10338,14
11049,14
5684,14
11137,14
88682,14
36414,14
93931,14
39669,14
13600,14
11277,14
38460,14
13597,14
93158,14
62718,14
59426,14
43611,14
56596,14
92543,14
86137,14
89808,14
39644,14
43827,14
42909,14
39680,14
93171,14
9950,14
39711,14
11319,14
38428,14
89849,14
39701,14
42911,14
11282,14
11286,14
11285,14
62751,14
5651,14
62749,14
9979,14
60589,14
39627,14
89634,14
7248,14
94106,14
42331,14
88651,14
6682,14
39554,14
88658,14
56533,14
86721,14
59539,14
60522,14
59542,14
38566,14
86715,14
42344,14
59551,14
39570,14
62319,14
36853,14
11185,14
60566,14
89767,14
60565,14
10065,14
62309,14
10075,14
88623,14
13582,14
36424,14
10081,14
6676,14
88641,14
92590,14
10101,14
39272,14
39266,14
39264,14
42679,14
60089,14
36727,14
36634,14
39012,14
10826,14
92857,14
13315,14
39008,14
39007,14
62519,14
36725,14
6853,14
42621,14
13212,14
94006,14
88997,14
60085,14
36728,14
6941,14
39056,14
62550,14
89164,14
39053,14
92839,14
88975,14
54885,14
42605,14
13203,14
13204,14
60240,14
56186,14
36622,14
42602,14
60101,14
60209,14
89178,14
10698,14
89058,14
86522,14
54939,14
13257,14
86530,14
89076,14
60162,14
54952,14
89073,14
92903,14
10747,14
5790,14
56130,14
54949,14
13246,14
42665,14
6892,14
86557,14
36712,14
6903,14
42627,14
38971,14
89039,14
38887,14
5776,14
38956,14
6859,14
10714,14
86558,14
10720,14
56147,14
86508,14
62490,14
86445,14
56207,14
89388,14
86362,14
59878,14
7016,14
89350,14
10949,14
92770,14
10448,14
59889,14
62588,14
60335,14
89342,14
10947,14
10461,14
60321,14
94037,14
59930,14
59877,14
62595,14
59873,14
10412,14
88852,14
42766,14
89383,14
60368,14
39255,14
60365,14
39242,14
62402,14
5730,14
39239,14
93965,14
36552,14
42515,14
13161,14
89310,14
88908,14
89192,14
6797,14
88938,14
36588,14
92817,14
6816,14
86412,14
89236,14
89234,14
10570,14
10881,14
60012,14
86429,14
92966,14
10589,14
86433,14
43737,14
59993,14
89255,14
60286,14
56236,14
56032,14
56264,14
39159,14
39150,14
6805,14
60308,14
92811,14
10903,14
6968,14
54984,14
56228,14
59981,14
10910,14
10904,14
59380,14
89882,14
5844,14
90492,14
62147,14
56954,14
61073,14
90505,14
13813,14
85950,14
58672,14
58673,14
62149,14
11717,14
40292,14
61049,14
6412,14
38056,14
88065,14
55634,14
58636,14
56959,14
54636,14
86889,14
11763,14
58607,14
90565,14
90560,14
38020,14
90555,14
61074,14
40342,14
9276,14
88045,14
9287,14
61079,14
41916,14
36995,14
6427,14
38001,14
56929,14
6440,14
56888,14
56875,14
90422,14
58795,14
7584,14
90406,14
43906,14
11646,14
60946,14
40183,14
93863,14
9437,14
90362,14
9453,14
5562,14
13780,14
7595,14
40250,14
85967,14
62918,14
61012,14
85971,14
9353,14
9358,14
11675,14
7597,14
40248,14
38095,14
58748,14
38098,14
40242,14
60995,14
62137,14
40366,14
40165,14
40441,14
93445,14
92077,14
9152,14
94256,14
7724,14
61182,14
93436,14
12827,14
41837,14
43150,14
5533,14
40451,14
40448,14
54620,14
40445,14
40489,14
37917,14
40494,14
40509,14
9078,14
61232,14
9081,14
7755,14
41794,14
92060,14
37890,14
55580,14
94257,14
41811,14
90738,14
58471,14
93463,14
87897,14
7706,14
43145,14
37989,14
87944,14
7681,14
86906,14
90599,14
43550,14
55107,14
58570,14
11788,14
61117,14
62130,14
61116,14
94232,14
43120,14
61115,14
6388,14
13831,14
37972,14
90601,14
40401,14
43941,14
37944,14
37946,14
9203,14
90626,14
9205,14
6353,14
5537,14
87984,14
9207,14
90621,14
6357,14
58538,14
54624,14
11809,14
93314,14
38143,14
88478,14
56683,14
93209,14
92419,14
59173,14
11379,14
60689,14
42946,14
36915,14
9753,14
36342,14
42176,14
88424,14
88426,14
39859,14
39857,14
13641,14
59162,14
11400,14
60706,14
39919,14
11458,14
62833,14
55775,14
9684,14
60751,14
9693,14
90128,14
42952,14
9709,14
9713,14
6566,14
38340,14
88386,14
6573,14
56685,14
42944,14
36314,14
92425,14
62782,14
89963,14
7305,14
9884,14
60650,14
39756,14
93186,14
92479,14
89938,14
36897,14
86108,14
59332,14
89904,14
62770,14
93912,14
55847,14
88474,14
93188,14
92443,14
55815,14
59216,14
42935,14
88457,14
86105,14
42195,14
9823,14
59283,14
56662,14
39801,14
36362,14
42210,14
9831,14
5638,14
42978,14
90162,14
55687,14
36281,14
62196,14
9517,14
7521,14
11590,14
88193,14
42046,14
40099,14
11585,14
38197,14
94187,14
9532,14
60865,14
60864,14
93291,14
90262,14
9511,14
62194,14
55710,14
38160,14
88152,14
40159,14
94198,14
60927,14
93865,14
88169,14
62190,14
92262,14
6465,14
43042,14
94192,14
86020,14
5584,14
9503,14
13706,14
62201,14
59096,14
7486,14
11518,14
55751,14
60796,14
42992,14
92376,14
86803,14
59064,14
94177,14
9659,14
92380,14
13681,14
39959,14
39954,14
56713,14
94175,14
9629,14
6514,14
59034,14
58998,14
38207,14
58951,14
9574,14
38230,14
55740,14
93283,14
7436,14
42112,14
42091,14
92352,14
11529,14
56755,14
93275,14
92359,14
7071,14
57491,14
46833,14
17059,14
17053,14
27830,14
27823,14
98633,14
98648,14
95835,14
47254,14
76683,14
78472,14
78476,14
17023,14
29496,14
78478,14
17015,14
98668,14
65755,14
23189,14
21332,14
82711,14
69890,14
3064,14
2150,14
31437,14
95809,14
3063,14
76746,14
33356,14
33282,14
80610,14
82599,14
71527,14
29445,14
67761,14
46302,14
53090,14
19157,14
27894,14
1335,14
76824,14
76818,14
17094,14
17089,14
17088,14
98599,14
33328,14
19164,14
1324,14
31468,14
76786,14
50351,14
69927,14
82666,14
82667,14
33349,14
82726,14
82731,14
27761,14
19200,14
16891,14
46345,14
78525,14
23289,14
2172,14
82830,14
98719,14
53224,14
19254,14
76542,14
4085,14
95734,14
69843,14
27654,14
33531,14
21273,14
1200,14
33533,14
69834,14
71815,14
78564,14
23345,14
98734,14
16824,14
19276,14
82798,14
45332,14
19230,14
95785,14
23205,14
4025,14
76651,14
47238,14
46335,14
96843,14
45357,14
48075,14
96847,14
33447,14
65703,14
97785,14
4061,14
19219,14
4042,14
1242,14
16925,14
53184,14
1241,14
67826,14
80552,14
1233,14
71769,14
16910,14
3091,14
96786,14
78570,14
82438,14
29360,14
28072,14
33089,14
47907,14
17329,14
33101,14
82460,14
95968,14
29366,14
22894,14
98508,14
98517,14
29369,14
22897,14
95962,14
52980,14
45503,14
45501,14
3858,14
29381,14
78367,14
28031,14
71401,14
21440,14
52233,14
78340,14
46247,14
71526,14
66077,14
82384,14
82387,14
70088,14
50482,14
70076,14
78312,14
66126,14
66125,14
82390,14
82397,14
66122,14
3789,14
22825,14
68926,14
47879,14
67633,14
51097,14
1442,14
51101,14
19040,14
31592,14
2088,14
67646,14
33072,14
22861,14
17270,14
47938,14
97835,14
17268,14
19098,14
45461,14
78401,14
67706,14
17192,14
21405,14
17186,14
50379,14
80648,14
27938,14
76870,14
71491,14
71492,14
45454,14
53061,14
47285,14
27929,14
2112,14
33266,14
19144,14
47981,14
17139,14
71503,14
23044,14
27907,14
1357,14
27966,14
53024,14
17253,14
50404,14
17266,14
28014,14
17265,14
28013,14
28012,14
65973,14
50403,14
65969,14
47943,14
82505,14
70018,14
71457,14
82509,14
33179,14
71437,14
29401,14
45483,14
19080,14
29403,14
71448,14
53015,14
70015,14
17227,14
33553,14
19283,14
70090,14
65244,14
76130,14
65242,14
52064,14
96947,14
67992,14
23677,14
31216,14
98887,14
33964,14
80389,14
33965,14
83340,14
48276,14
98890,14
53471,14
83375,14
1028,14
31206,14
16348,14
80373,14
83388,14
33993,14
96952,14
33998,14
53479,14
81243,14
67984,14
65292,14
53454,14
98854,14
16479,14
23615,14
29661,14
83252,14
65285,14
83255,14
96930,14
2977,14
50121,14
67960,14
65278,14
21153,14
27380,14
65275,14
27379,14
83290,14
97711,14
78660,14
72113,14
69712,14
19412,14
47162,14
21139,14
4285,14
4322,14
46457,14
29700,14
16306,14
98945,14
29714,14
4362,14
53507,14
966,14
75953,14
69652,14
83492,14
48346,14
53512,14
23828,14
34095,14
65073,14
83494,14
53517,14
68063,14
83517,14
52028,14
21102,14
69647,14
98980,14
16186,14
72309,14
65058,14
31137,14
80317,14
981,14
65101,14
34040,14
68035,14
16302,14
72208,14
46458,14
95508,14
34031,14
2257,14
76017,14
16285,14
34036,14
83428,14
83434,14
80321,14
16278,14
34046,14
47141,14
78695,14
45064,14
95487,14
83439,14
50063,14
83457,14
69656,14
75968,14
95559,14
4266,14
33562,14
23423,14
29601,14
65547,14
48154,14
23434,14
82999,14
51205,14
98782,14
19323,14
31327,14
23464,14
31325,14
50178,14
53331,14
16688,14
65508,14
23481,14
76332,14
53339,14
16675,14
95643,14
98801,14
76321,14
23501,14
23503,14
21212,14
16716,14
16717,14
95565,14
82991,14
98749,14
19288,14
95712,14
50244,14
76479,14
76478,14
67857,14
16781,14
78576,14
71861,14
82963,14
98756,14
95692,14
27601,14
33603,14
50223,14
19297,14
53296,14
19298,14
29586,14
53297,14
3018,14
76417,14
71888,14
82989,14
76316,14
65454,14
31317,14
1110,14
83179,14
65361,14
52102,14
80435,14
23568,14
4249,14
19373,14
4250,14
72055,14
65351,14
27438,14
47185,14
80426,14
27429,14
76223,14
80423,14
80421,14
1077,14
16495,14
67952,14
33866,14
1075,14
2980,14
51233,14
95568,14
31283,14
52103,14
78622,14
45177,14
31315,14
50171,14
1109,14
65437,14
78613,14
65430,14
51208,14
83111,14
2998,14
16597,14
29627,14
33773,14
29634,14
23549,14
53390,14
83143,14
16579,14
67919,14
98828,14
72031,14
95607,14
83158,14
83165,14
52113,14
17401,14
17411,14
45009,14
3485,14
32356,14
1721,14
50976,14
32373,14
18179,14
1719,14
32381,14
77630,14
78104,14
21738,14
29117,14
29121,14
67378,14
32390,14
31850,14
18159,14
32395,14
45854,14
50807,14
32398,14
1944,14
81647,14
28668,14
70296,14
77614,14
29100,14
32351,14
21768,14
28704,14
28777,14
81103,14
32296,14
28768,14
98179,14
18264,14
3257,14
70347,14
50966,14
28760,14
81096,14
81095,14
32308,14
50833,14
81093,14
81553,14
22170,14
67349,14
18720,14
28718,14
96326,14
67359,14
77646,14
47441,14
32347,14
77611,14
3518,14
22243,14
18138,14
98219,14
66701,14
97980,14
21664,14
3569,14
22318,14
66685,14
47653,14
47655,14
21647,14
66681,14
28582,14
18780,14
3574,14
66667,14
96244,14
96637,14
18788,14
98238,14
67431,14
29182,14
70247,14
67433,14
98246,14
28557,14
45801,14
1960,14
22283,14
28633,14
32418,14
32424,14
78126,14
32430,14
31846,14
77604,14
32436,14
32441,14
70755,14
28638,14
52352,14
18111,14
18085,14
66779,14
66778,14
3537,14
32462,14
47630,14
3245,14
21691,14
67402,14
70772,14
67405,14
96256,14
78085,14
81516,14
47671,14
81221,14
18486,14
31996,14
31995,14
28930,14
78004,14
77898,14
21833,14
52502,14
52507,14
98104,14
67094,14
96443,14
21822,14
46058,14
18462,14
18454,14
45980,14
45978,14
18626,14
18441,14
21944,14
77882,14
21818,14
81180,14
21961,14
1832,14
32092,14
81508,14
46004,14
70422,14
96511,14
96509,14
21859,14
18563,14
18562,14
3330,14
67161,14
1863,14
77962,14
21858,14
32066,14
28997,14
18586,14
81279,14
47505,14
21857,14
18589,14
77984,14
77985,14
70464,14
21848,14
47509,14
52445,14
21841,14
50948,14
3399,14
32161,14
32162,14
78050,14
52535,14
67300,14
22029,14
21793,14
22046,14
52540,14
45926,14
18306,14
78057,14
18304,14
66947,14
18297,14
50851,14
32266,14
32270,14
50848,14
22066,14
77731,14
32274,14
32275,14
96591,14
50960,14
50844,14
70620,14
28841,14
22021,14
31924,14
32190,14
70381,14
67259,14
98026,14
21810,14
1807,14
96412,14
67264,14
81422,14
52416,14
32188,14
81423,14
31948,14
28861,14
21977,14
29043,14
67004,14
81137,14
50867,14
32207,14
81136,14
70562,14
1787,14
32215,14
31925,14
66643,14
28549,14
77043,14
32861,14
1504,14
66314,14
17617,14
32873,14
71098,14
71102,14
70162,14
18919,14
67560,14
21558,14
66302,14
71121,14
3720,14
17596,14
66295,14
66277,14
82179,14
78255,14
28264,14
52841,14
32903,14
78266,14
66273,14
50550,14
2039,14
45641,14
82124,14
96683,14
66319,14
50612,14
82111,14
96135,14
50606,14
47782,14
80864,14
29253,14
32838,14
28335,14
32842,14
18908,14
1518,14
46199,14
32845,14
31694,14
98412,14
80863,14
17645,14
28321,14
77270,14
45646,14
52286,14
97908,14
32854,14
52821,14
77181,14
77176,14
67568,14
82193,14
22756,14
97874,14
3754,14
50500,14
80797,14
29313,14
1469,14
22787,14
66187,14
96068,14
77071,14
77069,14
82356,14
17421,14
77063,14
66168,14
19003,14
82360,14
29321,14
28141,14
82366,14
98449,14
80757,14
29327,14
50483,14
22754,14
71226,14
96716,14
1479,14
2041,14
71169,14
17562,14
96712,14
22718,14
66253,14
32931,14
82235,14
32933,14
71182,14
28221,14
77152,14
22746,14
46216,14
78268,14
77146,14
71215,14
22740,14
3747,14
17510,14
66215,14
77142,14
17500,14
77135,14
67533,14
17668,14
50721,14
81905,14
70913,14
22455,14
77432,14
66556,14
32637,14
70920,14
81921,14
1617,14
28482,14
45734,14
52725,14
78195,14
70927,14
45722,14
22473,14
77410,14
28471,14
77404,14
50687,14
81956,14
32671,14
81957,14
17831,14
52735,14
96649,14
50697,14
70908,14
66345,14
80937,14
46145,14
22398,14
32569,14
32571,14
45767,14
45766,14
46147,14
45760,14
22406,14
22414,14
70239,14
52322,14
22427,14
17934,14
32599,14
17930,14
31768,14
28511,14
96200,14
31763,14
1993,14
70905,14
1632,14
17907,14
81899,14
77398,14
32696,14
77393,14
28449,14
46185,14
77331,14
3676,14
22554,14
77328,14
77324,14
22565,14
46188,14
70191,14
82052,14
46190,14
66384,14
17709,14
67505,14
71029,14
82076,14
98375,14
22582,14
32813,14
1533,14
50615,14
80873,14
96142,14
46196,14
31707,14
1561,14
77336,14
28403,14
77364,14
50678,14
66479,14
3203,14
29215,14
17798,14
31745,14
98339,14
81982,14
32722,14
28432,14
96169,14
98358,14
77353,14
17780,14
22521,14
66445,14
22522,14
28418,14
82007,14
96165,14
22527,14
31726,14
17744,14
3193,14
68095,14
51262,14
83534,14
74835,14
64092,14
30076,14
69287,14
2388,14
24790,14
73196,14
64075,14
84618,14
99498,14
35126,14
48788,14
30708,14
15081,14
35135,14
94899,14
69282,14
35140,14
69279,14
35151,14
74856,14
15057,14
15055,14
26291,14
46981,14
2698,14
64094,14
24771,14
30074,14
94918,14
30050,14
73127,14
74930,14
35054,14
64159,14
54035,14
94921,14
84547,14
20706,14
26358,14
48768,14
73133,14
73161,14
46701,14
68551,14
64129,14
79820,14
97558,14
493,14
24756,14
69303,14
74913,14
54049,14
73150,14
24832,14
459,14
24738,14
44466,14
44422,14
84818,14
73314,14
63899,14
74752,14
414,14
46960,14
84838,14
74740,14
97504,14
20596,14
79203,14
2447,14
20584,14
5034,14
74723,14
84862,14
99606,14
377,14
74706,14
20564,14
26145,14
20562,14
51505,14
20557,14
26205,14
97505,14
84755,14
2697,14
456,14
74816,14
35186,14
19982,14
15035,14
54099,14
68594,14
79148,14
35202,14
63962,14
79149,14
84714,14
24903,14
35208,14
20635,14
26235,14
73276,14
99534,14
20630,14
46973,14
73291,14
99541,14
68611,14
97512,14
94931,14
84540,14
46938,14
24607,14
20803,14
29975,14
79908,14
99362,14
47040,14
589,14
75103,14
19900,14
78977,14
24578,14
34834,14
53897,14
47038,14
2767,14
78992,14
48697,14
51805,14
68479,14
577,14
15337,14
75083,14
97152,14
97583,14
68486,14
48701,14
69399,14
15416,14
99344,14
64444,14
48649,14
84191,14
24500,14
47050,14
15491,14
44710,14
48658,14
29950,14
34753,14
64452,14
24510,14
34767,14
84290,14
51853,14
79933,14
69409,14
15431,14
15426,14
79921,14
29967,14
34789,14
2346,14
24530,14
51845,14
49653,14
97581,14
54016,14
15322,14
20731,14
48747,14
74986,14
84429,14
34968,14
48749,14
84443,14
74981,14
84445,14
30752,14
4889,14
79026,14
84462,14
99447,14
4898,14
79038,14
74971,14
94953,14
24721,14
54000,14
15194,14
97559,14
64194,14
64192,14
26366,14
4869,14
49631,14
79016,14
2354,14
4829,14
44622,14
47028,14
24618,14
78998,14
46664,14
64308,14
24627,14
75055,14
75053,14
94987,14
15299,14
46673,14
552,14
4860,14
49643,14
15292,14
75036,14
79004,14
97162,14
24666,14
99434,14
30010,14
74997,14
73382,14
2455,14
95112,14
14365,14
20212,14
85267,14
5217,14
5220,14
14421,14
44233,14
2518,14
44226,14
63488,14
49089,14
51645,14
85283,14
99879,14
73800,14
46873,14
63479,14
25773,14
51559,14
20364,14
5251,14
85294,14
73816,14
20234,14
20348,14
73826,14
97423,14
140,14
99846,14
69028,14
35561,14
74378,14
85210,14
20186,14
44267,14
5188,14
14478,14
14474,14
54294,14
44264,14
51661,14
74345,14
14436,14
5190,14
147,14
74328,14
14455,14
2509,14
25825,14
85233,14
20209,14
69025,14
85246,14
68843,14
63465,14
63464,14
25857,14
74204,14
63417,14
74113,14
79584,14
51622,14
68968,14
94565,14
49151,14
79574,14
2543,14
73952,14
54405,14
85441,14
14274,14
14272,14
20303,14
63386,14
73970,14
25544,14
25548,14
79534,14
74030,14
25562,14
73985,14
68915,14
25568,14
2578,14
44175,14
35728,14
54361,14
63456,14
54351,14
85328,14
35689,14
68991,14
88,14
14350,14
25744,14
54360,14
25428,14
14346,14
20239,14
25687,14
44197,14
20241,14
54363,14
25450,14
85393,14
2535,14
30456,14
25475,14
25691,14
20320,14
25481,14
25849,14
54278,14
79255,14
74533,14
69107,14
84952,14
14770,14
79730,14
30584,14
73475,14
49449,14
74606,14
25083,14
20106,14
79332,14
74602,14
48947,14
25094,14
25097,14
74591,14
74583,14
73498,14
74559,14
14721,14
30248,14
14711,14
74557,14
85016,14
68757,14
25061,14
14786,14
14791,14
30207,14
2463,14
73398,14
84883,14
54160,14
30638,14
48890,14
26121,14
2673,14
69132,14
25019,14
54168,14
97481,14
20482,14
84914,14
2668,14
68696,14
35342,14
49482,14
49481,14
20497,14
79303,14
35352,14
26077,14
25052,14
74544,14
79352,14
73694,14
74532,14
20162,14
193,14
85118,14
97434,14
54259,14
85131,14
74445,14
63645,14
30302,14
73665,14
20167,14
14549,14
14545,14
35518,14
94687,14
97313,14
14533,14
20170,14
79641,14
46791,14
94684,14
25272,14
99839,14
14506,14
49353,14
73629,14
25921,14
49391,14
2487,14
20446,14
20441,14
46775,14
20129,14
30266,14
20431,14
85039,14
94733,14
63726,14
5123,14
54224,14
79651,14
30284,14
14670,14
20423,14
25172,14
35447,14
85070,14
49400,14
14656,14
25181,14
74494,14
74491,14
25938,14
4735,14
48728,14
32022,14
879,14
53710,14
24240,14
4615,14
95222,14
72429,14
68333,14
49830,14
53718,14
19744,14
20902,14
2842,14
47067,14
53722,14
95210,14
4634,14
51352,14
2837,14
48554,14
68323,14
20903,14
99210,14
875,14
99048,14
75725,14
34238,14
75511,14
69567,14
27042,14
30955,14
34437,14
4467,14
27055,14
68299,14
69568,14
49932,14
64949,14
31075,14
24209,14
24212,14
68310,14
16105,14
24259,14
99154,14
72695,14
68144,14
75788,14
83982,14
26770,14
34525,14
31099,14
72692,14
34530,14
75803,14
83596,14
78783,14
30896,14
83988,14
15727,14
83992,14
29781,14
75426,14
16120,14
26776,14
24284,14
44965,14
23983,14
69492,14
20888,14
51316,14
78797,14
15766,14
53730,14
97063,14
72659,14
44812,14
21016,14
29901,14
80026,14
23977,14
15748,14
29904,14
20881,14
75782,14
47114,14
20904,14
44868,14
15716,14
51331,14
64835,14
48484,14
26994,14
51964,14
44904,14
78820,14
75618,14
95308,14
75611,14
4496,14
64818,14
72565,14
83679,14
44945,14
75679,14
852,14
64812,14
78816,14
2862,14
72538,14
51342,14
4528,14
95329,14
24070,14
31014,14
34316,14
53608,14
44920,14
64857,14
847,14
51325,14
80140,14
72523,14
34302,14
20958,14
48474,14
83712,14
30996,14
83706,14
80101,14
24048,14
64906,14
72606,14
47101,14
29873,14
26868,14
26864,14
44874,14
80188,14
34257,14
48442,14
48519,14
34249,14
46520,14
31069,14
24010,14
64775,14
64774,14
64772,14
64933,14
34242,14
75518,14
95273,14
75705,14
64805,14
31053,14
95365,14
83811,14
19624,14
26901,14
24169,14
34381,14
80166,14
51346,14
69510,14
27017,14
83838,14
2320,14
26883,14
49922,14
97617,14
15899,14
34266,14
24180,14
83998,14
19757,14
15713,14
34704,14
72852,14
15589,14
26683,14
84100,14
72779,14
79986,14
64502,14
48592,14
78756,14
75339,14
47123,14
697,14
49793,14
24441,14
16152,14
78943,14
69439,14
65012,14
34170,14
29931,14
99275,14
99241,14
75910,14
46498,14
46604,14
95146,14
2799,14
99289,14
2810,14
78769,14
84151,14
49972,14
83537,14
15554,14
4428,14
2282,14
15558,14
72805,14
23885,14
84110,14
34154,14
97105,14
19813,14
51370,14
69632,14
34652,14
34651,14
29939,14
64535,14
75318,14
51878,14
15552,14
4434,14
75882,14
49769,14
78750,14
97596,14
51371,14
72702,14
79972,14
19807,14
80269,14
48601,14
49750,14
68390,14
23874,14
15698,14
95150,14
65002,14
26753,14
99232,14
83563,14
83577,14
84167,14
64618,14
84028,14
20865,14
84025,14
26744,14
23935,14
34177,14
75415,14
24484,14
83567,14
34184,14
21022,14
24314,14
53809,14
24482,14
15699,14
46591,14
46505,14
64609,14
49726,14
75184,14
24337,14
24334,14
64595,14
19784,14
23941,14
53768,14
31104,14
34715,14
75396,14
69468,14
64488,14
49799,14
24300,14
75367,14
65040,14
27099,14
38765,13
29663,13
21076,13
2221,13
51005,13
21723,13
59605,13
21686,13
79539,13
6992,13
69720,13
56270,13
59586,13
28994,13
1943,13
30304,13
1885,13
79526,13
60020,13
42366,13
69048,13
79538,13
47095,13
21107,13
97995,13
47137,13
20293,13
30282,13
56033,13
50994,13
21091,13
47489,13
10508,13
69076,13
21687,13
2230,13
46842,13
69080,13
29658,13
51600,13
60310,13
56246,13
59518,13
78818,13
78130,13
60244,13
10510,13
10092,13
79371,13
39148,13
51234,13
21081,13
89220,13
51594,13
42737,13
70284,13
89329,13
30377,13
21065,13
69592,13
89312,13
69589,13
10477,13
39110,13
21028,13
39169,13
20978,13
39168,13
51564,13
10902,13
39184,13
56525,13
79490,13
60293,13
60008,13
51317,13
29759,13
59529,13
39170,13
29071,13
98022,13
51557,13
21124,13
60279,13
1900,13
42728,13
39550,13
89307,13
6819,13
88949,13
7202,13
29698,13
20343,13
47459,13
89256,13
39178,13
2263,13
78782,13
42561,13
97458,13
92963,13
70386,13
10474,13
89664,13
10466,13
69564,13
70334,13
47164,13
97629,13
21743,13
42333,13
60249,13
59527,13
30313,13
46852,13
70315,13
79416,13
60304,13
59578,13
78748,13
92624,13
29717,13
51259,13
42708,13
78764,13
89635,13
39166,13
29696,13
51292,13
59920,13
38820,13
7191,13
97692,13
89643,13
56061,13
51584,13
29084,13
97695,13
47447,13
78753,13
29092,13
39164,13
70392,13
1922,13
89352,13
7091,13
47400,13
92661,13
78513,13
78900,13
78503,13
29297,13
47008,13
78286,13
38965,13
10251,13
51438,13
51082,13
10255,13
2372,13
78298,13
42416,13
29513,13
10650,13
21500,13
97569,13
20741,13
51162,13
10701,13
69447,13
47022,13
78313,13
69891,13
56421,13
6983,13
21296,13
89099,13
69366,13
97894,13
29899,13
51061,13
70165,13
20886,13
29551,13
89518,13
69298,13
78253,13
56316,13
78531,13
78528,13
89393,13
89157,13
60068,13
39282,13
29536,13
69858,13
89090,13
42406,13
10380,13
7131,13
97780,13
30053,13
42598,13
69317,13
92877,13
69318,13
20846,13
69368,13
56487,13
56163,13
6920,13
20829,13
78390,13
92705,13
51390,13
59762,13
21376,13
10668,13
56386,13
29965,13
10334,13
69417,13
21415,13
10302,13
60090,13
29411,13
10669,13
29415,13
39014,13
42450,13
21391,13
69985,13
20827,13
29421,13
60088,13
10332,13
78409,13
21367,13
6918,13
97580,13
21431,13
10365,13
51156,13
70058,13
60108,13
51114,13
39309,13
59712,13
97843,13
29363,13
2132,13
78343,13
59774,13
20770,13
78455,13
78357,13
47264,13
78358,13
20771,13
59767,13
2129,13
47039,13
20788,13
29941,13
47267,13
21439,13
42461,13
20792,13
70169,13
42493,13
51180,13
70238,13
59626,13
1987,13
78839,13
10203,13
56472,13
69763,13
78842,13
7022,13
97468,13
38873,13
2318,13
89203,13
79288,13
78611,13
20526,13
89196,13
89030,13
2465,13
60196,13
10419,13
1996,13
39456,13
21214,13
92698,13
51349,13
39067,13
92638,13
20937,13
56087,13
89525,13
30239,13
88984,13
10851,13
21180,13
2483,13
20950,13
69096,13
69738,13
6962,13
10443,13
29839,13
10181,13
7017,13
42374,13
42690,13
69742,13
29190,13
70243,13
20946,13
29193,13
78835,13
39082,13
69747,13
78188,13
51530,13
1984,13
38860,13
10823,13
97612,13
56468,13
20913,13
1997,13
89539,13
59643,13
21230,13
97510,13
78594,13
42500,13
46968,13
56125,13
78232,13
70186,13
47206,13
10232,13
78585,13
97929,13
60056,13
20634,13
69800,13
20645,13
97606,13
29576,13
51185,13
10631,13
29571,13
89078,13
20648,13
29568,13
56301,13
30147,13
70200,13
92912,13
97496,13
7146,13
20568,13
29612,13
46944,13
46947,13
97753,13
21612,13
89546,13
6945,13
51351,13
29607,13
78857,13
30155,13
21590,13
42505,13
78208,13
92752,13
42387,13
60052,13
47069,13
10222,13
21593,13
79190,13
89377,13
92919,13
69202,13
2456,13
14236,13
47492,13
75507,13
753,13
40757,13
99180,13
8855,13
751,13
24242,13
24243,13
75469,13
75467,13
24252,13
24254,13
48553,13
24260,13
40775,13
75450,13
57222,13
40779,13
24267,13
24268,13
49812,13
24275,13
49810,13
26772,13
722,13
72698,13
758,13
75508,13
585,13
99160,13
8912,13
75637,13
99094,13
58235,13
8901,13
8897,13
90923,13
24145,13
75576,13
792,13
90939,13
75561,13
72582,13
72584,13
72585,13
99137,13
72590,13
780,13
75542,13
778,13
75528,13
41690,13
771,13
58196,13
48523,13
75427,13
26759,13
57241,13
24311,13
57262,13
58063,13
58060,13
40882,13
8731,13
57263,13
99321,13
624,13
26557,13
24515,13
72936,13
26543,13
613,13
8722,13
8721,13
596,13
40901,13
91114,13
26525,13
24538,13
99359,13
58012,13
24560,13
41628,13
99364,13
99316,13
24492,13
75196,13
75312,13
99230,13
706,13
26732,13
75365,13
75356,13
75351,13
41649,13
91044,13
58110,13
40826,13
75334,13
75303,13
41641,13
75300,13
72804,13
75299,13
24393,13
91076,13
671,13
99278,13
26642,13
40855,13
24422,13
99285,13
26955,13
8913,13
90902,13
90793,13
92037,13
98953,13
58424,13
75952,13
23836,13
48349,13
27206,13
75935,13
98966,13
41784,13
9068,13
41782,13
72310,13
945,13
72315,13
90779,13
50007,13
7771,13
7775,13
48372,13
72333,13
75904,13
41775,13
936,13
7778,13
50043,13
92042,13
92044,13
23728,13
90706,13
23678,13
50103,13
23695,13
98888,13
50095,13
76085,13
57076,13
57079,13
98910,13
72193,13
58470,13
23803,13
76055,13
57081,13
9107,13
76038,13
76032,13
98912,13
27260,13
27256,13
48309,13
992,13
48319,13
49978,13
930,13
57180,13
48387,13
72433,13
41739,13
72451,13
72454,13
90848,13
27029,13
90854,13
72464,13
75712,13
27012,13
24037,13
99066,13
99070,13
58270,13
75677,13
40673,13
49915,13
850,13
24063,13
72503,13
844,13
7832,13
8929,13
24071,13
24073,13
23997,13
41747,13
57147,13
27109,13
7783,13
9038,13
9037,13
23903,13
72372,13
40595,13
72375,13
40598,13
99003,13
48398,13
23922,13
58370,13
57145,13
9015,13
27093,13
75790,13
23964,13
9011,13
48415,13
58357,13
8994,13
99042,13
48428,13
27061,13
75088,13
58006,13
72151,13
25163,13
25974,13
57682,13
73566,13
73570,13
25969,13
57678,13
25175,13
73602,13
99790,13
99797,13
73644,13
25232,13
185,13
25250,13
74422,13
25885,13
25884,13
49363,13
74410,13
41266,13
73678,13
74384,13
8296,13
57436,13
74371,13
99766,13
239,13
72993,13
74516,13
57750,13
8432,13
41154,13
74639,13
41161,13
41515,13
275,13
99713,13
57734,13
271,13
49455,13
57383,13
8045,13
8418,13
48956,13
26012,13
57705,13
41198,13
57700,13
91483,13
49423,13
8391,13
57697,13
74518,13
48974,13
74366,13
25307,13
41284,13
41289,13
91633,13
25686,13
74126,13
25665,13
8145,13
74105,13
49147,13
25513,13
73935,13
49154,13
74060,13
99959,13
74055,13
25628,13
28,13
27,13
41374,13
57501,13
99986,13
25606,13
74025,13
57496,13
99999,13
49206,13
25573,13
73880,13
73875,13
49267,13
91706,13
91565,13
49072,13
74324,13
49334,13
25346,13
8120,13
73786,13
25789,13
8127,13
41306,13
25764,13
99884,13
25445,13
25415,13
91583,13
41318,13
74213,13
57564,13
49294,13
8240,13
57470,13
49282,13
41334,13
25732,13
25042,13
41142,13
74665,13
474,13
40977,13
48751,13
24696,13
91229,13
8626,13
74954,13
26375,13
8616,13
99473,13
24740,13
24741,13
91236,13
40999,13
41589,13
8598,13
91265,13
57318,13
8586,13
73139,13
57907,13
74910,13
99488,13
57902,13
26321,13
73182,13
49628,13
91212,13
73090,13
91171,13
582,13
24587,13
41624,13
7934,13
91151,13
57996,13
41617,13
75082,13
8678,13
26463,13
24619,13
48715,13
74995,13
75052,13
24638,13
24641,13
24646,13
91199,13
75010,13
91201,13
73071,13
7949,13
57961,13
48743,13
475,13
49589,13
99684,13
26298,13
8488,13
74731,13
393,13
57360,13
73372,13
73373,13
367,13
8471,13
41535,13
365,13
91831,13
24982,13
91414,13
91415,13
41532,13
57366,13
99666,13
49490,13
41131,13
25014,13
73426,13
74668,13
313,13
48903,13
41139,13
26174,13
26176,13
49514,13
49545,13
24813,13
49580,13
26283,13
455,13
49558,13
49555,13
49551,13
8528,13
41551,13
443,13
41063,13
91341,13
8493,13
48839,13
57819,13
26216,13
73300,13
41078,13
91348,13
8505,13
48845,13
99557,13
73309,13
418,13
57071,13
7725,13
92574,13
9779,13
50706,13
98296,13
70926,13
77413,13
70934,13
22484,13
1588,13
42174,13
50676,13
22500,13
90099,13
98329,13
70956,13
9735,13
92406,13
22524,13
22525,13
98359,13
77359,13
59154,13
50654,13
42164,13
98360,13
59143,13
50645,13
70903,13
77442,13
71284,13
22439,13
98231,13
77559,13
70815,13
42211,13
92457,13
56658,13
42205,13
70822,13
77528,13
70828,13
77521,13
56664,13
56665,13
90024,13
77514,13
90028,13
77484,13
50718,13
98254,13
7342,13
70875,13
70876,13
98273,13
9785,13
22437,13
50644,13
28371,13
28370,13
22575,13
22668,13
90165,13
59056,13
22699,13
71165,13
50531,13
59039,13
39990,13
92362,13
50524,13
50520,13
71224,13
77134,13
77128,13
28177,13
98439,13
28170,13
59010,13
92348,13
7447,13
59004,13
28148,13
77059,13
71277,13
58982,13
9652,13
39968,13
28281,13
1525,13
59127,13
59124,13
50631,13
50624,13
22587,13
56711,13
90143,13
50614,13
71051,13
39930,13
28340,13
98401,13
22658,13
71071,13
28330,13
77284,13
56714,13
77262,13
56719,13
28308,13
92387,13
47805,13
39961,13
22656,13
70809,13
1689,13
22301,13
50850,13
47525,13
70538,13
21960,13
39638,13
1811,13
7256,13
59446,13
10008,13
1809,13
70550,13
1803,13
56588,13
56590,13
28879,13
47543,13
59434,13
21994,13
22007,13
47552,13
50854,13
92530,13
47561,13
22039,13
22042,13
42262,13
10025,13
10028,13
70524,13
28957,13
1868,13
77972,13
47498,13
21876,13
10067,13
70444,13
47504,13
39599,13
21891,13
28959,13
92571,13
70467,13
7252,13
28949,13
77936,13
77924,13
70485,13
50898,13
50894,13
89778,13
77887,13
28914,13
42296,13
1819,13
70602,13
9983,13
56646,13
59414,13
47612,13
42234,13
9911,13
9908,13
22218,13
39743,13
89920,13
59331,13
22219,13
22225,13
28666,13
22246,13
22247,13
70744,13
47627,13
56633,13
28635,13
92478,13
89966,13
50782,13
89968,13
89978,13
47637,13
28614,13
70801,13
28683,13
56630,13
70712,13
22156,13
70622,13
22107,13
70630,13
77706,13
89844,13
47584,13
70642,13
77692,13
70652,13
28748,13
70659,13
47590,13
47609,13
39710,13
22176,13
1736,13
47595,13
1734,13
59370,13
77656,13
39721,13
89893,13
89895,13
28693,13
9588,13
90222,13
90687,13
90525,13
98755,13
41913,13
56962,13
50218,13
1162,13
50215,13
58623,13
71886,13
56966,13
50213,13
41903,13
27579,13
71895,13
56971,13
76367,13
40359,13
23462,13
90577,13
76345,13
76343,13
71938,13
40376,13
98807,13
23513,13
50172,13
23376,13
90522,13
71301,13
27619,13
1230,13
27694,13
40278,13
76581,13
71793,13
71795,13
50268,13
76555,13
92181,13
23308,13
27670,13
23323,13
27653,13
40295,13
9326,13
71818,13
58661,13
23350,13
50252,13
90503,13
48118,13
7635,13
90513,13
23357,13
76489,13
76306,13
27490,13
41881,13
27484,13
41850,13
27405,13
48247,13
23614,13
57044,13
98859,13
58517,13
72092,13
90638,13
1059,13
72102,13
27377,13
27373,13
50114,13
76163,13
23645,13
23646,13
27360,13
23664,13
76141,13
40471,13
27350,13
48264,13
7722,13
50107,13
27409,13
92099,13
72073,13
57019,13
57007,13
23545,13
40394,13
72013,13
23551,13
98833,13
40402,13
58556,13
23560,13
90611,13
1090,13
57022,13
1082,13
48223,13
50148,13
76242,13
58545,13
23579,13
27437,13
23582,13
92102,13
48225,13
7689,13
27421,13
71783,13
41947,13
98702,13
71497,13
76946,13
1400,13
98538,13
58903,13
71413,13
47959,13
40121,13
76914,13
71447,13
27979,13
76898,13
71467,13
27960,13
9485,13
23001,13
90326,13
9481,13
27952,13
50380,13
23013,13
47978,13
76875,13
71494,13
92221,13
27931,13
42048,13
1414,13
22917,13
28088,13
28120,13
9576,13
90226,13
71305,13
22823,13
28098,13
50464,13
22839,13
1438,13
90241,13
22844,13
40067,13
40093,13
50458,13
42066,13
40071,13
50453,13
40074,13
76988,13
22882,13
1429,13
71371,13
58924,13
71386,13
92218,13
27925,13
1238,13
71500,13
71677,13
48046,13
58763,13
58762,13
56903,13
9377,13
27781,13
50310,13
50308,13
90457,13
90463,13
56914,13
1259,13
23203,13
76654,13
71735,13
98690,13
27736,13
92188,13
27729,13
23238,13
1244,13
50290,13
27722,13
27718,13
71674,13
71668,13
23144,13
41997,13
76861,13
23043,13
9448,13
90366,13
98586,13
90372,13
71533,13
90386,13
71535,13
42000,13
27895,13
71547,13
56872,13
1327,13
23086,13
27868,13
50356,13
23108,13
76770,13
1322,13
9409,13
98606,13
9405,13
9403,13
7475,13
24598,13
60326,13
33225,13
62134,13
43554,13
5899,13
65630,13
62126,13
12857,13
65641,13
33520,13
33519,13
86930,13
16873,13
43546,13
16878,13
82816,13
95759,13
16904,13
43542,13
16911,13
95763,13
16916,13
86957,13
86962,13
5909,13
16934,13
37059,13
65695,13
45355,13
4087,13
4095,13
16833,13
95686,13
33637,13
36959,13
5880,13
53301,13
45247,13
33625,13
16736,13
12915,13
82983,13
43572,13
86856,13
65569,13
65576,13
33542,13
36981,13
62161,13
86866,13
65596,13
4117,13
95713,13
95717,13
82883,13
5897,13
12876,13
82870,13
33544,13
37065,13
55133,13
33439,13
65857,13
65829,13
33304,13
17125,13
87036,13
55169,13
65847,13
65853,13
12707,13
61994,13
33279,13
53075,13
87050,13
43496,13
82615,13
17149,13
33255,13
33254,13
61974,13
65878,13
82571,13
82561,13
87062,13
65904,13
37176,13
12690,13
53052,13
3959,13
45423,13
37069,13
65760,13
37070,13
65716,13
65729,13
53156,13
45367,13
12783,13
95820,13
4008,13
17014,13
12778,13
12777,13
82707,13
86997,13
82621,13
37099,13
82693,13
33373,13
17057,13
45399,13
17061,13
65786,13
65795,13
87023,13
33332,13
12737,13
65809,13
65546,13
33640,13
65536,13
33950,13
16336,13
16342,13
83378,13
93956,13
65215,13
16379,13
13133,13
65230,13
16392,13
83330,13
55020,13
33956,13
83321,13
16311,13
5819,13
65258,13
5822,13
36825,13
83295,13
95549,13
62348,13
43629,13
93947,13
33915,13
16447,13
16451,13
55000,13
34018,13
4277,13
62429,13
86552,13
4398,13
65062,13
36713,13
34113,13
5798,13
16197,13
13215,13
53523,13
4372,13
16231,13
13208,13
86580,13
16299,13
4367,13
53501,13
4357,13
54980,13
95480,13
36752,13
83454,13
53496,13
86607,13
93966,13
45072,13
83420,13
83271,13
5829,13
33653,13
33725,13
36902,13
62264,13
33774,13
65412,13
62258,13
65418,13
83112,13
95626,13
12991,13
16616,13
33743,13
95631,13
95634,13
65389,13
16643,13
86794,13
95636,13
4184,13
45208,13
16682,13
16683,13
55085,13
95653,13
45225,13
95659,13
4162,13
36901,13
65385,13
33895,13
86740,13
95554,13
62332,13
55044,13
83247,13
4272,13
45126,13
86728,13
13051,13
36865,13
16496,13
65330,13
13040,13
93936,13
33805,13
13031,13
83214,13
95580,13
83208,13
95581,13
36880,13
13021,13
16526,13
83193,13
86756,13
36887,13
45164,13
17187,13
43491,13
3488,13
61955,13
17819,13
6127,13
43339,13
52732,13
81947,13
61602,13
12311,13
37514,13
45724,13
66527,13
81925,13
17878,13
17888,13
66559,13
17893,13
6142,13
55335,13
17909,13
81887,13
81877,13
37541,13
61571,13
32610,13
6143,13
32597,13
37551,13
3608,13
81965,13
17813,13
17812,13
66407,13
32809,13
45659,13
12407,13
32786,13
17725,13
32780,13
52779,13
87347,13
32776,13
82030,13
37461,13
17741,13
55309,13
32706,13
37469,13
12371,13
17774,13
81995,13
87385,13
81985,13
45699,13
87391,13
66469,13
3643,13
3636,13
55318,13
66613,13
66614,13
87500,13
32405,13
18087,13
18088,13
66742,13
12169,13
45827,13
87571,13
96275,13
3534,13
81664,13
3520,13
32411,13
18142,13
12142,13
96252,13
87600,13
18151,13
55379,13
32393,13
18163,13
61445,13
6175,13
37664,13
6177,13
3496,13
3493,13
3490,13
32479,13
96248,13
12249,13
61539,13
37559,13
61552,13
17982,13
12241,13
3592,13
12235,13
81767,13
3582,13
32537,13
96242,13
32535,13
18032,13
18033,13
37603,13
12228,13
12227,13
87518,13
81737,13
32513,13
87527,13
32511,13
81729,13
18060,13
87544,13
81727,13
66708,13
37438,13
66355,13
17694,13
3790,13
37255,13
66067,13
43453,13
3812,13
3811,13
96001,13
12588,13
33059,13
61874,13
87164,13
33057,13
45561,13
33041,13
82451,13
12582,13
17389,13
87187,13
87188,13
45574,13
33015,13
43441,13
17414,13
45576,13
82362,13
37304,13
93719,13
66057,13
17317,13
45588,13
87093,13
95927,13
55185,13
82554,13
82547,13
3895,13
17205,13
33192,13
53013,13
37201,13
12664,13
53009,13
53004,13
93778,13
95963,13
3863,13
17267,13
12640,13
95951,13
5980,13
33149,13
43462,13
33147,13
33136,13
33116,13
37241,13
66044,13
52885,13
66194,13
17691,13
32846,13
43397,13
61729,13
43393,13
82161,13
82156,13
82149,13
45638,13
37393,13
37397,13
55272,13
12455,13
87293,13
66334,13
66293,13
32843,13
61695,13
66335,13
96127,13
82113,13
96133,13
45651,13
66343,13
17672,13
17678,13
17686,13
17687,13
32882,13
32901,13
82324,13
17505,13
96073,13
6036,13
82321,13
43425,13
66199,13
17467,13
82307,13
61810,13
17475,13
6039,13
93707,13
82270,13
96085,13
55250,13
32944,13
55242,13
66238,13
12506,13
17527,13
82219,13
12497,13
61770,13
32912,13
6053,13
3731,13
37365,13
65041,13
45004,13
45003,13
4409,13
63069,13
14867,13
43990,13
94821,13
63063,13
63060,13
43988,13
44414,13
84846,13
54132,13
63044,13
14901,13
44417,13
14906,13
84817,13
84808,13
84803,13
84800,13
63034,13
35239,13
14984,13
43965,13
44443,13
84743,13
44444,13
63941,13
94262,13
63861,13
84875,13
5045,13
63829,13
13978,13
85765,13
5079,13
36040,13
63816,13
35353,13
35349,13
14801,13
63103,13
5072,13
54568,13
84925,13
63097,13
63080,13
5069,13
94799,13
36057,13
14825,13
36061,13
14826,13
84896,13
85779,13
85786,13
14854,13
35310,13
63854,13
85846,13
4988,13
13885,13
84491,13
84558,13
15147,13
35051,13
62940,13
43918,13
94218,13
4912,13
64187,13
62926,13
44556,13
35005,13
36224,13
4899,13
13829,13
15224,13
34984,13
15237,13
43907,13
34957,13
54651,13
4868,13
84423,13
13738,13
5570,13
84416,13
15277,13
35065,13
85914,13
44454,13
64058,13
63022,13
4980,13
35179,13
44467,13
36150,13
84657,13
94884,13
15059,13
54073,13
94896,13
4955,13
15082,13
54063,13
84574,13
84604,13
35108,13
84595,13
35096,13
62969,13
4942,13
43930,13
15119,13
85912,13
15122,13
4933,13
54632,13
44370,13
14760,13
44368,13
85602,13
14157,13
44199,13
35695,13
63288,13
35679,13
35864,13
35668,13
44211,13
44214,13
85597,13
35661,13
44085,13
44217,13
63299,13
14396,13
94423,13
5398,13
85614,13
94615,13
14405,13
94616,13
63494,13
35617,13
63504,13
14433,13
63242,13
5265,13
63435,13
54491,13
94494,13
14228,13
5328,13
14216,13
63376,13
14240,13
35779,13
94500,13
44152,13
14253,13
63385,13
94496,13
85525,13
35767,13
14167,13
54410,13
54409,13
63406,13
35819,13
14188,13
5337,13
35824,13
63408,13
35738,13
94571,13
94584,13
94471,13
14449,13
85231,13
84970,13
44022,13
54228,13
85705,13
35440,13
63744,13
14689,13
44351,13
14014,13
94365,13
5449,13
94755,13
54547,13
14004,13
54550,13
35978,13
63144,13
85728,13
63768,13
85730,13
54552,13
84981,13
5466,13
85745,13
36020,13
36021,13
63787,13
54203,13
85703,13
85696,13
35593,13
44292,13
35914,13
35574,13
14096,13
35570,13
14088,13
35932,13
14494,13
85185,13
54274,13
5415,13
63204,13
54526,13
63189,13
14659,13
35952,13
14553,13
54260,13
94701,13
63659,13
14593,13
85098,13
63694,13
63699,13
54238,13
14634,13
14638,13
62896,13
15283,13
64276,13
53639,13
15910,13
43764,13
5726,13
15921,13
34370,13
13437,13
64814,13
64817,13
54858,13
94048,13
36556,13
83785,13
94046,13
44891,13
44908,13
53636,13
44913,13
64849,13
53634,13
53631,13
53629,13
15973,13
13396,13
64872,13
16001,13
13372,13
54843,13
64788,13
83691,13
62632,13
64729,13
86240,13
4614,13
95226,13
15820,13
62636,13
83895,13
34438,13
4585,13
4582,13
83877,13
4571,13
13487,13
86293,13
5712,13
62625,13
83859,13
13486,13
36520,13
15881,13
94069,13
44877,13
15886,13
95286,13
86286,13
34397,13
16018,13
64891,13
95218,13
16148,13
34208,13
62505,13
13300,13
4443,13
95417,13
64972,13
62503,13
36661,13
64989,13
83570,13
34186,13
36669,13
43696,13
34215,13
65013,13
36682,13
62480,13
13263,13
5783,13
34166,13
44986,13
65019,13
83549,13
16156,13
4429,13
95432,13
16111,13
62517,13
36596,13
16070,13
86424,13
36598,13
64895,13
16047,13
95367,13
83667,13
44951,13
83657,13
62551,13
64911,13
64919,13
44953,13
54888,13
62518,13
83627,13
43730,13
4468,13
36623,13
62543,13
64943,13
4466,13
36632,13
86457,13
34225,13
86468,13
36642,13
43785,13
86224,13
64278,13
4753,13
34811,13
43866,13
94156,13
53853,13
84291,13
62823,13
84286,13
62821,13
13662,13
54729,13
84274,13
64432,13
84230,13
53867,13
44705,13
34750,13
4741,13
36349,13
84189,13
64474,13
13632,13
95118,13
62785,13
84161,13
4716,13
34700,13
84320,13
15384,13
84130,13
13696,13
94980,13
64292,13
15300,13
34909,13
4852,13
34902,13
15320,13
53934,13
4839,13
13708,13
86031,13
4828,13
84365,13
15379,13
34872,13
54689,13
62858,13
5596,13
95036,13
94179,13
64350,13
84352,13
62850,13
15363,13
62848,13
36304,13
15542,13
94132,13
64719,13
13538,13
15682,13
84013,13
54789,13
13568,13
36437,13
86180,13
34548,13
4650,13
83987,13
15736,13
62669,13
54797,13
44808,13
95159,13
53733,13
54808,13
86205,13
83971,13
15761,13
53731,13
5693,13
64695,13
64702,13
15773,13
64715,13
15794,13
34577,13
36423,13
13620,13
5654,13
15556,13
84115,13
84106,13
95141,13
34646,13
34644,13
64536,13
86123,13
34639,13
62738,13
86132,13
64551,13
53786,13
15664,13
43825,13
44758,13
36406,13
4690,13
5658,13
64559,13
64568,13
44764,13
15628,13
36416,13
15641,13
43818,13
32362,13
45531,13
88392,13
68610,13
60857,13
51912,13
18791,13
38607,13
18794,13
11567,13
38450,13
80066,13
81116,13
80985,13
67848,13
31778,13
31374,13
96645,13
52320,13
52316,13
11287,13
61134,13
11293,13
46716,13
2690,13
52349,13
68623,13
96878,13
11810,13
19282,13
88219,13
3237,13
67418,13
31812,13
46137,13
93394,13
51916,13
93067,13
79794,13
55622,13
3037,13
46352,13
11581,13
19980,13
97059,13
3195,13
96667,13
61096,13
19751,13
19247,13
97224,13
14230,13
38462,13
93162,13
38015,13
31398,13
52170,13
55719,13
55941,13
52309,13
30690,13
11762,13
19720,13
61114,13
19269,13
11777,13
68603,13
93375,13
37996,13
52315,13
80923,13
19264,13
46171,13
67478,13
61105,13
30695,13
80531,13
42822,13
46565,13
20004,13
55962,13
18712,13
81084,13
3256,13
51717,13
30643,13
68656,13
42810,13
19313,13
31869,13
67364,13
80490,13
46301,13
18727,13
52365,13
20041,13
81094,13
3012,13
87933,13
93451,13
2873,13
20074,13
88258,13
97027,13
80471,13
18686,13
46097,13
6744,13
2864,13
80473,13
68679,13
81109,13
93045,13
31901,13
87909,13
93183,13
42812,13
67395,13
87951,13
46728,13
3250,13
52355,13
46119,13
31843,13
31351,13
88504,13
88234,13
81047,13
19685,13
88727,13
46561,13
80086,13
11297,13
11820,13
51735,13
11545,13
46109,13
80093,13
20037,13
6341,13
30654,13
68270,13
55598,13
61173,13
96604,13
80494,13
11842,13
80095,13
88732,13
88491,13
11540,13
87947,13
68273,13
31404,13
19238,13
61090,13
31579,13
79977,13
38533,13
38096,13
46250,13
96754,13
52238,13
19063,13
42869,13
11665,13
80712,13
96756,13
79974,13
19895,13
55691,13
11660,13
93311,13
97150,13
19892,13
3084,13
79996,13
3138,13
68493,13
19796,13
42859,13
19034,13
11163,13
46607,13
11233,13
30774,13
61003,13
88098,13
11620,13
11678,13
30775,13
80689,13
60537,13
67631,13
55678,13
93318,13
11211,13
31515,13
55681,13
31509,13
2791,13
31507,13
52212,13
38510,13
3114,13
46626,13
68424,13
79958,13
68422,13
52207,13
42877,13
19866,13
2780,13
80673,13
80614,13
88622,13
67772,13
19888,13
30814,13
43076,13
80685,13
19163,13
68421,13
31474,13
19096,13
19872,13
38518,13
88130,13
19871,13
93102,13
19928,13
80282,13
55924,13
46699,13
6408,13
2704,13
80862,13
68546,13
38040,13
52177,13
93367,13
52278,13
68358,13
61055,13
18932,13
88060,13
11714,13
80836,13
30904,13
43035,13
68537,13
67810,13
3050,13
11747,13
38584,13
60883,13
68346,13
11744,13
38022,13
19973,13
96677,13
67822,13
19758,13
46341,13
38032,13
38470,13
6477,13
55869,13
11607,13
80004,13
52188,13
19006,13
88673,13
68496,13
38557,13
96741,13
3142,13
60920,13
19174,13
93097,13
96746,13
19781,13
67779,13
38552,13
80747,13
38551,13
68509,13
6426,13
67571,13
52187,13
31661,13
46325,13
68372,13
93149,13
6421,13
38063,13
38064,13
11703,13
97203,13
51775,13
67596,13
79843,13
80768,13
68523,13
96829,13
31001,13
46552,13
67100,13
68122,13
20219,13
96387,13
52068,13
68850,13
93259,13
38717,13
19421,13
81433,13
55978,13
55455,13
81426,13
60764,13
68847,13
20213,13
51648,13
88337,13
2959,13
52063,13
66990,13
42949,13
46453,13
31122,13
68861,13
38364,13
55444,13
68117,13
88861,13
18323,13
93245,13
52534,13
79591,13
3432,13
30470,13
52008,13
12037,13
18411,13
20210,13
68823,13
67305,13
2903,13
30527,13
80406,13
18476,13
60405,13
3365,13
2901,13
60417,13
55492,13
42782,13
31092,13
88322,13
31088,13
51667,13
87796,13
46792,13
45985,13
38371,13
60401,13
18421,13
52076,13
81381,13
52077,13
31114,13
68123,13
18431,13
2969,13
38704,13
46430,13
67071,13
81378,13
11986,13
87772,13
96442,13
18309,13
61369,13
45924,13
93212,13
52585,13
79560,13
81565,13
2932,13
30431,13
87644,13
81558,13
80276,13
31135,13
68099,13
68056,13
66908,13
96963,13
45899,13
11420,13
31139,13
42748,13
87657,13
2929,13
37676,13
81602,13
30413,13
68925,13
81598,13
81594,13
96984,13
81593,13
10944,13
11402,13
52602,13
2563,13
46479,13
79556,13
56028,13
38746,13
55804,13
96362,13
46491,13
37713,13
18272,13
45914,13
19456,13
3457,13
38360,13
80357,13
30460,13
2949,13
12073,13
61384,13
32273,13
68870,13
18284,13
55424,13
12077,13
97347,13
2945,13
60735,13
20258,13
30441,13
52574,13
38741,13
38355,13
96953,13
68041,13
32299,13
61406,13
61403,13
19524,13
87666,13
96344,13
93236,13
38357,13
68798,13
19151,13
46068,13
97011,13
60792,13
67930,13
68202,13
96513,13
81245,13
18619,13
68165,13
11059,13
68215,13
60788,13
11516,13
88452,13
67206,13
2649,13
81254,13
32043,13
61235,13
96541,13
87827,13
97305,13
6537,13
43184,13
96494,13
18546,13
81207,13
32019,13
61273,13
20121,13
18591,13
52105,13
2644,13
68749,13
96925,13
52442,13
6271,13
61252,13
88769,13
2648,13
68765,13
67941,13
79686,13
68167,13
46409,13
38282,13
96532,13
60670,13
32015,13
19379,13
81217,13
37851,13
68200,13
32018,13
2650,13
60435,13
79672,13
2619,13
11955,13
43215,13
46513,13
51668,13
18543,13
31302,13
6577,13
2880,13
6542,13
80455,13
11069,13
80464,13
31921,13
68241,13
88268,13
79649,13
61286,13
2660,13
46378,13
51991,13
68706,13
11073,13
67116,13
81297,13
67124,13
80137,13
60444,13
93203,13
6291,13
3342,13
81169,13
81154,13
93506,13
60442,13
6248,13
3348,13
68218,13
67255,13
30547,13
2858,12
97624,12
99214,12
46611,12
6981,12
97652,12
44775,12
95032,12
7863,12
94121,12
95147,12
55852,12
2315,12
48580,12
55810,12
94060,12
53910,12
5589,12
579,12
6653,12
42569,12
2918,12
97669,12
55890,12
48583,12
97036,12
699,12
41616,12
2881,12
6662,12
2896,12
42608,12
2275,12
95270,12
99380,12
99250,12
47089,12
95172,12
91930,12
55891,12
54816,12
44677,12
5604,12
44702,12
42903,12
57228,12
54799,12
57209,12
5626,12
53833,12
48640,12
94090,12
56188,12
99296,12
47107,12
99331,12
4714,12
95126,12
5640,12
5641,12
4762,12
97639,12
95211,12
53737,12
51984,12
6576,12
51309,12
42592,12
95102,12
648,12
2847,12
4737,12
95208,12
93164,12
49708,12
44821,12
95095,12
55817,12
97010,12
42563,12
629,12
42566,12
51300,12
51921,12
55853,12
46493,12
97642,12
51895,12
2334,12
42568,12
97599,12
95259,12
48568,12
2854,12
95180,12
44673,12
4780,12
719,12
56238,12
92808,12
52010,12
95176,12
97037,12
94094,12
53795,12
43778,12
677,12
53741,12
91957,12
95133,12
48673,12
57256,12
2825,12
46563,12
601,12
49759,12
49676,12
44686,12
6586,12
95245,12
95075,12
4706,12
53860,12
7868,12
42570,12
47601,12
99402,12
94724,12
97304,12
5143,12
51670,12
199,12
49008,12
49392,12
200,12
41473,12
41464,12
44328,12
91755,12
49001,12
49000,12
41479,12
49396,12
46902,12
91746,12
44303,12
5182,12
2490,12
94674,12
5414,12
41451,12
46890,12
54272,12
6836,12
44290,12
6761,12
94690,12
44296,12
165,12
91736,12
8107,12
46898,12
177,12
181,12
99773,12
46773,12
46904,12
46923,12
248,12
99742,12
94761,12
48958,12
46756,12
5094,12
51701,12
97261,12
54235,12
93044,12
99723,12
8047,12
44015,12
48935,12
44372,12
272,12
5455,12
42681,12
247,12
2476,12
44035,12
42794,12
94745,12
234,12
41488,12
8076,12
49413,12
97464,12
8071,12
57401,12
6847,12
5110,12
44027,12
54212,12
42683,12
49344,12
54292,12
92932,12
44186,12
97394,12
46821,12
94570,12
46820,12
54390,12
5277,12
94582,12
41414,12
44168,12
2537,12
44115,12
51629,12
99930,12
99928,12
99925,12
99923,12
5291,12
2540,12
5411,12
97362,12
94503,12
94506,12
46836,12
44151,12
97381,12
17,12
49233,12
54413,12
44166,12
97361,12
41398,12
97355,12
51592,12
92996,12
99967,12
54408,12
78,12
92979,12
44195,12
55994,12
57450,12
42720,12
2598,12
92961,12
92960,12
92958,12
94644,12
44243,12
2585,12
2600,12
6831,12
5199,12
44260,12
49066,12
55979,12
153,12
49099,12
8132,12
42722,12
44216,12
94587,12
99902,12
97400,12
49111,12
57465,12
44105,12
94588,12
56007,12
8137,12
93020,12
51642,12
2590,12
49301,12
44087,12
102,12
8029,12
54192,12
44616,12
48784,12
97207,12
2714,12
54061,12
47001,12
41567,12
47002,12
44500,12
5539,12
97217,12
57337,12
99494,12
2733,12
97181,12
44512,12
97177,12
6699,12
48790,12
93094,12
55926,12
48813,12
91861,12
41553,12
48822,12
4984,12
54095,12
94877,12
41555,12
99511,12
92878,12
42639,12
48807,12
48806,12
4978,12
48804,12
49568,12
4977,12
498,12
54040,12
2366,12
47041,12
41603,12
46644,12
53970,12
44587,12
44588,12
41608,12
4862,12
49638,12
44524,12
2788,12
43892,12
4853,12
99413,12
43889,12
97594,12
94189,12
5563,12
46645,12
2759,12
4886,12
48767,12
42628,12
2748,12
55914,12
54026,12
43916,12
44546,12
99471,12
2751,12
57303,12
99454,12
6907,12
56160,12
54645,12
43909,12
54101,12
51456,12
94790,12
54157,12
92923,12
49487,12
94803,12
46725,12
46724,12
92921,12
94807,12
48885,12
51489,12
99647,12
2687,12
46959,12
41533,12
92914,12
46718,12
2692,12
94320,12
46726,12
55928,12
288,12
49462,12
5075,12
279,12
42673,12
99705,12
93059,12
99703,12
49474,12
51500,12
6857,12
94792,12
289,12
97245,12
303,12
97238,12
56116,12
43992,12
42824,12
2438,12
42836,12
44431,12
43976,12
42834,12
91856,12
44435,12
92889,12
48841,12
4997,12
54152,12
2391,12
437,12
44445,12
5513,12
49547,12
4993,12
46706,12
46978,12
99562,12
91851,12
2408,12
44408,12
5489,12
43986,12
94302,12
397,12
54140,12
94826,12
55948,12
97523,12
402,12
56129,12
97226,12
48850,12
51748,12
43981,12
2702,12
53524,12
49877,12
3817,12
42068,12
1928,12
96019,12
7186,12
52372,12
52920,12
52373,12
47889,12
1450,12
6012,12
3786,12
96033,12
93456,12
3774,12
93727,12
50962,12
1916,12
52944,12
42065,12
96584,12
50982,12
55599,12
3859,12
98521,12
98004,12
52975,12
92622,12
50428,12
98512,12
7502,12
3844,12
7498,12
42057,12
95972,12
46111,12
2562,12
7483,12
45534,12
92334,12
6024,12
93770,12
47856,12
45601,12
55544,12
6280,12
96088,12
96093,12
45610,12
50939,12
47478,12
96105,12
92595,12
45619,12
46046,12
52849,12
93696,12
42122,12
50537,12
55532,12
50518,12
7432,12
42080,12
50506,12
7459,12
55230,12
52894,12
6032,12
56768,12
92337,12
47460,12
55566,12
96071,12
92345,12
7201,12
50499,12
6304,12
55552,12
45594,12
6299,12
7434,12
1413,12
55198,12
53654,12
50359,12
3964,12
53099,12
47997,12
7570,12
53091,12
1339,12
96648,12
43502,12
47990,12
53089,12
95879,12
1989,12
47987,12
56473,12
96640,12
7563,12
45442,12
46175,12
43511,12
43122,12
1323,12
95837,12
1286,12
50327,12
3986,12
92191,12
53125,12
7590,12
98623,12
53120,12
53119,12
93370,12
98616,12
3971,12
45408,12
53104,12
3969,12
43512,12
47387,12
98571,12
47929,12
45473,12
3879,12
98552,12
51000,12
95942,12
56813,12
7530,12
3868,12
1956,12
47955,12
1383,12
1392,12
55191,12
52999,12
46122,12
43473,12
3251,12
43142,12
43133,12
43485,12
53064,12
1365,12
97959,12
43126,12
42010,12
97962,12
96638,12
53053,12
93393,12
42020,12
3230,12
97968,12
51011,12
98570,12
7164,12
47408,12
92244,12
50381,12
52344,12
50551,12
3730,12
52447,12
3440,12
55439,12
7330,12
98153,12
96236,12
93561,12
47575,12
47664,12
3451,12
55348,12
47659,12
52686,12
50746,12
55352,12
45793,12
96346,12
55410,12
1744,12
96370,12
3437,12
50835,12
47682,12
96396,12
42279,12
45738,12
47540,12
93541,12
52526,12
52713,12
93543,12
3430,12
56677,12
42186,12
1638,12
43328,12
93544,12
1642,12
52704,12
7262,12
96247,12
42251,12
1492,12
3530,12
1709,12
50803,12
45891,12
96332,12
96300,12
55377,12
96331,12
96325,12
92491,12
55383,12
1733,12
6174,12
45859,12
1714,12
52608,12
1732,12
56623,12
96337,12
3533,12
3556,12
56621,12
47641,12
98218,12
50776,12
55357,12
47634,12
96339,12
3546,12
42222,12
52655,12
96267,12
98181,12
47628,12
45829,12
52639,12
55368,12
1700,12
3472,12
96197,12
98307,12
45735,12
52812,12
42144,12
7227,12
50911,12
6256,12
98390,12
93667,12
43370,12
46010,12
43368,12
56710,12
6237,12
50622,12
96470,12
98096,12
45661,12
52789,12
93659,12
47797,12
50925,12
43243,12
93679,12
50558,12
50559,12
52448,12
1874,12
46042,12
7398,12
6062,12
50564,12
98422,12
96119,12
1501,12
52827,12
96520,12
98417,12
55266,12
98414,12
50586,12
92560,12
55499,12
45669,12
52780,12
92549,12
7370,12
7368,12
96439,12
45711,12
3629,12
92546,12
55479,12
96435,12
96431,12
45971,12
6221,12
3400,12
1605,12
45721,12
45963,12
52521,12
93635,12
3654,12
6102,12
3360,12
52484,12
1831,12
93654,12
47746,12
7245,12
92401,12
3672,12
3670,12
3370,12
6094,12
55307,12
55496,12
98102,12
3364,12
45687,12
3657,12
7592,12
48039,12
47371,12
55738,12
93980,12
45024,12
97758,12
42238,12
41783,12
56293,12
953,12
98968,12
4379,12
98958,12
92032,12
46368,12
53520,12
6507,12
96881,12
6504,12
4365,12
3013,12
47201,12
54973,12
45010,12
48390,12
46391,12
47193,12
48388,12
55748,12
57120,12
4437,12
92755,12
96898,12
95422,12
46376,12
44992,12
4415,12
98989,12
48375,12
57114,12
98984,12
53503,12
46360,12
53461,12
1017,12
48290,12
53481,12
50093,12
55015,12
96858,12
4320,12
92068,12
6493,12
50097,12
93954,12
92728,12
53468,12
4306,12
43641,12
48268,12
4305,12
53464,12
1018,12
95502,12
50037,12
1016,12
43668,12
45052,12
45053,12
98933,12
97776,12
56297,12
95484,12
993,12
98927,12
1000,12
42496,12
48308,12
53495,12
98918,12
50080,12
50082,12
54988,12
53570,12
41766,12
54932,12
42964,12
49908,12
53604,12
46451,12
848,12
53596,12
2255,12
44942,12
57176,12
4486,12
55779,12
55776,12
54878,12
47159,12
2968,12
57162,12
42530,12
54884,12
54874,12
53614,12
5782,12
47144,12
91977,12
99123,12
91979,12
799,12
49886,12
97673,12
800,12
53648,12
812,12
49900,12
41710,12
94042,12
93235,12
52044,12
55800,12
828,12
831,12
42529,12
96931,12
7000,12
43726,12
49938,12
99031,12
7791,12
48416,12
94017,12
97735,12
46419,12
97736,12
51210,12
52100,12
53572,12
2207,12
912,12
55753,12
99010,12
917,12
43700,12
54910,12
54908,12
57143,12
97713,12
92772,12
2979,12
48435,12
92001,12
92004,12
54896,12
877,12
95388,12
99038,12
54898,12
41748,12
5758,12
95396,12
42983,12
4456,12
6540,12
55028,12
1050,12
95828,12
4111,12
1192,12
56953,12
41927,12
5895,12
45288,12
51094,12
96744,12
53245,12
98733,12
43555,12
96739,12
56425,12
92165,12
51089,12
51085,12
56427,12
1205,12
97852,12
92663,12
5901,12
93854,12
45250,12
93343,12
92150,12
5885,12
92153,12
1166,12
48143,12
2090,12
1175,12
97846,12
1177,12
50233,12
45260,12
53286,12
53284,12
4122,12
95703,12
98728,12
95736,12
45105,12
98684,12
41960,12
97914,12
51057,12
95810,12
41962,12
1265,12
98677,12
43107,12
4009,12
3186,12
5921,12
50313,12
53144,12
42391,12
55154,12
51042,12
98660,12
4016,12
98689,12
55654,12
56454,12
52263,12
55653,12
4073,12
46222,12
53199,12
3165,12
97897,12
97898,12
48085,12
52269,12
41950,12
95774,12
52274,12
45345,12
55648,12
52276,12
56919,12
52241,12
92147,12
46255,12
50129,12
43047,12
57036,12
95569,12
95571,12
98846,12
92096,12
53429,12
42465,12
1083,12
1084,12
56361,12
53417,12
92708,12
50146,12
45149,12
43050,12
92699,12
5833,12
42470,12
93341,12
96824,12
47239,12
7717,12
46330,12
98872,12
6474,12
3069,12
4282,12
3072,12
41839,12
6466,12
57048,12
98868,12
50120,12
97797,12
7708,12
2143,12
5830,12
3089,12
47268,12
51144,12
55057,12
46276,12
43074,12
4172,12
92138,12
56977,12
3118,12
50196,12
53321,12
7653,12
48173,12
1140,12
52221,12
6437,12
95672,12
53304,12
48161,12
1157,12
43072,12
7102,12
56380,12
43061,12
4234,12
4228,12
51134,12
4215,12
2116,12
98819,12
97829,12
95629,12
53350,12
46281,12
5857,12
56379,12
48196,12
97831,12
55076,12
6444,12
55933,12
87286,12
19056,12
37227,12
61845,12
61847,12
24513,12
61854,12
87202,12
61864,12
37267,12
76942,12
61879,12
87159,12
37236,12
67241,12
26569,12
71407,12
87122,12
12629,12
87120,12
81147,12
87224,12
18671,12
37339,12
37374,12
61740,12
12482,12
87267,12
37351,12
87258,12
61795,12
12514,12
24520,12
61804,12
37332,12
81124,12
26548,12
87243,12
12526,12
37318,12
75148,12
67236,12
76919,12
67221,12
37127,12
72897,12
37123,12
87016,12
26595,12
12768,12
75182,12
18571,12
62065,12
24472,12
37076,12
24470,12
37067,12
24468,12
37063,12
24467,12
72872,12
22952,12
67183,12
67187,12
12680,12
61919,12
61929,12
37210,12
24494,12
61930,12
61934,12
12679,12
12685,12
61998,12
31994,12
32000,12
12699,12
75175,12
61979,12
67193,12
18598,12
67321,12
75125,12
67328,12
31879,12
37622,12
12181,12
61508,12
12218,12
18836,12
67459,12
61548,12
87513,12
28046,12
73000,12
67458,12
37548,12
37547,12
12261,12
24586,12
61592,12
87438,12
67475,12
76972,12
12136,12
61414,12
67541,12
12063,12
12066,12
18903,12
61383,12
87673,12
26461,12
67500,12
67485,12
61427,12
75070,12
80892,12
31723,12
18887,12
80897,12
76975,12
80993,12
72994,12
37508,12
81054,12
61688,12
87319,12
12451,12
31848,12
31849,12
72949,12
61707,12
18736,12
37422,12
37395,12
61715,12
22928,12
18731,12
37382,12
61732,12
67356,12
31845,12
37424,12
12324,12
87381,12
24580,12
18784,12
76962,12
87404,12
18771,12
26500,12
18770,12
18760,12
61683,12
67411,12
24558,12
61645,12
24548,12
26520,12
61667,12
81042,12
62090,12
86950,12
80003,12
86317,12
26742,12
13327,12
18216,12
36616,12
86452,12
66878,12
32338,12
66874,12
72719,12
62567,12
18189,12
86385,12
32360,12
86352,12
72703,12
76789,12
86319,12
86456,12
71566,12
62536,12
24336,12
86524,12
86523,12
66931,12
32291,12
18262,12
18257,12
32310,12
86496,12
26739,12
36657,12
86492,12
86487,12
32313,12
86484,12
23076,12
81561,12
72686,12
62605,12
72865,12
81630,12
66795,12
32440,12
62665,12
81684,12
13577,12
86150,12
66766,12
62704,12
26784,12
76722,12
66749,12
36413,12
62719,12
13599,12
36403,12
76708,12
86120,12
81661,12
71615,12
62659,12
71609,12
36536,12
86296,12
86290,12
27857,12
62615,12
27846,12
86273,12
13503,12
86209,12
81650,12
32415,12
86233,12
62653,12
23125,12
18137,12
86210,12
23060,12
36694,12
32279,12
81507,12
18475,12
24410,12
26654,12
32137,12
62259,12
36907,12
86767,12
67056,12
36894,12
86762,12
67053,12
26662,12
67049,12
26663,12
13027,12
13032,12
67047,12
86811,12
36950,12
12926,12
81287,12
72861,12
81270,12
62113,12
24438,12
75218,12
86898,12
37017,12
18520,12
62175,12
67135,12
86876,12
76909,12
86872,12
81317,12
18488,12
24414,12
86719,12
32170,12
81388,12
72768,12
32228,12
23051,12
75340,12
26705,12
66971,12
66966,12
86588,12
66951,12
66983,12
66943,12
36729,12
62438,12
13217,12
13228,12
36714,12
66938,12
36777,12
18331,12
32173,12
81427,12
72795,12
72792,12
67029,12
18386,12
23028,12
13085,12
23033,12
86699,12
62388,12
86676,12
62362,12
36809,12
13137,12
81450,12
23047,12
81466,12
37731,12
18909,12
12052,12
31233,12
71158,12
19467,12
80367,12
38492,12
68021,12
88572,12
26248,12
19438,12
19429,12
67988,12
31223,12
60608,12
88532,12
71179,12
77161,12
38453,12
74818,12
88594,12
19470,12
60562,12
68101,12
80261,12
38582,12
88686,12
38576,12
19527,12
38561,12
11156,12
74813,12
11206,12
80286,12
80288,12
68074,12
28255,12
19489,12
31169,12
11193,12
67986,12
31238,12
87702,12
71199,12
88403,12
60714,12
67943,12
88382,12
77150,12
24825,12
88369,12
80437,12
88364,12
19362,12
88356,12
88355,12
67928,12
11467,12
11472,12
11476,12
11477,12
26286,12
11384,12
88416,12
24831,12
88486,12
19410,12
38411,12
60658,12
74847,12
80414,12
88459,12
38394,12
74849,12
38393,12
19396,12
88446,12
31261,12
88434,12
19384,12
38379,12
31112,12
11125,12
26228,12
80256,12
38774,12
38773,12
38770,12
68295,12
10929,12
22618,12
88898,12
71082,12
38751,12
80080,12
88876,12
88868,12
88867,12
71089,12
19690,12
80090,12
30974,12
10923,12
10918,12
19726,12
80016,12
88971,12
88968,12
88958,12
30886,12
60250,12
10872,12
38818,12
10875,12
60299,12
10876,12
22611,12
60274,12
19754,12
88942,12
30920,12
38791,12
88855,12
38722,12
11011,12
19586,12
71107,12
24894,12
60456,12
73284,12
68172,12
77225,12
60469,12
88721,12
38644,12
11108,12
38617,12
28271,12
80217,12
88704,12
19544,12
19538,12
11079,12
38646,12
19674,12
38685,12
74762,12
11016,12
19672,12
28303,12
88817,12
68250,12
77235,12
30998,12
68219,12
60423,12
24897,12
30999,12
68245,12
11061,12
88765,12
68224,12
60776,12
19358,12
31292,12
28133,12
19119,12
31524,12
87920,12
61187,12
80687,12
24670,12
11878,12
77038,12
61206,12
77032,12
77029,12
80706,12
87877,12
24652,12
67650,12
11903,12
28095,12
61175,12
67742,12
37932,12
37964,12
24694,12
67760,12
31485,12
26396,12
37971,12
37966,12
71295,12
80625,12
37933,12
37957,12
19140,12
80635,12
71304,12
71311,12
67750,12
37935,12
67649,12
61244,12
11905,12
61336,12
61324,12
73050,12
26441,12
26450,12
37774,12
75059,12
18952,12
80829,12
28078,12
80857,12
76994,12
87720,12
37752,12
22867,12
87705,12
61365,12
31655,12
87762,12
61249,12
18992,12
31582,12
80718,12
67625,12
37852,12
87839,12
87828,12
87815,12
61276,12
87773,12
31637,12
71332,12
26430,12
67587,12
37807,12
26436,12
22863,12
31481,12
11781,12
24806,12
73104,12
31343,12
26324,12
60866,12
28185,12
24772,12
38191,12
80503,12
11594,12
19293,12
88189,12
88182,12
26332,12
77127,12
67845,12
11611,12
11627,12
11630,12
31332,12
31318,12
38222,12
80454,12
88317,12
11492,12
67923,12
19355,12
60793,12
88309,12
38267,12
80460,12
11548,12
24802,12
26304,12
24799,12
60833,12
24792,12
74895,12
88254,12
60932,12
73141,12
38142,12
80602,12
88094,12
74934,12
88078,12
22780,12
61035,12
19184,12
88066,12
74951,12
60997,12
67787,12
88054,12
67785,12
38033,12
74953,12
77056,12
11761,12
67806,12
19203,12
26351,12
26356,12
26352,12
80544,12
38128,12
11645,12
38125,12
31402,12
19237,12
31424,12
60991,12
19215,12
11654,12
88121,12
60971,12
11658,12
22764,12
38106,12
66736,12
86112,12
66711,12
84325,12
34885,12
16724,12
82997,12
34881,12
65549,12
65544,12
75957,12
83008,12
16707,12
76355,12
65528,12
27546,12
33669,12
15341,12
34842,12
33676,12
16699,12
16731,12
82981,12
64313,12
65594,12
33564,12
82897,12
84417,12
72290,12
72288,12
15282,12
82922,12
23456,12
75956,12
72286,12
64296,12
33593,12
27218,12
84378,12
15317,12
34891,12
15370,12
71942,12
84746,12
15376,12
84292,12
16622,12
84288,12
71959,12
23798,12
71967,12
15429,12
83093,12
34780,12
64431,12
83095,12
75978,12
33744,12
84242,12
65434,12
84225,12
15466,12
76320,12
23494,12
16635,12
16663,12
83029,12
15383,12
72259,12
23818,12
75965,12
83042,12
15387,12
84322,12
64403,12
15391,12
64387,12
16652,12
71944,12
76337,12
71946,12
84309,12
33563,12
84433,12
76371,12
76372,12
16965,12
35166,12
64014,12
16964,12
35161,12
15060,12
16959,12
84642,12
65705,12
16946,12
15077,12
84640,12
76427,12
64063,12
82772,12
15095,12
16918,12
64011,12
23877,12
82743,12
33402,12
17029,12
14990,12
17027,12
84721,12
75875,12
15011,12
27139,12
35191,12
84668,12
33410,12
84696,12
76437,12
82720,12
63987,12
82721,12
33414,12
23872,12
84581,12
27584,12
75921,12
35029,12
71894,12
16858,12
64196,12
33526,12
15200,12
76376,12
16846,12
35031,12
15219,12
82848,12
34988,12
16828,12
33545,12
76374,12
27190,12
16867,12
16871,12
82788,12
15148,12
35082,12
65661,12
84580,12
27163,12
84566,12
65658,12
33495,12
65654,12
35036,12
15149,12
84543,12
76412,12
33499,12
16880,12
15157,12
16876,12
84206,12
75979,12
27246,12
83874,12
83452,12
15930,12
27341,12
64829,12
34357,12
72149,12
72058,12
83463,12
23674,12
83762,12
83761,12
83760,12
15957,12
83474,12
83753,12
34328,12
15981,12
23675,12
83447,12
76237,12
65126,12
15873,12
23565,12
34415,12
15880,12
83852,12
34408,12
83427,12
34049,12
64799,12
76120,12
34398,12
34395,12
64789,12
76126,12
34052,12
76127,12
34321,12
34085,12
83724,12
83593,12
34121,12
16096,12
65055,12
16106,12
83532,12
76178,12
64961,12
64969,12
34120,12
72075,12
27408,12
16151,12
27386,12
76208,12
16160,12
16158,12
83629,12
72071,12
15996,12
16232,12
16238,12
16003,12
16009,12
83708,12
65078,12
16022,12
16023,12
83493,12
16187,12
83505,12
72127,12
34272,12
34107,12
83520,12
34268,12
16067,12
23564,12
64766,12
64464,12
34428,12
83191,12
15588,12
83198,12
34629,12
15607,12
83211,12
34615,12
15629,12
15639,12
34602,12
76006,12
23775,12
34585,12
64607,12
34580,12
27269,12
27467,12
34649,12
83183,12
27254,12
84170,12
34737,12
84193,12
16593,12
84188,12
76315,12
64472,12
64478,12
83146,12
33814,12
76310,12
16564,12
34697,12
16553,12
76292,12
15546,12
83180,12
15677,12
15703,12
15705,12
33978,12
34465,12
76086,12
83337,12
65225,12
83352,12
23701,12
16372,12
83902,12
15812,12
16347,12
83890,12
83885,12
15852,12
16331,12
83408,12
65160,12
34469,12
23713,12
15706,12
64679,12
16482,12
34526,12
27283,12
72205,12
16446,12
15746,12
34515,12
64681,12
83316,12
27298,12
27464,12
16415,12
15790,12
27307,12
65245,12
76079,12
35227,12
17039,12
81717,12
66377,12
36018,12
24165,12
63146,12
63151,12
24162,12
66411,12
26908,12
32766,12
85710,12
14024,12
63167,12
26914,12
24144,12
32773,12
17729,12
85675,12
75590,12
82020,12
85756,12
13969,12
72589,12
72591,12
36095,12
13927,12
32714,12
13930,12
32716,12
81984,12
63085,12
85768,12
13956,12
63099,12
13960,12
85773,12
13962,12
82010,12
63113,12
14055,12
82064,12
84748,12
14067,12
85611,12
85608,12
63264,12
85601,12
14127,12
17635,12
85596,12
14140,12
75635,12
85580,12
17600,12
35855,12
14151,12
85573,12
17598,12
14158,12
14162,12
85612,12
17638,12
85617,12
26934,12
85646,12
75609,12
35926,12
17677,12
63223,12
14092,12
85640,12
32823,12
35887,12
27749,12
32833,12
35907,12
71741,12
82115,12
85622,12
32848,12
63040,12
66474,12
23191,12
24187,12
72624,12
17990,12
23169,12
26826,12
86041,12
72617,12
27795,12
62893,12
62894,12
81830,12
26836,12
17943,12
36251,12
24217,12
81855,12
24214,12
85993,12
86050,12
17993,12
81785,12
86097,12
23158,12
62777,12
72641,12
18064,12
36358,12
13640,12
81731,12
86096,12
13671,12
62808,12
86087,12
32509,12
32522,12
66668,12
86077,12
81751,12
85986,12
36240,12
36238,12
63012,12
23187,12
75527,12
17859,12
63006,12
27784,12
24192,12
81938,12
66522,12
13860,12
66514,12
17837,12
85842,12
85833,12
36118,12
13902,12
66497,12
85879,12
81929,12
72615,12
36197,12
36230,12
13785,12
76675,12
13806,12
23183,12
62944,12
62947,12
81875,12
13851,12
17923,12
36182,12
72610,12
17895,12
62981,12
81911,12
13847,12
71761,12
32908,12
82209,12
66006,12
85073,12
75783,12
65916,12
35442,12
65913,12
63725,12
17183,12
17182,12
17173,12
85034,12
35422,12
85017,12
63771,12
14726,12
17155,12
76498,12
33272,12
14630,12
85083,12
14622,12
65959,12
66002,12
14535,12
71824,12
75761,12
82495,12
23985,12
33166,12
33171,12
33200,12
33174,12
76503,12
65956,12
63646,12
17239,12
14592,12
14611,12
82589,12
63793,12
23361,12
84810,12
65794,12
75854,12
65793,12
14892,12
84841,12
65787,12
14905,12
14931,12
75839,12
84793,12
84789,12
27604,12
84773,12
33364,12
35242,12
33368,12
14873,12
72390,12
75815,12
75829,12
63807,12
35366,12
35365,12
65838,12
27622,12
63826,12
84919,12
63832,12
76471,12
84912,12
14841,12
63841,12
63846,12
35317,12
63860,12
75835,12
23989,12
35536,12
63311,12
75754,12
35748,12
32983,12
32985,12
35744,12
17442,12
26989,12
35733,12
63418,12
27697,12
14298,12
17426,12
14303,12
82376,12
76578,12
63434,12
14330,12
63440,12
23264,12
72518,12
17474,12
63340,12
76623,12
85541,12
63333,12
72535,12
35808,12
14198,12
85521,12
63341,12
85471,12
85518,12
27719,12
85516,12
14210,12
72527,12
85479,12
85475,12
17379,12
82411,12
24045,12
35572,12
76538,12
75730,12
23326,12
35582,12
63556,12
66053,12
35579,12
27050,12
33090,12
63571,12
23328,12
35557,12
27059,12
71822,12
35543,12
27646,12
85229,12
17335,12
63455,12
33068,12
27680,12
63468,12
85315,12
75695,12
82429,12
35653,12
14399,12
76552,12
14441,12
72465,12
76545,12
14424,12
82441,12
66061,12
63509,12
27040,12
80005,12
27400,12
90550,12
74596,12
78860,12
89632,12
9546,12
28448,12
9114,12
78879,12
73879,12
69493,12
58067,12
21586,12
58475,12
78883,12
59544,12
8743,12
40075,12
9112,12
78886,12
68987,12
30353,12
40854,12
58096,12
59531,12
91068,12
69909,12
21599,12
25247,12
29213,12
9520,12
59603,12
20301,12
28442,12
68956,12
74275,12
78849,12
40092,12
29875,12
40923,12
22101,12
40905,12
78851,12
21603,12
70952,12
69889,12
89614,12
73481,12
89616,12
59557,12
30367,12
25092,12
28456,12
20359,12
29206,12
58099,12
9109,12
58121,12
58126,12
70171,12
89737,12
69045,12
69050,12
40054,12
25109,12
89754,12
70150,12
91007,12
69058,12
79388,12
78267,12
22112,12
70143,12
78458,12
74575,12
77705,12
77518,12
58165,12
69436,12
78245,12
30305,12
89723,12
20388,12
20866,12
10113,12
40823,12
78901,12
20862,12
40500,12
20374,12
58468,12
30332,12
21571,12
25463,12
21564,12
79423,12
89694,12
30316,12
29255,12
40061,12
20856,12
39591,12
91028,12
58117,12
69034,12
77385,12
90685,12
39344,12
70960,12
20202,12
77774,12
28810,12
91275,12
25051,12
68844,12
91270,12
30486,12
20967,12
78517,12
10268,12
41007,12
29161,12
70999,12
91255,12
58865,12
89495,12
78161,12
58375,12
28573,12
74638,12
8611,12
78499,12
78136,12
79616,12
79619,12
10294,12
57867,12
21716,12
70300,12
89459,12
39352,12
26081,12
77781,12
10300,12
68808,12
22056,12
26079,12
20190,12
39357,12
78131,12
57892,12
21696,12
91285,12
28399,12
68819,12
41018,12
74643,12
90340,12
9489,12
10247,12
91149,12
39410,12
57967,12
79561,12
91196,12
59639,12
22095,12
89551,12
79555,12
10209,12
89565,12
59630,12
10205,12
39467,12
78843,12
40938,12
78190,12
20928,12
73894,12
29861,12
68933,12
40929,12
10183,12
28440,12
29869,12
40113,12
90679,12
39438,12
29510,12
79586,12
20944,12
91230,12
70957,12
78176,12
8625,12
59665,12
25498,12
68902,12
91217,12
22084,12
26059,12
91209,12
39426,12
22087,12
10239,12
21640,12
9509,12
26060,12
89532,12
68904,12
73897,12
40774,12
69094,12
29942,12
29392,12
90034,12
39823,12
77658,12
39986,12
78417,12
22182,12
90041,12
25927,12
90048,12
40646,12
90050,12
73617,12
22432,12
59221,12
21453,12
74475,12
70032,12
59060,12
90845,12
22429,12
78376,12
40568,12
39847,12
21468,12
78342,12
69240,12
73831,12
28724,12
9833,12
39795,12
59273,12
25160,12
58271,12
29355,12
58280,12
79182,12
59265,12
9825,12
9631,12
39808,12
8947,12
25745,12
58298,12
40559,12
25201,12
30123,12
40652,12
70688,12
74512,12
77458,12
90839,12
20445,12
58394,12
22403,12
39904,12
39956,12
22189,12
40611,12
30056,12
28535,12
73593,12
73821,12
79055,12
9690,12
40587,12
39950,12
59114,12
78404,12
59087,12
58380,12
30029,12
90804,12
30032,12
69331,12
74489,12
9029,12
9718,12
69305,12
39899,12
74210,12
73612,12
20650,12
90163,12
90787,12
9764,12
22409,12
8983,12
22383,12
59065,12
8985,12
79137,12
39894,12
69359,12
9662,12
25956,12
20669,12
90833,12
79111,12
73828,12
77487,12
39892,12
90822,12
77443,12
25429,12
90871,12
59035,12
30219,12
9989,12
20525,12
70930,12
25401,12
59018,12
90957,12
77418,12
21522,12
90954,12
40015,12
40014,12
79266,12
90949,12
20809,12
90758,12
22457,12
89827,12
20544,12
40741,12
39679,12
90945,12
40739,12
9087,12
39668,12
58178,12
78277,12
29951,12
28767,12
9596,12
59001,12
9601,12
22360,12
25133,12
89803,12
79310,12
59006,12
30235,12
39667,12
39651,12
78456,12
79286,12
69114,12
9999,12
28469,12
59009,12
9997,12
69937,12
9995,12
90208,12
70922,12
74521,12
20761,12
40544,12
58245,12
90768,12
59323,12
79206,12
89951,12
25917,12
74517,12
40001,12
69186,12
22165,12
21494,12
69957,12
25763,12
40688,12
28498,12
30152,12
58254,12
70065,12
40684,12
78419,12
69211,12
30169,12
78995,12
39689,12
20806,12
89833,12
70915,12
9976,12
21361,12
59393,12
89847,12
40730,12
9608,12
70116,12
8893,12
58433,12
70906,12
78967,12
39716,12
28692,12
58233,12
40539,12
70095,12
20768,12
20573,12
21380,12
70839,12
28395,12
30036,12
74685,12
73375,12
22589,12
39090,12
58752,12
60018,12
39102,12
39111,12
89083,12
89248,12
10541,12
78031,12
58754,12
68457,12
21246,12
21807,12
9373,12
30723,12
8390,12
39127,12
57695,12
41211,12
8384,12
79900,12
60024,12
79835,12
69688,12
91580,12
58554,12
74385,12
41219,12
57575,12
10605,12
90612,12
21097,12
79826,12
89195,12
60150,12
89204,12
58551,12
68469,12
30729,12
22594,12
22288,12
29626,12
9376,12
78048,12
68578,12
77917,12
73683,12
29066,12
77912,12
9211,12
24962,12
41177,12
69628,12
73433,12
68450,12
41176,12
68627,12
29677,12
90442,12
68633,12
79782,12
73356,12
69810,12
40311,12
38928,12
40418,12
40225,12
68588,12
10521,12
40235,12
79810,12
78724,12
68454,12
68587,12
39138,12
21898,12
19987,12
73688,12
90453,12
29679,12
90446,12
19890,12
41193,12
74026,12
8405,12
59949,12
90469,12
9361,12
28356,12
30762,12
8268,12
58688,12
60124,12
77855,12
79872,12
8305,12
58700,12
8322,12
77569,12
22265,12
29702,12
41254,12
70412,12
91529,12
39020,12
39025,12
69779,12
79860,12
89135,12
57611,12
89117,12
91498,12
57608,12
58681,12
74040,12
79886,12
79884,12
78673,12
10690,12
70437,12
8289,12
24972,12
26146,12
19925,12
38996,12
70425,12
8294,12
10683,12
21861,12
28608,12
73978,12
91553,12
41249,12
58562,12
10653,12
8337,12
40290,12
28597,12
70808,12
24977,12
21135,12
30740,12
29022,12
69766,12
41230,12
40378,12
28866,12
74386,12
21233,12
30786,12
24991,12
19908,12
58560,12
74398,12
25622,12
30744,12
77598,12
28339,12
60069,12
41247,12
21889,12
74703,12
21854,12
77988,12
57649,12
89145,12
40268,12
10641,12
79897,12
10638,12
21990,12
60065,12
77851,12
29012,12
89100,12
71052,12
69769,12
21919,12
41175,12
74051,12
77817,12
70537,12
40329,12
8196,12
20093,12
20094,12
8180,12
40169,12
8179,12
30581,12
70331,12
25635,12
58843,12
78647,12
58519,12
74327,12
22560,12
90357,12
74420,12
91664,12
70761,12
21292,12
20988,12
30843,12
70547,12
25364,12
58522,12
70736,12
10394,12
78651,12
79915,12
9422,12
8458,12
77883,12
29096,12
68708,12
29097,12
90394,12
40368,12
69736,12
74012,12
29646,12
8476,12
29106,12
78811,12
10809,12
90563,12
59764,12
41376,12
10342,12
60229,12
20970,12
39326,12
29115,12
40343,12
30859,12
89447,12
90554,12
77547,12
10318,12
73947,12
40443,12
28831,12
9195,12
90637,12
70594,12
21167,12
10343,12
25636,12
30549,12
91369,12
22268,12
22028,12
39304,12
10361,12
91355,12
57504,12
79682,12
78645,12
91354,12
89429,12
68780,12
58845,12
39317,12
10830,12
10347,12
90347,12
57811,12
59766,12
91421,12
8275,12
57762,12
78767,12
71031,12
41162,12
41159,12
58787,12
21772,12
10768,12
25267,12
59868,12
21053,12
39230,12
21771,12
60182,12
59857,12
38902,12
9249,12
91452,12
29640,12
41165,12
57733,12
10759,12
90517,12
39190,12
79776,12
79768,12
69812,12
28857,12
8228,12
41337,12
26100,12
73438,12
68435,12
59880,12
38914,12
39218,12
79760,12
28363,12
9395,12
8206,12
25036,12
58811,12
90585,12
91431,12
20062,12
41356,12
29669,12
70526,12
10415,12
21023,12
59849,12
70767,12
41151,12
28884,12
89376,12
30833,12
20058,12
59844,12
21147,12
21034,12
73443,12
30829,12
68691,12
78088,12
3707,11
21204,11
65945,11
82514,11
78640,11
21202,11
76501,11
17216,11
45642,11
78423,11
69737,11
98691,11
32835,11
17180,11
27737,11
33218,11
66303,11
65932,11
82541,11
1195,11
78619,11
50248,11
33209,11
70763,11
28700,11
3709,11
33214,11
21396,11
45476,11
21399,11
2109,11
82555,11
82145,11
17220,11
98736,11
17200,11
32860,11
51133,11
76636,11
3903,11
17232,11
32878,11
17621,11
96121,11
98695,11
29428,11
82529,11
82525,11
97743,11
66324,11
82546,11
96036,11
17599,11
51171,11
17457,11
78549,11
47621,11
98201,11
76549,11
22245,11
45589,11
66193,11
52883,11
66083,11
66084,11
52938,11
17444,11
2155,11
82338,11
66080,11
78555,11
66195,11
21328,11
95983,11
69821,11
17340,11
96076,11
52953,11
23322,11
69883,11
17347,11
52865,11
45536,11
45595,11
66196,11
82435,11
27668,11
1216,11
47240,11
21331,11
17352,11
82412,11
2168,11
47617,11
23292,11
27693,11
48091,11
17400,11
78518,11
96055,11
51168,11
33010,11
33025,11
33013,11
96039,11
45572,11
51166,11
66110,11
48095,11
23303,11
21320,11
45551,11
22231,11
82427,11
28675,11
17428,11
48089,11
33055,11
2162,11
76559,11
70730,11
28667,11
33060,11
33058,11
29564,11
50282,11
21219,11
33113,11
17538,11
17281,11
69791,11
82487,11
78446,11
47262,11
3854,11
2139,11
33131,11
17303,11
51148,11
82474,11
82473,11
76525,11
29584,11
22261,11
70750,11
17563,11
29464,11
17243,11
69955,11
32885,11
45488,11
82498,11
22197,11
23348,11
1715,11
33154,11
45497,11
82174,11
82185,11
17573,11
29603,11
47258,11
82469,11
69811,11
66142,11
52965,11
17517,11
17327,11
50283,11
45521,11
48107,11
82257,11
76601,11
66206,11
3830,11
45526,11
47608,11
82448,11
2144,11
28691,11
66231,11
66236,11
71762,11
33106,11
78584,11
66046,11
66051,11
27720,11
78463,11
28652,11
97770,11
82239,11
78464,11
66052,11
78582,11
17530,11
69915,11
32930,11
3796,11
19802,11
3906,11
1781,11
28852,11
77829,11
70359,11
65295,11
16492,11
65312,11
23555,11
72024,11
76266,11
33855,11
29081,11
50161,11
65334,11
53423,11
29083,11
27476,11
33846,11
16509,11
45148,11
21759,11
65347,11
33839,11
33870,11
16484,11
98815,11
28863,11
78055,11
1094,11
33927,11
83305,11
83302,11
21992,11
16423,11
83292,11
21790,11
33916,11
33912,11
16481,11
83291,11
29059,11
83258,11
83257,11
33887,11
16473,11
33882,11
83232,11
33877,11
45127,11
16521,11
21754,11
33931,11
4190,11
65427,11
78111,11
83108,11
65440,11
77792,11
97996,11
1953,11
21695,11
83091,11
33720,11
29156,11
83124,11
29158,11
78156,11
83059,11
33703,11
1961,11
29162,11
27533,11
16665,11
28803,11
47401,11
65423,11
70310,11
78096,11
77816,11
53413,11
16545,11
76268,11
78098,11
76269,11
76302,11
65383,11
16552,11
83171,11
23526,11
33790,11
78108,11
33783,11
98811,11
16585,11
33771,11
53386,11
29108,11
53384,11
71972,11
77811,11
1935,11
21798,11
23559,11
21672,11
4369,11
50871,11
77902,11
21920,11
65067,11
16219,11
27418,11
21918,11
34091,11
77919,11
50904,11
1840,11
21930,11
83489,11
28948,11
50906,11
70470,11
45041,11
27424,11
23599,11
50143,11
27432,11
1086,11
16195,11
70502,11
21890,11
4407,11
50878,11
95431,11
4422,11
83545,11
77875,11
98852,11
16167,11
1072,11
83538,11
47530,11
65047,11
21938,11
65048,11
95441,11
83533,11
4399,11
65054,11
98106,11
4389,11
23609,11
65059,11
1081,11
70459,11
16245,11
53458,11
21823,11
16325,11
1795,11
33996,11
29021,11
50157,11
50158,11
53473,11
83371,11
29028,11
4314,11
53467,11
98840,11
98028,11
78024,11
16398,11
65235,11
23562,11
83324,11
70384,11
33940,11
50950,11
4295,11
21832,11
98038,11
70457,11
21979,11
34079,11
83465,11
77954,11
21883,11
28974,11
65102,11
98073,11
16256,11
16260,11
1872,11
4343,11
29015,11
21989,11
70413,11
65125,11
65128,11
95492,11
83429,11
65142,11
98841,11
1877,11
27454,11
29168,11
70265,11
82568,11
65751,11
29314,11
33412,11
28751,11
21512,11
21502,11
82717,11
65750,11
71879,11
21499,11
70069,11
2083,11
78294,11
17011,11
45380,11
65756,11
82697,11
45383,11
78317,11
23403,11
78324,11
17033,11
33376,11
22142,11
82739,11
17046,11
21528,11
16923,11
95776,11
33461,11
53182,11
21533,11
95780,11
82774,11
2052,11
48147,11
95782,11
21527,11
97873,11
29300,11
4029,11
33442,11
28763,11
82756,11
53170,11
21520,11
21517,11
95807,11
65742,11
3985,11
70061,11
33472,11
82586,11
95869,11
17121,11
33301,11
76480,11
47290,11
3947,11
33291,11
2103,11
33278,11
70004,11
3932,11
82617,11
65858,11
28706,11
77645,11
82579,11
33256,11
33252,11
1188,11
27634,11
3919,11
65885,11
65831,11
33321,11
22175,11
82660,11
82689,11
17052,11
65784,11
45401,11
53114,11
95849,11
17063,11
70054,11
51116,11
17070,11
71866,11
21407,11
82656,11
23372,11
50242,11
48130,11
65806,11
21448,11
78377,11
33323,11
3961,11
28715,11
82782,11
4058,11
16690,11
76358,11
4139,11
65575,11
33605,11
33602,11
98785,11
95697,11
77723,11
82969,11
82955,11
21620,11
1994,11
21626,11
82930,11
95699,11
4126,11
45266,11
82923,11
16785,11
78214,11
29226,11
65604,11
82910,11
82980,11
97953,11
82900,11
65517,11
27535,11
1131,11
1976,11
21665,11
53332,11
83020,11
51016,11
21657,11
65513,11
33672,11
33670,11
29198,11
4164,11
71928,11
16708,11
33654,11
27551,11
51022,11
29195,11
95673,11
33639,11
33629,11
53271,11
70198,11
2048,11
82797,11
21559,11
45316,11
70168,11
45318,11
76393,11
4067,11
51064,11
32832,11
33491,11
16899,11
22126,11
23432,11
50214,11
65660,11
78269,11
2045,11
29289,11
53189,11
78271,11
16909,11
53188,11
82786,11
95746,11
16862,11
22102,11
70621,11
21589,11
45281,11
95716,11
16807,11
65607,11
4103,11
33558,11
98779,11
45290,11
21578,11
21573,11
65639,11
8160,11
2023,11
4093,11
47363,11
1153,11
53237,11
82847,11
82845,11
27566,11
65634,11
51065,11
29857,11
71740,11
19077,11
68854,11
79604,11
80676,11
79605,11
19103,11
80662,11
52216,11
19121,11
67739,11
68840,11
20200,11
31497,11
77040,11
31496,11
20184,11
96780,11
3106,11
28127,11
68814,11
20175,11
50484,11
96801,11
31482,11
68803,11
1560,11
31555,11
46271,11
98455,11
52224,11
22835,11
77384,11
20253,11
19029,11
68892,11
30448,11
65029,11
31578,11
30451,11
46816,11
3134,11
71330,11
67659,11
77376,11
68864,11
22520,11
22832,11
79594,11
67673,11
50471,11
71315,11
52229,11
52226,11
19075,11
96761,11
3087,11
98361,11
98371,11
28385,11
67829,11
77118,11
20103,11
77316,11
19243,11
79725,11
79729,11
31396,11
20080,11
19253,11
28378,11
1477,11
31386,11
20076,11
68701,11
79731,11
67842,11
51695,11
3036,11
46355,11
67852,11
52153,11
31365,11
80507,11
97267,11
19220,11
2639,11
67778,11
2638,11
98453,11
96815,11
80608,11
96827,11
22556,11
20142,11
46316,11
20137,11
52190,11
79671,11
47865,11
80600,11
67793,11
80592,11
80578,11
71255,11
46332,11
80569,11
50647,11
2632,11
80559,11
28388,11
80556,11
97298,11
79696,11
19015,11
19014,11
96743,11
80945,11
79480,11
79482,11
71377,11
68985,11
71376,11
68983,11
80931,11
80926,11
46160,11
80924,11
52313,11
67472,11
31753,11
68981,11
70949,11
98511,11
3204,11
51570,11
46169,11
30365,11
18853,11
80918,11
1426,11
52310,11
77387,11
31772,11
80957,11
30432,11
47918,11
67382,11
81053,11
69051,11
67398,11
31826,11
52348,11
46883,11
3244,11
98523,11
71395,11
96625,11
67412,11
20396,11
31814,11
2508,11
22487,11
81016,11
81010,11
30322,11
30326,11
81000,11
67441,11
69003,11
97408,11
76967,11
20319,11
3196,11
18878,11
31732,11
20287,11
3168,11
67557,11
18942,11
79542,11
30410,11
22506,11
18956,11
68919,11
20265,11
71343,11
77009,11
77010,11
46224,11
3158,11
22842,11
67586,11
30429,11
80780,11
52260,11
46234,11
96735,11
19000,11
98486,11
19010,11
52279,11
67556,11
50668,11
22502,11
31727,11
79504,11
80885,11
2538,11
3189,11
80881,11
22886,11
31718,11
67516,11
80876,11
80870,11
20310,11
18914,11
67528,11
68959,11
22880,11
67544,11
96695,11
30392,11
28066,11
50673,11
20297,11
71351,11
68940,11
22572,11
3025,11
51543,11
19919,11
19609,11
50600,11
51970,11
77231,11
97020,11
68217,11
68483,11
30783,11
68228,11
31007,11
30785,11
19661,11
97026,11
46650,11
97143,11
51950,11
47788,11
68248,11
19669,11
22647,11
30992,11
19670,11
68258,11
30795,11
22637,11
71113,11
97014,11
51821,11
19593,11
52012,11
22596,11
31124,11
46494,11
97175,11
68118,11
97008,11
77197,11
71058,11
2904,11
80257,11
79870,11
22599,11
77203,11
46504,11
30764,11
80249,11
68131,11
68142,11
47818,11
19566,11
51987,11
77294,11
80209,11
79878,11
30982,11
19898,11
31355,11
68425,11
22605,11
80022,11
19775,11
51898,11
79966,11
98400,11
97082,11
68415,11
80015,11
30851,11
46592,11
50593,11
80013,11
97083,11
30887,11
79976,11
79978,11
19812,11
68385,11
97101,11
68386,11
19787,11
46603,11
46605,11
46606,11
80029,11
51860,11
51833,11
51857,11
80096,11
30976,11
19884,11
28307,11
19693,11
30810,11
68448,11
77249,11
19696,11
30961,11
79917,11
28315,11
2852,11
28324,11
19865,11
97116,11
97047,11
79931,11
46628,11
46576,11
19847,11
19845,11
19730,11
80052,11
77287,11
98429,11
68112,11
19519,11
31294,11
77304,11
1543,11
20025,11
79781,11
97237,11
52107,11
47848,11
68625,11
67932,11
2990,11
46405,11
67935,11
51745,11
31281,11
98378,11
80429,11
19999,11
30679,11
79795,11
46411,11
68608,11
2986,11
46414,11
30688,11
52098,11
46396,11
19353,11
80272,11
67917,11
67860,11
68681,11
52146,11
22574,11
96889,11
30633,11
71229,11
80491,11
3011,11
19324,11
19328,11
19332,11
30636,11
50519,11
3005,11
71030,11
79756,11
67897,11
22742,11
96907,11
2676,11
50626,11
67908,11
19336,11
71036,11
19994,11
52096,11
68586,11
71207,11
80376,11
28231,11
28235,11
68535,11
51773,11
68532,11
28236,11
47774,11
51777,11
19472,11
68048,11
19950,11
80320,11
52038,11
30748,11
47830,11
96971,11
22689,11
19490,11
71149,11
77184,11
19516,11
31132,11
68510,11
52018,11
77163,11
68536,11
52054,11
67965,11
52089,11
30710,11
47845,11
68574,11
67958,11
30713,11
2703,11
51758,11
31252,11
79825,11
31251,11
19407,11
1483,11
96934,11
77153,11
31241,11
2966,11
96944,11
52070,11
28224,11
97216,11
79833,11
80394,11
52058,11
96607,11
69063,11
2222,11
22340,11
69543,11
1669,11
66697,11
98645,11
20934,11
70825,11
66699,11
27814,11
68404,11
18067,11
66709,11
97621,11
70826,11
1302,11
81703,11
3553,11
66727,11
20923,11
81698,11
52654,11
51347,11
78847,11
47075,11
20915,11
45816,11
76694,11
51326,11
66758,11
78833,11
52700,11
81819,11
69562,11
1278,11
47102,11
81812,11
96224,11
77543,11
45771,11
17988,11
2309,11
29825,11
66634,11
66635,11
23166,11
71662,11
98655,11
52693,11
52691,11
81760,11
81756,11
69552,11
32529,11
20951,11
81745,11
96270,11
52644,11
18225,11
69425,11
71574,11
96315,11
69416,11
45863,11
2341,11
32379,11
66855,11
3494,11
18177,11
96316,11
76797,11
66861,11
2342,11
66864,11
66866,11
78965,11
81591,11
32337,11
45880,11
3481,11
3480,11
29976,11
48001,11
77516,11
78984,11
66851,11
29946,11
47070,11
52614,11
27825,11
45824,11
45825,11
48022,11
45828,11
98626,11
23135,11
76741,11
29892,11
28567,11
66798,11
96287,11
70827,11
32422,11
76760,11
45844,11
50343,11
52621,11
98612,11
22355,11
23120,11
78922,11
81640,11
71607,11
78939,11
3602,11
17964,11
47106,11
66405,11
52770,11
78672,11
27769,11
96161,11
52765,11
50767,11
97691,11
82019,11
27771,11
32748,11
22291,11
52762,11
81992,11
81990,11
50306,11
52755,11
45696,11
2259,11
52754,11
17783,11
47145,11
17786,11
66465,11
29703,11
21113,11
96157,11
1692,11
69571,11
96154,11
97727,11
98217,11
29652,11
1254,11
82094,11
51229,11
50300,11
82067,11
2231,11
17701,11
23208,11
82066,11
2233,11
23207,11
28620,11
27754,11
23201,11
29674,11
27766,11
32777,11
17735,11
17736,11
66401,11
70780,11
22287,11
47138,11
52745,11
71707,11
3637,11
78760,11
52715,11
66579,11
78761,11
77552,11
17929,11
66587,11
21035,11
96202,11
52711,11
76670,11
66594,11
96205,11
71678,11
2296,11
52710,11
21015,11
21002,11
66607,11
51310,11
97630,11
20999,11
3609,11
32590,11
27793,11
81915,11
17875,11
32650,11
96191,11
66473,11
17803,11
81974,11
71706,11
17809,11
71698,11
52736,11
21094,11
48052,11
28589,11
78731,11
17857,11
77553,11
45723,11
78736,11
78745,11
1271,11
69631,11
1676,11
66532,11
22319,11
45731,11
81928,11
71688,11
18219,11
97586,11
67381,11
79199,11
32014,11
18588,11
32010,11
52446,11
30167,11
3313,11
77441,11
76926,11
31999,11
47699,11
76929,11
31991,11
31990,11
77439,11
31983,11
47944,11
97493,11
67213,11
98306,11
30182,11
31978,11
79229,11
52426,11
69159,11
46063,11
20594,11
46038,11
22940,11
67181,11
22967,11
47694,11
20615,11
96496,11
18553,11
79183,11
76924,11
1379,11
27999,11
22954,11
79185,11
32047,11
32045,11
20608,11
79186,11
46031,11
18572,11
18573,11
30150,11
1388,11
47951,11
79194,11
47950,11
30153,11
79196,11
77433,11
47942,11
76809,11
3267,11
18690,11
52382,11
46099,11
81104,11
79320,11
46912,11
46911,11
30242,11
2480,11
77407,11
81071,11
18726,11
69097,11
30254,11
22925,11
67367,11
46901,11
30264,11
20426,11
69078,11
46897,11
50694,11
52359,11
98527,11
97449,11
1402,11
20492,11
20550,11
81111,11
18629,11
46935,11
18633,11
76936,11
28017,11
50408,11
28020,11
96569,11
3287,11
69130,11
79269,11
98311,11
81165,11
81164,11
28473,11
96573,11
18657,11
3277,11
1398,11
98535,11
2471,11
46920,11
76944,11
31911,11
3269,11
20626,11
96491,11
77445,11
20752,11
32272,11
97571,11
97570,11
3444,11
27902,11
32244,11
71524,11
18311,11
71520,11
70845,11
20734,11
45933,11
45935,11
98572,11
51437,11
47679,11
66989,11
66994,11
79043,11
18351,11
20717,11
81446,11
81440,11
45950,11
81432,11
3450,11
52541,11
20629,11
52547,11
96335,11
18227,11
52583,11
51394,11
52581,11
47030,11
66904,11
69376,11
20760,11
77489,11
69372,11
96338,11
20758,11
76816,11
52571,11
23073,11
20757,11
32297,11
66928,11
71539,11
27891,11
98589,11
1659,11
76832,11
52551,11
32197,11
50717,11
52525,11
81429,11
81346,11
71469,11
18474,11
22993,11
76900,11
18482,11
67109,11
20646,11
18484,11
2401,11
96459,11
76907,11
32099,11
46002,11
77448,11
79154,11
46006,11
18514,11
22980,11
27980,11
96483,11
81285,11
67158,11
22977,11
70895,11
71471,11
81350,11
27957,11
1650,11
79057,11
79058,11
52520,11
76876,11
20694,11
27944,11
81386,11
2383,11
52516,11
67048,11
79123,11
2387,11
32124,11
71481,11
69272,11
76889,11
32147,11
70865,11
22999,11
70867,11
18449,11
67080,11
81369,11
22996,11
74009,11
75890,11
72087,11
38989,11
73331,11
88996,11
42694,11
10836,11
73344,11
56085,11
74729,11
92938,11
42685,11
60213,11
89015,11
10814,11
38868,11
38869,11
38877,11
26180,11
38839,11
38838,11
88957,11
24930,11
42723,11
10886,11
56053,11
88955,11
38816,11
24934,11
92943,11
60254,11
56065,11
56066,11
60253,11
38828,11
88972,11
89042,11
60193,11
56105,11
60139,11
372,11
60147,11
60146,11
60145,11
56149,11
60143,11
73379,11
24970,11
89094,11
38958,11
56156,11
38980,11
38982,11
60107,11
10726,11
38938,11
396,11
60176,11
24951,11
10783,11
60189,11
10777,11
60187,11
10755,11
10753,11
60158,11
89068,11
73366,11
60168,11
42651,11
24966,11
60166,11
92970,11
60277,11
26188,11
6742,11
88734,11
6733,11
11092,11
93052,11
24893,11
38640,11
38641,11
60471,11
60449,11
88758,11
60438,11
6752,11
88767,11
6759,11
24891,11
55952,11
88795,11
38600,11
74802,11
24877,11
26233,11
11124,11
11123,11
93082,11
38603,11
88716,11
38606,11
88710,11
88715,11
6718,11
38611,11
74791,11
88772,11
73298,11
24928,11
88901,11
92998,11
10963,11
42752,11
88886,11
88893,11
60340,11
60327,11
6784,11
88912,11
88914,11
49534,11
42735,11
49532,11
6813,11
42758,11
88864,11
26210,11
24912,11
88800,11
60419,11
26208,11
38697,11
11018,11
38703,11
55988,11
74754,11
55991,11
88831,11
93029,11
88854,11
24918,11
60372,11
38988,11
89116,11
99531,11
6912,11
56349,11
56350,11
59773,11
284,11
7074,11
89431,11
89434,11
10323,11
10319,11
59747,11
10314,11
10313,11
10311,11
10309,11
26080,11
10369,11
42476,11
92718,11
92733,11
25040,11
10393,11
59819,11
59818,11
7041,11
42489,11
89391,11
10370,11
10384,11
10383,11
92721,11
7056,11
39287,11
89403,11
99704,11
39359,11
39363,11
7137,11
10245,11
26064,11
42405,11
39416,11
73465,11
49460,11
56459,11
89514,11
92647,11
26058,11
10225,11
74612,11
89585,11
74611,11
59680,11
42414,11
56399,11
59707,11
39364,11
39367,11
26075,11
10287,11
39370,11
89474,11
89478,11
89504,11
59702,11
92666,11
59701,11
10267,11
278,11
56429,11
89389,11
56299,11
39265,11
74683,11
74693,11
74689,11
74688,11
60034,11
89205,11
99667,11
42564,11
42584,11
323,11
318,11
25009,11
89274,11
92812,11
39134,11
56201,11
73399,11
56237,11
92843,11
10682,11
92865,11
56167,11
60096,11
89128,11
39017,11
92842,11
73395,11
10649,11
10634,11
39054,11
26136,11
60054,11
10627,11
59973,11
39137,11
39263,11
92760,11
59895,11
59893,11
59886,11
92761,11
42519,11
49483,11
10442,11
59903,11
89353,11
25037,11
59853,11
92749,11
59840,11
59837,11
48902,11
59917,11
10517,11
89293,11
89282,11
10509,11
89288,11
10503,11
25011,11
73416,11
73421,11
42533,11
42540,11
6995,11
42537,11
59945,11
89309,11
59921,11
73272,11
6706,11
26480,11
74938,11
49642,11
11895,11
87888,11
37892,11
543,11
6301,11
93478,11
73062,11
61205,11
542,11
37899,11
11880,11
11874,11
87919,11
93443,11
6283,11
61231,11
37881,11
87843,11
6251,11
93504,11
6253,11
99424,11
87832,11
61260,11
11920,11
61241,11
24650,11
6267,11
37859,11
37866,11
6276,11
37872,11
6334,11
24671,11
26409,11
6406,11
48752,11
88019,11
11764,11
11760,11
93372,11
24713,11
38037,11
55615,11
43104,11
516,11
43099,11
507,11
55652,11
49615,11
11786,11
24691,11
37926,11
43138,11
24678,11
93432,11
74990,11
37942,11
11826,11
73095,11
73097,11
61132,11
37951,11
11822,11
93403,11
37963,11
87986,11
43128,11
11949,11
37826,11
61278,11
43289,11
37651,11
87609,11
12128,11
87617,11
24600,11
87618,11
55387,11
61466,11
99382,11
37666,11
12119,11
99387,11
37692,11
12092,11
37649,11
49196,11
87664,11
87521,11
75081,11
12230,11
75078,11
37575,11
49658,11
6161,11
93587,11
87585,11
61525,11
87530,11
87534,11
87554,11
37628,11
87575,11
61407,11
87670,11
93509,11
37802,11
61330,11
87748,11
12005,11
73054,11
87778,11
99417,11
87788,11
6217,11
24645,11
93522,11
55497,11
61289,11
551,11
48725,11
61333,11
87740,11
6186,11
87682,11
61391,11
12067,11
43268,11
37727,11
61379,11
6198,11
87699,11
99403,11
37749,11
87718,11
6211,11
93538,11
61342,11
37764,11
11702,11
6425,11
42845,11
11698,11
60643,11
93180,11
24851,11
88513,11
11295,11
60611,11
55861,11
88541,11
38464,11
38467,11
88550,11
60595,11
11264,11
88558,11
6645,11
11318,11
38425,11
74837,11
88441,11
60718,11
88401,11
26284,11
11372,11
11371,11
88431,11
60673,11
38414,11
88451,11
6585,11
42930,11
73235,11
74838,11
60652,11
60585,11
11251,11
48816,11
60527,11
88645,11
48821,11
55906,11
38540,11
6681,11
24872,11
38548,11
6680,11
11160,11
6688,11
88671,11
99526,11
55917,11
60497,11
38536,11
88637,11
11234,11
88599,11
11231,11
453,11
93130,11
24861,11
49556,11
42882,11
55892,11
48820,11
38514,11
93111,11
11189,11
38528,11
11181,11
6677,11
74850,11
38326,11
38321,11
43041,11
49613,11
55690,11
43045,11
60911,11
73164,11
11610,11
43040,11
6451,11
93309,11
73165,11
60898,11
60891,11
6478,11
93302,11
55684,11
88140,11
11587,11
60975,11
88091,11
6429,11
93345,11
26361,11
38107,11
11659,11
74926,11
60952,11
60956,11
11649,11
11648,11
74921,11
6448,11
43064,11
11592,11
24776,11
472,11
88318,11
38271,11
88310,11
42988,11
55755,11
38277,11
42982,11
11462,11
38260,11
11459,11
88360,11
74859,11
60743,11
55786,11
60738,11
88298,11
11510,11
6492,11
49600,11
38198,11
11578,11
60859,11
60856,11
38215,11
38217,11
24783,11
60811,11
11547,11
74896,11
38242,11
74881,11
60813,11
6528,11
39474,11
7156,11
39482,11
7911,11
7815,11
8967,11
58307,11
40651,11
8965,11
8960,11
87,11
40671,11
40677,11
74198,11
74178,11
91989,11
90890,11
8919,11
40696,11
40645,11
40644,11
25748,11
40614,11
9045,11
9041,11
49102,11
90807,11
9023,11
49303,11
74218,11
90844,11
90828,11
41751,11
90837,11
8978,11
40638,11
58318,11
91985,11
8908,11
8904,11
73869,11
7878,11
58169,11
73864,11
71,11
90990,11
57229,11
74149,11
7876,11
66,11
8817,11
8810,11
58120,11
40808,11
40818,11
90970,11
41678,11
41706,11
99912,11
57186,11
74169,11
7852,11
99907,11
99908,11
7862,11
40731,11
7875,11
58198,11
40753,11
74163,11
8856,11
25453,11
25712,11
40579,11
40575,11
58395,11
90630,11
90623,11
58536,11
74307,11
40425,11
57033,11
58526,11
40437,11
25347,11
7698,11
49320,11
90636,11
40442,11
41841,11
9182,11
7686,11
9213,11
25365,11
25337,11
92123,11
7667,11
40381,11
41884,11
90595,11
90596,11
40392,11
41867,11
25343,11
9228,11
7679,11
7680,11
92112,11
40410,11
90665,11
57051,11
41781,11
9082,11
41803,11
25771,11
40522,11
41800,11
9088,11
90757,11
40534,11
40518,11
7756,11
73810,11
58427,11
58416,11
58413,11
25767,11
57089,11
40514,11
90668,11
40479,11
99862,11
58494,11
90675,11
9162,11
7721,11
58489,11
90704,11
74256,11
90714,11
58479,11
73796,11
41817,11
25378,11
25380,11
40822,11
58086,11
56489,11
58082,11
91490,11
23,11
8086,11
8352,11
74046,11
8347,11
41476,11
41234,11
49232,11
21,11
19,11
49179,11
8097,11
8104,11
41460,11
41214,11
91489,11
41209,11
8052,11
25540,11
8025,11
8428,11
8421,11
41173,11
25624,11
41181,11
41492,11
8058,11
91480,11
91481,11
41200,11
57400,11
91487,11
91537,11
57613,11
41455,11
8210,11
57469,11
91606,11
41420,11
57539,11
41416,11
49214,11
41413,11
8139,11
25569,11
41358,11
41361,11
8176,11
8150,11
41382,11
8235,11
91702,11
91554,11
8271,11
41277,11
41447,11
57588,11
91567,11
41300,11
49226,11
57448,11
9,11
8130,11
91576,11
57579,11
99990,11
8252,11
57459,11
91825,11
49167,11
41524,11
57951,11
57978,11
61,11
49141,11
40961,11
91206,11
7950,11
74121,11
91162,11
8624,11
7958,11
91232,11
57937,11
91235,11
57926,11
49139,11
91912,11
25506,11
58018,11
7917,11
91097,11
40875,11
74142,11
58036,11
8719,11
40909,11
25693,11
91126,11
40920,11
7925,11
58001,11
7930,11
8689,11
91891,11
41002,11
41146,11
8004,11
57347,11
7989,11
41055,11
41057,11
8532,11
8526,11
8485,11
41044,11
91375,11
74057,11
41114,11
57362,11
8452,11
91428,11
57864,11
8545,11
57313,11
51,11
99947,11
74093,11
91886,11
49254,11
57910,11
73931,11
57330,11
41032,11
91280,11
57335,11
74085,11
91299,11
25642,11
99957,11
25815,11
56991,11
9246,11
92126,11
89940,11
89944,11
89948,11
9871,11
7308,11
56637,11
56638,11
59312,11
9863,11
9855,11
74514,11
237,11
89991,11
90000,11
9837,11
59328,11
49415,11
89909,11
7283,11
99745,11
9988,11
42258,11
25999,11
56612,11
56613,11
92494,11
39734,11
56620,11
39706,11
73536,11
9936,11
89894,11
25994,11
59282,11
25161,11
90011,11
25180,11
39881,11
39889,11
7380,11
7382,11
42159,11
90124,11
99774,11
59172,11
42154,11
99775,11
73596,11
25944,11
205,11
73597,11
90101,11
9746,11
42202,11
9790,11
25980,11
39814,11
90031,11
56667,11
9802,11
7343,11
25968,11
73584,11
39836,11
90071,11
90072,11
39855,11
9761,11
48988,11
7270,11
59421,11
56604,11
89672,11
7196,11
39546,11
89648,11
89651,11
59530,11
49434,11
56536,11
10128,11
258,11
7211,11
89687,11
39580,11
25106,11
10084,11
39535,11
261,11
59511,11
39505,11
89596,11
42368,11
89599,11
39493,11
25085,11
10165,11
59584,11
56523,11
56499,11
42359,11
10140,11
49442,11
56512,11
59547,11
48954,11
10073,11
42264,11
39652,11
89785,11
42288,11
10020,11
39637,11
39648,11
89815,11
39653,11
56582,11
56598,11
59431,11
42272,11
48965,11
56602,11
26005,11
39628,11
92548,11
7230,11
42303,11
59499,11
89741,11
42310,11
89744,11
89756,11
89759,11
59487,11
10032,11
59483,11
89774,11
73503,11
59471,11
89784,11
99740,11
9668,11
9666,11
59095,11
40221,11
90417,11
92194,11
9394,11
49048,11
41978,11
49355,11
9378,11
58801,11
41968,11
58760,11
40240,11
40247,11
58736,11
40261,11
90413,11
58810,11
9346,11
56842,11
58859,11
9470,11
90346,11
92235,11
58856,11
56840,11
25254,11
58815,11
49365,11
40156,11
90348,11
9428,11
92213,11
92212,11
49351,11
73698,11
9486,11
40333,11
49337,11
92154,11
25318,11
90531,11
40331,11
99842,11
58627,11
74370,11
58626,11
41908,11
90570,11
9260,11
58596,11
58584,11
41921,11
25842,11
74388,11
7622,11
90489,11
9335,11
58703,11
40286,11
7617,11
92174,11
40289,11
58653,11
40291,11
58674,11
49347,11
40304,11
92160,11
90502,11
56833,11
92248,11
59094,11
92350,11
99800,11
42100,11
40008,11
92353,11
42094,11
40017,11
59007,11
7421,11
7448,11
42084,11
99811,11
25915,11
49383,11
25910,11
7423,11
9615,11
90230,11
56731,11
59081,11
99786,11
59068,11
59067,11
59066,11
39969,11
49005,11
42105,11
56734,11
9626,11
90196,11
59030,11
92360,11
74461,11
40042,11
9568,11
25889,11
9510,11
9519,11
73661,11
58901,11
92270,11
92264,11
58897,11
56811,11
9530,11
58890,11
49369,11
9492,11
58880,11
7539,11
58879,11
7514,11
90273,11
90234,11
74438,11
9563,11
49380,11
25905,11
90247,11
25231,11
25901,11
92312,11
58917,11
92311,11
99816,11
49029,11
7503,11
171,11
40089,11
6155,11
93482,11
61563,11
85005,11
63790,11
84978,11
14741,11
49947,11
84991,11
94765,11
99011,11
5086,11
14709,11
63754,11
75811,11
63747,11
85031,11
35431,11
14752,11
49948,11
44344,11
14804,11
84868,11
14863,11
35309,11
63851,11
14822,11
44384,11
54176,11
84962,11
84936,11
14800,11
14792,11
63811,11
14776,11
94782,11
94735,11
85049,11
14532,11
85136,11
63649,11
54258,11
44309,11
14566,11
14564,11
35499,11
63637,11
63667,11
14557,11
35508,11
63629,11
14542,11
44295,11
85160,11
27075,11
75773,11
23953,11
75778,11
48412,11
44337,11
35443,11
85053,11
5126,11
44330,11
63698,11
54250,11
63697,11
63693,11
49941,11
63690,11
895,11
27077,11
5037,11
14869,11
918,11
937,11
27156,11
84632,11
35134,11
84639,11
35144,11
4958,11
64028,11
84612,11
49983,11
64019,11
64015,11
4973,11
4974,11
44474,11
64073,11
64083,11
54146,11
44510,11
54045,11
94911,11
35083,11
4939,11
4940,11
72332,11
15113,11
84600,11
64109,11
15109,11
54054,11
15102,11
84599,11
4947,11
84658,11
84685,11
54093,11
27131,11
14977,11
94847,11
84753,11
35249,11
5012,11
84771,11
5026,11
35177,11
54127,11
84834,11
54129,11
75857,11
75853,11
14878,11
94850,11
23905,11
75868,11
35225,11
63938,11
35220,11
35218,11
44447,11
4994,11
84730,11
35214,11
27138,11
35199,11
44458,11
72352,11
84688,11
63986,11
44293,11
23987,11
14046,11
26960,11
94514,11
5320,11
35785,11
94505,11
63373,11
63372,11
24095,11
94523,11
824,11
94484,11
72549,11
63307,11
75636,11
14156,11
99081,11
54425,11
44110,11
5300,11
35731,11
85424,11
14285,11
85435,11
94556,11
75671,11
44163,11
840,11
75666,11
35753,11
63399,11
72515,11
26973,11
85468,11
5357,11
63293,11
63603,11
99112,11
63230,11
24112,11
54499,11
5407,11
44064,11
54509,11
63217,11
85626,11
85669,11
35940,11
5416,11
14064,11
94402,11
26927,11
54492,11
99100,11
94457,11
85589,11
5366,11
5374,11
54476,11
63283,11
5377,11
14138,11
85591,11
99099,11
54481,11
24104,11
818,11
14128,11
75628,11
44080,11
63419,11
63421,11
54387,11
14454,11
99045,11
49931,11
44256,11
63552,11
63543,11
94660,11
27043,11
14467,11
54312,11
35594,11
94655,11
874,11
14435,11
14432,11
94667,11
85219,11
85403,11
85199,11
85169,11
14519,11
5169,11
5172,11
35545,11
94675,11
94672,11
85212,11
14487,11
5183,11
27054,11
49933,11
44270,11
5185,11
44239,11
27033,11
14423,11
12266,11
44201,11
35698,11
27003,11
27001,11
14338,11
14328,11
72491,11
35627,11
94585,11
35714,11
85397,11
14304,11
44185,11
63428,11
5263,11
85333,11
5256,11
63457,11
49920,11
14377,11
35655,11
85292,11
94607,11
35642,11
14406,11
14409,11
14410,11
54337,11
35634,11
35631,11
75715,11
94912,11
94917,11
49994,11
53721,11
83927,11
4620,11
44831,11
4622,11
83939,11
76076,11
83948,11
64737,11
15782,11
15777,11
4638,11
44818,11
15765,11
15750,11
15814,11
15819,11
15747,11
83901,11
53689,11
83881,11
15855,11
15840,11
95246,11
64751,11
44851,11
72175,11
83904,11
4596,11
44848,11
34461,11
98891,11
72171,11
27297,11
44806,11
15139,11
48306,11
64572,11
4685,11
15614,11
64567,11
64557,11
84086,11
48307,11
75997,11
84099,11
53790,11
95140,11
23783,11
34661,11
34675,11
64580,11
64590,11
44804,11
15709,11
4644,11
83985,11
4648,11
15737,11
76027,11
15721,11
15708,11
53767,11
4656,11
27273,11
4670,11
15662,11
15661,11
23776,11
15859,11
95256,11
34432,11
53586,11
83607,11
34232,11
34239,11
16072,11
95371,11
44954,11
72126,11
1058,11
44946,11
16040,11
72130,11
53592,11
64890,11
76139,11
16102,11
53581,11
4574,11
83578,11
44989,11
65021,11
27397,11
27387,11
65007,11
65003,11
83579,11
44968,11
83583,11
34205,11
95411,11
27385,11
64956,11
44969,11
83694,11
1049,11
83718,11
53664,11
15929,11
15922,11
83805,11
98885,11
83835,11
64785,11
53666,11
95335,11
83844,11
15895,11
50101,11
15891,11
44872,11
76095,11
34355,11
83781,11
15942,11
83771,11
83770,11
15959,11
98878,11
95317,11
83744,11
76132,11
4520,11
95325,11
95326,11
95327,11
15990,11
64870,11
34309,11
84135,11
75993,11
53798,11
64273,11
15294,11
44599,11
34921,11
15289,11
84398,11
75940,11
23845,11
34915,11
64267,11
84418,11
34948,11
64254,11
64249,11
84428,11
34917,11
84385,11
53921,11
34890,11
27223,11
53926,11
48342,11
34886,11
15321,11
34889,11
34895,11
98957,11
64307,11
4844,11
75954,11
15313,11
72280,11
84380,11
72304,11
48357,11
94964,11
4915,11
15175,11
84524,11
84526,11
15162,11
44542,11
54019,11
72326,11
27192,11
49998,11
64166,11
94930,11
35049,11
49997,11
27169,11
84523,11
64193,11
94946,11
44555,11
64197,11
15197,11
27177,11
34996,11
64207,11
4896,11
64209,11
34990,11
15230,11
84454,11
34977,11
27187,11
64242,11
4823,11
15324,11
64509,11
98929,11
53824,11
34747,11
84227,11
84228,11
34763,11
990,11
95083,11
75980,11
988,11
64424,11
53847,11
50053,11
84298,11
34800,11
95097,11
44720,11
95014,11
72244,11
84138,11
84146,11
84152,11
15525,11
15523,11
27251,11
4717,11
15502,11
34713,11
4720,11
15517,11
996,11
53812,11
75985,11
27237,11
34807,11
53858,11
50036,11
95041,11
95039,11
975,11
15349,11
98942,11
72265,11
64337,11
84310,11
34870,11
4806,11
34871,11
44638,11
64332,11
95015,11
4792,11
23820,11
48333,11
53895,11
977,11
15382,11
44661,11
50045,11
95062,11
15386,11
4773,11
95067,11
34819,11
64391,11
53862,11
44679,11
15398,11
44044,11
63436,11
85686,11
93973,11
62386,11
49779,11
86636,11
13162,11
99255,11
26700,11
62417,11
13182,11
49784,11
86598,11
72769,11
36747,11
13192,11
54968,11
86584,11
13274,11
86569,11
36719,11
86548,11
43683,11
43684,11
13249,11
75346,11
62461,11
93987,11
62468,11
75581,11
5784,11
62481,11
62483,11
62385,11
62380,11
48598,11
86653,11
62261,11
13003,11
43602,11
93915,11
13007,11
48610,11
13012,11
13024,11
93935,11
676,11
13036,11
75297,11
86730,11
24383,11
86717,11
13073,11
93943,11
86706,11
36830,11
13084,11
13087,11
24376,11
86691,11
13095,11
43638,11
86674,11
72778,11
75332,11
62364,11
75350,11
13284,11
75276,11
62638,11
13425,11
5732,11
5731,11
99212,11
48565,11
13451,11
94058,11
86301,11
13478,11
54832,11
62624,11
62629,11
86244,11
43779,11
13507,11
13287,11
62641,11
54824,11
36491,11
36484,11
36480,11
36474,11
94086,11
86212,11
54815,11
54809,11
13535,11
36463,11
36462,11
62662,11
36560,11
86339,11
13422,11
13415,11
24348,11
93992,11
86504,11
72757,11
86498,11
75389,11
5768,11
62510,11
86475,11
36645,11
86464,11
36636,11
75398,11
72733,11
49800,11
62545,11
62546,11
36619,11
13332,11
13333,11
54881,11
86437,11
86436,11
62554,11
24307,11
36583,11
43745,11
54872,11
5744,11
12996,11
62245,11
13543,11
87250,11
55258,11
87276,11
43398,11
55257,11
43402,11
93692,11
37371,11
26536,11
12491,11
72937,11
6050,11
12508,11
87254,11
6047,11
24523,11
87129,11
55236,11
55233,11
49692,11
24514,11
12550,11
55229,11
61853,11
61871,11
87165,11
93732,11
26560,11
55216,11
87151,11
61891,11
26531,11
43392,11
72948,11
74010,11
87467,11
26481,11
87448,11
12310,11
55327,11
61613,11
55320,11
37491,11
24573,11
61630,11
37480,11
37478,11
24559,11
93649,11
87356,11
43358,11
12385,11
75108,11
61649,11
591,11
12422,11
43369,11
55286,11
75114,11
72951,11
61704,11
48678,11
99356,11
12458,11
75142,11
55203,11
5863,11
86880,11
62088,11
48632,11
75199,11
86953,11
62103,11
62108,11
5907,11
37023,11
75251,11
37011,11
86887,11
62143,11
12879,11
12880,11
36993,11
5987,11
86875,11
86859,11
93857,11
48623,11
62171,11
86843,11
86834,11
12935,11
12938,11
5875,11
75257,11
669,11
55078,11
86785,11
5913,11
43530,11
37075,11
55136,11
5983,11
87107,11
37220,11
75162,11
87087,11
93785,11
87082,11
61949,11
26583,11
75171,11
12687,11
37166,11
43494,11
43497,11
87047,11
99309,11
12712,11
12722,11
62012,11
43505,11
43506,11
37133,11
26590,11
93826,11
87006,11
37098,11
72890,11
12770,11
62055,11
36456,11
28892,11
62681,11
36293,11
62837,11
24248,11
36110,11
26815,11
13686,11
5603,11
62847,11
49868,11
72623,11
26821,11
62884,11
5595,11
36290,11
62868,11
13907,11
72594,11
54589,11
75481,11
86030,11
43974,11
13914,11
62836,11
86066,11
13928,11
86107,11
13630,11
13637,11
13948,11
5631,11
24184,11
63067,11
26804,11
5627,11
5624,11
13656,11
5619,11
26805,11
62826,11
85803,11
62829,11
86069,11
63058,11
94160,11
99179,11
62892,11
62783,11
99162,11
36152,11
5526,11
94222,11
36204,11
85876,11
75519,11
36202,11
13835,11
62953,11
36187,11
86021,11
13857,11
36181,11
26849,11
13846,11
94241,11
75516,11
94248,11
48524,11
85887,11
36151,11
43917,11
99167,11
85866,11
86015,11
85827,11
43972,11
13904,11
94195,11
36253,11
54665,11
94208,11
54591,11
72595,11
774,11
36125,11
36126,11
13778,11
26841,11
63026,11
36130,11
85944,11
26862,11
54746,11
36173,11
85776,11
36444,11
13554,11
54765,11
44007,11
94127,11
726,11
36399,11
36036,11
13566,11
75577,11
36433,11
13587,11
13971,11
43820,11
85750,11
75443,11
44029,11
86142,11
13580,11
63136,11
13583,11
85716,11
63145,11
36375,11
14003,11
5453,11
72679,11
5439,11
54548,11
35981,11
24257,11
94332,11
72649,11
94381,11
72650,11
99131,11
13958,11
86187,11
26891,11
43999,11
24142,11
85693,11
70988,10
70687,10
99936,10
74034,10
73082,10
75176,10
49632,10
77057,10
71712,10
72086,10
72982,10
73867,10
75660,10
76955,10
72101,10
74661,10
98505,10
49639,10
98871,10
71970,10
98540,10
98373,10
50400,10
72222,10
71788,10
72232,10
76265,10
99431,10
73077,10
76212,10
72571,10
72233,10
49261,10
75983,10
99996,10
74614,10
77687,10
73466,10
73850,10
75992,10
72085,10
50485,10
75085,10
73849,10
71989,10
98519,10
73436,10
75675,10
98459,10
74616,10
50598,10
74980,10
72493,10
50825,10
74023,10
72598,10
70647,10
74983,10
77676,10
71373,10
73988,10
75077,10
74988,10
75177,10
73461,10
73995,10
73861,10
99709,10
75615,10
72506,10
74959,10
71424,10
72907,10
76211,10
75186,10
98384,10
98392,10
75625,10
77857,10
73450,10
73961,10
99676,10
50447,10
49246,10
73957,10
73955,10
75543,10
71046,10
72578,10
77797,10
76099,10
71760,10
99392,10
50646,10
72551,10
77023,10
98121,10
99322,10
77782,10
72952,10
72062,10
50099,10
72955,10
77320,10
73446,10
73023,10
75632,10
73016,10
75557,10
72946,10
49234,10
75063,10
73969,10
72044,10
99354,10
76635,10
76948,10
72942,10
76257,10
98139,10
74647,10
50640,10
77828,10
74052,10
99458,10
99091,10
72090,10
71327,10
75161,10
76068,10
99315,10
76606,10
71768,10
49713,10
98162,10
71056,10
72197,10
98481,10
50608,10
75656,10
76056,10
76166,10
99626,10
77030,10
50137,10
49720,10
77335,10
76039,10
77854,10
99426,10
50412,10
76093,10
73945,10
71027,10
74077,10
71366,10
99631,10
75642,10
72038,10
73933,10
73977,10
71001,10
76949,10
76939,10
50611,10
76258,10
49644,10
99983,10
72532,10
77757,10
75648,10
72958,10
99645,10
72823,10
71266,10
71656,10
99200,10
77544,10
50532,10
72739,10
70914,10
99753,10
75766,10
98644,10
50534,10
77267,10
49371,10
75897,10
50547,10
70543,10
74424,10
72349,10
73658,10
76502,10
76439,10
72731,10
72669,10
75881,10
77185,10
74748,10
49374,10
76422,10
71554,10
76451,10
49362,10
72328,10
75345,10
73514,10
72636,10
50758,10
98223,10
77155,10
77565,10
75909,10
73242,10
74821,10
76524,10
74535,10
74743,10
71661,10
74401,10
74402,10
71887,10
74407,10
72763,10
50592,10
73673,10
77550,10
74817,10
73671,10
50331,10
99524,10
74845,10
71133,10
72403,10
74472,10
72680,10
49958,10
75824,10
77219,10
74478,10
71857,10
70857,10
73562,10
75806,10
74486,10
50339,10
71854,10
73576,10
49952,10
71110,10
49544,10
73295,10
98419,10
50335,10
73580,10
70860,10
99769,10
74784,10
49408,10
71865,10
49942,10
71092,10
75446,10
98759,10
72707,10
71875,10
77195,10
70904,10
74449,10
49414,10
50332,10
75866,10
74770,10
49968,10
71578,10
75441,10
49546,10
99810,10
50229,10
71870,10
76783,10
75796,10
73546,10
49811,10
49387,10
74460,10
77512,10
73330,10
77409,10
74939,10
50384,10
71939,10
50189,10
76352,10
49765,10
75288,10
99876,10
75510,10
73483,10
71230,10
98944,10
74284,10
70716,10
98790,10
49440,10
77624,10
75696,10
74285,10
75699,10
72614,10
74290,10
72468,10
70733,10
50199,10
73489,10
99855,10
99588,10
50245,10
71925,10
73163,10
49292,10
77072,10
71256,10
74607,10
72844,10
49860,10
49751,10
74604,10
49916,10
76331,10
76908,10
77643,10
99604,10
74228,10
99280,10
49444,10
77638,10
98936,10
73482,10
99064,10
49919,10
75262,10
75684,10
98569,10
72827,10
49601,10
99171,10
73228,10
98216,10
73748,10
98328,10
99501,10
50010,10
74329,10
74332,10
99261,10
70933,10
99256,10
98577,10
74735,10
73739,10
99505,10
49575,10
74561,10
77584,10
74382,10
73704,10
70777,10
75911,10
71069,10
99840,10
50005,10
76388,10
70932,10
98978,10
73749,10
98399,10
72775,10
72800,10
74728,10
73776,10
72283,10
99056,10
71222,10
98659,10
73772,10
75723,10
76858,10
76360,10
73492,10
77400,10
77599,10
77143,10
73770,10
70749,10
71210,10
77403,10
71918,10
72295,10
75932,10
74580,10
50374,10
74875,10
73682,10
91693,10
70540,10
86995,10
93804,10
61953,10
61977,10
87042,10
87032,10
87025,10
93822,10
62020,10
62030,10
93828,10
93835,10
55187,10
62070,10
86977,10
86975,10
55127,10
86970,10
55121,10
86963,10
62099,10
62100,10
86923,10
61950,10
87090,10
62132,10
87233,10
61708,10
93685,10
87279,10
61735,10
55254,10
61742,10
61764,10
87265,10
61822,10
55237,10
87232,10
93783,10
61842,10
87214,10
87207,10
93746,10
61895,10
61911,10
87117,10
61914,10
87113,10
61926,10
62116,10
86883,10
61706,10
86586,10
55012,10
93958,10
93960,10
54997,10
86624,10
93967,10
86618,10
86611,10
62419,10
54977,10
62456,10
86669,10
86537,10
86519,10
54928,10
86507,10
54926,10
62500,10
86488,10
86479,10
54900,10
62532,10
62378,10
55024,10
55100,10
62247,10
55094,10
62172,10
93879,10
86809,10
86796,10
62233,10
86780,10
93890,10
93903,10
86779,10
55069,10
55031,10
62248,10
62271,10
86755,10
62298,10
86743,10
86737,10
55043,10
86716,10
62338,10
55039,10
55269,10
87292,10
62541,10
55594,10
61108,10
88005,10
87995,10
93389,10
93391,10
87990,10
93406,10
61155,10
87964,10
87940,10
55593,10
88029,10
93435,10
87926,10
87921,10
87898,10
87896,10
93469,10
55559,10
55556,10
93474,10
61209,10
88024,10
88040,10
55547,10
60954,10
60869,10
60873,10
60904,10
60906,10
93310,10
88172,10
55689,10
88147,10
60936,10
88141,10
93330,10
61080,10
88126,10
60992,10
88085,10
88076,10
88068,10
61043,10
61045,10
88062,10
61063,10
93368,10
87878,10
87866,10
93676,10
55315,10
93590,10
55341,10
61556,10
87499,10
61584,10
87459,10
87432,10
87426,10
55323,10
93629,10
87394,10
93580,10
87367,10
87359,10
55302,10
55299,10
87342,10
87330,10
61679,10
87322,10
87320,10
61696,10
61531,10
87587,10
87865,10
55469,10
61259,10
61275,10
87805,10
61282,10
87802,10
61296,10
93530,10
55485,10
87776,10
61326,10
55465,10
55385,10
55462,10
87739,10
87727,10
93545,10
87685,10
61397,10
87654,10
87627,10
61434,10
61439,10
62540,10
86454,10
84512,10
54291,10
85269,10
85268,10
85265,10
63529,10
94646,10
63541,10
63542,10
94661,10
85228,10
63566,10
85209,10
94625,10
63588,10
85170,10
63605,10
63610,10
85154,10
85149,10
94688,10
85114,10
63688,10
94717,10
54329,10
94618,10
54246,10
63427,10
85470,10
94532,10
85465,10
63391,10
63397,10
85439,10
94554,10
85430,10
85416,10
63423,10
54373,10
85282,10
85375,10
85346,10
85345,10
63445,10
94592,10
85332,10
85326,10
94599,10
63473,10
54345,10
94719,10
63695,10
54431,10
84651,10
84745,10
63958,10
63959,10
94864,10
63965,10
84706,10
54096,10
63984,10
94878,10
54078,10
94895,10
84780,10
94904,10
64114,10
94910,10
64127,10
64132,10
84546,10
64157,10
54033,10
84541,10
64173,10
63935,10
84788,10
94726,10
63806,10
85065,10
54232,10
54226,10
63722,10
63728,10
85040,10
63750,10
85015,10
84988,10
84967,10
84959,10
54124,10
84935,10
94797,10
63831,10
63869,10
54151,10
54145,10
63873,10
84857,10
54133,10
84848,10
54428,10
94513,10
86430,10
85999,10
62854,10
86047,10
62861,10
86042,10
54685,10
86029,10
62882,10
94197,10
54663,10
54657,10
62913,10
62845,10
85972,10
85970,10
85942,10
62938,10
94227,10
85910,10
94235,10
94245,10
85904,10
54623,10
86055,10
86061,10
54614,10
94108,10
86420,10
86416,10
86332,10
86331,10
86320,10
94057,10
62604,10
86281,10
54787,10
54784,10
86146,10
86083,10
62729,10
86122,10
86119,10
54760,10
94128,10
86110,10
62768,10
62778,10
62801,10
86099,10
62998,10
85877,10
54442,10
85581,10
63218,10
63221,10
54504,10
94409,10
63231,10
85624,10
63261,10
54484,10
63274,10
85592,10
94446,10
63191,10
63305,10
63309,10
85557,10
94485,10
94487,10
63316,10
85551,10
54451,10
94497,10
85517,10
85644,10
54529,10
94260,10
63090,10
63024,10
85832,10
54592,10
54590,10
85826,10
94293,10
85811,10
63051,10
94311,10
85791,10
94334,10
63182,10
85771,10
63118,10
85738,10
54549,10
85726,10
85721,10
85714,10
54536,10
63168,10
94377,10
55721,10
93288,10
93287,10
56927,10
90526,10
58648,10
92157,10
58655,10
56948,10
90499,10
90498,10
58677,10
90486,10
92187,10
90474,10
58635,10
58765,10
56891,10
56890,10
58775,10
56886,10
58780,10
92192,10
90424,10
90410,10
90395,10
92155,10
90539,10
92214,10
92101,10
90695,10
57067,10
57061,10
92083,10
90671,10
58502,10
90652,10
90633,10
92090,10
90627,10
57029,10
90549,10
92104,10
92119,10
92120,10
58563,10
56995,10
92136,10
90578,10
90567,10
58619,10
56963,10
58835,10
90356,10
90723,10
59077,10
90200,10
90198,10
56736,10
56733,10
92369,10
59051,10
59053,10
90167,10
90164,10
59072,10
59097,10
90201,10
92392,10
59106,10
90159,10
59109,10
90139,10
59115,10
59123,10
90135,10
56704,10
59158,10
59026,10
59024,10
92222,10
90258,10
92225,10
58877,10
58884,10
90295,10
58908,10
56799,10
92285,10
92292,10
58926,10
90261,10
58941,10
59022,10
90253,10
56787,10
90248,10
58945,10
90244,10
92328,10
90220,10
58987,10
92335,10
90218,10
57075,10
92067,10
88230,10
91347,10
91821,10
57747,10
57772,10
91411,10
91832,10
91843,10
91373,10
91846,10
91362,10
57805,10
57853,10
91468,10
91309,10
57342,10
91872,10
91297,10
91294,10
57325,10
91880,10
91883,10
57317,10
91254,10
91806,10
91484,10
91251,10
57571,10
91640,10
57521,10
57478,10
57474,10
91698,10
57526,10
57473,10
57550,10
91595,10
57458,10
91714,10
57402,10
57438,10
57600,10
91523,10
91749,10
57656,10
57660,10
57665,10
57414,10
57669,10
91503,10
91890,10
57301,10
58464,10
57138,10
57187,10
58255,10
58258,10
58269,10
58277,10
91993,10
90863,10
58308,10
92003,10
90836,10
57134,10
57192,10
92020,10
90816,10
90797,10
58388,10
90775,10
58409,10
90765,10
92046,10
58453,10
90745,10
91983,10
90918,10
57300,10
91008,10
91208,10
91194,10
57974,10
57986,10
91152,10
57999,10
57265,10
58045,10
91940,10
91018,10
91006,10
90919,10
58151,10
57224,10
58162,10
91963,10
91965,10
57215,10
58171,10
90959,10
58188,10
57198,10
90100,10
59176,10
90079,10
88832,10
92955,10
92957,10
92968,10
56047,10
60297,10
60301,10
92986,10
88863,10
88862,10
93015,10
93034,10
56079,10
55984,10
88812,10
93036,10
88798,10
88779,10
55971,10
93047,10
88749,10
60452,10
60457,10
92947,10
60234,10
60464,10
56138,10
92835,10
60062,10
60064,10
56185,10
89121,10
56162,10
60120,10
89091,10
56144,10
89085,10
56131,10
56080,10
60167,10
89072,10
92895,10
56124,10
92911,10
89046,10
89045,10
89020,10
89014,10
89002,10
88739,10
60481,10
90073,10
55788,10
93193,10
88462,10
55835,10
60686,10
55813,10
88406,10
60717,10
60721,10
60731,10
60733,10
88361,10
88471,10
93249,10
55774,10
60782,10
93268,10
88282,10
88281,10
88265,10
60837,10
88255,10
88253,10
88468,10
55843,10
60487,10
55904,10
60492,10
55937,10
55935,10
60494,10
88700,10
88698,10
55916,10
88668,10
93105,10
88657,10
60535,10
88485,10
88595,10
93125,10
60567,10
93141,10
88561,10
88555,10
60613,10
88501,10
93179,10
60636,10
56195,10
60050,10
92834,10
89671,10
56571,10
59481,10
89769,10
89766,10
92569,10
89735,10
89695,10
59515,10
89680,10
89673,10
59528,10
89792,10
56527,10
59538,10
89646,10
56510,10
59553,10
56509,10
59569,10
59580,10
59599,10
89595,10
56576,10
92545,10
89176,10
59304,10
90064,10
92432,10
90052,10
90033,10
90026,10
90021,10
59256,10
90010,10
92461,10
90003,10
56641,10
92531,10
89960,10
59342,10
59348,10
89886,10
92495,10
59412,10
92514,10
56607,10
92521,10
56600,10
59617,10
56478,10
89584,10
92792,10
56284,10
89362,10
59869,10
59870,10
59872,10
59879,10
92767,10
59899,10
59946,10
89295,10
92796,10
89553,10
89269,10
89268,10
59991,10
89261,10
56218,10
89211,10
60033,10
60043,10
56208,10
89182,10
89372,10
92743,10
89392,10
92719,10
59638,10
89538,10
89533,10
56455,10
59657,10
56450,10
59667,10
59668,10
89517,10
89515,10
59688,10
56426,10
56415,10
56407,10
89464,10
92669,10
56388,10
89462,10
92677,10
89428,10
59775,10
94933,10
53999,10
50886,10
68252,10
68145,10
68146,10
68151,10
80189,10
97017,10
97018,10
80145,10
80144,10
51953,10
97031,10
68254,10
80254,10
51936,10
97035,10
51929,10
68280,10
97046,10
51920,10
80079,10
68289,10
68293,10
80077,10
51995,10
68120,10
68352,10
80356,10
67967,10
52078,10
67981,10
67987,10
52065,10
80397,10
80383,10
96951,10
68014,10
80372,10
80353,10
80262,10
80334,10
68062,10
96967,10
52034,10
96977,10
68071,10
96979,10
80280,10
80277,10
97000,10
80038,10
80023,10
96927,10
68715,10
51730,10
68664,10
68667,10
51726,10
51724,10
51722,10
79751,10
51711,10
79739,10
51704,10
79708,10
79765,10
68741,10
79700,10
79698,10
68760,10
79689,10
79681,10
68776,10
79662,10
68800,10
68802,10
97250,10
79779,10
68380,10
97164,10
97098,10
79969,10
51861,10
79952,10
68474,10
51817,10
51810,10
68477,10
79892,10
97158,10
79866,10
97229,10
68506,10
51790,10
79852,10
97179,10
68518,10
68527,10
79836,10
68547,10
68549,10
68616,10
67956,10
80428,10
97319,10
96660,10
96635,10
52333,10
80999,10
80989,10
67443,10
52318,10
52317,10
80941,10
96656,10
80922,10
80917,10
81037,10
80900,10
96664,10
96669,10
52295,10
67519,10
67537,10
67550,10
67553,10
96708,10
52282,10
67410,10
67394,10
96713,10
67267,10
81225,10
52439,10
52438,10
96531,10
81193,10
67232,10
52423,10
67239,10
67262,10
96559,10
96564,10
52358,10
52411,10
81166,10
67286,10
67303,10
96581,10
81122,10
96593,10
81065,10
81064,10
96601,10
80807,10
67582,10
96916,10
80564,10
80613,10
67780,10
67784,10
80603,10
67788,10
52184,10
67791,10
96831,10
96840,10
80573,10
80546,10
80618,10
67837,10
80506,10
80505,10
67863,10
52142,10
67896,10
52132,10
67902,10
52125,10
52119,10
80617,10
96811,10
80800,10
80705,10
80799,10
80794,10
96721,10
80786,10
80753,10
67624,10
52240,10
80716,10
80713,10
67662,10
80703,10
52200,10
67671,10
67672,10
96760,10
67676,10
96765,10
52211,10
52208,10
96777,10
80634,10
80623,10
97314,10
79627,10
84481,10
69989,10
69888,10
78466,10
69913,10
51145,10
69946,10
69952,10
69959,10
69967,10
69972,10
69979,10
69999,10
69881,10
78382,10
70040,10
78351,10
70051,10
51109,10
78338,10
78329,10
97851,10
51099,10
70070,10
97791,10
78495,10
97864,10
97757,10
78666,10
97704,10
78653,10
69728,10
97716,10
97734,10
78638,10
97738,10
69776,10
69783,10
51204,10
78506,10
51201,10
69798,10
97764,10
78537,10
78532,10
78526,10
78524,10
69860,10
78508,10
97784,10
70099,10
70111,10
69699,10
78014,10
78099,10
70338,10
50972,10
78091,10
98021,10
78075,10
78074,10
78071,10
70366,10
50953,10
50937,10
70319,10
70398,10
98052,10
70410,10
70416,10
70418,10
77982,10
50926,10
77961,10
77901,10
70522,10
50977,10
78110,10
78289,10
78180,10
51075,10
70131,10
70139,10
51067,10
70147,10
70184,10
97933,10
78204,10
70230,10
97958,10
51020,10
50984,10
70253,10
70269,10
97971,10
97986,10
70277,10
97998,10
97999,10
78125,10
70302,10
70307,10
78671,10
69694,10
51652,10
69141,10
69101,10
69104,10
51520,10
51519,10
97476,10
69125,10
69128,10
97482,10
69140,10
79256,10
79233,10
69071,10
69167,10
79222,10
51496,10
69174,10
51491,10
51484,10
69208,10
69216,10
79176,10
51472,10
79349,10
79378,10
69244,10
97382,10
97345,10
79596,10
51638,10
68865,10
79589,10
68884,10
79562,10
79553,10
51598,10
68941,10
79528,10
69067,10
68951,10
68974,10
51586,10
51581,10
79503,10
97395,10
79476,10
69027,10
79411,10
69055,10
97532,10
69247,10
69691,10
51286,10
78838,10
51327,10
78826,10
97627,10
69561,10
78814,10
69599,10
69613,10
69624,10
51290,10
78725,10
69516,10
69645,10
78700,10
78699,10
78694,10
69673,10
78676,10
51272,10
51268,10
69683,10
69690,10
69520,10
51354,10
69253,10
79018,10
69259,10
97544,10
69260,10
79144,10
51457,10
79101,10
51453,10
79059,10
51447,10
69339,10
69352,10
78887,10
69356,10
79007,10
97578,10
51406,10
97582,10
51392,10
69393,10
51375,10
51366,10
78907,10
52458,10
52462,10
52463,10
65134,10
65071,10
83481,10
65083,10
53506,10
83479,10
83478,10
83476,10
53498,10
83441,10
65127,10
83421,10
83531,10
83419,10
95509,10
83416,10
83414,10
65203,10
83380,10
65219,10
83329,10
83326,10
83311,10
53528,10
95456,10
65257,10
65020,10
83669,10
83638,10
83630,10
64952,10
64953,10
95400,10
95402,10
83551,10
65016,10
65018,10
53563,10
95450,10
65027,10
65028,10
95433,10
95435,10
65032,10
83539,10
65038,10
53547,10
83535,10
53537,10
53455,10
83227,10
83684,10
83003,10
53336,10
53335,10
95647,10
65523,10
53318,10
65525,10
53313,10
95661,10
95662,10
53305,10
65558,10
83070,10
82975,10
82970,10
65589,10
95700,10
65591,10
95711,10
95726,10
65617,10
53251,10
82877,10
83050,10
83073,10
53433,10
53399,10
65299,10
65321,10
65325,10
95577,10
65342,10
65358,10
95587,10
65369,10
83175,10
95598,10
83154,10
53353,10
65404,10
65407,10
83139,10
83125,10
53378,10
65444,10
65445,10
83088,10
83078,10
53354,10
64905,10
83693,10
67175,10
64365,10
64341,10
64346,10
84345,10
84331,10
64360,10
53893,10
53891,10
95054,10
53878,10
64364,10
64404,10
53915,10
64408,10
53843,10
53842,10
84264,10
95086,10
84247,10
95098,10
84198,10
84192,10
84190,10
84358,10
64325,10
95106,10
84410,10
84474,10
84442,10
84434,10
64243,10
64244,10
84432,10
84431,10
53979,10
84426,10
84421,10
84409,10
53925,10
64274,10
64277,10
64287,10
53949,10
53946,10
53945,10
84379,10
84371,10
95005,10
64317,10
95105,10
84156,10
95343,10
64782,10
83932,10
83930,10
95228,10
95231,10
64739,10
53705,10
95238,10
83910,10
83873,10
64780,10
53669,10
64720,10
95288,10
83826,10
64794,10
95294,10
83800,10
95307,10
53643,10
83766,10
64851,10
53622,10
95215,10
64716,10
64494,10
53765,10
84154,10
53797,10
64520,10
95138,10
64552,10
64554,10
53772,10
64593,10
84046,10
84039,10
84036,10
83956,10
64619,10
84030,10
64636,10
64644,10
64652,10
83984,10
53738,10
83980,10
95198,10
64684,10
95730,10
53238,10
53228,10
66821,10
96264,10
66751,10
66752,10
81686,10
66782,10
81677,10
52640,10
81673,10
81659,10
96279,10
96289,10
96249,10
52622,10
66822,10
66827,10
96293,10
81641,10
52616,10
66830,10
66840,10
81631,10
66841,10
81697,10
81718,10
81625,10
66617,10
81963,10
96194,10
52726,10
81933,10
52719,10
66591,10
96204,10
96208,10
66601,10
52702,10
81824,10
66700,10
81817,10
52698,10
96231,10
81777,10
66656,10
66657,10
66669,10
66691,10
52678,10
52676,10
52609,10
52605,10
95737,10
81330,10
67077,10
81359,10
81354,10
81353,10
67099,10
81347,10
96449,10
81343,10
81342,10
67114,10
67127,10
96434,10
81300,10
81292,10
52475,10
96495,10
67160,10
81263,10
96505,10
81261,10
96506,10
67172,10
81380,10
81387,10
52592,10
96351,10
52590,10
81577,10
66903,10
52577,10
66909,10
81537,10
52565,10
66935,10
81509,10
52558,10
66954,10
81405,10
52538,10
81477,10
66976,10
81475,10
52533,10
81459,10
96385,10
52524,10
67017,10
67019,10
81971,10
96184,10
81973,10
95933,10
65826,10
82613,10
82601,10
65837,10
65841,10
95887,10
82575,10
95898,10
65880,10
82558,10
53021,10
65801,10
65935,10
53014,10
65958,10
65976,10
65984,10
95953,10
82485,10
66036,10
66037,10
66042,10
82653,10
82655,10
81976,10
95811,10
95738,10
82828,10
82814,10
82813,10
82794,10
65662,10
65663,10
82776,10
53179,10
82767,10
53154,10
95859,10
95824,10
65763,10
95834,10
82692,10
65773,10
65783,10
65792,10
53106,10
95858,10
53100,10
82454,10
95979,10
95981,10
52799,10
82233,10
82187,10
96111,10
52836,10
96120,10
82143,10
82142,10
82139,10
96130,10
82101,10
82099,10
95987,10
82068,10
66373,10
82063,10
66381,10
66385,10
66396,10
66409,10
82024,10
66418,10
81989,10
66249,10
96096,10
82252,10
66235,10
66072,10
52947,10
52943,10
66081,10
96002,10
96006,10
96009,10
96017,10
82420,10
66131,10
82381,10
66156,10
66173,10
82359,10
96066,10
82345,10
82303,10
52864,10
82280,10
66229,10
66234,10
82855,10
50001,10
43961,10
6037,10
5988,10
47560,10
12041,10
36822,10
18471,10
18489,10
12030,10
43146,10
23563,10
6055,10
23561,10
12027,10
43157,10
36798,10
23597,10
12059,10
12025,10
5892,10
41273,10
39699,10
23654,10
36875,10
23653,10
18403,10
5910,10
5967,10
23644,10
23640,10
36860,10
18433,10
30500,10
36854,10
23547,10
6075,10
23681,10
40786,10
6165,10
30540,10
36759,10
44394,10
43169,10
6209,10
18528,10
6157,10
11958,10
23413,10
36735,10
18536,10
44390,10
6307,10
11982,10
23454,10
36791,10
30531,10
30518,10
32450,10
36783,10
18500,10
6099,10
30522,10
36772,10
18505,10
6122,10
40229,10
6145,10
36767,10
6148,10
23459,10
18387,10
30491,10
34506,10
23871,10
44457,10
12187,10
5668,10
23886,10
23882,10
18285,10
23864,10
36994,10
5692,10
12177,10
45937,10
5704,10
23843,10
30425,10
23904,10
37000,10
12160,10
30403,10
30396,10
23947,10
5587,10
23946,10
41322,10
47666,10
18265,10
23919,10
30407,10
47663,10
34514,10
37013,10
5615,10
47662,10
44438,10
5748,10
12091,10
36912,10
18345,10
45974,10
36918,10
5832,10
41278,10
18360,10
5840,10
23733,10
23717,10
44416,10
12102,10
5854,10
47596,10
47593,10
43110,10
12121,10
23822,10
12143,10
36949,10
30428,10
23812,10
30446,10
43089,10
23784,10
18330,10
5803,10
12140,10
36939,10
23770,10
36935,10
5796,10
45959,10
6312,10
30554,10
23381,10
11651,10
23014,10
11680,10
11679,10
11669,10
18763,10
6824,10
44329,10
18747,10
6834,10
6839,10
41228,10
47350,10
18798,10
22890,10
39773,10
36572,10
22888,10
46087,10
11741,10
23106,10
43250,10
6731,10
6735,10
11720,10
18704,10
23030,10
18707,10
11710,10
32370,10
23069,10
34784,10
18723,10
6869,10
36529,10
11940,10
7029,10
46118,10
41207,10
22798,10
36492,10
43299,10
7028,10
22796,10
47319,10
7032,10
46121,10
22790,10
7043,10
44305,10
11543,10
30770,10
34866,10
18810,10
11605,10
22871,10
40195,10
6897,10
6913,10
30739,10
40194,10
30747,10
6980,10
30749,10
6947,10
18817,10
6959,10
44315,10
6971,10
46084,10
30640,10
6714,10
47455,10
6416,10
47467,10
43211,10
32421,10
6418,10
46052,10
18594,10
23315,10
11876,10
39740,10
6445,10
23280,10
32413,10
39741,10
18577,10
11915,10
6710,10
47481,10
11937,10
40224,10
46040,10
23364,10
11925,10
23354,10
11924,10
23335,10
34650,10
6377,10
23344,10
36703,10
11918,10
46047,10
6464,10
6479,10
6485,10
44360,10
6597,10
23188,10
11808,10
23170,10
23157,10
11805,10
6651,10
6488,10
36644,10
18670,10
23151,10
6672,10
30630,10
32378,10
18648,10
6594,10
40796,10
43228,10
23216,10
36664,10
11814,10
43225,10
30622,10
6545,10
6525,10
30610,10
18635,10
18615,10
23258,10
6508,10
23260,10
12213,10
5567,10
7100,10
4687,10
12673,10
40284,10
4667,10
42860,10
12656,10
32592,10
4699,10
24653,10
12650,10
4703,10
12642,10
39586,10
34329,10
24596,10
24644,10
12693,10
40281,10
4618,10
12782,10
12772,10
24718,10
30154,10
4604,10
39568,10
12698,10
30176,10
42846,10
32593,10
47890,10
12694,10
30172,10
4652,10
32589,10
4743,10
37369,10
37284,10
37299,10
42896,10
4872,10
12580,10
47842,10
39602,10
32549,10
4849,10
24488,10
30208,10
12574,10
42901,10
4953,10
32548,10
4850,10
45812,10
4744,10
4795,10
30186,10
17933,10
30192,10
4789,10
45805,10
47858,10
42887,10
41392,10
17938,10
4803,10
17947,10
32557,10
4821,10
4826,10
24748,10
24750,10
12215,10
47977,10
24963,10
47986,10
4221,10
4226,10
37437,10
44606,10
45718,10
24989,10
39526,10
4242,10
4246,10
39528,10
12906,10
34254,10
42765,10
12927,10
34273,10
41439,10
30011,10
4159,10
42753,10
17633,10
48008,10
4170,10
48007,10
4192,10
42756,10
12944,10
4177,10
4181,10
12943,10
34240,10
47969,10
30059,10
4536,10
4474,10
30096,10
32625,10
17752,10
12800,10
24809,10
24796,10
30120,10
34315,10
4480,10
30124,10
24781,10
12796,10
4509,10
24762,10
12802,10
44589,10
40300,10
37412,10
12881,10
12871,10
39536,10
24890,10
24888,10
12865,10
17713,10
4387,10
32652,10
32648,10
4358,10
42785,10
32645,10
42795,10
30220,10
30221,10
42905,10
44487,10
32495,10
24108,10
42993,10
5371,10
37095,10
18181,10
18183,10
34460,10
5393,10
47730,10
18184,10
18186,10
37094,10
45900,10
24115,10
5343,10
5428,10
41344,10
37116,10
12404,10
24188,10
5302,10
47753,10
24186,10
24174,10
24166,10
42974,10
5318,10
5321,10
5324,10
41343,10
5333,10
37090,10
12318,10
4982,10
23973,10
12275,10
24006,10
43028,10
23991,10
12244,10
12238,10
5550,10
18234,10
12236,10
45916,10
47677,10
12231,10
43036,10
12223,10
37057,10
37064,10
18212,10
12288,10
24050,10
12292,10
39642,10
24034,10
24032,10
39643,10
47716,10
30381,10
45907,10
24023,10
5483,10
37073,10
12284,10
24021,10
24190,10
45877,10
12425,10
18028,10
5081,10
18014,10
5085,10
24391,10
5097,10
39619,10
24381,10
24394,10
45840,10
40749,10
34383,10
24363,10
12501,10
18069,10
5076,10
18008,10
39632,10
24426,10
24462,10
17977,10
30234,10
44537,10
37234,10
37232,10
34365,10
24400,10
5016,10
37226,10
45833,10
5039,10
12546,10
24402,10
12475,10
45843,10
24358,10
12435,10
18083,10
44516,10
47776,10
18090,10
42958,10
41349,10
24250,10
37172,10
24249,10
24228,10
18104,10
45872,10
37143,10
24198,10
34392,10
12445,10
5195,10
12449,10
24319,10
12461,10
47785,10
30283,10
30276,10
30275,10
18075,10
24347,10
42937,10
5151,10
24351,10
5147,10
5146,10
22777,10
22774,10
12965,10
10569,10
31409,10
19955,10
10575,10
46799,10
9168,10
9169,10
35786,10
41049,10
21136,10
35236,10
39958,10
21126,10
31434,10
9188,10
46803,10
10582,10
9196,10
35816,10
46817,10
21263,10
31376,10
9024,10
9055,10
35230,10
9065,10
21193,10
21235,10
31867,10
21227,10
21224,10
21215,10
10596,10
46464,10
35238,10
31353,10
10421,10
9311,10
31809,10
20992,10
20068,10
20986,10
20977,10
10416,10
9295,10
10400,10
9362,10
20953,10
9367,10
35651,10
35649,10
20063,10
35676,10
19970,10
43752,10
19978,10
19992,10
19996,10
31465,10
20002,10
39964,10
21067,10
10468,10
31828,10
35259,10
31827,10
20043,10
20044,10
31483,10
21264,10
8972,10
21587,10
46864,10
19770,10
19778,10
21476,10
10712,10
35898,10
41065,10
31938,10
43663,10
35896,10
19797,10
19808,10
8815,10
8818,10
10687,10
21492,10
46879,10
46418,10
10758,10
19719,10
35945,10
46906,10
35944,10
21560,10
31270,10
8720,10
8762,10
19745,10
46399,10
19749,10
8734,10
10744,10
10740,10
21444,10
19826,10
46823,10
43699,10
21348,10
35865,10
31339,10
21337,10
19905,10
40095,10
8956,10
35207,10
21314,10
19911,10
21303,10
19916,10
46825,10
31883,10
44058,10
31895,10
40908,10
46851,10
21425,10
31905,10
10672,10
8847,10
21416,10
44063,10
31324,10
31334,10
39931,10
21392,10
35879,10
19885,10
21382,10
31331,10
31793,10
46737,10
31504,10
35432,10
20328,10
10129,10
31630,10
43875,10
20542,10
46550,10
46619,10
43920,10
10122,10
20507,10
35424,10
35421,10
9894,10
31632,10
31614,10
31610,10
9903,10
9809,10
31600,10
9793,10
40022,10
10176,10
20609,10
31605,10
9812,10
9852,10
20312,10
20592,10
46543,10
20563,10
20326,10
9844,10
9901,10
20339,10
9421,10
20414,10
10007,10
20425,10
20424,10
20422,10
31645,10
46583,10
46580,10
20447,10
46568,10
46575,10
43898,10
31669,10
35391,10
43900,10
20442,10
20453,10
20356,10
20478,10
9925,10
20498,10
9926,10
20494,10
31681,10
31641,10
20472,10
46593,10
20465,10
43887,10
9946,10
9953,10
9957,10
9960,10
20631,10
10196,10
20658,10
9528,10
31532,10
43805,10
46516,10
43808,10
20775,10
20753,10
20747,10
10286,10
9539,10
9548,10
20742,10
10282,10
46690,10
41024,10
46700,10
9505,10
20284,10
31525,10
46730,10
10340,10
10335,10
10327,10
35628,10
10321,10
46721,10
46703,10
46719,10
35299,10
46711,10
35301,10
20791,10
20787,10
20732,10
20179,10
31750,10
20677,10
46657,10
9710,10
9716,10
9717,10
20679,10
9726,10
9736,10
46685,10
10216,10
10215,10
31715,10
9752,10
35501,10
20278,10
35540,10
9698,10
31563,10
40050,10
40051,10
9676,10
35551,10
20690,10
35335,10
9632,10
20218,10
31552,10
20710,10
20711,10
46676,10
10253,10
40055,10
35948,10
19710,10
22766,10
46226,10
22395,10
7574,10
22392,10
32168,10
22377,10
7629,10
43439,10
7569,10
43440,10
32164,10
7658,10
41163,10
36316,10
30953,10
11294,10
30942,10
7673,10
22450,10
11326,10
22474,10
46212,10
30916,10
22461,10
7492,10
36335,10
41170,10
7516,10
32176,10
30917,10
41172,10
43412,10
19124,10
7671,10
32155,10
34966,10
19277,10
47111,10
7760,10
30991,10
19272,10
22210,10
11217,10
19286,10
32130,10
19287,10
47098,10
47096,10
11187,10
35057,10
39848,10
7759,10
7754,10
22326,10
36291,10
19195,10
46241,10
22316,10
36294,10
19196,10
47124,10
43464,10
30985,10
32150,10
22259,10
35024,10
22256,10
22252,10
40151,10
32183,10
7470,10
8656,10
22651,10
22675,10
18943,10
18946,10
22660,10
46149,10
47248,10
22649,10
44275,10
18958,10
30835,10
30840,10
11470,10
40179,10
41192,10
44274,10
18935,10
7277,10
7138,10
18872,10
41206,10
22747,10
7127,10
36476,10
46135,10
11530,10
47259,10
18896,10
7167,10
34894,10
18930,10
36471,10
43330,10
41191,10
7282,10
19067,10
32208,10
7360,10
36401,10
7377,10
22555,10
34942,10
36387,10
39807,10
7348,10
43380,10
44247,10
40841,10
46206,10
43384,10
11378,10
43377,10
22567,10
46166,10
22602,10
11451,10
7293,10
7294,10
43360,10
7307,10
30869,10
36436,10
47207,10
11437,10
30883,10
7329,10
11432,10
34931,10
30893,10
7835,10
47091,10
11180,10
31203,10
10948,10
35124,10
36030,10
10934,10
32017,10
8444,10
39898,10
19565,10
19600,10
35132,10
41087,10
31981,10
31977,10
39901,10
19571,10
8387,10
8475,10
31179,10
8331,10
21836,10
10975,10
47010,10
10970,10
21817,10
10964,10
19558,10
41093,10
39887,10
19554,10
35118,10
39895,10
8383,10
43621,10
35143,10
31002,10
8633,10
35975,10
19683,10
21627,10
8618,10
8619,10
21606,10
8636,10
31243,10
19701,10
31255,10
8642,10
46918,10
10812,10
35951,10
19678,10
39908,10
39903,10
10887,10
21712,10
10895,10
21693,10
19653,10
8512,10
46951,10
31228,10
21646,10
21690,10
21684,10
43640,10
21670,10
8574,10
31973,10
19551,10
21844,10
10984,10
11097,10
22074,10
19371,10
39860,10
36184,10
22058,10
19401,10
8023,10
31044,10
35074,10
46297,10
36178,10
8036,10
19426,10
39865,10
44174,10
36196,10
47014,10
19325,10
11170,10
35062,10
43500,10
22173,10
11168,10
11164,10
32128,10
36199,10
22130,10
7933,10
7936,10
40878,10
11131,10
22110,10
47047,10
19442,10
21991,10
19528,10
11034,10
8178,10
11021,10
41098,10
36101,10
31157,10
41095,10
11078,10
21864,10
47019,10
40885,10
10994,10
8315,10
19550,10
46322,10
43553,10
21917,10
19479,10
8144,10
19468,10
43548,10
41110,10
31095,10
44157,10
32084,10
8114,10
21958,10
11067,10
43539,10
21973,10
46311,10
30005,10
5025,10
48013,10
16477,10
1921,10
33851,10
29218,10
38384,10
14212,10
38389,10
40409,10
27022,10
27023,10
16460,10
1849,10
33102,10
1829,10
1816,10
14244,10
1810,10
16422,10
1791,10
27064,10
42239,10
27089,10
16410,10
27113,10
16402,10
1711,10
38415,10
27120,10
29174,10
44924,10
1924,10
14185,10
48602,10
26971,10
42305,10
33892,10
48613,10
26789,10
38319,10
26794,10
16575,10
2073,10
26798,10
33044,10
16562,10
38325,10
2037,10
41681,10
14166,10
26857,10
26879,10
42293,10
26882,10
14169,10
26911,10
26916,10
16486,10
48636,10
40624,10
42281,10
26958,10
14182,10
1955,10
48677,10
1664,10
27143,10
27144,10
27291,10
1484,10
1481,10
27300,10
1473,10
1470,10
29078,10
1457,10
48770,10
38496,10
33156,10
14384,10
41722,10
1435,10
14395,10
33157,10
38509,10
1417,10
1415,10
14403,10
1405,10
16176,10
44990,10
27372,10
1375,10
27375,10
1374,10
38538,10
44994,10
1499,10
33152,10
27279,10
27178,10
16373,10
38441,10
27151,10
27152,10
27159,10
38445,10
48699,10
38447,10
27160,10
16367,10
1637,10
16366,10
1634,10
27185,10
1535,10
27188,10
1604,10
1599,10
16340,10
16329,10
16326,10
27229,10
42201,10
27233,10
14340,10
14343,10
44941,10
48740,10
33900,10
26786,10
16133,10
2658,10
2651,10
29389,10
29386,10
48476,10
26415,10
32940,10
38129,10
2603,10
26423,10
16826,10
13865,10
2583,10
48492,10
2551,10
2539,10
2533,10
13878,10
38154,10
2522,10
13880,10
16797,10
38159,10
26477,10
29347,10
16791,10
13887,10
16788,10
38182,10
39341,10
16842,10
44815,10
14115,10
13840,10
38061,10
13767,10
42435,10
2743,10
2735,10
26303,10
42431,10
2722,10
13816,10
45512,10
38094,10
16866,10
42427,10
48434,10
38101,10
44805,10
39365,10
45507,10
29410,10
16857,10
42424,10
48448,10
26350,10
48451,10
26382,10
26387,10
32935,10
26398,10
48461,10
13890,10
26495,10
16776,10
26503,10
2262,10
14013,10
48567,10
41661,10
26699,10
14026,10
33011,10
38247,10
33014,10
14068,10
14078,10
26727,10
26740,10
38274,10
2215,10
44875,10
33022,10
29246,10
2197,10
16624,10
38289,10
2174,10
26766,10
2169,10
38299,10
16600,10
41673,10
33917,10
26769,10
26670,10
29290,10
2278,10
13938,10
2484,10
29334,10
26527,10
39332,10
26530,10
2443,10
38200,10
29330,10
29326,10
42373,10
16747,10
2417,10
39327,10
29308,10
2291,10
41655,10
2373,10
26587,10
26592,10
26610,10
2345,10
16693,10
2331,10
13987,10
13988,10
29298,10
40386,10
16673,10
27382,10
27401,10
38054,10
554,10
539,10
15563,10
49080,10
28662,10
28647,10
41802,10
28151,10
45245,10
28167,10
469,10
15510,10
15503,10
28175,10
451,10
49091,10
15023,10
15490,10
15036,10
45235,10
38930,10
28207,10
15475,10
49104,10
413,10
28632,10
404,10
400,10
15054,10
41904,10
15598,10
39173,10
664,10
14976,10
659,10
653,10
40488,10
38844,10
641,10
28004,10
28008,10
633,10
28025,10
28028,10
14945,10
28039,10
28045,10
28056,10
28673,10
14946,10
49045,10
604,10
14953,10
38861,10
14954,10
28671,10
39176,10
45262,10
38865,10
14971,10
14975,10
41961,10
41795,10
375,10
15083,10
369,10
33504,10
41882,10
41830,10
188,10
176,10
33460,10
15180,10
41876,10
15396,10
145,10
136,10
39050,10
41870,10
40520,10
39051,10
15216,10
33449,10
41865,10
15227,10
28444,10
28446,10
28447,10
15233,10
15246,10
49193,10
41845,10
15263,10
28496,10
6,10
28488,10
15408,10
196,10
49160,10
28291,10
15087,10
15457,10
28263,10
28278,10
344,10
28283,10
49115,10
338,10
49116,10
28564,10
335,10
38952,10
28290,10
302,10
28360,10
28294,10
28322,10
49128,10
49130,10
28325,10
15424,10
15422,10
28558,10
15414,10
233,10
217,10
45175,10
41886,10
661,10
15674,10
27402,10
14577,10
16027,10
27549,10
14602,10
45330,10
1159,10
1156,10
14609,10
40577,10
16004,10
1128,10
38665,10
1113,10
28924,10
14657,10
15983,10
38676,10
38678,10
48874,10
1095,10
48881,10
14663,10
15970,10
48889,10
42074,10
38689,10
48893,10
40456,10
42064,10
28882,10
27544,10
1176,10
27989,10
1181,10
27419,10
1318,10
38573,10
1316,10
1303,10
27434,10
27442,10
28962,10
41733,10
48815,10
42127,10
45363,10
1270,10
40580,10
40439,10
14502,10
33711,10
14511,10
27506,10
48836,10
1250,10
16045,10
27528,10
48849,10
40578,10
48851,10
38635,10
14563,10
45022,10
28872,10
1022,10
14677,10
48906,10
14815,10
27870,10
15807,10
788,10
14823,10
775,10
38807,10
772,10
15779,10
27899,10
41779,10
750,10
40472,10
14861,10
15728,10
739,10
38821,10
33643,10
15724,10
48991,10
45103,10
27969,10
27970,10
49004,10
14908,10
28696,10
27983,10
27988,10
45114,10
801,10
45079,10
33288,10
38753,10
28832,10
14691,10
15925,10
33690,10
967,10
15917,10
14710,10
27777,10
948,10
38719,10
14719,10
15906,10
27785,10
42031,10
15826,10
15884,10
15872,10
38758,10
27805,10
27819,10
27828,10
15857,10
830,10
41768,10
15844,10
821,10
42016,10
48948,10
13757,10
2096,10
32928,10
25654,10
37804,10
39440,10
44692,10
13304,10
42580,10
44693,10
48224,10
26269,10
17328,10
3402,10
48231,10
3395,10
25713,10
3393,10
13330,10
42565,10
25721,10
13334,10
34130,10
25758,10
3351,10
3345,10
32783,10
13374,10
25777,10
37797,10
44691,10
26023,10
17334,10
41526,10
29804,10
25546,10
37736,10
13248,10
13250,10
40326,10
17385,10
37747,10
48181,10
44682,10
17376,10
25578,10
3536,10
17343,10
37789,10
25596,10
48206,10
3499,10
25617,10
29793,10
32762,10
25639,10
13288,10
3462,10
37837,10
32784,10
3299,10
3295,10
42509,10
48313,10
34072,10
3154,10
3148,10
3144,10
13474,10
3139,10
13477,10
44729,10
44733,10
37920,10
41575,10
13509,10
25975,10
3096,10
25981,10
13512,10
3094,10
13521,10
44745,10
13527,10
32847,10
13533,10
48334,10
48305,10
39411,10
29617,10
29651,10
25798,10
44712,10
25812,10
25818,10
25834,10
13413,10
3274,10
13424,10
25847,10
13426,10
13434,10
34084,10
17170,10
42539,10
44721,10
25898,10
45582,10
44724,10
25911,10
34075,10
13466,10
13469,10
29629,10
25923,10
3603,10
29810,10
44675,10
29914,10
25166,10
4031,10
17591,10
4021,10
13026,10
25191,10
48070,10
13042,10
42709,10
44631,10
17553,10
17552,10
48077,10
29934,10
42698,10
13063,10
42693,10
25228,10
39503,10
32701,10
32704,10
29918,10
42678,10
17523,10
41478,10
41461,10
4052,10
34206,10
44624,10
37500,10
25049,10
17627,10
45697,10
39515,10
37521,10
29964,10
4112,10
25070,10
25080,10
17622,10
4099,10
45685,10
37529,10
4094,10
25119,10
4084,10
17597,10
34209,10
39512,10
4068,10
25131,10
4064,10
29956,10
3904,10
44649,10
29814,10
13113,10
17449,10
48138,10
17447,10
34163,10
3744,10
29846,10
48142,10
34162,10
29845,10
29840,10
13210,10
25432,10
44669,10
25434,10
48158,10
25437,10
25452,10
42629,10
3677,10
41511,10
17417,10
29820,10
44672,10
13221,10
42613,10
25356,10
25355,10
42650,10
17513,10
17514,10
42675,10
13121,10
25300,10
3862,10
13122,10
42672,10
29905,10
3849,10
40317,10
37626,10
17509,10
17484,10
37629,10
29887,10
13141,10
3813,10
25325,10
25329,10
32725,10
17501,10
42655,10
13177,10
25351,10
34054,10
10053,10
45529,10
42482,10
2782,10
2934,10
13747,10
13749,10
45557,10
48401,10
13559,10
2846,10
26175,10
26177,10
26157,10
17062,10
34025,10
13702,10
13746,10
17068,10
2872,10
44780,10
41595,10
3028,10
26204,10
26117,10
29521,10
2978,10
26199,10
2859,10
29534,10
16940,10
2948,10
17069,10
16924,10
3035,10
44786,10
2999,10
2878,10
38051,10
48358,10
3068,10
2897,10
2819,10
29543,10
3067,10
26040,10
45523,10
32887,10
2816,10
39377,10
29492,10
26139,10
42471,10
13642,10
2820,10
19932,9
67420,9
32601,9
82871,9
17917,9
40554,9
18583,9
19934,9
67376,9
81249,9
79849,9
44657,9
15609,9
32709,9
44046,9
67422,9
15714,9
65815,9
15720,9
81931,9
83994,9
79879,9
20059,9
31811,9
40699,9
82728,9
54532,9
16993,9
79743,9
81873,9
66463,9
17922,9
57995,9
33330,9
31817,9
66760,9
54545,9
32936,9
33335,9
40733,9
19968,9
44562,9
31847,9
44021,9
33337,9
18397,9
32918,9
81404,9
65790,9
81902,9
54557,9
20007,9
18559,9
79766,9
15696,9
32923,9
66803,9
84014,9
18561,9
81930,9
40940,9
79844,9
84016,9
67377,9
44653,9
81892,9
53898,9
15694,9
17864,9
15686,9
81256,9
40921,9
57993,9
19921,9
81521,9
32943,9
17419,9
18363,9
54190,9
19766,9
83840,9
44076,9
66291,9
80011,9
83853,9
80007,9
54015,9
58016,9
54014,9
83863,9
15874,9
44418,9
31919,9
65866,9
54013,9
15869,9
79979,9
15909,9
81827,9
15760,9
45039,9
17415,9
66753,9
44539,9
53715,9
83786,9
31960,9
83796,9
40745,9
65902,9
31959,9
19761,9
81202,9
53871,9
67257,9
19736,9
67271,9
65882,9
83808,9
19752,9
15915,9
32555,9
18375,9
19822,9
15789,9
82315,9
19894,9
45084,9
32729,9
79904,9
15791,9
66278,9
17850,9
81864,9
19909,9
33268,9
82891,9
40737,9
32579,9
31885,9
15775,9
82724,9
15770,9
45092,9
83958,9
54005,9
67327,9
19886,9
32945,9
65862,9
79940,9
17425,9
58146,9
40687,9
82343,9
54131,9
66816,9
65852,9
17945,9
82329,9
79922,9
40557,9
19869,9
33290,9
17936,9
45081,9
83929,9
82895,9
82766,9
31794,9
66584,9
66792,9
18508,9
17704,9
18464,9
31704,9
53396,9
67530,9
33431,9
81351,9
17696,9
82171,9
84295,9
66252,9
44605,9
53948,9
82164,9
31703,9
20336,9
82088,9
84306,9
53928,9
33433,9
82827,9
15428,9
84084,9
84273,9
33406,9
79558,9
84249,9
65736,9
17717,9
81295,9
54162,9
82200,9
16927,9
40969,9
17706,9
66247,9
43932,9
15436,9
44410,9
67517,9
66793,9
44802,9
67523,9
32926,9
20304,9
66519,9
81316,9
66248,9
53743,9
20368,9
20369,9
79442,9
84384,9
82801,9
20371,9
17624,9
67558,9
44405,9
58158,9
53376,9
84387,9
79410,9
84388,9
66500,9
53935,9
40529,9
15286,9
32668,9
82796,9
18494,9
82787,9
84381,9
16895,9
15373,9
82103,9
15381,9
15377,9
54643,9
43911,9
40530,9
20358,9
66496,9
18502,9
31695,9
15312,9
17656,9
79466,9
17653,9
81319,9
82144,9
15338,9
79457,9
15314,9
66517,9
84231,9
32427,9
20263,9
81999,9
82850,9
15579,9
82246,9
79694,9
15557,9
20127,9
65770,9
81265,9
17785,9
66577,9
43963,9
67450,9
15543,9
79659,9
18555,9
60002,9
17537,9
33374,9
84158,9
31759,9
18551,9
43969,9
15583,9
79695,9
66802,9
53980,9
17817,9
40700,9
43989,9
20069,9
82254,9
81966,9
17808,9
31795,9
32612,9
20115,9
18636,9
66772,9
53907,9
79709,9
20100,9
65780,9
84097,9
20101,9
31782,9
15511,9
82846,9
16937,9
44790,9
57958,9
84209,9
84217,9
66558,9
17551,9
33398,9
58434,9
54616,9
84222,9
54141,9
82039,9
15458,9
53963,9
79598,9
66545,9
67510,9
17720,9
82204,9
67514,9
79573,9
79565,9
81288,9
67479,9
79622,9
16851,9
54171,9
18432,9
32694,9
82002,9
58429,9
32925,9
32692,9
67469,9
32619,9
84195,9
40963,9
65759,9
81282,9
65754,9
33394,9
45145,9
53916,9
17740,9
20188,9
54606,9
31965,9
44770,9
83782,9
16425,9
54084,9
66035,9
81003,9
19097,9
66034,9
18201,9
66883,9
32181,9
83312,9
81595,9
67025,9
17196,9
80652,9
83320,9
66025,9
44333,9
81596,9
44224,9
32175,9
82553,9
81603,9
66364,9
80681,9
81027,9
66299,9
83037,9
32217,9
44249,9
58289,9
44248,9
66998,9
83279,9
66886,9
33079,9
19027,9
80732,9
83282,9
33091,9
18295,9
80726,9
17189,9
32199,9
16438,9
19076,9
19088,9
80684,9
83027,9
16401,9
44441,9
54357,9
18156,9
83368,9
40760,9
16356,9
19204,9
67062,9
19212,9
18149,9
19225,9
32505,9
81648,9
80540,9
81052,9
81649,9
33139,9
33145,9
32139,9
16353,9
40668,9
83394,9
82522,9
16701,9
81484,9
66172,9
66698,9
58083,9
44220,9
40861,9
17211,9
83333,9
83358,9
67041,9
81029,9
81034,9
80619,9
58080,9
32165,9
17065,9
80591,9
18166,9
81628,9
82538,9
80590,9
83361,9
67055,9
82534,9
40764,9
82563,9
66839,9
32820,9
66905,9
33037,9
32675,9
83079,9
54102,9
58118,9
40626,9
44873,9
18886,9
44889,9
44283,9
18926,9
18273,9
40814,9
32261,9
80971,9
80978,9
17129,9
83077,9
66349,9
16550,9
18875,9
44743,9
66105,9
32312,9
80958,9
18266,9
83121,9
83122,9
81524,9
40766,9
66323,9
58124,9
80955,9
66327,9
82623,9
80943,9
18843,9
32314,9
18828,9
54263,9
44456,9
44304,9
33034,9
16592,9
66321,9
66363,9
53652,9
18797,9
66715,9
66169,9
18250,9
18241,9
18986,9
83238,9
82645,9
81491,9
82578,9
53641,9
18988,9
44906,9
54304,9
54243,9
66978,9
32225,9
80759,9
17165,9
83246,9
16667,9
83266,9
81574,9
18978,9
81529,9
18939,9
80790,9
16540,9
16639,9
44319,9
17145,9
80821,9
80818,9
83184,9
66102,9
32254,9
32475,9
44265,9
32329,9
82637,9
54245,9
66309,9
33063,9
80801,9
18966,9
66953,9
83204,9
83207,9
32799,9
53690,9
66004,9
81145,9
17045,9
82695,9
80233,9
53538,9
83654,9
19556,9
83672,9
18659,9
16042,9
18036,9
53851,9
32031,9
32759,9
16035,9
83687,9
19577,9
67185,9
66410,9
80185,9
18332,9
81155,9
83650,9
16058,9
17368,9
66213,9
45005,9
16115,9
81714,9
40884,9
16745,9
82972,9
58139,9
80267,9
81135,9
32039,9
19549,9
83608,9
44427,9
82965,9
82687,9
16088,9
16085,9
83621,9
83633,9
32965,9
58140,9
81759,9
81156,9
67086,9
32547,9
54661,9
80109,9
40896,9
53863,9
67222,9
33208,9
53774,9
82385,9
82696,9
83739,9
53865,9
81804,9
54255,9
53866,9
65909,9
19691,9
33228,9
54024,9
15939,9
19694,9
16777,9
80113,9
80121,9
81462,9
17997,9
44133,9
44130,9
31984,9
19627,9
81461,9
81157,9
17380,9
40640,9
16766,9
81773,9
67216,9
81454,9
83698,9
54455,9
31975,9
16769,9
44369,9
66852,9
17392,9
65926,9
82937,9
44153,9
18681,9
19507,9
44188,9
19321,9
82994,9
66188,9
18113,9
66859,9
19329,9
67102,9
81678,9
32774,9
67104,9
19347,9
16226,9
80447,9
16220,9
82481,9
67105,9
82479,9
53577,9
19368,9
18314,9
53697,9
32129,9
66680,9
67147,9
19319,9
81651,9
44340,9
82507,9
16320,9
17256,9
58326,9
16309,9
32350,9
18131,9
16286,9
16277,9
83436,9
16268,9
66863,9
66185,9
19311,9
16243,9
33153,9
18128,9
17284,9
66397,9
16214,9
44172,9
32970,9
83510,9
33181,9
40754,9
18698,9
82685,9
44999,9
82453,9
16129,9
18696,9
80327,9
19476,9
44520,9
40586,9
16117,9
80313,9
18685,9
80312,9
54042,9
83589,9
67140,9
67144,9
19502,9
40881,9
58263,9
82462,9
44429,9
80425,9
53569,9
67110,9
65967,9
81695,9
19422,9
66740,9
18094,9
40635,9
58378,9
82684,9
65965,9
44165,9
81701,9
17299,9
32089,9
16172,9
17312,9
18699,9
67126,9
16153,9
77539,9
20410,9
69765,9
73635,9
25916,9
73642,9
25909,9
73650,9
69752,9
69751,9
41571,9
69746,9
41568,9
25851,9
25850,9
42545,9
57340,9
69731,9
56255,9
73756,9
56249,9
73778,9
73627,9
57329,9
26019,9
42511,9
69808,9
73511,9
73516,9
25998,9
73529,9
69795,9
25986,9
29605,9
42497,9
25966,9
25964,9
56292,9
25962,9
69775,9
57327,9
73588,9
29611,9
25947,9
25941,9
69727,9
25794,9
73791,9
29687,9
29774,9
25647,9
69608,9
73992,9
73998,9
42593,9
57368,9
25574,9
42596,9
74022,9
74027,9
74029,9
74031,9
29799,9
57370,9
25534,9
25524,9
56175,9
25516,9
29767,9
29752,9
29750,9
41554,9
73802,9
56240,9
25770,9
25769,9
29692,9
73817,9
25754,9
25740,9
73833,9
69629,9
73840,9
29706,9
25711,9
69650,9
25695,9
73899,9
73902,9
56210,9
69816,9
56315,9
72978,9
73101,9
70014,9
73140,9
56417,9
70000,9
73153,9
69992,9
73172,9
26325,9
73185,9
73194,9
42432,9
29449,9
69950,9
73207,9
73210,9
26281,9
57285,9
73245,9
26261,9
29400,9
73100,9
26042,9
29394,9
42390,9
72986,9
29338,9
56461,9
70064,9
26464,9
26452,9
42402,9
26448,9
73040,9
42404,9
73044,9
57264,9
29362,9
73074,9
73075,9
26402,9
26401,9
26400,9
69949,9
69945,9
26255,9
73267,9
73402,9
26129,9
56345,9
73404,9
73405,9
29507,9
26110,9
73418,9
29509,9
42483,9
73431,9
26094,9
73444,9
56327,9
26055,9
56324,9
56323,9
56322,9
73472,9
69885,9
42473,9
56356,9
42452,9
73268,9
26240,9
41611,9
26226,9
29482,9
69920,9
26193,9
26189,9
26183,9
29491,9
56372,9
73332,9
73333,9
26173,9
73347,9
26161,9
41605,9
42464,9
29813,9
56169,9
74109,9
69263,9
42796,9
41424,9
30098,9
69233,9
74873,9
41422,9
42820,9
74905,9
69218,9
69207,9
74928,9
74932,9
74936,9
74937,9
30148,9
74956,9
30156,9
74975,9
69193,9
74862,9
74853,9
69570,9
24833,9
24925,9
69323,9
74766,9
24911,9
30051,9
69304,9
24896,9
24892,9
24886,9
55981,9
30072,9
74794,9
24873,9
74807,9
74810,9
69274,9
74824,9
30093,9
24835,9
69187,9
24676,9
24663,9
75011,9
75099,9
24542,9
24536,9
24529,9
42885,9
42888,9
75132,9
55885,9
55884,9
75150,9
69145,9
75154,9
24503,9
41387,9
75168,9
24493,9
75173,9
69120,9
75180,9
75094,9
24582,9
24588,9
24640,9
75013,9
75018,9
30166,9
24659,9
24654,9
42848,9
55918,9
55915,9
24628,9
24594,9
24625,9
75062,9
75064,9
24610,9
69164,9
75069,9
69160,9
24604,9
55996,9
69328,9
24945,9
74437,9
69497,9
42667,9
25321,9
42669,9
74349,9
69486,9
74358,9
69484,9
41482,9
69471,9
25294,9
25286,9
25285,9
74397,9
25273,9
74416,9
56093,9
25249,9
25240,9
25330,9
57397,9
42658,9
74246,9
74119,9
74135,9
74160,9
29832,9
74191,9
29836,9
25407,9
74226,9
69539,9
42657,9
42643,9
42646,9
29851,9
74269,9
74272,9
29852,9
42652,9
29865,9
29921,9
25239,9
69334,9
74453,9
69404,9
29970,9
25059,9
25057,9
41449,9
30003,9
25044,9
25021,9
56019,9
74674,9
25015,9
42761,9
25013,9
69355,9
57446,9
24992,9
74699,9
69337,9
42768,9
57430,9
25100,9
25102,9
56063,9
25220,9
25217,9
42700,9
74476,9
42701,9
25195,9
74480,9
74481,9
74496,9
25103,9
41466,9
57423,9
69435,9
74552,9
56050,9
42729,9
56045,9
74577,9
72984,9
29335,9
69116,9
71509,9
71512,9
71517,9
28732,9
71531,9
71532,9
70681,9
70675,9
42012,9
71560,9
71567,9
27864,9
70671,9
27861,9
71576,9
27860,9
56839,9
41771,9
27852,9
28742,9
70684,9
28721,9
28002,9
71506,9
57102,9
71426,9
71428,9
71436,9
56885,9
28687,9
27982,9
71451,9
27976,9
56877,9
71463,9
27962,9
70699,9
71487,9
70696,9
27924,9
41996,9
27921,9
70691,9
71625,9
70608,9
56827,9
56825,9
28839,9
71798,9
41755,9
27661,9
71849,9
27626,9
27611,9
70506,9
71877,9
56774,9
70503,9
71891,9
71902,9
42082,9
57149,9
28931,9
27560,9
71920,9
28934,9
71766,9
56794,9
27725,9
71699,9
27812,9
28804,9
56820,9
27796,9
71679,9
71682,9
56814,9
27780,9
71700,9
28828,9
71705,9
71710,9
70598,9
56804,9
28818,9
27744,9
27740,9
71744,9
71423,9
70720,9
57253,9
57013,9
71010,9
71012,9
71016,9
28362,9
71043,9
70844,9
28554,9
28344,9
71075,9
70832,9
70830,9
28310,9
28297,9
41893,9
28279,9
71127,9
41897,9
70799,9
28258,9
28394,9
57015,9
56900,9
57016,9
28486,9
70928,9
70929,9
28502,9
70937,9
70938,9
28453,9
28452,9
28435,9
70900,9
28422,9
57026,9
70977,9
28420,9
28416,9
70889,9
70874,9
70991,9
41875,9
71148,9
71152,9
70791,9
28249,9
71263,9
28646,9
41956,9
28138,9
71282,9
71289,9
28129,9
28128,9
70732,9
28100,9
28079,9
56913,9
28067,9
71356,9
71357,9
71360,9
28064,9
28059,9
56905,9
28155,9
41945,9
28163,9
71212,9
28247,9
70771,9
70764,9
28228,9
57080,9
28631,9
71204,9
71208,9
41930,9
71250,9
71216,9
28641,9
28187,9
28183,9
28181,9
28176,9
71240,9
70746,9
27545,9
56759,9
27537,9
42290,9
26870,9
70213,9
26851,9
26816,9
72633,9
56569,9
26808,9
26803,9
57211,9
29234,9
41677,9
56558,9
70193,9
72675,9
41675,9
42309,9
26782,9
57219,9
56546,9
56581,9
26922,9
71941,9
26951,9
72440,9
27032,9
72457,9
70235,9
42257,9
42259,9
42263,9
70232,9
29219,9
42268,9
27010,9
70218,9
72504,9
42276,9
26979,9
72525,9
26964,9
26957,9
26956,9
56544,9
72706,9
26758,9
70189,9
72858,9
72862,9
29301,9
57240,9
26613,9
70119,9
72879,9
72886,9
29307,9
70109,9
29315,9
29316,9
72927,9
56484,9
26555,9
56479,9
56475,9
26526,9
42381,9
72856,9
72849,9
70124,9
70166,9
29248,9
26741,9
29252,9
26726,9
72758,9
41665,9
26717,9
42340,9
26712,9
72843,9
41663,9
26708,9
56519,9
72783,9
26672,9
72826,9
26650,9
72830,9
70244,9
70248,9
27053,9
27327,9
56725,9
72066,9
41729,9
72080,9
70446,9
27388,9
70445,9
42140,9
42148,9
42150,9
72123,9
28989,9
27352,9
72140,9
27346,9
29018,9
27343,9
27340,9
70394,9
72060,9
27451,9
28954,9
70486,9
27536,9
71943,9
27532,9
27519,9
28936,9
71964,9
71966,9
27514,9
27498,9
72033,9
27497,9
70479,9
28951,9
72001,9
27489,9
27485,9
72011,9
27469,9
56697,9
29044,9
57196,9
27311,9
70290,9
72297,9
56650,9
56649,9
56648,9
29146,9
56645,9
42220,9
42223,9
70266,9
27141,9
29171,9
72388,9
27110,9
29175,9
29184,9
27084,9
72420,9
72427,9
27200,9
70291,9
29136,9
72221,9
29061,9
42171,9
27305,9
29069,9
27285,9
56682,9
29094,9
27275,9
72227,9
27220,9
27264,9
27262,9
27257,9
72246,9
42189,9
29122,9
72260,9
72274,9
75183,9
75200,9
79402,9
31162,9
21829,9
21821,9
78047,9
21792,9
78059,9
78061,9
78063,9
78064,9
21779,9
78069,9
21778,9
21775,9
31198,9
21766,9
43610,9
31200,9
21762,9
68013,9
21757,9
78009,9
43583,9
68139,9
43582,9
77907,9
68132,9
21911,9
21909,9
31117,9
31123,9
31128,9
31144,9
77956,9
31155,9
43568,9
77966,9
77967,9
77976,9
77977,9
77983,9
21856,9
21852,9
77991,9
43615,9
78093,9
21751,9
78097,9
21592,9
55007,9
43652,9
78247,9
55002,9
67944,9
67940,9
78273,9
78280,9
78288,9
43658,9
67934,9
43659,9
54989,9
21509,9
21506,9
21501,9
67924,9
54981,9
78221,9
21602,9
21605,9
78137,9
21734,9
43619,9
21729,9
43622,9
57806,9
68010,9
31207,9
31212,9
31218,9
31247,9
31230,9
43636,9
21683,9
41075,9
78159,9
57815,9
57818,9
78192,9
77903,9
77891,9
77406,9
77520,9
58446,9
30959,9
77546,9
68279,9
77557,9
77564,9
22295,9
43459,9
77579,9
22266,9
22260,9
55199,9
43466,9
22237,9
22236,9
22232,9
68257,9
77628,9
22198,9
57742,9
68308,9
21946,9
77515,9
22476,9
30910,9
22463,9
43404,9
22436,9
77450,9
77451,9
77460,9
77466,9
55240,9
41167,9
55235,9
22386,9
77486,9
55232,9
30944,9
57737,9
22368,9
77507,9
22195,9
68253,9
30997,9
77652,9
31047,9
31059,9
68171,9
77771,9
77787,9
55137,9
77789,9
22043,9
77793,9
43533,9
31076,9
22003,9
68154,9
68153,9
21987,9
21976,9
43538,9
21966,9
21964,9
77744,9
22097,9
68194,9
77672,9
55179,9
55178,9
77655,9
22180,9
31005,9
22169,9
77670,9
68231,9
77675,9
31039,9
77682,9
31021,9
68214,9
77701,9
68212,9
77704,9
22118,9
31032,9
78314,9
21482,9
31306,9
20786,9
54786,9
31541,9
20724,9
54777,9
20723,9
79040,9
79045,9
79049,9
20714,9
54771,9
67689,9
79053,9
43832,9
79066,9
79080,9
79085,9
54757,9
43835,9
43836,9
20779,9
54796,9
78333,9
20811,9
31499,9
43783,9
31500,9
57888,9
78895,9
31521,9
57891,9
78910,9
78916,9
20849,9
78924,9
78932,9
20832,9
20826,9
20815,9
20814,9
20813,9
43798,9
54801,9
79090,9
79091,9
67664,9
79097,9
57925,9
31631,9
57927,9
43879,9
79291,9
54697,9
54696,9
67601,9
31635,9
79301,9
43882,9
67593,9
40996,9
54681,9
79344,9
79359,9
79372,9
79386,9
79398,9
79267,9
79251,9
54712,9
79140,9
57909,9
43842,9
79112,9
20674,9
20673,9
79124,9
79126,9
79128,9
31585,9
20556,9
20617,9
79177,9
79179,9
20601,9
79197,9
79224,9
79225,9
43868,9
78855,9
20926,9
54829,9
21195,9
78461,9
43693,9
78470,9
78481,9
21315,9
31344,9
78501,9
31347,9
78514,9
21289,9
78543,9
67849,9
78558,9
21259,9
54909,9
31391,9
21238,9
54906,9
21228,9
78453,9
21358,9
57842,9
54961,9
54972,9
21465,9
78347,9
21463,9
43671,9
67900,9
78361,9
21441,9
21434,9
78443,9
78378,9
78383,9
21419,9
21418,9
57838,9
78418,9
54948,9
78420,9
21210,9
67835,9
20955,9
21178,9
31475,9
31478,9
21045,9
78763,9
78765,9
21038,9
78778,9
31484,9
78790,9
78791,9
78794,9
21001,9
54841,9
57880,9
43767,9
54837,9
43772,9
20965,9
31495,9
31472,9
78739,9
43754,9
21120,9
78659,9
43728,9
21149,9
67827,9
78662,9
21145,9
21133,9
31431,9
78692,9
78730,9
43741,9
54876,9
78696,9
21108,9
21105,9
54870,9
78710,9
31463,9
55259,9
68353,9
75226,9
30437,9
57582,9
43095,9
76002,9
76004,9
23774,9
68866,9
76036,9
23759,9
55640,9
76045,9
23750,9
68845,9
23730,9
30489,9
30490,9
76080,9
76081,9
23705,9
68842,9
30447,9
68905,9
75787,9
68906,9
55701,9
68931,9
75830,9
75844,9
75845,9
23913,9
75873,9
23897,9
75879,9
23888,9
75898,9
68920,9
75901,9
23876,9
30423,9
75929,9
23849,9
23848,9
75945,9
68841,9
23690,9
76113,9
23689,9
76317,9
55573,9
76338,9
76341,9
23476,9
23461,9
23458,9
23445,9
76380,9
23441,9
76392,9
68791,9
68782,9
76403,9
43175,9
23419,9
55550,9
23415,9
43181,9
23518,9
23534,9
76286,9
30506,9
55616,9
68833,9
76148,9
55610,9
68831,9
23632,9
23628,9
23626,9
76204,9
23556,9
30515,9
76225,9
76229,9
23584,9
23583,9
41271,9
23580,9
43155,9
75791,9
75780,9
22490,9
69061,9
75382,9
75402,9
30299,9
75420,9
41352,9
55806,9
42957,9
24264,9
24262,9
30308,9
30309,9
75468,9
24233,9
24227,9
24218,9
30311,9
75523,9
41345,9
55785,9
30291,9
75352,9
23969,9
55827,9
42915,9
41371,9
75239,9
30249,9
30253,9
55848,9
24409,9
24399,9
75277,9
75286,9
69092,9
69086,9
30263,9
24371,9
30269,9
24359,9
69077,9
75337,9
30274,9
75536,9
30314,9
75541,9
42969,9
55739,9
75678,9
75680,9
24047,9
55730,9
43013,9
57553,9
75706,9
75707,9
30382,9
24013,9
57556,9
24001,9
68949,9
55713,9
23990,9
30390,9
68942,9
55707,9
68964,9
75668,9
55742,9
24114,9
55772,9
24164,9
24148,9
55766,9
75584,9
69011,9
24125,9
75613,9
75621,9
30371,9
42994,9
75631,9
75634,9
30348,9
41339,9
41333,9
24074,9
30361,9
30553,9
23408,9
76434,9
55362,9
77097,9
43305,9
77117,9
68460,9
77129,9
77131,9
30809,9
55346,9
77149,9
77157,9
22720,9
30812,9
30818,9
41199,9
22695,9
22694,9
77188,9
77190,9
77194,9
77088,9
55363,9
76446,9
55365,9
22864,9
77000,9
77004,9
41222,9
43282,9
22853,9
30745,9
68524,9
22845,9
22840,9
77033,9
68515,9
68500,9
30791,9
55376,9
22797,9
77062,9
22792,9
77079,9
22678,9
77205,9
22662,9
77223,9
68373,9
77315,9
68368,9
55281,9
22542,9
22541,9
55278,9
77348,9
41178,9
77358,9
22532,9
22531,9
22515,9
55268,9
22514,9
30906,9
22503,9
77392,9
43389,9
77312,9
68376,9
68378,9
77266,9
77227,9
77232,9
77234,9
30825,9
77244,9
77246,9
30844,9
57707,9
43354,9
55292,9
22626,9
22624,9
55306,9
30868,9
22616,9
22610,9
55296,9
55293,9
22877,9
55401,9
76968,9
76680,9
30593,9
57632,9
68728,9
68727,9
76582,9
23267,9
23261,9
76604,9
68716,9
23248,9
23229,9
30612,9
76653,9
76655,9
23212,9
23197,9
57644,9
23193,9
23180,9
76556,9
23305,9
30585,9
76493,9
76468,9
76469,9
23379,9
76474,9
55535,9
57622,9
55533,9
76484,9
30562,9
68750,9
23353,9
30570,9
55524,9
76519,9
76523,9
23332,9
76534,9
76536,9
55474,9
68678,9
22922,9
30629,9
76825,9
76826,9
30672,9
76841,9
30691,9
76871,9
76895,9
22989,9
22987,9
30700,9
68591,9
30703,9
43273,9
22968,9
30709,9
55411,9
22944,9
22938,9
68573,9
55435,9
23090,9
57658,9
23129,9
76709,9
55466,9
76710,9
68674,9
76731,9
76736,9
68669,9
23132,9
76748,9
43257,9
30642,9
30651,9
23116,9
23112,9
30655,9
76785,9
23094,9
43256,9
15279,9
85357,9
45189,9
93726,9
36789,9
6073,9
50868,9
62365,9
6063,9
47545,9
6056,9
36821,9
6045,9
93738,9
47533,9
62351,9
36833,9
5975,9
62331,9
36844,9
5969,9
5961,9
5960,9
5959,9
36786,9
50876,9
6315,9
93554,9
50915,9
6305,9
47501,9
62416,9
93517,9
6239,9
93528,9
6215,9
6207,9
50900,9
59368,9
93567,9
6160,9
93593,9
6156,9
6153,9
93605,9
6123,9
50885,9
62397,9
93805,9
59385,9
36869,9
36948,9
93969,9
62225,9
62218,9
5788,9
93993,9
50785,9
94005,9
94008,9
5769,9
5764,9
36871,9
50778,9
50775,9
50773,9
62197,9
62195,9
36961,9
5717,9
5710,9
36963,9
93962,9
93961,9
50799,9
93959,9
93858,9
36877,9
93871,9
47587,9
50826,9
39698,9
36893,9
50823,9
36895,9
93914,9
93919,9
5847,9
5846,9
93924,9
62251,9
39693,9
5826,9
47616,9
50801,9
6313,9
93458,9
51666,9
6737,9
47370,9
47378,9
6768,9
51037,9
36589,9
51034,9
6757,9
36607,9
93046,9
6736,9
36585,9
6726,9
93063,9
6720,9
62530,9
93075,9
6716,9
6704,9
6692,9
93118,9
62568,9
36578,9
39729,9
36543,9
6894,9
92888,9
62617,9
6883,9
47346,9
36533,9
6864,9
6858,9
92929,9
92964,9
6774,9
92977,9
6815,9
6811,9
51053,9
92982,9
6806,9
36553,9
39776,9
6779,9
6656,9
6647,9
62509,9
93384,9
36689,9
93357,9
39739,9
6403,9
50946,9
6396,9
6392,9
50943,9
62465,9
50938,9
6632,9
36708,9
6372,9
6352,9
93408,9
6350,9
6347,9
6346,9
62445,9
93449,9
6430,9
6432,9
93338,9
6435,9
36652,9
93168,9
50997,9
47413,9
6596,9
47418,9
36660,9
6571,9
93226,9
47421,9
93253,9
93264,9
93271,9
93276,9
47438,9
59336,9
6467,9
6459,9
62472,9
94082,9
5700,9
5691,9
61916,9
39616,9
5082,9
5047,9
5046,9
94812,9
5044,9
94815,9
37205,9
47815,9
94841,9
94751,9
50553,9
61908,9
94856,9
50548,9
94858,9
4987,9
50543,9
4962,9
4922,9
37198,9
37193,9
5690,9
37171,9
94648,9
5214,9
94662,9
47779,9
61975,9
5179,9
5174,9
5166,9
5161,9
47791,9
94744,9
94692,9
94696,9
5149,9
37174,9
61959,9
37187,9
37188,9
5119,9
94743,9
61862,9
50533,9
4917,9
37337,9
4725,9
37326,9
61815,9
4710,9
95144,9
95148,9
50478,9
4679,9
95163,9
50473,9
37286,9
95166,9
4660,9
95178,9
95181,9
95185,9
37350,9
37356,9
61769,9
37361,9
61821,9
4727,9
4750,9
61825,9
37298,9
4864,9
94974,9
4857,9
4846,9
4838,9
61851,9
95011,9
4819,9
4814,9
4801,9
59504,9
95040,9
50507,9
4790,9
61836,9
95053,9
95057,9
37322,9
5219,9
5221,9
94637,9
62084,9
47683,9
5542,9
37038,9
37043,9
50711,9
5510,9
94281,9
94288,9
39646,9
5492,9
59447,9
47701,9
94312,9
37078,9
94337,9
94352,9
50693,9
5451,9
5450,9
50688,9
47680,9
47674,9
94217,9
5560,9
62179,9
36975,9
94099,9
94104,9
50756,9
5671,9
94112,9
94115,9
94125,9
39674,9
36990,9
94163,9
94169,9
94172,9
59429,9
5598,9
5581,9
62121,9
5561,9
47720,9
50685,9
94636,9
5292,9
94488,9
94490,9
5325,9
94507,9
94528,9
50641,9
5304,9
94547,9
37103,9
5276,9
37084,9
5269,9
5260,9
94596,9
37141,9
37148,9
50623,9
5234,9
47767,9
5225,9
94481,9
5349,9
50656,9
47740,9
50683,9
94384,9
94401,9
47725,9
5406,9
94412,9
94415,9
5389,9
5387,9
5386,9
5372,9
62053,9
5360,9
47736,9
94461,9
5355,9
94468,9
5351,9
5350,9
92869,9
47331,9
51081,9
36023,9
46971,9
8464,9
91402,9
91406,9
63133,9
51468,9
46984,9
91429,9
91432,9
91443,9
39900,9
91448,9
36025,9
91460,9
91464,9
91470,9
91478,9
8393,9
8385,9
8382,9
59150,9
91388,9
62973,9
91318,9
91266,9
8585,9
91276,9
63171,9
8572,9
91287,9
8570,9
63165,9
91304,9
63161,9
51479,9
51493,9
35993,9
8525,9
36004,9
8496,9
8494,9
51483,9
8489,9
36013,9
91501,9
51442,9
8341,9
8106,9
59178,9
8138,9
59179,9
62994,9
8129,9
91715,9
62992,9
36167,9
91739,9
47044,9
8335,9
91754,9
51385,9
8093,9
91760,9
8084,9
8073,9
59185,9
8063,9
8038,9
91692,9
36159,9
91689,9
47031,9
39886,9
51434,9
91534,9
91541,9
36051,9
63094,9
91559,9
8291,9
59167,9
8276,9
36096,9
8253,9
39878,9
8231,9
8209,9
91635,9
91643,9
36142,9
91668,9
39911,9
91248,9
91239,9
8933,9
59093,9
8968,9
90850,9
8961,9
39946,9
51613,9
39945,9
8945,9
63306,9
63290,9
51590,9
90899,9
35868,9
59103,9
51599,9
35874,9
63267,9
8882,9
46844,9
35877,9
8974,9
90831,9
63319,9
9012,9
90666,9
51658,9
90689,9
35787,9
63368,9
39953,9
35797,9
63352,9
63342,9
46806,9
9111,9
35806,9
59083,9
39951,9
9092,9
9067,9
9027,9
90810,9
90812,9
90938,9
46847,9
8620,9
91130,9
35903,9
63226,9
8748,9
8740,9
63208,9
8724,9
46894,9
63205,9
63197,9
46900,9
90948,9
63196,9
8684,9
8683,9
91172,9
91190,9
8657,9
63188,9
46919,9
91224,9
63246,9
51555,9
51556,9
91048,9
90958,9
90980,9
90983,9
8831,9
51578,9
8830,9
63255,9
91000,9
63253,9
8824,9
8814,9
91023,9
63251,9
91029,9
91032,9
91036,9
91039,9
91040,9
8784,9
91809,9
47051,9
92855,9
92519,9
7304,9
92484,9
51179,9
92500,9
7284,9
51174,9
92512,9
59271,9
92518,9
92539,9
7313,9
47241,9
39792,9
92554,9
92566,9
7226,9
7224,9
62664,9
92583,9
92586,9
51186,9
7315,9
47053,9
62757,9
7438,9
39812,9
36376,9
62765,9
7412,9
7404,9
92373,9
62759,9
51216,9
51212,9
7316,9
92396,9
36392,9
62726,9
62716,9
62714,9
36419,9
7335,9
51195,9
62701,9
7209,9
51150,9
92596,9
47313,9
7038,9
92741,9
7036,9
7034,9
62642,9
51108,9
7030,9
7026,9
47312,9
7007,9
7204,9
92771,9
92786,9
62631,9
92793,9
92820,9
6940,9
6935,9
6928,9
62622,9
62643,9
59287,9
92730,9
51120,9
7184,9
39791,9
62654,9
7168,9
92636,9
7150,9
92644,9
7139,9
92649,9
7132,9
7130,9
92665,9
7110,9
92674,9
47298,9
92679,9
92680,9
92686,9
7083,9
92342,9
51228,9
92332,9
7809,9
7890,9
7888,9
51334,9
62924,9
7860,9
62904,9
91990,9
7822,9
7820,9
36267,9
51299,9
92021,9
59213,9
7774,9
92051,9
51306,9
36287,9
51304,9
92053,9
7737,9
36210,9
7891,9
7895,9
91945,9
8022,9
8019,9
59189,9
59193,9
91850,9
91853,9
91860,9
7993,9
36194,9
59196,9
51353,9
62942,9
7972,9
39853,9
59200,9
7947,9
62941,9
91921,9
7928,9
92065,9
92075,9
92325,9
92234,9
47157,9
7591,9
51261,9
92202,9
92210,9
7571,9
92215,9
62818,9
7557,9
39821,9
62860,9
7550,9
62810,9
92276,9
92304,9
62803,9
36346,9
62799,9
7485,9
7482,9
92166,9
36325,9
36323,9
92161,9
7694,9
7691,9
15270,9
51289,9
36307,9
62840,9
62838,9
36312,9
7677,9
7672,9
7663,9
92130,9
36319,9
92143,9
92151,9
62825,9
59230,9
7636,9
7633,9
61760,9
4609,9
39566,9
38499,9
1546,9
98381,9
60583,9
1528,9
98404,9
38484,9
1515,9
59842,9
1476,9
1441,9
98362,9
98493,9
1436,9
49607,9
1424,9
98510,9
38503,9
60559,9
48782,9
38513,9
39256,9
1573,9
1111,9
98288,9
98250,9
38438,9
48685,9
48686,9
98271,9
48698,9
98274,9
49661,9
38455,9
98309,9
98346,9
38472,9
1613,9
98322,9
38474,9
98334,9
48724,9
98341,9
1575,9
98345,9
60546,9
60543,9
48787,9
1210,9
59865,9
98670,9
1267,9
98675,9
98680,9
98686,9
98697,9
59871,9
38626,9
1196,9
60540,9
98738,9
49530,9
38637,9
49526,9
1173,9
1172,9
38650,9
38657,9
59883,9
98667,9
1276,9
1282,9
49560,9
1387,9
1384,9
38526,9
1367,9
60514,9
1354,9
1352,9
98575,9
1340,9
49577,9
38565,9
1332,9
1330,9
60508,9
59863,9
98625,9
1297,9
1294,9
98649,9
1682,9
1695,9
39267,9
2123,9
38296,9
2171,9
97789,9
49777,9
97790,9
2152,9
2134,9
2125,9
97817,9
60745,9
49753,9
97828,9
38311,9
48614,9
2092,9
97854,9
2079,9
38323,9
97867,9
2065,9
38293,9
60780,9
59783,9
59781,9
2336,9
38239,9
97608,9
97620,9
2299,9
48557,9
2295,9
97648,9
2273,9
2258,9
49807,9
48569,9
2248,9
48571,9
97705,9
2235,9
60791,9
39308,9
97731,9
48620,9
2051,9
98199,9
49698,9
98047,9
1879,9
48655,9
98066,9
1860,9
1846,9
98086,9
1836,9
1828,9
49695,9
97896,9
38407,9
38413,9
1779,9
98146,9
1746,9
1740,9
48670,9
1726,9
98192,9
98037,9
39280,9
1915,9
1927,9
60730,9
60723,9
2034,9
38336,9
60719,9
38339,9
38352,9
60681,9
97974,9
1969,9
49733,9
1967,9
1958,9
48638,9
97989,9
97993,9
1949,9
1947,9
59808,9
38672,9
98817,9
38233,9
410,9
59955,9
38925,9
49100,9
49101,9
429,9
38931,9
99555,9
38934,9
99568,9
99594,9
60174,9
99597,9
99610,9
99611,9
370,9
99621,9
99623,9
357,9
99637,9
60148,9
436,9
99535,9
98818,9
39172,9
99399,9
99406,9
99411,9
550,9
548,9
99422,9
99427,9
99442,9
534,9
518,9
38904,9
99456,9
99482,9
99489,9
484,9
479,9
477,9
99504,9
60200,9
38881,9
349,9
38951,9
49276,9
64,9
113,9
99878,9
39123,9
60057,9
99906,9
99927,9
49215,9
39070,9
60040,9
39114,9
337,9
63,9
60037,9
99956,9
99962,9
99973,9
18,9
49202,9
99991,9
60007,9
99856,9
99838,9
60072,9
39027,9
60142,9
316,9
39140,9
283,9
39136,9
60127,9
99747,9
49144,9
99755,9
99756,9
207,9
38981,9
60105,9
60104,9
60094,9
39130,9
178,9
169,9
99827,9
39175,9
570,9
99360,9
99052,9
951,9
60379,9
60375,9
60374,9
99015,9
99019,9
893,9
99039,9
60332,9
99057,9
60281,9
856,9
846,9
99073,9
60315,9
49447,9
823,9
99092,9
99097,9
38795,9
49471,9
954,9
98963,9
98962,9
98832,9
48887,9
1080,9
1076,9
98849,9
60424,9
38690,9
1025,9
49489,9
49488,9
48899,9
1011,9
1002,9
98925,9
982,9
38702,9
978,9
974,9
98950,9
99104,9
49435,9
603,9
99302,9
703,9
99243,9
99246,9
99264,9
675,9
99277,9
49018,9
38829,9
666,9
38846,9
99115,9
49036,9
99328,9
49366,9
60228,9
99330,9
38858,9
99343,9
99345,9
608,9
99240,9
705,9
59923,9
49398,9
48953,9
99118,9
99120,9
38802,9
99136,9
784,9
99146,9
769,9
99156,9
99164,9
760,9
759,9
59919,9
99187,9
99193,9
49403,9
731,9
728,9
713,9
39322,9
49832,9
95242,9
61455,9
3838,9
95976,9
48119,9
95989,9
3801,9
3798,9
50241,9
3773,9
48132,9
96054,9
59602,9
37655,9
96063,9
61440,9
3761,9
50230,9
37673,9
3757,9
59614,9
37678,9
3842,9
3848,9
96424,9
95905,9
48078,9
3982,9
3979,9
3965,9
3958,9
37596,9
3940,9
50277,9
3922,9
95919,9
61485,9
37605,9
48096,9
37613,9
95935,9
50266,9
3885,9
3870,9
3866,9
39496,9
96108,9
96116,9
3702,9
39449,9
59628,9
3560,9
96253,9
48182,9
96266,9
96269,9
61354,9
48197,9
96285,9
61312,9
96131,9
3478,9
61308,9
61306,9
3435,9
96394,9
39439,9
96414,9
96415,9
50149,9
96237,9
96230,9
50188,9
48177,9
96134,9
48151,9
48152,9
3698,9
3693,9
3691,9
3685,9
3682,9
96152,9
61404,9
96155,9
61398,9
61378,9
3633,9
96193,9
59624,9
96211,9
96215,9
96220,9
50291,9
37573,9
4004,9
50406,9
95429,9
4421,9
4413,9
95436,9
4383,9
50410,9
37384,9
4374,9
37390,9
95481,9
47976,9
4346,9
37402,9
37413,9
50397,9
4296,9
47966,9
37419,9
61681,9
4263,9
4430,9
4436,9
61728,9
4452,9
4580,9
47905,9
95275,9
95277,9
95279,9
4557,9
39553,9
47914,9
95314,9
4515,9
95339,9
4500,9
4483,9
95376,9
95383,9
95389,9
95390,9
4459,9
4455,9
50382,9
50378,9
95818,9
95741,9
95689,9
4116,9
48025,9
50329,9
39513,9
48033,9
48036,9
37539,9
59574,9
59575,9
37434,9
48049,9
61567,9
95773,9
4041,9
95788,9
37552,9
61562,9
37561,9
95817,9
37520,9
4151,9
61601,9
48014,9
50376,9
4230,9
95606,9
4219,9
4209,9
4207,9
4204,9
59555,9
47995,9
47998,9
47999,9
37467,9
50355,9
50353,9
95654,9
37471,9
37489,9
4158,9
50342,9
96417,9
3404,9
49833,9
38066,9
49957,9
61051,9
2769,9
2765,9
97148,9
2746,9
97163,9
48408,9
97169,9
97188,9
97133,9
97195,9
59719,9
97215,9
2705,9
48432,9
2699,9
60970,9
2682,9
97246,9
59710,9
2781,9
37810,9
61084,9
59696,9
97032,9
97043,9
37998,9
48377,9
38010,9
97051,9
2834,9
61089,9
49980,9
97126,9
39384,9
2815,9
61070,9
97111,9
38038,9
61060,9
2789,9
48395,9
49964,9
97249,9
2681,9
2679,9
2434,9
38193,9
2474,9
38194,9
48527,9
2468,9
2460,9
97502,9
38209,9
97506,9
2428,9
48457,9
60853,9
49845,9
49844,9
97548,9
97555,9
38219,9
97574,9
2359,9
2347,9
2478,9
2488,9
2495,9
60901,9
2672,9
2665,9
59728,9
59729,9
2662,9
2647,9
60957,9
2626,9
49899,9
38136,9
49891,9
39349,9
2545,9
48496,9
48499,9
49880,9
59743,9
2503,9
2502,9
2884,9
2905,9
2911,9
37900,9
61208,9
96612,9
48283,9
96614,9
48284,9
3242,9
96624,9
61204,9
96634,9
3221,9
59674,9
3213,9
3198,9
96665,9
96673,9
59670,9
61191,9
96697,9
96699,9
3175,9
96583,9
50102,9
37895,9
3288,9
96433,9
50138,9
48237,9
37814,9
37816,9
37819,9
96461,9
3361,9
37822,9
3352,9
96488,9
50124,9
96504,9
37853,9
37877,9
48261,9
48262,9
96556,9
61227,9
3170,9
48310,9
2913,9
59686,9
61165,9
96841,9
48339,9
96851,9
61164,9
3048,9
96860,9
61163,9
96872,9
96887,9
3157,9
3008,9
96905,9
37962,9
96917,9
39394,9
2970,9
48365,9
96961,9
2928,9
96828,9
3076,9
3078,9
50041,9
37919,9
96752,9
3133,9
3113,9
39409,9
50060,9
50059,9
50058,9
37922,9
61168,9
96797,9
3095,9
96806,9
3081,9
96813,9
96816,9
96817,9
96818,9
3079,9
9181,9
92100,9
12196,9
45849,9
45835,9
64809,9
87235,9
52631,9
34378,9
64795,9
87266,9
34386,9
12460,9
58705,9
34410,9
87307,9
87311,9
64779,9
12432,9
34422,9
64767,9
34449,9
64819,9
12556,9
87651,9
34348,9
12634,9
64845,9
87126,9
87131,9
64843,9
87146,9
12594,9
87163,9
64836,9
34362,9
87174,9
87178,9
52649,9
87186,9
34356,9
52645,9
64828,9
64822,9
45881,9
12395,9
12379,9
12141,9
64669,9
12180,9
45929,9
64662,9
12171,9
87569,9
87572,9
64612,9
64601,9
87364,9
58750,9
87623,9
45966,9
12114,9
45970,9
87631,9
87633,9
87636,9
12201,9
87539,9
87537,9
87535,9
87365,9
52591,9
12375,9
12362,9
34472,9
87397,9
12339,9
12338,9
87411,9
12326,9
34474,9
87425,9
12307,9
34490,9
87466,9
87485,9
64693,9
45802,9
52671,9
34322,9
64970,9
64979,9
34202,9
86700,9
13071,9
86723,9
64975,9
86733,9
13046,9
45680,9
45692,9
13037,9
13023,9
86754,9
45690,9
86765,9
12999,9
64965,9
86778,9
13092,9
64992,9
45664,9
13104,9
58641,9
52811,9
52810,9
86601,9
86602,9
86605,9
13178,9
13173,9
13171,9
58643,9
13152,9
13150,9
13148,9
58645,9
40322,9
86670,9
13110,9
12982,9
34216,9
45797,9
12714,9
86974,9
12799,9
12797,9
12793,9
12775,9
12766,9
40285,9
12721,9
12713,9
52752,9
45783,9
12708,9
12703,9
52688,9
87053,9
87057,9
12697,9
87078,9
86967,9
45743,9
34311,9
34298,9
34223,9
86810,9
12929,9
12922,9
64931,9
12913,9
34246,9
86848,9
86850,9
86853,9
64923,9
34276,9
12858,9
58676,9
45736,9
86919,9
34294,9
87642,9
52504,9
46280,9
11395,9
11452,9
46162,9
46163,9
52308,9
64283,9
88375,9
11414,9
11405,9
46189,9
88330,9
88411,9
46192,9
11383,9
88417,9
88418,9
88421,9
88422,9
64266,9
64289,9
88329,9
58753,9
11522,9
11574,9
11551,9
58817,9
11542,9
88251,9
64310,9
88263,9
11523,9
88274,9
64294,9
88284,9
58822,9
88297,9
88304,9
52327,9
88314,9
64295,9
46151,9
11344,9
11338,9
64257,9
64158,9
64189,9
64188,9
58853,9
11235,9
35027,9
11220,9
35044,9
88607,9
64154,9
11333,9
88652,9
58864,9
52223,9
88670,9
88672,9
11150,9
64151,9
11136,9
11246,9
58850,9
88569,9
11250,9
64247,9
11330,9
11321,9
64237,9
64233,9
88499,9
34979,9
11298,9
11289,9
46223,9
11281,9
35001,9
52258,9
88553,9
46237,9
88556,9
88563,9
52353,9
88211,9
52356,9
11947,9
52468,9
11960,9
87803,9
11956,9
64542,9
87809,9
87811,9
11953,9
87821,9
11871,9
87831,9
87844,9
52449,9
34654,9
11898,9
34667,9
87893,9
87894,9
87794,9
46023,9
11972,9
64543,9
45987,9
45990,9
34606,9
87671,9
52498,9
34607,9
87684,9
12053,9
12040,9
12034,9
45998,9
46001,9
12009,9
40231,9
34627,9
46016,9
11977,9
58774,9
87949,9
34836,9
11643,9
64436,9
11708,9
88077,9
88093,9
11670,9
46100,9
64396,9
34810,9
64386,9
11832,9
34821,9
11635,9
64373,9
88164,9
64367,9
88184,9
34829,9
11599,9
34770,9
34757,9
88046,9
11751,9
34698,9
58778,9
64501,9
46065,9
87971,9
87972,9
11811,9
52419,9
87979,9
88003,9
11787,9
11782,9
64456,9
40215,9
58786,9
88026,9
88030,9
86595,9
86589,9
13205,9
53177,9
14578,9
33702,9
45341,9
45343,9
14561,9
85146,9
58516,9
53178,9
14516,9
14647,9
33714,9
14492,9
85208,9
65459,9
85213,9
14461,9
14459,9
14458,9
14645,9
14653,9
86578,9
45312,9
14740,9
53230,9
14738,9
84986,9
14724,9
40462,9
85008,9
14716,9
85020,9
85068,9
40458,9
65489,9
53209,9
53207,9
45319,9
65487,9
85057,9
14664,9
85227,9
85236,9
14446,9
65380,9
85339,9
14344,9
85349,9
14332,9
53121,9
14326,9
85362,9
85395,9
45404,9
14440,9
65374,9
14296,9
14295,9
33809,9
45407,9
85427,9
85429,9
85434,9
85336,9
33781,9
85331,9
14355,9
85245,9
45369,9
33733,9
85257,9
85264,9
14427,9
33745,9
65433,9
65432,9
53146,9
14398,9
45381,9
85290,9
14372,9
85323,9
14358,9
65408,9
14751,9
65526,9
84948,9
84652,9
33477,9
84613,9
84619,9
84623,9
84628,9
84629,9
40508,9
53320,9
33509,9
84711,9
33514,9
65640,9
84680,9
15038,9
15037,9
33555,9
65613,9
45243,9
84609,9
84598,9
65665,9
65670,9
40528,9
15243,9
15234,9
53359,9
33446,9
58452,9
84476,9
15204,9
15198,9
84500,9
15188,9
15166,9
15146,9
15143,9
84555,9
15140,9
65675,9
15017,9
84713,9
84946,9
84905,9
45279,9
14890,9
84864,9
45282,9
33648,9
84889,9
40468,9
14831,9
84910,9
65595,9
53249,9
40466,9
84922,9
14811,9
84928,9
84930,9
14809,9
84942,9
14898,9
33642,9
84824,9
33636,9
33585,9
15000,9
33597,9
40492,9
58478,9
14985,9
45256,9
14979,9
14955,9
65578,9
58480,9
65567,9
84806,9
53274,9
14929,9
14923,9
45275,9
14279,9
14270,9
33838,9
13532,9
86163,9
52925,9
86167,9
86173,9
86184,9
13549,9
34051,9
13539,9
13522,9
86315,9
86229,9
52901,9
65106,9
13485,9
45579,9
52893,9
86285,9
34073,9
86159,9
52928,9
65135,9
40355,9
58588,9
13740,9
45532,9
65169,9
58591,9
86027,9
65158,9
58595,9
34023,9
86048,9
65148,9
86080,9
86104,9
65144,9
86125,9
86130,9
86131,9
86302,9
52882,9
86003,9
13256,9
65043,9
13292,9
13270,9
86518,9
86520,9
45625,9
45626,9
13264,9
86528,9
58620,9
34138,9
86546,9
13237,9
13232,9
45635,9
86560,9
86566,9
86570,9
86489,9
45620,9
40332,9
13310,9
65081,9
65077,9
86372,9
34124,9
13395,9
52869,9
40337,9
86397,9
86399,9
34126,9
65056,9
86432,9
34131,9
86448,9
13322,9
13320,9
52853,9
86006,9
13752,9
45422,9
14085,9
33874,9
85593,9
85598,9
85610,9
65263,9
40391,9
40390,9
85639,9
14083,9
53028,9
53047,9
85662,9
65259,9
33922,9
85695,9
85707,9
53036,9
14012,9
14139,9
85582,9
53065,9
85575,9
85486,9
45426,9
40412,9
45433,9
85523,9
85536,9
14180,9
14177,9
65306,9
85555,9
85558,9
53074,9
45439,9
53071,9
14161,9
33863,9
33867,9
85739,9
65239,9
34011,9
85929,9
13863,9
85890,9
65186,9
13844,9
85911,9
85915,9
85921,9
65181,9
34005,9
53026,9
52978,9
52976,9
85937,9
52972,9
13811,9
13802,9
13777,9
13755,9
65192,9
52994,9
13867,9
85863,9
13981,9
13959,9
13951,9
13950,9
13924,9
85810,9
85814,9
85829,9
53011,9
45484,9
33986,9
85844,9
53007,9
85847,9
65197,9
85857,9
85862,9
88684,9
70909,9
10207,9
10748,9
35173,9
90303,9
46709,9
89062,9
89410,9
89422,9
89425,9
52112,9
10756,9
63891,9
10796,9
51751,9
63517,9
10802,9
9857,9
63516,9
90331,9
63510,9
63888,9
89971,9
9469,9
89407,9
90301,9
63707,9
46400,9
89112,9
63973,9
9524,9
63702,9
9853,9
63705,9
89092,9
63892,9
89979,9
46415,9
90294,9
10721,9
52101,9
9507,9
10376,9
46627,9
89975,9
9506,9
10725,9
10727,9
89084,9
35612,9
63727,9
10691,9
35318,9
10273,9
51876,9
88960,9
10272,9
10270,9
10269,9
46609,9
46608,9
35158,9
88943,9
63845,9
51727,9
9933,9
9398,9
46525,9
89889,9
63484,9
9392,9
88937,9
35415,9
9372,9
51874,9
90412,9
89964,9
10283,9
35291,9
51992,9
89022,9
89955,9
10817,9
58905,9
10822,9
89456,9
9876,9
9897,9
58904,9
10829,9
63865,9
63489,9
51736,9
9910,9
40033,9
89906,9
9436,9
59045,9
90397,9
9838,9
35592,9
46599,9
9703,9
10588,9
51829,9
58927,9
89273,9
10499,9
90129,9
35488,9
51804,9
9692,9
35217,9
52059,9
51799,9
40090,9
51797,9
52061,9
63914,9
63944,9
9655,9
46444,9
63670,9
63949,9
35232,9
90122,9
35567,9
52031,9
10535,9
51823,9
52035,9
90077,9
89263,9
51825,9
10539,9
89267,9
35254,9
35243,9
89242,9
35491,9
9772,9
46459,9
90106,9
52047,9
58930,9
89224,9
35519,9
35489,9
35526,9
63568,9
46442,9
9537,9
63955,9
63964,9
10666,9
63903,9
63900,9
9557,9
90246,9
90251,9
10671,9
89127,9
35277,9
89124,9
9829,9
52085,9
46689,9
89122,9
90252,9
10408,9
46426,9
89384,9
89386,9
89397,9
9560,9
10647,9
90036,9
51779,9
10618,9
40091,9
51836,9
89325,9
89326,9
89166,9
90193,9
89160,9
90202,9
35266,9
63680,9
46679,9
10643,9
89336,9
63557,9
9593,9
40000,9
35272,9
63951,9
35580,9
89351,9
10912,9
90376,9
11026,9
89582,9
35116,9
63818,9
10139,9
88847,9
64080,9
11017,9
9253,9
46333,9
35707,9
10126,9
40129,9
46744,9
90588,9
11029,9
52181,9
63808,9
40047,9
89659,9
35098,9
59061,9
89798,9
9254,9
10985,9
10953,9
88892,9
88885,9
89821,9
40048,9
88877,9
10979,9
90545,9
51696,9
9272,9
35694,9
63760,9
89602,9
89619,9
58986,9
35404,9
88856,9
9274,9
40131,9
89795,9
64101,9
52209,9
88733,9
10079,9
63784,9
90616,9
9208,9
11107,9
58868,9
11113,9
35067,9
88742,9
11119,9
90639,9
46285,9
90642,9
10052,9
10072,9
89724,9
89731,9
46776,9
88745,9
35735,9
10090,9
10031,9
63409,9
88768,9
35759,9
10043,9
89666,9
10110,9
90605,9
89757,9
40138,9
51679,9
40137,9
10083,9
9218,9
89751,9
58978,9
46770,9
58873,9
10190,9
89262,9
46366,9
52141,9
88928,9
51886,9
10926,9
9992,9
9966,9
90529,9
89558,9
58989,9
9305,9
9991,9
9359,9
90508,9
63824,9
46746,9
10224,9
10919,9
9316,9
9348,9
9333,9
9357,9
89542,9
35350,9
10238,9
51955,9
89885,9
63752,9
10201,9
58967,9
35343,9
88701,9
10241,9
88896,9
35673,9
89530,9
52156,9
10228,9
9289,9
88911,9
34047,8
34017,8
29194,8
31003,8
38402,8
38118,8
68064,8
36083,8
65121,8
60667,8
38404,8
63036,8
63089,8
70234,8
32841,8
68164,8
68234,8
35395,8
32851,8
29398,8
66154,8
29399,8
66149,8
65255,8
29191,8
66147,8
32844,8
31603,8
68187,8
63675,8
70016,8
70128,8
65173,8
36216,8
38110,8
60870,8
34015,8
68044,8
67597,8
38085,8
70120,8
63100,8
66118,8
60852,8
63102,8
38231,8
32927,8
31576,8
34010,8
62963,8
38437,8
35493,8
69975,8
63106,8
60620,8
68023,8
31051,8
60618,8
68169,8
65107,8
36231,8
31577,8
66127,8
31601,8
60834,8
70007,8
60986,8
65112,8
38099,8
60659,8
60967,8
60653,8
38235,8
65267,8
34062,8
32819,8
38234,8
32814,8
29422,8
31584,8
29185,8
33033,8
67577,8
60961,8
29354,8
67609,8
38310,8
66221,8
38156,8
35456,8
66220,8
29236,8
70063,8
36206,8
70196,8
63755,8
63682,8
65208,8
70207,8
38263,8
66209,8
29356,8
38262,8
70048,8
33064,8
60821,8
32900,8
60905,8
38266,8
29262,8
65202,8
65146,8
38187,8
62987,8
31081,8
62985,8
32947,8
66222,8
38280,8
70078,8
67591,8
33991,8
60886,8
70190,8
70178,8
29261,8
67607,8
60787,8
34000,8
32890,8
68203,8
29341,8
35459,8
33980,8
63692,8
33949,8
38135,8
38363,8
60950,8
31608,8
36115,8
70215,8
70044,8
35419,8
65129,8
29374,8
68102,8
63689,8
36113,8
60876,8
60960,8
60677,8
60831,8
34045,8
65246,8
66170,8
33929,8
60704,8
63766,8
60860,8
66271,8
34019,8
29228,8
65139,8
66242,8
68119,8
38241,8
62936,8
66204,8
60722,8
29265,8
65226,8
70130,8
29328,8
68157,8
31011,8
66186,8
33962,8
63764,8
38342,8
38346,8
60926,8
60846,8
60513,8
29149,8
65814,8
33641,8
33324,8
35656,8
31492,8
38874,8
38871,8
63475,8
35882,8
35670,8
60217,8
33650,8
33658,8
31313,8
35891,8
60222,8
65828,8
63471,8
28658,8
35844,8
38886,8
65782,8
67874,8
28643,8
33348,8
70747,8
63281,8
38891,8
31486,8
60207,8
65559,8
65803,8
65805,8
31335,8
35872,8
60203,8
60206,8
70722,8
65529,8
35652,8
31309,8
33671,8
33265,8
35643,8
35639,8
65516,8
60258,8
38819,8
65509,8
65830,8
38809,8
31520,8
65506,8
65871,8
60267,8
65876,8
38808,8
28713,8
28699,8
28697,8
65519,8
28681,8
38845,8
60238,8
38833,8
60247,8
63254,8
67898,8
60252,8
67748,8
33281,8
38823,8
67747,8
33280,8
33665,8
60255,8
70754,8
35843,8
70676,8
39018,8
31442,8
31452,8
33463,8
39046,8
65719,8
28528,8
67836,8
70861,8
67804,8
65726,8
28533,8
35811,8
65732,8
70849,8
38987,8
35817,8
60058,8
35805,8
67866,8
35760,8
35783,8
65713,8
31426,8
65711,8
35771,8
39105,8
35765,8
65688,8
70890,8
28505,8
31438,8
33459,8
39069,8
70893,8
39061,8
39060,8
35827,8
38983,8
31470,8
31477,8
33552,8
31361,8
38940,8
28603,8
65608,8
38937,8
33381,8
70779,8
70847,8
28623,8
70770,8
38936,8
35703,8
70762,8
35697,8
70760,8
38950,8
31362,8
33551,8
35837,8
33423,8
33421,8
60118,8
31377,8
33480,8
33507,8
38969,8
67773,8
38967,8
35737,8
63318,8
60135,8
63317,8
28568,8
28584,8
67911,8
60272,8
63116,8
65393,8
63562,8
28491,8
31548,8
65397,8
65394,8
70439,8
28983,8
33138,8
65400,8
33804,8
67677,8
35559,8
31561,8
33130,8
33808,8
70388,8
35390,8
33146,8
60466,8
31240,8
70482,8
60475,8
38614,8
33755,8
33759,8
38612,8
65414,8
65985,8
36007,8
65986,8
35585,8
38598,8
33151,8
63157,8
38593,8
28966,8
38500,8
29049,8
63591,8
63639,8
66073,8
66079,8
33848,8
65335,8
33071,8
38473,8
63634,8
65328,8
65364,8
63643,8
29138,8
60599,8
60600,8
67663,8
63124,8
63121,8
70299,8
65345,8
60593,8
70303,8
35542,8
38497,8
60570,8
60571,8
38495,8
33831,8
65355,8
33119,8
70330,8
66040,8
60590,8
33110,8
29114,8
38475,8
29127,8
60474,8
65979,8
60276,8
28806,8
33700,8
33204,8
35928,8
60334,8
31287,8
65478,8
38736,8
38706,8
65486,8
28815,8
33704,8
31526,8
33705,8
28824,8
70593,8
67954,8
38764,8
63222,8
28937,8
35920,8
33689,8
31296,8
33244,8
33692,8
33695,8
60288,8
63490,8
28759,8
65914,8
28782,8
31522,8
28793,8
28795,8
38778,8
67925,8
35615,8
31527,8
67955,8
60403,8
65964,8
28929,8
38660,8
67971,8
38649,8
38642,8
38638,8
31537,8
63540,8
35950,8
31543,8
65971,8
38633,8
33162,8
38627,8
60463,8
33158,8
63527,8
67701,8
65951,8
35603,8
65450,8
33197,8
28883,8
28885,8
65448,8
33194,8
38683,8
28887,8
70525,8
65937,8
70511,8
35968,8
63176,8
35605,8
38679,8
61021,8
68807,8
69951,8
37270,8
37200,8
31972,8
36612,8
69090,8
32392,8
62549,8
61943,8
34709,8
61947,8
36618,8
63994,8
37181,8
67231,8
64492,8
69074,8
64462,8
64001,8
34691,8
34684,8
31963,8
69106,8
37252,8
37238,8
69111,8
67253,8
61901,8
68635,8
30660,8
69103,8
68643,8
30246,8
32425,8
34662,8
62565,8
32423,8
64515,8
68642,8
64005,8
62529,8
36638,8
66872,8
34774,8
64037,8
34785,8
66869,8
64421,8
30310,8
64406,8
34801,8
32359,8
67218,8
37131,8
66881,8
37105,8
31976,8
30625,8
36653,8
37155,8
62513,8
64006,8
37167,8
69065,8
34754,8
61969,8
61973,8
30635,8
30295,8
30296,8
64010,8
37156,8
36643,8
61976,8
64016,8
69041,8
61987,8
36649,8
64441,8
61884,8
37281,8
64700,8
34642,8
34566,8
37377,8
61736,8
31900,8
32469,8
61744,8
64600,8
30151,8
67310,8
37364,8
66748,8
61750,8
30158,8
31907,8
36519,8
61752,8
35200,8
34542,8
37379,8
34536,8
31432,8
34500,8
66718,8
31887,8
64683,8
35215,8
61727,8
68505,8
68512,8
62623,8
64663,8
35203,8
30109,8
68516,8
64656,8
36518,8
66728,8
32463,8
64589,8
63969,8
30698,8
61829,8
30189,8
69155,8
64545,8
67276,8
32429,8
62591,8
30693,8
69158,8
67275,8
30686,8
30203,8
30680,8
30677,8
68624,8
63993,8
64561,8
34619,8
61792,8
62607,8
66757,8
67298,8
37341,8
68556,8
31935,8
68561,8
63979,8
36544,8
64573,8
66773,8
61812,8
61814,8
64585,8
64577,8
63983,8
61823,8
34812,8
30315,8
30319,8
62050,8
62436,8
30465,8
64106,8
30466,8
36930,8
34978,8
30467,8
36730,8
64115,8
30475,8
67030,8
30557,8
36924,8
67039,8
64216,8
36921,8
67139,8
32178,8
30457,8
62213,8
67014,8
32056,8
67007,8
68912,8
62450,8
67011,8
68771,8
35106,8
62200,8
34971,8
32186,8
68885,8
67020,8
30454,8
36718,8
36944,8
62439,8
35088,8
36911,8
64203,8
68799,8
32091,8
30514,8
64135,8
64172,8
32108,8
35048,8
62407,8
62359,8
35077,8
30516,8
30517,8
36775,8
36776,8
62391,8
30519,8
64147,8
36847,8
30497,8
67130,8
36750,8
35006,8
35009,8
36909,8
32156,8
62432,8
68837,8
32087,8
68834,8
67066,8
35020,8
36888,8
62418,8
67060,8
67120,8
67063,8
68783,8
36699,8
68751,8
32221,8
68698,8
36671,8
66893,8
68988,8
34873,8
32320,8
64322,8
64320,8
64316,8
36666,8
68699,8
68963,8
68960,8
35129,8
68707,8
34887,8
36683,8
30347,8
34869,8
66916,8
69016,8
62052,8
36658,8
64382,8
64041,8
32331,8
69020,8
64370,8
30323,8
36665,8
30624,8
35138,8
67194,8
32325,8
62499,8
64363,8
30344,8
64309,8
35125,8
34926,8
37004,8
36690,8
30582,8
68747,8
30400,8
34920,8
62131,8
34925,8
36992,8
62125,8
66955,8
30412,8
32240,8
36978,8
36977,8
64078,8
30414,8
37022,8
35117,8
66927,8
62093,8
68726,8
66930,8
66937,8
32024,8
62477,8
66942,8
35123,8
30386,8
66950,8
30387,8
62471,8
34900,8
34904,8
37035,8
62110,8
37033,8
66713,8
69289,8
68247,8
66440,8
63842,8
32707,8
37898,8
36339,8
64976,8
69730,8
37886,8
61228,8
36353,8
36354,8
37874,8
69710,8
37864,8
61251,8
63856,8
61257,8
62789,8
62811,8
69745,8
66477,8
30937,8
67513,8
66454,8
32728,8
37913,8
31716,8
65011,8
67497,8
36329,8
65005,8
61194,8
63836,8
34172,8
36334,8
31742,8
67480,8
32708,8
61267,8
37833,8
32691,8
62746,8
68367,8
36386,8
66528,8
64928,8
37792,8
69607,8
61313,8
37786,8
64948,8
66531,8
29796,8
34251,8
37776,8
62742,8
31785,8
64900,8
64942,8
32685,8
67457,8
63874,8
61274,8
69687,8
62771,8
31779,8
62769,8
29697,8
69679,8
69675,8
29733,8
29707,8
69662,8
34212,8
67449,8
69661,8
29720,8
37806,8
32736,8
66439,8
64703,8
66436,8
34125,8
66393,8
35382,8
35379,8
62871,8
69917,8
63800,8
29485,8
35373,8
61121,8
29486,8
62865,8
69905,8
68271,8
32769,8
61126,8
29495,8
38019,8
38025,8
61071,8
34092,8
65095,8
36263,8
62890,8
65088,8
31672,8
31673,8
66369,8
32802,8
32794,8
29460,8
61059,8
36273,8
29469,8
29470,8
62873,8
68267,8
69892,8
35369,8
65045,8
29575,8
68297,8
69851,8
34144,8
69836,8
34150,8
65025,8
69807,8
69803,8
32749,8
66419,8
29599,8
61166,8
66424,8
29608,8
68318,8
61178,8
67524,8
65042,8
29506,8
29508,8
67546,8
37973,8
61136,8
30977,8
30973,8
36298,8
61146,8
35357,8
66416,8
37959,8
61150,8
29520,8
37952,8
32758,8
69870,8
61157,8
34280,8
62721,8
37745,8
35280,8
37546,8
29957,8
34390,8
69413,8
69411,8
30808,8
37532,8
37524,8
67373,8
34419,8
68458,8
29961,8
61593,8
32518,8
32516,8
64771,8
62651,8
63934,8
37549,8
29952,8
67380,8
35245,8
29925,8
30819,8
37576,8
69448,8
69446,8
69445,8
66658,8
66673,8
61546,8
37571,8
34371,8
37568,8
66670,8
31854,8
29935,8
34434,8
64764,8
69398,8
37421,8
63950,8
34477,8
69324,8
61669,8
37430,8
32494,8
64726,8
30063,8
34473,8
66705,8
64711,8
37415,8
32483,8
61693,8
36494,8
37408,8
69332,8
68468,8
29992,8
62644,8
69375,8
66688,8
61616,8
37475,8
30018,8
67360,8
30021,8
32504,8
69350,8
37449,8
67348,8
64748,8
37445,8
68467,8
69353,8
64731,8
61540,8
29924,8
61529,8
32603,8
61412,8
29823,8
31810,8
68400,8
69553,8
66580,8
36449,8
37681,8
64865,8
30865,8
37674,8
69538,8
32598,8
37672,8
31813,8
37668,8
62686,8
68392,8
64863,8
66553,8
37739,8
29800,8
66548,8
61375,8
29806,8
34303,8
69588,8
62711,8
34319,8
35278,8
64869,8
69573,8
30890,8
37707,8
61411,8
69563,8
63910,8
35262,8
29923,8
32552,8
62671,8
67403,8
68433,8
61491,8
67390,8
64833,8
69469,8
61502,8
62672,8
32550,8
61515,8
36464,8
67388,8
61516,8
34360,8
67383,8
37625,8
29900,8
30857,8
37639,8
37654,8
64861,8
69507,8
62679,8
62677,8
64854,8
37644,8
37632,8
32564,8
31825,8
62675,8
69496,8
69495,8
32578,8
64844,8
62674,8
63381,8
49197,8
70917,8
90131,8
9784,8
90065,8
90066,8
90074,8
9751,8
9750,8
90087,8
90116,8
90118,8
90138,8
9128,8
9681,8
9670,8
9647,8
9646,8
90189,8
9607,8
9595,8
9573,8
9569,8
9786,8
9789,8
9798,8
9800,8
9985,8
89881,8
89887,8
89888,8
9924,8
9917,8
89943,8
89950,8
89956,8
9864,8
9862,8
89976,8
89982,8
9843,8
9835,8
9834,8
90015,8
9817,8
90032,8
90235,8
90256,8
90268,8
90536,8
90548,8
9275,8
90579,8
90581,8
90584,8
9242,8
9241,8
9225,8
9222,8
90602,8
90609,8
9212,8
90651,8
9187,8
90654,8
90660,8
9177,8
90692,8
90708,8
90543,8
90523,8
9525,8
9313,8
90285,8
90293,8
90308,8
9478,8
90337,8
9467,8
90343,8
90345,8
90369,8
90375,8
9434,8
9411,8
90416,8
9396,8
9381,8
9370,8
9363,8
90490,8
90491,8
89819,8
10000,8
10006,8
89151,8
10629,8
89174,8
89175,8
10611,8
89189,8
10604,8
89193,8
89199,8
89200,8
10585,8
89221,8
10573,8
89233,8
89251,8
89253,8
89257,8
10528,8
10515,8
89311,8
89152,8
89144,8
10473,8
10651,8
10896,8
88947,8
88969,8
10855,8
10852,8
88988,8
88992,8
88995,8
10825,8
10819,8
10765,8
10754,8
10723,8
10703,8
10693,8
89120,8
10678,8
10654,8
10652,8
10481,8
10462,8
89793,8
89512,8
89524,8
89559,8
10206,8
10170,8
89629,8
10138,8
10124,8
89653,8
10119,8
10116,8
89677,8
89678,8
10094,8
89703,8
89709,8
10054,8
89749,8
89763,8
10030,8
89519,8
89509,8
89339,8
89507,8
89354,8
10428,8
10426,8
89366,8
10381,8
89401,8
89433,8
10331,8
89450,8
89455,8
10301,8
10299,8
10296,8
10291,8
10274,8
89482,8
10263,8
89501,8
89506,8
9129,8
90725,8
28487,8
91967,8
7980,8
91879,8
7977,8
7971,8
91888,8
91920,8
91932,8
7906,8
91954,8
91972,8
90732,8
7858,8
7837,8
7829,8
92005,8
7807,8
92009,8
92023,8
7769,8
7758,8
91867,8
7992,8
91836,8
91835,8
91610,8
8195,8
91655,8
91661,8
91691,8
91695,8
8135,8
8131,8
91720,8
8122,8
8119,8
8102,8
8064,8
8051,8
8033,8
8031,8
8015,8
8014,8
91833,8
92052,8
7742,8
92081,8
92308,8
7487,8
92316,8
92317,8
7473,8
7446,8
7433,8
92356,8
7418,8
7416,8
92375,8
92381,8
92383,8
7388,8
92393,8
7384,8
92400,8
7378,8
92412,8
92424,8
7489,8
92302,8
7712,8
92294,8
92094,8
7690,8
7685,8
92105,8
92109,8
7682,8
92113,8
7661,8
92142,8
7641,8
92156,8
92162,8
7628,8
7565,8
7558,8
92232,8
92236,8
7540,8
7532,8
8237,8
8241,8
91570,8
90909,8
90922,8
8894,8
90925,8
90937,8
90942,8
8867,8
90960,8
90973,8
8827,8
90999,8
91002,8
8801,8
91026,8
91033,8
8774,8
8773,8
8772,8
8763,8
91094,8
90911,8
90908,8
91104,8
90892,8
90736,8
90743,8
9104,8
9095,8
90776,8
9061,8
9057,8
9042,8
9003,8
90825,8
90835,8
8975,8
90843,8
8959,8
8954,8
8937,8
90882,8
8934,8
8930,8
91103,8
8714,8
8281,8
91390,8
8468,8
8448,8
8446,8
91439,8
91456,8
91459,8
91497,8
8363,8
8356,8
8350,8
8348,8
91516,8
91527,8
91528,8
8318,8
8312,8
8311,8
8286,8
91564,8
91394,8
8483,8
91122,8
8486,8
8693,8
91156,8
91157,8
8668,8
8666,8
8653,8
8643,8
91211,8
8638,8
8597,8
91259,8
91272,8
8579,8
8567,8
8543,8
8537,8
8516,8
8511,8
8499,8
88933,8
88929,8
10913,8
13091,8
86600,8
86627,8
86635,8
86651,8
13136,8
86658,8
86663,8
86685,8
13094,8
13090,8
10921,8
13065,8
13056,8
13045,8
86749,8
13020,8
12990,8
12981,8
86783,8
86791,8
86596,8
13200,8
86576,8
86574,8
86327,8
86328,8
13416,8
13407,8
13406,8
13397,8
86384,8
13389,8
13368,8
86419,8
13357,8
13343,8
86477,8
13308,8
86490,8
86529,8
13254,8
86538,8
13229,8
12969,8
12957,8
86825,8
87081,8
12649,8
87109,8
12637,8
87114,8
87125,8
87137,8
87142,8
12586,8
12583,8
12581,8
12571,8
87192,8
12562,8
12558,8
87211,8
87216,8
87218,8
87219,8
12537,8
12652,8
87071,8
12921,8
87028,8
86845,8
86846,8
12908,8
86865,8
86869,8
12895,8
12893,8
86891,8
86899,8
12859,8
12854,8
86934,8
86942,8
12826,8
12805,8
86965,8
86972,8
86980,8
12790,8
13435,8
86299,8
86295,8
85506,8
14208,8
85520,8
14193,8
14176,8
14160,8
14159,8
14136,8
14131,8
14121,8
14117,8
85621,8
14108,8
14103,8
85634,8
14073,8
14072,8
14062,8
85719,8
14005,8
14213,8
14225,8
85753,8
85494,8
14400,8
85291,8
85312,8
85321,8
14357,8
14351,8
85343,8
14325,8
14323,8
85387,8
14308,8
14307,8
14300,8
85419,8
85420,8
85421,8
14275,8
14247,8
14242,8
85731,8
13975,8
86288,8
13700,8
13692,8
13678,8
86071,8
13648,8
13634,8
13579,8
13578,8
86158,8
86171,8
86175,8
86178,8
86190,8
86208,8
13519,8
13494,8
86253,8
13491,8
86256,8
86282,8
86043,8
86035,8
85767,8
13704,8
85769,8
13936,8
85812,8
13900,8
85845,8
85848,8
13884,8
85878,8
85897,8
85902,8
85923,8
85931,8
85935,8
85953,8
85994,8
13742,8
13737,8
13735,8
86014,8
87245,8
87246,8
12505,8
11491,8
11465,8
11461,8
11447,8
88365,8
11435,8
88377,8
11410,8
88395,8
88438,8
88465,8
88476,8
88477,8
11316,8
11315,8
11314,8
11307,8
88508,8
88530,8
88537,8
88323,8
11494,8
11275,8
11497,8
88155,8
11621,8
88171,8
88174,8
88186,8
11598,8
88201,8
11582,8
88210,8
11566,8
88223,8
11554,8
88237,8
88242,8
11537,8
88256,8
11526,8
88286,8
88296,8
88542,8
88544,8
11639,8
11087,8
88754,8
88760,8
88763,8
11065,8
88777,8
11046,8
88788,8
88790,8
88805,8
88823,8
88835,8
88848,8
88851,8
88859,8
88887,8
10939,8
88906,8
10931,8
10927,8
11080,8
11093,8
11259,8
11098,8
11248,8
88577,8
11239,8
11237,8
88589,8
88590,8
11223,8
11219,8
88598,8
11210,8
88611,8
11183,8
11173,8
88650,8
11153,8
88678,8
88690,8
11115,8
11110,8
88153,8
11640,8
87260,8
87463,8
12270,8
12252,8
12246,8
87525,8
87528,8
12210,8
12185,8
12183,8
87555,8
12165,8
12159,8
87582,8
12150,8
87586,8
87602,8
87607,8
12123,8
12103,8
87662,8
12283,8
87445,8
12075,8
87439,8
12472,8
87299,8
12444,8
12443,8
87312,8
87317,8
12429,8
87326,8
12413,8
12408,8
12406,8
12399,8
87371,8
87374,8
87386,8
12342,8
12325,8
87421,8
12320,8
87667,8
87700,8
11641,8
11821,8
11806,8
11800,8
11772,8
88018,8
11771,8
11769,8
11716,8
11715,8
11713,8
88063,8
11707,8
88069,8
11699,8
88080,8
88084,8
88086,8
88117,8
88120,8
88124,8
11813,8
11829,8
12038,8
11830,8
12024,8
12012,8
12011,8
87751,8
87757,8
11990,8
11988,8
11975,8
87806,8
87823,8
11933,8
87853,8
11916,8
11894,8
87884,8
11882,8
11875,8
11870,8
11836,8
92435,8
7339,8
92438,8
97542,8
97451,8
97455,8
2475,8
2469,8
97479,8
97500,8
2442,8
2440,8
97518,8
97545,8
96297,8
2361,8
97573,8
97591,8
97597,8
97598,8
97600,8
2335,8
2330,8
97605,8
2491,8
97443,8
2497,8
2498,8
97241,8
97271,8
97272,8
2659,8
97281,8
97289,8
2627,8
2607,8
97338,8
2592,8
2589,8
97349,8
2552,8
2525,8
97410,8
97412,8
97414,8
97428,8
97432,8
97657,8
2250,8
97698,8
2042,8
2032,8
2025,8
97930,8
97934,8
1995,8
97950,8
1986,8
1985,8
1980,8
97964,8
1962,8
98007,8
98036,8
98051,8
1875,8
1864,8
98076,8
98087,8
1815,8
97907,8
2053,8
97700,8
97858,8
2245,8
97703,8
2225,8
2224,8
97722,8
97728,8
2217,8
2208,8
2200,8
97748,8
97756,8
2193,8
2191,8
97763,8
97786,8
97824,8
97825,8
97838,8
2085,8
97239,8
97235,8
97227,8
3309,8
96542,8
96547,8
96552,8
96558,8
3293,8
96563,8
96578,8
3268,8
3249,8
96626,8
96644,8
3194,8
96674,8
96684,8
3166,8
3163,8
3162,8
96748,8
96772,8
3302,8
3316,8
3109,8
96515,8
96308,8
96320,8
3484,8
3482,8
3465,8
96374,8
96395,8
96411,8
3410,8
3409,8
96426,8
96432,8
3392,8
96444,8
96457,8
96466,8
3353,8
3340,8
96490,8
96773,8
3107,8
2696,8
2828,8
2813,8
2811,8
97107,8
2794,8
97119,8
97124,8
2778,8
97135,8
2774,8
97141,8
97146,8
97156,8
2734,8
97182,8
2727,8
2709,8
2708,8
2701,8
97223,8
97078,8
97068,8
3101,8
97067,8
3092,8
96836,8
96852,8
3045,8
96876,8
96877,8
96879,8
96892,8
96903,8
96913,8
2993,8
96922,8
2923,8
96988,8
97021,8
2865,8
97034,8
97045,8
2850,8
1801,8
98129,8
98136,8
99313,8
99341,8
611,8
602,8
575,8
573,8
568,8
99398,8
561,8
99404,8
556,8
99449,8
513,8
99479,8
495,8
463,8
99516,8
452,8
450,8
99527,8
623,8
99311,8
435,8
99308,8
797,8
99129,8
99133,8
99142,8
99150,8
99157,8
752,8
749,8
747,8
741,8
99202,8
99221,8
711,8
702,8
99273,8
667,8
99283,8
646,8
99307,8
439,8
99542,8
99105,8
99799,8
190,8
166,8
99830,8
99833,8
152,8
99867,8
99886,8
93,8
89,8
99905,8
81,8
99924,8
69,8
68,8
99931,8
99939,8
50,8
99954,8
3,8
99809,8
195,8
431,8
99793,8
99549,8
412,8
386,8
99615,8
362,8
351,8
99642,8
99648,8
99674,8
324,8
99678,8
99690,8
292,8
99714,8
99721,8
249,8
242,8
204,8
198,8
802,8
808,8
98207,8
1505,8
98447,8
98467,8
1449,8
98479,8
98504,8
98513,8
1420,8
98518,8
1406,8
1404,8
1399,8
1393,8
98554,8
98557,8
1355,8
1349,8
1336,8
98602,8
98611,8
1490,8
1510,8
1306,8
1517,8
1698,8
98222,8
98255,8
1654,8
1649,8
98267,8
1643,8
98279,8
98280,8
98286,8
98303,8
1615,8
1595,8
1592,8
1559,8
98368,8
98372,8
98388,8
1531,8
1317,8
1291,8
99086,8
1100,8
1085,8
98856,8
98864,8
98875,8
1036,8
998,8
98934,8
950,8
947,8
942,8
98990,8
98994,8
926,8
894,8
871,8
99051,8
99055,8
858,8
832,8
98835,8
98808,8
1269,8
98799,8
98669,8
98676,8
1266,8
1264,8
1261,8
98700,8
1231,8
98715,8
1220,8
98731,8
98742,8
98751,8
1170,8
98763,8
1164,8
98773,8
1151,8
98783,8
1132,8
3505,8
96284,8
92440,8
5874,8
5970,8
93784,8
93796,8
93803,8
5948,8
5943,8
5891,8
93860,8
5879,8
5866,8
96271,8
93891,8
93894,8
93905,8
5851,8
93926,8
93932,8
93934,8
5837,8
93940,8
5971,8
93761,8
6005,8
93740,8
6257,8
6245,8
6194,8
6159,8
6147,8
93631,8
93632,8
93633,8
6114,8
6110,8
6095,8
93657,8
93661,8
93669,8
93673,8
6067,8
93686,8
93702,8
93716,8
5831,8
5818,8
5802,8
94155,8
94166,8
5600,8
5575,8
94205,8
94207,8
94225,8
94233,8
94243,8
94255,8
94270,8
5511,8
5501,8
94295,8
5497,8
94300,8
5485,8
94329,8
5454,8
5447,8
5614,8
5633,8
5795,8
94144,8
93981,8
5794,8
5789,8
5781,8
93995,8
5766,8
5762,8
5761,8
5735,8
94051,8
5722,8
5701,8
5683,8
5682,8
94120,8
94130,8
5636,8
94141,8
5634,8
93499,8
93488,8
6287,8
92731,8
92750,8
7024,8
92757,8
92789,8
6949,8
92837,8
6927,8
6887,8
6885,8
92892,8
92916,8
92949,8
92951,8
92954,8
6801,8
6785,8
93009,8
93010,8
93016,8
92737,8
7075,8
6772,8
7105,8
92446,8
7331,8
92474,8
92476,8
92492,8
7271,8
92522,8
7266,8
92540,8
92547,8
7250,8
92555,8
92561,8
92581,8
92594,8
7192,8
92608,8
7172,8
92658,8
93017,8
93022,8
93457,8
6529,8
93281,8
6491,8
6463,8
93327,8
93333,8
6442,8
93355,8
93360,8
6405,8
6384,8
93381,8
6380,8
6373,8
6363,8
6339,8
6333,8
93442,8
93444,8
6319,8
6521,8
6546,8
93035,8
6551,8
93037,8
6746,8
6730,8
93065,8
93069,8
6719,8
93078,8
6707,8
93104,8
6652,8
93137,8
93138,8
93147,8
6628,8
6608,8
93176,8
6592,8
6562,8
6561,8
5435,8
5433,8
94389,8
95671,8
95690,8
4135,8
95719,8
4102,8
4100,8
4096,8
4090,8
95733,8
4086,8
4079,8
4078,8
95751,8
4063,8
4059,8
95793,8
4017,8
4012,8
95812,8
4003,8
95682,8
4157,8
95833,8
95666,8
4312,8
4311,8
95529,8
95538,8
4276,8
4268,8
95567,8
4260,8
4256,8
4239,8
95591,8
95594,8
4201,8
4194,8
4187,8
95649,8
4163,8
4160,8
95665,8
4001,8
3992,8
4336,8
3762,8
3759,8
3758,8
96082,8
3733,8
96106,8
96110,8
3696,8
96153,8
3673,8
3667,8
3658,8
96172,8
3625,8
96222,8
96240,8
3577,8
3576,8
3563,8
3543,8
96070,8
96057,8
3977,8
3772,8
3967,8
95872,8
95874,8
3930,8
3921,8
3900,8
95928,8
3897,8
3877,8
3857,8
95954,8
95958,8
3846,8
95964,8
95973,8
3793,8
96045,8
96047,8
96053,8
4323,8
4337,8
94403,8
94706,8
94708,8
5137,8
94727,8
5125,8
94732,8
94738,8
94749,8
5102,8
94760,8
5089,8
94794,8
5033,8
94827,8
94839,8
5013,8
94843,8
5007,8
4986,8
4969,8
94707,8
94691,8
94898,8
5167,8
94439,8
5364,8
94520,8
5314,8
94563,8
5283,8
94577,8
94580,8
5252,8
94601,8
94613,8
94617,8
94631,8
94645,8
5213,8
5196,8
5181,8
5178,8
94678,8
4967,8
94900,8
4342,8
4647,8
95195,8
95201,8
4627,8
4626,8
4617,8
95225,8
95235,8
95252,8
4576,8
4565,8
4548,8
4544,8
95303,8
95332,8
95353,8
95408,8
95455,8
95463,8
4360,8
95193,8
95170,8
4929,8
4666,8
94932,8
4909,8
4906,8
4895,8
4873,8
94984,8
95007,8
4796,8
95046,8
4779,8
4772,8
95087,8
4733,8
4726,8
4724,8
4712,8
4711,8
95130,8
4702,8
14408,8
85273,8
85247,8
75638,8
75547,8
75552,8
24170,8
24150,8
75589,8
24133,8
75598,8
24103,8
24097,8
75639,8
25209,8
75646,8
75653,8
24065,8
75667,8
75674,8
24056,8
24054,8
75697,8
75709,8
75544,8
75537,8
24193,8
75520,8
24370,8
75336,8
75338,8
24353,8
75361,8
75362,8
24335,8
75372,8
24332,8
24331,8
24329,8
75394,8
75414,8
75432,8
24266,8
75454,8
75455,8
75461,8
24202,8
24019,8
75740,8
75746,8
23791,8
23785,8
23779,8
76009,8
76014,8
76028,8
76044,8
23749,8
23744,8
23729,8
76066,8
23719,8
76102,8
76109,8
23687,8
76123,8
23672,8
76134,8
23658,8
76157,8
23789,8
23793,8
75748,8
23799,8
75755,8
75762,8
23970,8
75801,8
23943,8
75808,8
75817,8
75820,8
23928,8
75846,8
23894,8
23878,8
75917,8
23854,8
75938,8
23824,8
23823,8
75962,8
75970,8
75317,8
75310,8
75306,8
25031,8
74670,8
74673,8
25001,8
24998,8
24988,8
74707,8
74713,8
74724,8
24953,8
74732,8
24937,8
74763,8
74776,8
24900,8
74781,8
74783,8
24884,8
74800,8
24847,8
74663,8
25032,8
74860,8
74650,8
25173,8
74501,8
25154,8
25151,8
74530,8
25144,8
25140,8
74562,8
74563,8
25120,8
25082,8
25074,8
74618,8
74620,8
74630,8
25056,8
25050,8
25048,8
25046,8
24843,8
24818,8
75304,8
75092,8
75112,8
75117,8
75147,8
75152,8
24502,8
24495,8
24487,8
75178,8
24471,8
24465,8
75195,8
75197,8
75202,8
75203,8
24439,8
75219,8
75227,8
75241,8
75247,8
75105,8
24583,8
24815,8
24606,8
24810,8
74867,8
74869,8
74898,8
74899,8
74900,8
24754,8
24753,8
74945,8
74947,8
74955,8
74967,8
24698,8
24686,8
24684,8
75019,8
75021,8
24657,8
75066,8
23622,8
76197,8
76203,8
77305,8
22570,8
77318,8
22551,8
77345,8
22536,8
77373,8
22485,8
77419,8
22466,8
77454,8
77459,8
77462,8
22407,8
22397,8
77480,8
77494,8
22373,8
22371,8
22359,8
22571,8
22579,8
22342,8
22592,8
22734,8
22714,8
22700,8
77177,8
77186,8
22659,8
22644,8
22638,8
22633,8
77252,8
77257,8
77258,8
77259,8
22628,8
22622,8
77279,8
22613,8
77292,8
22593,8
22353,8
77537,8
22751,8
77708,8
22114,8
22113,8
22083,8
22079,8
22077,8
22069,8
77755,8
22063,8
22047,8
22038,8
22032,8
77809,8
77843,8
22000,8
21935,8
77892,8
77893,8
21923,8
77911,8
77709,8
22127,8
77538,8
22138,8
22333,8
77548,8
22299,8
22293,8
22281,8
77610,8
77612,8
77620,8
77627,8
77642,8
22192,8
22188,8
22185,8
22183,8
22178,8
22177,8
22168,8
22158,8
77685,8
22735,8
22761,8
23598,8
76527,8
76547,8
23310,8
23309,8
76567,8
23291,8
76572,8
76576,8
76609,8
76614,8
23247,8
23244,8
76632,8
23235,8
76641,8
23223,8
23211,8
23196,8
23177,8
76691,8
23318,8
76505,8
76712,8
76499,8
23595,8
23581,8
76271,8
23544,8
23536,8
76298,8
23499,8
76319,8
23495,8
76379,8
76387,8
76394,8
76396,8
23430,8
23410,8
23391,8
76456,8
23373,8
76495,8
76706,8
23145,8
22763,8
22946,8
22927,8
22926,8
22915,8
22857,8
22855,8
77012,8
77014,8
22849,8
22848,8
77021,8
77036,8
22822,8
22821,8
77044,8
22816,8
77050,8
22812,8
77068,8
77087,8
76943,8
76917,8
23141,8
22982,8
76740,8
76744,8
76750,8
23122,8
76779,8
23093,8
76800,8
23091,8
76811,8
23071,8
76828,8
76835,8
76843,8
76845,8
23041,8
76852,8
23027,8
23026,8
76904,8
74469,8
25212,8
21903,8
27304,8
27366,8
72129,8
27345,8
72155,8
72162,8
72168,8
27316,8
72183,8
27306,8
27302,8
74464,8
72211,8
27268,8
72238,8
27244,8
27239,8
27235,8
27225,8
27208,8
27204,8
27368,8
72098,8
72096,8
27414,8
27642,8
71851,8
27607,8
71889,8
71897,8
27568,8
71907,8
71913,8
27550,8
71961,8
71971,8
27508,8
71985,8
71990,8
71991,8
27457,8
27447,8
72051,8
72068,8
27197,8
72321,8
27170,8
72642,8
26795,8
26792,8
72662,8
72663,8
72673,8
72676,8
26781,8
26780,8
26767,8
72713,8
72721,8
26743,8
26738,8
72742,8
72745,8
26721,8
26718,8
72764,8
26709,8
26801,8
72625,8
27157,8
72616,8
72354,8
72362,8
72374,8
27106,8
27103,8
27088,8
72428,8
72438,8
27045,8
72447,8
27030,8
27027,8
72469,8
27020,8
27019,8
27015,8
26999,8
26938,8
26866,8
71827,8
27674,8
71797,8
28268,8
28250,8
71161,8
28245,8
71167,8
71176,8
71177,8
71183,8
28219,8
71197,8
71198,8
28214,8
28205,8
28202,8
71234,8
71238,8
71244,8
71272,8
71273,8
71276,8
28253,8
71117,8
28139,8
28287,8
28462,8
70953,8
70959,8
70962,8
70976,8
28415,8
28412,8
70994,8
71002,8
71013,8
28375,8
28367,8
71048,8
71049,8
28345,8
28341,8
28327,8
71079,8
28289,8
28140,8
71303,8
27705,8
71573,8
71595,8
71597,8
71602,8
27842,8
27840,8
27829,8
71626,8
27799,8
27782,8
27768,8
27757,8
71729,8
71733,8
27745,8
27731,8
71764,8
27712,8
27711,8
27708,8
71587,8
27882,8
71349,8
27888,8
71359,8
28057,8
71390,8
28010,8
71411,8
27998,8
71444,8
71450,8
27963,8
27961,8
27953,8
71478,8
27934,8
27918,8
71508,8
71511,8
27909,8
27903,8
71534,8
72774,8
26688,8
72782,8
73843,8
73852,8
73855,8
25716,8
25714,8
25710,8
73870,8
25698,8
25689,8
73910,8
73916,8
25660,8
73936,8
73941,8
73959,8
25627,8
25621,8
25582,8
25579,8
74043,8
25723,8
25739,8
25532,8
73829,8
25960,8
25940,8
25929,8
25928,8
73628,8
25899,8
25890,8
25873,8
25869,8
73690,8
73691,8
25854,8
25844,8
73738,8
25830,8
73781,8
73790,8
73801,8
25759,8
25550,8
25527,8
73581,8
74313,8
74325,8
25327,8
25319,8
74347,8
25317,8
74352,8
74359,8
74360,8
74361,8
25304,8
25297,8
25283,8
25268,8
25255,8
74433,8
74436,8
74443,8
74455,8
74459,8
25339,8
25376,8
74080,8
74265,8
74086,8
74095,8
74100,8
74104,8
25507,8
25505,8
74117,8
25491,8
25468,8
25467,8
74185,8
74186,8
74194,8
74215,8
74222,8
74223,8
25402,8
25392,8
74262,8
73587,8
73578,8
72815,8
26487,8
26475,8
73006,8
73012,8
26455,8
73024,8
26440,8
73051,8
73069,8
73078,8
73086,8
73089,8
73099,8
73110,8
73117,8
26372,8
26360,8
73136,8
73137,8
26345,8
26482,8
72988,8
73159,8
72976,8
26648,8
72836,8
26641,8
26618,8
72869,8
26614,8
26612,8
72906,8
26578,8
72918,8
72921,8
72923,8
26562,8
26556,8
72933,8
26546,8
72953,8
26517,8
72968,8
73151,8
26319,8
73557,8
26132,8
26122,8
26115,8
26108,8
73427,8
26090,8
26085,8
73451,8
73453,8
73484,8
26034,8
73499,8
73505,8
26016,8
73530,8
73535,8
25992,8
25988,8
73550,8
73552,8
26130,8
26133,8
26308,8
73397,8
26307,8
26297,8
73205,8
73231,8
73248,8
73250,8
26236,8
26231,8
26224,8
73293,8
73294,8
73310,8
26172,8
73359,8
73361,8
73365,8
26140,8
73386,8
26135,8
77925,8
77937,8
85215,8
17122,8
17223,8
17221,8
17195,8
17142,8
17137,8
82592,8
82593,8
17124,8
82606,8
82619,8
81309,8
17114,8
17106,8
17105,8
17104,8
17099,8
17077,8
82659,8
82704,8
82708,8
82523,8
82520,8
82515,8
17240,8
17478,8
17465,8
17459,8
82322,8
82344,8
82347,8
17430,8
17382,8
82409,8
82410,8
17367,8
17362,8
82446,8
17324,8
17322,8
17290,8
17285,8
82488,8
17273,8
82719,8
82722,8
16989,8
82964,8
82976,8
16744,8
16741,8
82985,8
16723,8
16711,8
16706,8
83022,8
16677,8
83043,8
83044,8
83047,8
16640,8
16637,8
16632,8
83084,8
16611,8
16602,8
16598,8
82967,8
16753,8
16984,8
82956,8
16979,8
16978,8
16943,8
82781,8
16912,8
16903,8
82795,8
16881,8
82831,8
16854,8
16849,8
16839,8
82866,8
16819,8
16800,8
16795,8
82915,8
16772,8
82952,8
17479,8
82288,8
82282,8
81633,8
81643,8
81646,8
18147,8
81656,8
18114,8
81685,8
18097,8
81713,8
81733,8
18035,8
18030,8
81769,8
17978,8
81808,8
81809,8
17974,8
81813,8
81821,8
81837,8
81639,8
81589,8
17942,8
18218,8
81327,8
18497,8
18442,8
18409,8
81408,8
81411,8
18372,8
81443,8
18356,8
18334,8
18322,8
18300,8
81504,8
81526,8
81544,8
18253,8
18246,8
81575,8
18226,8
81845,8
81862,8
17494,8
82081,8
17673,8
17652,8
17632,8
17630,8
82136,8
17625,8
17620,8
82177,8
17548,8
17547,8
82215,8
17542,8
82228,8
82248,8
17515,8
82255,8
82265,8
82269,8
17503,8
82093,8
82058,8
17931,8
82053,8
17928,8
17926,8
81890,8
81896,8
17885,8
17876,8
81934,8
81954,8
17833,8
17829,8
17806,8
81997,8
17760,8
82023,8
17739,8
17738,8
17724,8
17722,8
82050,8
16589,8
16582,8
16573,8
84519,8
84579,8
84583,8
84592,8
84610,8
84631,8
84634,8
15078,8
15068,8
84665,8
84671,8
84672,8
84678,8
84689,8
15028,8
15021,8
15020,8
84724,8
15001,8
84733,8
15133,8
84506,8
84739,8
15195,8
84237,8
15452,8
84248,8
15442,8
15433,8
15423,8
15420,8
15417,8
84307,8
84326,8
15287,8
84408,8
84419,8
84427,8
15236,8
84466,8
84467,8
15222,8
15202,8
84734,8
14947,8
84218,8
85004,8
85021,8
14697,8
14693,8
85029,8
14686,8
14675,8
14669,8
85069,8
14660,8
85088,8
85117,8
14546,8
85150,8
14523,8
85186,8
85189,8
14493,8
14483,8
14479,8
85010,8
84993,8
84794,8
14736,8
84799,8
14936,8
84804,8
84814,8
84830,8
84832,8
84869,8
84870,8
14855,8
14845,8
84887,8
84897,8
14827,8
14820,8
14769,8
14763,8
84972,8
14746,8
84980,8
15462,8
84203,8
16566,8
83404,8
83437,8
16257,8
83468,8
16247,8
16240,8
83502,8
83509,8
16203,8
83516,8
83518,8
83521,8
16190,8
83525,8
16188,8
16178,8
83540,8
83562,8
16125,8
83588,8
16298,8
83377,8
16112,8
16355,8
16542,8
16528,8
83197,8
83202,8
83234,8
16470,8
16453,8
83272,8
83280,8
16448,8
16443,8
83293,8
83297,8
16426,8
16418,8
16413,8
16405,8
16380,8
83372,8
16116,8
83609,8
15483,8
83928,8
15787,8
15741,8
15732,8
83989,8
15723,8
84006,8
15659,8
15654,8
15636,8
15620,8
15610,8
15608,8
15604,8
84093,8
84136,8
15538,8
84173,8
15501,8
84199,8
15804,8
15811,8
16036,8
83920,8
16019,8
83723,8
15992,8
15980,8
83742,8
83763,8
15951,8
83797,8
15919,8
83804,8
83833,8
15888,8
15870,8
15860,8
15856,8
83886,8
83897,8
15833,8
83915,8
81312,8
81296,8
21902,8
20640,8
79064,8
79073,8
79081,8
79089,8
20687,8
20680,8
79122,8
20659,8
20654,8
79153,8
18521,8
79165,8
79167,8
79189,8
20605,8
20595,8
79228,8
79243,8
79244,8
20548,8
79063,8
20713,8
20737,8
20738,8
20975,8
20964,8
20907,8
20895,8
20893,8
78888,8
78891,8
78893,8
20863,8
20859,8
78908,8
78941,8
78949,8
20802,8
78970,8
20783,8
79002,8
20745,8
20739,8
20543,8
20532,8
20522,8
20300,8
20274,8
20269,8
79585,8
20240,8
20236,8
79600,8
20221,8
20217,8
79614,8
20198,8
20195,8
20189,8
20185,8
20168,8
79654,8
79656,8
20139,8
79677,8
79690,8
20290,8
20306,8
20515,8
79512,8
79282,8
79292,8
20495,8
79302,8
79314,8
79323,8
79342,8
79350,8
79390,8
79394,8
79407,8
20393,8
79422,8
20380,8
20363,8
79468,8
20350,8
79483,8
20318,8
78803,8
78793,8
21027,8
78138,8
78144,8
21688,8
78158,8
21663,8
21643,8
21637,8
21630,8
21621,8
78216,8
21562,8
78249,8
78251,8
21557,8
21545,8
21515,8
21514,8
21508,8
21490,8
21487,8
21692,8
21699,8
21479,8
78133,8
77948,8
21887,8
21881,8
21869,8
21865,8
77978,8
21862,8
78001,8
21831,8
78026,8
21801,8
21794,8
21774,8
21765,8
21761,8
78086,8
78092,8
21727,8
78124,8
78321,8
78337,8
21031,8
21226,8
78637,8
21171,8
21148,8
21143,8
21128,8
21122,8
78687,8
21106,8
78702,8
78703,8
78707,8
78715,8
78716,8
21089,8
21084,8
21064,8
78749,8
78751,8
78758,8
78634,8
21241,8
78341,8
78560,8
78353,8
21445,8
78393,8
21394,8
21393,8
78424,8
21366,8
21363,8
21362,8
78468,8
78469,8
21317,8
78496,8
21313,8
21287,8
21285,8
21272,8
21265,8
78559,8
20105,8
20089,8
20082,8
80644,8
19109,8
80665,8
19101,8
80678,8
19091,8
80683,8
80697,8
19065,8
19053,8
80730,8
19021,8
19008,8
80754,8
19007,8
80761,8
80762,8
80767,8
80770,8
18989,8
80656,8
19133,8
18964,8
19143,8
80484,8
19271,8
19266,8
19258,8
19248,8
19246,8
80554,8
80560,8
80572,8
19194,8
80577,8
19187,8
19172,8
80611,8
19165,8
80622,8
19154,8
19150,8
19149,8
80796,8
18953,8
19340,8
18715,8
81089,8
81090,8
18705,8
18678,8
81131,8
81142,8
18642,8
18641,8
18638,8
81178,8
81208,8
18603,8
18599,8
18584,8
81240,8
81250,8
18567,8
18558,8
18524,8
18714,8
18724,8
80839,8
18758,8
18928,8
80844,8
80867,8
18904,8
18899,8
18891,8
18877,8
80901,8
80908,8
80912,8
18844,8
18839,8
18829,8
18814,8
80981,8
18802,8
80996,8
18774,8
81028,8
80472,8
19344,8
20078,8
19956,8
19940,8
79864,8
79877,8
19923,8
79887,8
79888,8
79891,8
79907,8
79909,8
79913,8
19862,8
19854,8
79955,8
79962,8
79970,8
19804,8
79993,8
19794,8
80001,8
19946,8
19957,8
19750,8
19962,8
79734,8
79737,8
20054,8
20052,8
20051,8
79754,8
20047,8
79761,8
20017,8
20011,8
79786,8
79787,8
79789,8
20005,8
19988,8
19979,8
19972,8
79831,8
79834,8
19763,8
80045,8
80453,8
80207,8
80248,8
80252,8
80270,8
19515,8
19503,8
19496,8
19495,8
80337,8
19466,8
80344,8
19464,8
19462,8
80361,8
19443,8
19434,8
19416,8
19411,8
80410,8
19359,8
80210,8
80200,8
19737,8
80194,8
19734,8
80059,8
19714,8
19711,8
19705,8
80076,8
80084,8
19673,8
80100,8
19667,8
19662,8
19652,8
19645,8
80138,8
19635,8
19633,8
19632,8
80169,8
19605,8
39108,8
100000,8
52067,8
45740,8
54404,8
46510,8
59325,8
55700,8
41399,8
52376,8
46729,8
50870,8
59828,8
58715,8
54918,8
43046,8
39316,8
44826,8
40825,8
49665,8
49006,8
43037,8
51381,8
46367,8
45639,8
50877,8
54029,8
45327,8
39336,8
46292,8
41400,8
59449,8
50577,8
39972,8
48027,8
50873,8
51380,8
49009,8
40832,8
56716,8
47542,8
53196,8
48855,8
58973,8
44406,8
58122,8
39768,8
56411,8
47549,8
58127,8
43078,8
54028,8
45500,8
58971,8
43698,8
53920,8
45752,8
45814,8
51398,8
40807,8
46101,8
55677,8
54680,8
49108,8
40812,8
50582,8
46617,8
43054,8
48230,8
43055,8
49524,8
43058,8
46507,8
59451,8
57260,8
44832,8
51395,8
43718,8
49517,8
47048,8
59442,8
56433,8
52816,8
46356,8
54415,8
40043,8
51983,8
46114,8
49311,8
41415,8
47893,8
42183,8
54137,8
44799,8
45104,8
55758,8
53187,8
58047,8
42648,8
47064,8
54880,8
43735,8
44791,8
51749,8
43734,8
55781,8
50896,8
46117,8
46517,8
55771,8
39731,8
53750,8
56669,8
52281,8
55767,8
50319,8
59742,8
56699,8
44810,8
47807,8
54902,8
41623,8
45492,8
55723,8
52539,8
50575,8
54537,8
59334,8
45930,8
47252,8
52368,8
46364,8
41629,8
48031,8
56694,8
50325,8
42984,8
54899,8
46713,8
45489,8
42997,8
51361,8
55749,8
42170,8
47247,8
44807,8
45098,8
52275,8
50880,8
45928,8
43011,8
42422,8
54139,8
47796,8
58706,8
49287,8
54662,8
50619,8
54378,8
59812,8
43148,8
49404,8
51710,8
40301,8
39278,8
53927,8
47011,8
45517,8
54174,8
39782,8
55589,8
51440,8
59297,8
44627,8
56780,8
56174,8
48539,8
57216,8
54956,8
49703,8
47773,8
48004,8
41679,8
50839,8
49704,8
43141,8
53088,8
53680,8
51713,8
56020,8
57210,8
43670,8
52009,8
50100,8
40719,8
41699,8
58216,8
51708,8
40303,8
40715,8
43164,8
46998,8
53365,8
54979,8
43665,8
45858,8
59826,8
41367,8
58219,8
47582,8
58662,8
52406,8
57202,8
46388,8
39274,8
57510,8
56392,8
58862,8
49119,8
53135,8
43156,8
56783,8
42609,8
43158,8
44382,8
56390,8
54177,8
53218,8
54178,8
39281,8
40296,8
54398,8
48922,8
53702,8
45756,8
56739,8
45630,8
56404,8
57732,8
51140,8
40785,8
46220,8
45813,8
50341,8
44171,8
59309,8
59572,8
45624,8
45083,8
57238,8
43689,8
39962,8
46614,8
55664,8
54931,8
49533,8
41164,8
48706,8
47553,8
45631,8
50130,8
39770,8
44403,8
48246,8
43091,8
56735,8
55651,8
50452,8
45511,8
47775,8
57227,8
48260,8
43115,8
48266,8
40293,8
40763,8
52844,8
44538,8
58182,8
59804,8
47398,8
47778,8
51418,8
50104,8
50849,8
48273,8
39775,8
44862,8
41174,8
56754,8
52134,8
42436,8
52390,8
50603,8
56751,8
51136,8
46093,8
52394,8
42104,8
52002,8
55629,8
44024,8
52398,8
39288,8
53484,8
39984,8
57292,8
53755,8
56049,8
57908,8
50931,8
48128,8
44506,8
57912,8
42721,8
46329,8
52794,8
56563,8
53875,8
49494,8
53040,8
46661,8
46161,8
46539,8
47855,8
57365,8
41088,8
42314,8
49786,8
54735,8
41074,8
46328,8
48122,8
42321,8
58785,8
59658,8
39695,8
58999,8
44706,8
43855,8
57816,8
54470,8
54794,8
48083,8
44470,8
49785,8
40220,8
50237,8
42849,8
45143,8
53814,8
39700,8
46154,8
55909,8
42863,8
52193,8
58818,8
58772,8
42714,8
56580,8
49062,8
48137,8
57799,8
53038,8
56567,8
53816,8
59666,8
49791,8
45665,8
44122,8
41438,8
49792,8
54461,8
59425,8
52723,8
54092,8
44468,8
52721,8
56574,8
55922,8
59619,8
47477,8
41523,8
41550,8
44484,8
46651,8
39451,8
47174,8
39450,8
54485,8
41498,8
44482,8
44678,8
49046,8
41048,8
39447,8
57828,8
42740,8
55992,8
42773,8
49039,8
50504,8
53848,8
57399,8
58803,8
56011,8
45908,8
47181,8
51946,8
51222,8
42763,8
57425,8
41453,8
40025,8
50963,8
50503,8
49041,8
44079,8
59410,8
54493,8
59011,8
41519,8
42786,8
54478,8
59002,8
57884,8
44697,8
50944,8
44701,8
54477,8
51809,8
58790,8
56537,8
51808,8
59015,8
49772,8
41517,8
43812,8
44097,8
53427,8
48104,8
48112,8
55989,8
54482,8
52788,8
45662,8
44694,8
47187,8
47166,8
57826,8
53430,8
42347,8
51242,8
53162,8
57434,8
42361,8
57873,8
55902,8
49343,8
48183,8
54852,8
45830,8
46139,8
48616,8
53416,8
40914,8
41108,8
45152,8
53448,8
58011,8
51329,8
39993,8
45671,8
54120,8
41112,8
54855,8
57784,8
56627,8
40251,8
41581,8
57324,8
58749,8
51774,8
51848,8
42246,8
40176,8
59033,8
41104,8
53779,8
57460,8
43872,8
53776,8
49809,8
47105,8
52337,8
40906,8
42227,8
59706,8
51340,8
41596,8
40899,8
59359,8
42215,8
48055,8
45110,8
39366,8
46554,8
42662,8
47081,8
56659,8
57297,8
43744,8
54130,8
43738,8
57307,8
49083,8
46622,8
48178,8
44772,8
49324,8
44774,8
54122,8
45216,8
39495,8
47224,8
50307,8
54705,8
44055,8
47228,8
51765,8
48617,8
43876,8
41113,8
45470,8
39380,8
50529,8
48072,8
51847,8
39390,8
39479,8
50297,8
46150,8
52324,8
57959,8
49497,8
57344,8
54449,8
52734,8
56074,8
57964,8
46334,8
48146,8
57453,8
47136,8
55871,8
54818,8
53881,8
39402,8
56583,8
53808,8
41557,8
56064,8
42874,8
47499,8
54453,8
49339,8
46534,8
58767,8
51279,8
39398,8
54097,8
53176,8
44451,8
43867,8
43865,8
58756,8
58755,8
39486,8
45650,8
56606,8
40244,8
51302,8
39385,8
49073,8
51307,8
59704,8
57981,8
59607,8
44439,8
46530,8
48574,8
51184,8
47877,8
52331,8
49378,8
52549,8
40236,8
45467,8
52623,8
44134,8
39659,8
55859,8
52548,8
53059,8
53338,8
41429,8
48577,8
57973,8
59028,8
58220,8
49654,8
39631,8
49582,8
58936,8
41250,8
39837,8
47939,8
40560,8
58565,8
43944,8
42543,8
59151,8
55337,8
58561,8
43331,8
54303,8
51653,8
52913,8
47322,8
59929,8
56881,8
48797,8
43308,8
48756,8
57651,8
48930,8
57109,8
46885,8
47726,8
45800,8
45289,8
52916,8
45691,8
44938,8
54231,8
44335,8
54233,8
48376,8
45567,8
43333,8
41951,8
52456,8
58428,8
49587,8
40537,8
39849,8
39155,8
57638,8
44956,8
44958,8
46858,8
44322,8
57078,8
44967,8
52459,8
49619,8
55310,8
52747,8
46867,8
51558,8
49988,8
56321,8
41801,8
39844,8
43544,8
49620,8
39845,8
50686,8
57088,8
47326,8
41948,8
57641,8
58425,8
48960,8
50675,8
43977,8
39907,8
40612,8
50009,8
45884,8
43280,8
58358,8
56892,8
47732,8
48361,8
49174,8
43284,8
39556,8
41974,8
40616,8
43288,8
41238,8
42549,8
40620,8
45032,8
54323,8
47957,8
41982,8
48799,8
40623,8
58946,8
52104,8
59241,8
58351,8
46410,8
46059,8
59902,8
56887,8
41763,8
40621,8
55400,8
40613,8
52667,8
43557,8
59231,8
55097,8
55367,8
40588,8
43303,8
43938,8
45559,8
44240,8
41963,8
59523,8
45560,8
52093,8
46891,8
56915,8
50002,8
41959,8
50401,8
42481,8
50672,8
42063,8
45547,8
41326,8
49889,8
55381,8
58577,8
49230,8
50670,8
44591,8
59228,8
56901,8
40604,8
55372,8
59909,8
42547,8
41934,8
39154,8
55291,8
51066,8
57050,8
57000,8
40427,8
43456,8
39867,8
49937,8
42512,8
39122,8
53551,8
58500,8
55152,8
57597,8
56286,8
55155,8
57047,8
41836,8
58493,8
47351,8
47926,8
41832,8
48772,8
54257,8
53111,8
43957,8
40487,8
40481,8
57616,8
46000,8
52483,8
52881,8
41274,8
41834,8
57055,8
49913,8
41263,8
56302,8
44285,8
57609,8
46822,8
52062,8
46443,8
49927,8
41268,8
59500,8
40440,8
57023,8
47689,8
59998,8
59999,8
60000,8
41861,8
53978,8
48438,8
52598,8
51621,8
55160,8
42506,8
58504,8
41880,8
45701,8
52889,8
45014,8
58911,8
50707,8
53115,8
52060,8
45402,8
51633,8
48429,8
47696,8
53556,8
55228,8
56317,8
55262,8
59206,8
45787,8
39145,8
43382,8
55271,8
54241,8
51647,8
40084,8
44321,8
56961,8
40515,8
46571,8
49955,8
52673,8
41912,8
57634,8
56956,8
47361,8
47934,8
58899,8
59956,8
47917,8
41932,8
43372,8
52080,8
49970,8
45023,8
52905,8
52490,8
51579,8
58900,8
40525,8
39577,8
49595,8
41905,8
39129,8
44583,8
59975,8
43408,8
54597,8
57065,8
39596,8
51077,8
50727,8
42522,8
58542,8
46437,8
50725,8
47673,8
56306,8
43433,8
58540,8
39590,8
45405,8
47672,8
51587,8
59168,8
39852,8
43394,8
49437,8
52050,8
54248,8
53535,8
46019,8
56974,8
51905,8
45406,8
53275,8
53262,8
46839,8
50011,8
51824,8
39228,8
40345,8
53293,8
55464,8
54359,8
56212,8
53098,8
41362,8
51107,8
47307,8
51477,8
43235,8
48739,8
57153,8
58303,8
48337,8
40135,8
58259,8
45545,8
43191,8
46765,8
54639,8
55473,8
49565,8
49867,8
50039,8
45253,8
54354,8
44613,8
40647,8
50390,8
45390,8
59891,8
51919,8
48742,8
43185,8
43617,8
58881,8
49263,8
45888,8
49417,8
51925,8
56852,8
52586,8
41205,8
57692,8
59255,8
50387,8
52250,8
58637,8
56816,8
51105,8
59269,8
53226,8
51675,8
46766,8
44012,8
51699,8
51685,8
48810,8
39923,8
53504,8
44611,8
45608,8
53647,8
55505,8
51924,8
54196,8
58283,8
40663,8
48977,8
46953,8
47972,8
48733,8
54649,8
53097,8
51923,8
41353,8
45611,8
56204,8
55511,8
40330,8
45049,8
43910,8
49861,8
51115,8
55515,8
45301,8
50054,8
51487,8
58286,8
58287,8
40660,8
46072,8
50377,8
44375,8
51686,8
40675,8
50065,8
49258,8
43642,8
59100,8
55019,8
52746,8
41208,8
48326,8
46478,8
55493,8
52430,8
45543,8
47749,8
52024,8
52429,8
40338,8
50052,8
45868,8
58628,8
45546,8
46398,8
51470,8
44917,8
49851,8
59834,8
47315,8
58336,8
52248,8
54332,8
59898,8
44919,8
46782,8
53372,8
39202,8
55423,8
39205,8
54017,8
54992,8
57672,8
46990,8
55562,8
58332,8
58654,8
46917,8
53667,8
48354,8
55558,8
47991,8
48353,8
44231,8
42600,8
40627,8
52957,8
52932,8
46793,8
50834,8
51529,8
41330,8
58345,8
59534,8
56387,8
42059,8
41194,8
54185,8
43270,8
50364,8
50629,8
57704,8
57184,8
47320,8
57183,8
54327,8
49882,8
53515,8
58599,8
42047,8
43925,8
56227,8
55066,8
44915,8
45986,8
45036,8
58323,8
46934,8
50371,8
47738,8
48971,8
51892,8
52937,8
53510,8
58238,8
54006,8
46596,8
47988,8
39523,8
56384,8
48982,8
44230,8
50787,8
46233,8
39251,8
55440,8
46933,8
55060,8
54004,8
43264,8
47588,8
58331,8
58330,8
59272,8
47760,8
39252,8
40128,8
43182,8
48631,8
50445,8
59092,8
43180,8
69443,7
18161,7
11175,7
81802,7
44544,7
30015,7
69387,7
17858,7
68829,7
69390,7
30293,7
18125,7
57443,7
81665,7
29958,7
52217,7
30301,7
81807,7
95110,7
4555,7
29973,7
18146,7
88764,7
88627,7
41373,7
88694,7
4752,7
95250,7
81815,7
69384,7
30462,7
81660,7
69402,7
69382,7
41446,7
81823,7
41288,7
81822,7
69089,7
11135,7
68858,7
41364,7
41272,7
41286,7
30477,7
4558,7
4463,7
11127,7
95284,7
77664,7
81942,7
88770,7
41450,7
57428,7
54021,7
69075,7
17959,7
88632,7
17966,7
95397,7
81680,7
30288,7
18122,7
17969,7
95108,7
11122,7
81940,7
18112,7
30271,7
57594,7
4729,7
11063,7
18101,7
30366,7
69113,7
30398,7
69264,7
46273,7
69163,7
41323,7
68999,7
95167,7
57484,7
69254,7
81779,7
11095,7
11096,7
30346,7
50435,7
50436,7
57467,7
41395,7
30095,7
17932,7
81783,7
69281,7
69280,7
69276,7
4678,7
69014,7
69012,7
81851,7
57461,7
52220,7
41319,7
4676,7
4505,7
50474,7
68935,7
44558,7
81743,7
69242,7
47881,7
44552,7
30356,7
95318,7
81762,7
68972,7
57476,7
30163,7
95197,7
95316,7
44553,7
44554,7
30159,7
18012,7
30160,7
81876,7
50461,7
11100,7
69209,7
18040,7
30378,7
81778,7
68955,7
41324,7
81883,7
69232,7
57544,7
81750,7
54001,7
69223,7
4649,7
81755,7
69213,7
95190,7
88665,7
69182,7
30190,7
11082,7
4470,7
4713,7
30205,7
44545,7
44570,7
4603,7
57536,7
81700,7
44514,7
30045,7
95135,7
81794,7
95237,7
4637,7
95234,7
4607,7
30049,7
44509,7
69338,7
88648,7
88642,7
69117,7
30461,7
95111,7
81841,7
41384,7
57528,7
95113,7
11066,7
50426,7
54051,7
95380,7
69345,7
95244,7
11172,7
17980,7
69024,7
88753,7
50433,7
68908,7
30066,7
4494,7
69300,7
47880,7
81715,7
68918,7
18074,7
57570,7
95342,7
69292,7
88746,7
30081,7
4501,7
95217,7
30411,7
57490,7
47896,7
69022,7
17889,7
95363,7
81706,7
17877,7
50455,7
18081,7
81790,7
69146,7
69309,7
69021,7
4693,7
95300,7
52210,7
4543,7
17882,7
68901,7
17913,7
29440,7
41477,7
41760,7
70509,7
70508,7
70507,7
81120,7
28928,7
70494,7
18679,7
28933,7
70488,7
41735,7
28941,7
5334,7
10763,7
70480,7
18669,7
70466,7
10788,7
70452,7
57161,7
54204,7
70443,7
57165,7
70438,7
5315,7
28986,7
52116,7
44366,7
44367,7
44371,7
89064,7
70512,7
5342,7
54217,7
41757,7
18718,7
28830,7
70586,7
10731,7
70580,7
28838,7
5361,7
94460,7
18708,7
70572,7
28843,7
50661,7
28864,7
28917,7
57137,7
10739,7
94469,7
70546,7
81107,7
28888,7
28891,7
5348,7
28902,7
70536,7
70535,7
54213,7
70520,7
29000,7
94529,7
5310,7
94606,7
44379,7
81228,7
29132,7
94590,7
29151,7
29155,7
94597,7
18581,7
5258,7
18576,7
29170,7
5250,7
54180,7
5248,7
10835,7
52129,7
5244,7
70240,7
29199,7
29200,7
81264,7
5240,7
29208,7
5231,7
41682,7
10863,7
81275,7
94633,7
70305,7
70309,7
29013,7
29057,7
89033,7
70402,7
81176,7
70395,7
57169,7
70391,7
10800,7
94542,7
18632,7
94545,7
81188,7
81190,7
29053,7
81196,7
5280,7
10818,7
70354,7
44376,7
89016,7
70346,7
10821,7
29101,7
18609,7
70332,7
29103,7
70329,7
89000,7
94574,7
41759,7
5365,7
69459,7
70601,7
70864,7
10644,7
94328,7
70850,7
5478,7
18821,7
28542,7
28548,7
70838,7
41826,7
41823,7
5467,7
57070,7
70823,7
80975,7
70820,7
18812,7
28588,7
28590,7
5461,7
70807,7
28599,7
47715,7
18805,7
54240,7
70790,7
70784,7
5445,7
70782,7
94324,7
80959,7
10642,7
80934,7
5507,7
28430,7
5505,7
94286,7
10625,7
41855,7
70941,7
5500,7
5499,7
41846,7
28463,7
54261,7
5496,7
10626,7
89156,7
94305,7
70912,7
41838,7
5491,7
28510,7
28512,7
70888,7
70887,7
28518,7
94318,7
80954,7
70873,7
28527,7
28617,7
70778,7
94368,7
70648,7
94413,7
54229,7
18756,7
94416,7
41772,7
28739,7
18746,7
70667,7
10699,7
70660,7
70656,7
28753,7
81051,7
81055,7
81032,7
70643,7
28762,7
5385,7
89103,7
10708,7
89101,7
28770,7
70626,7
5376,7
28797,7
44339,7
18721,7
81080,7
70693,7
5405,7
28622,7
81015,7
41814,7
28624,7
28626,7
28627,7
28630,7
41813,7
18792,7
28639,7
41807,7
57087,7
94383,7
81008,7
5427,7
46424,7
81031,7
52090,7
28674,7
70723,7
28678,7
57101,7
5421,7
70714,7
70713,7
41791,7
94399,7
54234,7
89119,7
70708,7
5223,7
18539,7
81283,7
18530,7
29644,7
29645,7
57339,7
41564,7
50536,7
29659,7
18275,7
94929,7
81515,7
29676,7
47831,7
69706,7
4914,7
69703,7
18269,7
44459,7
54098,7
47834,7
44461,7
81527,7
44465,7
18263,7
69677,7
57352,7
81535,7
4879,7
81536,7
47843,7
94970,7
69739,7
81501,7
81499,7
29598,7
94866,7
69819,7
29563,7
52172,7
44426,7
81471,7
29580,7
41580,7
94873,7
94876,7
88845,7
4976,7
81479,7
57322,7
94908,7
50542,7
94889,7
11002,7
88841,7
18303,7
29621,7
47828,7
4954,7
29625,7
4952,7
69753,7
69750,7
29630,7
47846,7
29715,7
47849,7
29860,7
69558,7
69557,7
69556,7
29830,7
29834,7
29837,7
4811,7
69545,7
88797,7
29848,7
69532,7
29849,7
41499,7
52185,7
95020,7
50509,7
57396,7
29868,7
29874,7
81614,7
50502,7
69481,7
18176,7
29906,7
95051,7
29910,7
4786,7
29915,7
18209,7
54083,7
94976,7
11030,7
88826,7
88819,7
88818,7
29727,7
29730,7
88816,7
29740,7
4847,7
69630,7
29744,7
29745,7
29755,7
81562,7
29770,7
57380,7
29773,7
54088,7
57364,7
4836,7
29780,7
4835,7
29789,7
41530,7
57367,7
29803,7
57375,7
69586,7
4816,7
69822,7
69823,7
50546,7
5127,7
29310,7
10898,7
70110,7
18499,7
81326,7
81328,7
70096,7
70094,7
5145,7
54147,7
94716,7
70085,7
29342,7
18469,7
50594,7
81352,7
94729,7
88918,7
18465,7
81355,7
41635,7
70047,7
50578,7
29372,7
5111,7
29382,7
29385,7
81365,7
18501,7
57239,7
5107,7
81305,7
29235,7
29240,7
57220,7
94650,7
94652,7
70183,7
44393,7
44395,7
81298,7
18512,7
5189,7
5186,7
29264,7
10885,7
5160,7
29276,7
88944,7
70141,7
70140,7
5170,7
44399,7
29285,7
70135,7
70134,7
94683,7
70132,7
47787,7
94686,7
81366,7
5106,7
18336,7
44419,7
69929,7
10962,7
69916,7
41604,7
18370,7
69906,7
94818,7
94819,7
69901,7
29500,7
41597,7
29511,7
29512,7
52166,7
29466,7
41592,7
81445,7
52167,7
69864,7
69862,7
47825,7
29537,7
18350,7
29545,7
5003,7
5001,7
29553,7
41584,7
10959,7
29465,7
94754,7
41620,7
46365,7
70017,7
94757,7
81373,7
29418,7
5096,7
69996,7
69994,7
18429,7
88904,7
94771,7
18414,7
69983,7
29423,7
54134,7
50570,7
47809,7
29431,7
29434,7
18399,7
17827,7
29441,7
29443,7
50568,7
5074,7
54136,7
10955,7
69942,7
95401,7
57599,7
4451,7
48259,7
66572,7
11758,7
32609,7
66583,7
11756,7
32605,7
66592,7
66593,7
40726,7
16646,7
83062,7
16647,7
40735,7
40736,7
32583,7
88023,7
66568,7
32617,7
48298,7
16606,7
66515,7
83110,7
96676,7
66525,7
11785,7
3201,7
3212,7
32646,7
83098,7
11773,7
66549,7
66554,7
16628,7
66618,7
16656,7
96621,7
16676,7
32532,7
66662,7
83035,7
96585,7
11739,7
3278,7
83030,7
3260,7
44866,7
96575,7
11738,7
50109,7
16694,7
66714,7
3263,7
11740,7
32574,7
66633,7
66624,7
32565,7
83054,7
88037,7
66631,7
16660,7
32556,7
11745,7
58199,7
83049,7
83048,7
11750,7
83041,7
3259,7
66509,7
87999,7
16603,7
83182,7
32811,7
46062,7
32807,7
66361,7
32805,7
11815,7
3123,7
87960,7
16548,7
40669,7
66380,7
16551,7
66387,7
96755,7
83189,7
32825,7
32767,7
32866,7
83223,7
66283,7
96809,7
16498,7
83217,7
32883,7
32856,7
32827,7
16518,7
52428,7
66339,7
32834,7
16519,7
83195,7
83169,7
83166,7
3184,7
58240,7
32717,7
66470,7
32710,7
83129,7
58241,7
3174,7
40703,7
83132,7
87996,7
66485,7
50081,7
96696,7
96691,7
44883,7
66468,7
40698,7
32760,7
32746,7
58261,7
83161,7
16568,7
16569,7
44892,7
96734,7
66430,7
66456,7
50070,7
83150,7
16581,7
32731,7
58248,7
11798,7
66717,7
96549,7
83225,7
16703,7
53725,7
66997,7
82869,7
88142,7
32201,7
67005,7
67006,7
11637,7
40842,7
96368,7
11634,7
52370,7
96361,7
88161,7
67038,7
16823,7
82873,7
48217,7
58106,7
32265,7
32257,7
82896,7
96402,7
96401,7
96398,7
16808,7
3426,7
66973,7
16814,7
11642,7
96390,7
82881,7
40830,7
16848,7
88166,7
40866,7
67112,7
16879,7
82817,7
16882,7
32103,7
96317,7
58059,7
82809,7
32122,7
58054,7
32083,7
67134,7
32077,7
16900,7
40883,7
16874,7
67091,7
11616,7
32144,7
67050,7
16853,7
67054,7
82839,7
11614,7
32149,7
32143,7
67090,7
3471,7
32141,7
11609,7
16863,7
16864,7
52364,7
50151,7
96418,7
3405,7
40787,7
48251,7
96502,7
11689,7
58153,7
66800,7
3331,7
16746,7
66783,7
96498,7
16749,7
66814,7
3344,7
16752,7
32412,7
66788,7
3323,7
96474,7
88070,7
44861,7
66735,7
96534,7
96530,7
66744,7
32464,7
3315,7
66777,7
11701,7
66763,7
82986,7
48254,7
96512,7
66776,7
16757,7
52385,7
82911,7
50139,7
46098,7
88111,7
40805,7
3387,7
96436,7
32319,7
50140,7
88105,7
88115,7
66911,7
96430,7
44829,7
44828,7
82912,7
96450,7
96452,7
48245,7
32369,7
3355,7
44843,7
11681,7
48243,7
66848,7
58137,7
58135,7
53713,7
88103,7
82941,7
3367,7
66871,7
11674,7
32343,7
96814,7
58296,7
44580,7
49993,7
97136,7
65667,7
65676,7
46026,7
48400,7
65680,7
46027,7
48397,7
97130,7
65689,7
16217,7
40521,7
33438,7
16230,7
65714,7
16198,7
87799,7
65657,7
44985,7
48407,7
2745,7
44991,7
48406,7
97160,7
11968,7
65633,7
58463,7
33527,7
49949,7
2752,7
83530,7
52469,7
49953,7
97112,7
2797,7
58442,7
33320,7
52455,7
52454,7
65791,7
2833,7
16272,7
33325,7
53588,7
49977,7
65821,7
65823,7
2856,7
65833,7
87842,7
33293,7
33354,7
65778,7
65720,7
83477,7
40531,7
16237,7
65728,7
97104,7
65735,7
33417,7
58431,7
16258,7
33393,7
11941,7
65762,7
87825,7
65765,7
83459,7
16162,7
97165,7
65610,7
33685,7
97211,7
2713,7
58505,7
40459,7
65497,7
52478,7
53548,7
40455,7
40463,7
97204,7
2717,7
45002,7
58498,7
83586,7
65488,7
16107,7
83582,7
49926,7
33721,7
2689,7
40438,7
2691,7
46013,7
87753,7
53546,7
33697,7
16098,7
16099,7
65476,7
33701,7
12004,7
97213,7
11993,7
33660,7
97167,7
58476,7
2737,7
33606,7
65577,7
40491,7
83561,7
65582,7
65585,7
65571,7
16144,7
33588,7
83558,7
16149,7
16150,7
2742,7
33611,7
48418,7
33657,7
52474,7
2730,7
40480,7
46015,7
65541,7
16131,7
83573,7
11981,7
16138,7
33624,7
58483,7
65560,7
65561,7
97184,7
16137,7
48374,7
87848,7
83230,7
87849,7
66121,7
96899,7
3007,7
53626,7
66130,7
11856,7
16445,7
66143,7
3021,7
66161,7
3033,7
48343,7
33006,7
87932,7
3047,7
33042,7
96901,7
33043,7
66085,7
2985,7
66075,7
83315,7
53618,7
16412,7
33069,7
2989,7
3003,7
33066,7
50012,7
53621,7
50013,7
83300,7
3000,7
50029,7
87934,7
66183,7
3070,7
32938,7
58306,7
96834,7
32929,7
66245,7
96833,7
58304,7
32941,7
44903,7
66256,7
50038,7
66259,7
40658,7
66267,7
48338,7
96838,7
66184,7
32958,7
58325,7
96859,7
16467,7
66200,7
16471,7
50032,7
66218,7
50035,7
32956,7
83242,7
87937,7
66225,7
83239,7
87942,7
66068,7
33085,7
66059,7
33223,7
97005,7
16339,7
2910,7
65910,7
97001,7
33224,7
40570,7
65897,7
16343,7
65922,7
83382,7
16351,7
40582,7
65943,7
83393,7
2902,7
11902,7
65874,7
16314,7
33277,7
33271,7
33270,7
97024,7
48371,7
65877,7
2900,7
33250,7
33248,7
16327,7
2892,7
97013,7
65888,7
83373,7
33187,7
96932,7
66021,7
2935,7
33148,7
2937,7
11881,7
66016,7
16391,7
2952,7
11886,7
2955,7
40619,7
2964,7
2973,7
96933,7
33098,7
16383,7
83350,7
50003,7
65970,7
33186,7
33184,7
33169,7
40590,7
65966,7
65968,7
53610,7
65993,7
40606,7
40608,7
11891,7
65987,7
65990,7
83351,7
32072,7
67146,7
3517,7
68401,7
44641,7
30979,7
82223,7
17539,7
68276,7
30969,7
82218,7
4120,7
68281,7
53912,7
17543,7
52271,7
44637,7
82212,7
95696,7
82230,7
30990,7
82238,7
68223,7
68209,7
57763,7
31030,7
4083,7
17519,7
17521,7
82247,7
41138,7
82245,7
57759,7
68235,7
68240,7
4101,7
46214,7
53919,7
4136,7
68303,7
44628,7
95655,7
68365,7
30899,7
41180,7
30894,7
50352,7
95648,7
95660,7
88528,7
30880,7
30878,7
68389,7
30874,7
41187,7
4166,7
30905,7
30950,7
95681,7
30949,7
30947,7
11292,7
95683,7
68315,7
50337,7
4149,7
88525,7
68331,7
95668,7
82184,7
68344,7
68345,7
48012,7
50316,7
44650,7
68204,7
53885,7
95821,7
31167,7
41097,7
95814,7
82316,7
53883,7
68079,7
11360,7
82308,7
31145,7
17469,7
11356,7
31140,7
17472,7
68055,7
31173,7
68096,7
68020,7
31222,7
41084,7
82341,7
46207,7
48082,7
31197,7
68025,7
31174,7
68028,7
95839,7
17443,7
3996,7
31181,7
48073,7
11355,7
4026,7
68199,7
31061,7
41117,7
68158,7
95771,7
17499,7
95765,7
31062,7
68177,7
57779,7
44658,7
17506,7
95753,7
68190,7
89172,7
68198,7
31080,7
68149,7
68103,7
41105,7
11349,7
82294,7
68109,7
17483,7
31127,7
4032,7
46208,7
68147,7
11343,7
31108,7
4044,7
82281,7
31090,7
4047,7
68398,7
4183,7
32061,7
57712,7
95479,7
57645,7
41252,7
82037,7
53965,7
82035,7
30614,7
30613,7
47937,7
82032,7
57640,7
53967,7
11218,7
50409,7
82022,7
47940,7
41248,7
4353,7
82044,7
88586,7
68640,7
41241,7
68645,7
30656,7
44590,7
68657,7
88593,7
30648,7
17727,7
95494,7
17731,7
47941,7
68671,7
95454,7
30601,7
17757,7
4442,7
17793,7
81980,7
17795,7
11188,7
68789,7
68792,7
88621,7
68777,7
95413,7
68801,7
46260,7
4445,7
30520,7
81968,7
17789,7
30555,7
57633,7
30579,7
68729,7
4391,7
4392,7
44584,7
4400,7
82005,7
30577,7
4425,7
68755,7
81993,7
4423,7
30568,7
30565,7
88614,7
88585,7
17715,7
82059,7
57687,7
30792,7
30782,7
30780,7
68484,7
68491,7
46239,7
30757,7
47985,7
68503,7
44610,7
11256,7
30753,7
50383,7
68517,7
68463,7
30804,7
68522,7
4191,7
68405,7
68407,7
82155,7
30860,7
17614,7
48003,7
30845,7
88547,7
68428,7
95623,7
57699,7
4208,7
95613,7
30815,7
57681,7
57679,7
41237,7
30697,7
50391,7
17685,7
95544,7
88575,7
44604,7
46244,7
17698,7
30717,7
88581,7
53954,7
95526,7
30683,7
68614,7
68615,7
82084,7
82086,7
17666,7
68542,7
4254,7
30736,7
30735,7
47970,7
88566,7
4259,7
95566,7
68563,7
82090,7
82089,7
53947,7
4267,7
68559,7
68560,7
67985,7
17422,7
88432,7
67977,7
88287,7
57972,7
82636,7
88288,7
67447,7
44752,7
48153,7
67452,7
48148,7
3699,7
31770,7
31767,7
67460,7
96132,7
17109,7
17085,7
11513,7
11515,7
17067,7
31842,7
57989,7
82673,7
57988,7
57987,7
88275,7
44761,7
67425,7
40933,7
82661,7
67408,7
57983,7
53785,7
82648,7
17110,7
31760,7
88293,7
31676,7
31697,7
3750,7
67552,7
31688,7
31685,7
50227,7
96072,7
88327,7
96069,7
48136,7
17178,7
67570,7
82564,7
67572,7
67542,7
67539,7
88295,7
48141,7
82614,7
88299,7
82609,7
67482,7
11489,7
67508,7
88321,7
17153,7
67525,7
88326,7
82583,7
40978,7
31701,7
67535,7
82675,7
57992,7
17058,7
31970,7
67208,7
67215,7
58032,7
96251,7
67224,7
67229,7
67242,7
96259,7
67246,7
82745,7
96233,7
3591,7
67258,7
16983,7
46126,7
16947,7
3596,7
88206,7
48193,7
16908,7
16914,7
67167,7
32044,7
3532,7
32028,7
88215,7
32027,7
11579,7
48188,7
96268,7
16941,7
53758,7
3594,7
50192,7
67372,7
96185,7
40916,7
31891,7
17022,7
67340,7
3628,7
3630,7
53775,7
82712,7
17028,7
31878,7
31877,7
31871,7
3638,7
40925,7
17013,7
67312,7
11550,7
82723,7
58017,7
3616,7
67279,7
16992,7
67282,7
67283,7
67296,7
40911,7
11541,7
31922,7
40907,7
31918,7
31913,7
31909,7
11469,7
46159,7
31649,7
95923,7
57857,7
82430,7
17355,7
82426,7
31369,7
17358,7
88404,7
95938,7
11397,7
50272,7
31350,7
17363,7
95917,7
41056,7
67833,7
3886,7
17371,7
82452,7
88383,7
88387,7
53841,7
67786,7
88388,7
46184,7
11412,7
82436,7
3865,7
53849,7
50262,7
82445,7
31425,7
31421,7
17366,7
88407,7
88379,7
31253,7
57823,7
67949,7
3952,7
17407,7
31257,7
88429,7
11375,7
31277,7
31242,7
67970,7
53870,7
67974,7
17418,7
44668,7
31275,7
52290,7
67877,7
17381,7
82406,7
95901,7
31330,7
3915,7
82404,7
57839,7
82395,7
31284,7
3929,7
95888,7
67920,7
67921,7
95883,7
3948,7
67767,7
57878,7
3769,7
46176,7
17209,7
96044,7
82539,7
96041,7
53819,7
57917,7
67644,7
67613,7
17231,7
31575,7
31573,7
96026,7
96020,7
82519,7
67615,7
82545,7
96016,7
31640,7
31642,7
44719,7
67592,7
17197,7
17202,7
57932,7
31639,7
57922,7
57930,7
96049,7
82549,7
17204,7
48131,7
57924,7
88350,7
41015,7
52303,7
31508,7
57893,7
41026,7
11434,7
67727,7
52304,7
31519,7
31502,7
67717,7
31501,7
95978,7
3836,7
57882,7
31494,7
17296,7
95985,7
3820,7
67674,7
96000,7
67675,7
67680,7
44707,7
3802,7
67687,7
17246,7
57899,7
67712,7
67697,7
88358,7
57897,7
57896,7
88363,7
3819,7
31041,7
5839,7
80920,7
75391,7
21050,7
21051,7
51328,7
21057,7
7839,7
42950,7
7848,7
7853,7
7857,7
24309,7
91974,7
24299,7
90269,7
9536,7
75425,7
75392,7
24321,7
9534,7
75387,7
55824,7
46693,7
7798,7
54849,7
24342,7
47100,7
21032,7
42938,7
43762,7
24338,7
75377,7
75378,7
91999,7
55814,7
47094,7
7877,7
75429,7
78779,7
7918,7
75492,7
75494,7
24220,7
54868,7
51757,7
78705,7
54873,7
43743,7
9499,7
24201,7
9497,7
91907,7
75524,7
54879,7
75530,7
90292,7
55794,7
24292,7
91934,7
42954,7
24286,7
51333,7
90275,7
75438,7
7884,7
54863,7
24265,7
7896,7
7899,7
24258,7
24256,7
75463,7
9516,7
7914,7
24354,7
9549,7
21351,7
75156,7
24498,7
78877,7
78873,7
55874,7
51293,7
24486,7
92092,7
78866,7
20898,7
24477,7
24476,7
75191,7
7703,7
55864,7
42910,7
55879,7
78881,7
92084,7
51287,7
20869,7
42883,7
90192,7
24533,7
51789,7
90197,7
9619,7
55886,7
7676,7
51283,7
75140,7
24511,7
92110,7
92106,7
75149,7
90210,7
78852,7
55828,7
20968,7
9558,7
75289,7
24385,7
54840,7
7764,7
46686,7
21011,7
7781,7
75320,7
75325,7
7788,7
24367,7
9550,7
75335,7
21026,7
7749,7
24398,7
55857,7
92050,7
78848,7
7720,7
7726,7
20922,7
47119,7
54827,7
20929,7
92073,7
75231,7
92071,7
7730,7
47118,7
78832,7
9564,7
90237,7
75533,7
21125,7
91899,7
90389,7
8101,7
78530,7
78529,7
21281,7
21284,7
75862,7
75865,7
9425,7
75869,7
23902,7
8118,7
55683,7
91723,7
54923,7
23887,7
75834,7
55694,7
91718,7
75818,7
75768,7
21261,7
55704,7
54911,7
23962,7
23960,7
43714,7
8081,7
43712,7
78553,7
54916,7
55697,7
78546,7
54917,7
90382,7
43065,7
55675,7
91896,7
90411,7
78482,7
8161,7
90420,7
75964,7
23811,7
91670,7
21339,7
75973,7
21343,7
23797,7
8174,7
91663,7
23788,7
75994,7
8181,7
90414,7
91684,7
21308,7
43082,7
9420,7
23866,7
8136,7
9418,7
8140,7
43705,7
78500,7
90405,7
75923,7
75925,7
43080,7
55666,7
9416,7
78487,7
91686,7
90368,7
23981,7
8059,7
91866,7
55762,7
90323,7
75605,7
21158,7
78650,7
78649,7
42979,7
75614,7
24117,7
42980,7
21165,7
75622,7
7999,7
9479,7
8000,7
75593,7
90322,7
43029,7
54889,7
78674,7
24176,7
24172,7
75559,7
91889,7
24156,7
78669,7
21138,7
47066,7
24146,7
78664,7
24141,7
78663,7
7984,7
7985,7
90333,7
24078,7
78630,7
21182,7
91815,7
24014,7
78595,7
24009,7
21231,7
75729,7
55720,7
75732,7
8037,7
78583,7
21240,7
9447,7
8044,7
91796,7
23992,7
8028,7
75713,7
54904,7
24049,7
75670,7
24057,7
8007,7
54897,7
43010,7
78618,7
46722,7
55722,7
8017,7
8021,7
91826,7
90349,7
24030,7
9460,7
24550,7
92125,7
7662,7
79168,7
51840,7
74547,7
25130,7
7356,7
7359,7
9814,7
79159,7
92417,7
25117,7
74573,7
79150,7
92413,7
47199,7
79147,7
74590,7
25135,7
74542,7
74598,7
90019,7
7327,7
20598,7
25177,7
54723,7
7336,7
25164,7
25162,7
54725,7
54726,7
25152,7
90009,7
20613,7
74527,7
56056,7
9818,7
25096,7
47198,7
24985,7
74648,7
56026,7
74653,7
25041,7
7400,7
54747,7
79106,7
74664,7
20685,7
51220,7
7413,7
42762,7
43838,7
24996,7
92355,7
24987,7
25045,7
92377,7
46638,7
25047,7
56040,7
79135,7
79134,7
25073,7
20663,7
25071,7
42739,7
79132,7
56036,7
46640,7
92391,7
74626,7
7396,7
42743,7
74641,7
90002,7
7325,7
79207,7
20503,7
7258,7
20505,7
56118,7
89958,7
74335,7
74337,7
20521,7
56113,7
79265,7
92520,7
56107,7
74364,7
79263,7
92513,7
79257,7
92538,7
56126,7
92459,7
74317,7
74288,7
20491,7
20493,7
7244,7
25361,7
92550,7
47245,7
43881,7
7254,7
25354,7
74308,7
74310,7
9881,7
74315,7
25340,7
74377,7
25293,7
25292,7
25278,7
56083,7
25226,7
20572,7
74454,7
51188,7
9847,7
9846,7
74462,7
56075,7
25211,7
92466,7
56072,7
74470,7
25206,7
20583,7
74439,7
42688,7
92482,7
51854,7
20549,7
51175,7
74399,7
51176,7
74404,7
92501,7
7290,7
51183,7
92493,7
7291,7
20555,7
79234,7
79230,7
43870,7
42767,7
74701,7
24556,7
7578,7
90146,7
74965,7
74966,7
24702,7
24697,7
24695,7
24687,7
74984,7
47158,7
24685,7
55931,7
20822,7
20825,7
92186,7
74998,7
51260,7
7576,7
78947,7
24722,7
42830,7
92219,7
55945,7
74929,7
20789,7
51255,7
20790,7
51256,7
24735,7
74941,7
24728,7
24725,7
74949,7
20799,7
90142,7
54807,7
78945,7
74705,7
24609,7
75071,7
24602,7
7652,7
75075,7
92144,7
24593,7
92141,7
92134,7
24572,7
55898,7
42873,7
47143,7
24566,7
75101,7
47139,7
78914,7
55910,7
92178,7
24623,7
7620,7
92173,7
20830,7
24660,7
75025,7
54810,7
78931,7
75033,7
75034,7
24655,7
75050,7
7638,7
47149,7
92152,7
90177,7
90140,7
24763,7
24769,7
79060,7
74773,7
51237,7
24902,7
55987,7
92309,7
54772,7
24885,7
55980,7
79050,7
90102,7
79044,7
24866,7
24865,7
24864,7
24857,7
74772,7
55993,7
7556,7
24914,7
9765,7
74712,7
51822,7
46642,7
7450,7
24956,7
92338,7
24943,7
90088,7
24935,7
74742,7
7474,7
79069,7
92323,7
79065,7
24855,7
24852,7
74822,7
7510,7
20748,7
43810,7
9702,7
7545,7
92250,7
74889,7
51802,7
78993,7
7549,7
92238,7
7552,7
24777,7
43807,7
20781,7
78987,7
74872,7
51246,7
7529,7
92280,7
9724,7
7512,7
9723,7
20725,7
24839,7
74840,7
7522,7
54783,7
55967,7
24824,7
20736,7
43817,7
43816,7
55965,7
90431,7
76003,7
20488,7
55349,7
77139,7
22744,7
77920,7
22743,7
8742,7
77916,7
9143,7
22725,7
77156,7
90699,7
91077,7
46881,7
77909,7
22710,7
21922,7
77922,7
21905,7
77906,7
77125,7
8728,7
77944,7
77943,7
77942,7
21901,7
22769,7
43559,7
91099,7
90690,7
22765,7
77116,7
55355,7
22762,7
77932,7
22753,7
22707,7
22704,7
90688,7
22665,7
91052,7
91043,7
9130,7
51560,7
22634,7
46801,7
43348,7
77869,7
21965,7
46866,7
8800,7
77862,7
43357,7
77856,7
90726,7
77217,7
22669,7
77904,7
22670,7
91070,7
77180,7
21929,7
22691,7
8770,7
22686,7
90707,7
43326,7
91066,7
77199,7
22674,7
22673,7
22672,7
21934,7
22671,7
22779,7
77086,7
8188,7
55409,7
78013,7
22933,7
22932,7
21834,7
22924,7
55405,7
76954,7
43590,7
76959,7
22901,7
55403,7
8686,7
76970,7
77998,7
76981,7
22936,7
78017,7
77992,7
21824,7
76880,7
91188,7
23009,7
76885,7
8659,7
23005,7
76893,7
76896,7
55419,7
43271,7
78032,7
21812,7
78030,7
51528,7
91166,7
22884,7
55398,7
77082,7
22828,7
77971,7
9155,7
43569,7
91124,7
77964,7
77053,7
8704,7
22810,7
22799,7
55374,7
55371,7
21877,7
9153,7
22793,7
43300,7
43570,7
77031,7
77990,7
8701,7
76997,7
22862,7
77986,7
77003,7
22859,7
43578,7
43281,7
55390,7
43285,7
8692,7
55384,7
22836,7
77025,7
77028,7
22830,7
22617,7
21983,7
22614,7
77739,7
22345,7
90783,7
77736,7
8926,7
77533,7
77534,7
77734,7
77536,7
43452,7
77540,7
51606,7
22335,7
77726,7
22317,7
90788,7
22348,7
77522,7
22108,7
55220,7
8914,7
77756,7
43437,7
55143,7
22372,7
22071,7
22072,7
77750,7
77509,7
51640,7
77747,7
77513,7
22363,7
55147,7
22358,7
22100,7
77716,7
43362,7
43475,7
8970,7
51630,7
43482,7
55163,7
22201,7
77635,7
77636,7
22190,7
90834,7
43509,7
55167,7
90821,7
90824,7
51628,7
9004,7
90853,7
55193,7
77568,7
55194,7
77572,7
22282,7
77581,7
9034,7
90872,7
90870,7
22276,7
90801,7
90868,7
90865,7
43516,7
9031,7
8951,7
22254,7
77602,7
77490,7
22068,7
77488,7
55279,7
55276,7
22015,7
22017,7
77351,7
46855,7
77355,7
8837,7
77824,7
90975,7
8840,7
90969,7
51583,7
77822,7
90740,7
22025,7
77347,7
77339,7
77762,7
90988,7
55300,7
22607,7
77849,7
55297,7
43364,7
91010,7
43536,7
43365,7
8820,7
8821,7
43371,7
55287,7
43376,7
77834,7
8826,7
90956,7
77381,7
55265,7
90744,7
90753,7
90755,7
8891,7
22435,7
90756,7
22053,7
22428,7
8896,7
8898,7
77770,7
77767,7
22065,7
90914,7
8902,7
8905,7
22448,7
55134,7
22459,7
8865,7
77391,7
55264,7
77396,7
90747,7
8864,7
22481,7
77802,7
51591,7
22478,7
90951,7
22475,7
22470,7
22469,7
22468,7
90645,7
76878,7
76877,7
90497,7
23550,7
76273,7
23546,7
76279,7
43159,7
23542,7
91504,7
43160,7
23538,7
91499,7
8366,7
90504,7
43162,7
91496,7
23527,7
23554,7
76259,7
8372,7
54969,7
23613,7
76214,7
76217,7
51429,7
76222,7
9342,7
8317,7
8323,7
21456,7
21457,7
55590,7
76248,7
76250,7
8344,7
23569,7
76304,7
23507,7
78276,7
9312,7
23451,7
76373,7
76381,7
55560,7
8439,7
9299,7
21525,7
55554,7
76398,7
91425,7
76402,7
91422,7
21530,7
51702,7
23421,7
76370,7
76368,7
54978,7
8430,7
8399,7
8406,7
51455,7
21493,7
9314,7
8416,7
23473,7
23470,7
76350,7
46749,7
76353,7
91457,7
46991,7
23457,7
54986,7
23620,7
43677,7
55602,7
78440,7
23748,7
76053,7
91622,7
76063,7
55631,7
55630,7
23727,7
23726,7
78431,7
78430,7
76073,7
23721,7
23718,7
55627,7
8229,7
43102,7
23754,7
76188,7
76037,7
91650,7
91649,7
78457,7
76013,7
91645,7
90434,7
21357,7
78451,7
43690,7
76029,7
90437,7
76031,7
47023,7
76035,7
55642,7
91611,7
76089,7
23702,7
43682,7
23660,7
43125,7
8260,7
21417,7
23651,7
46745,7
54955,7
51715,7
51714,7
90473,7
43678,7
23637,7
43139,7
23629,7
54959,7
23662,7
76144,7
23665,7
78411,7
23699,7
8238,7
91600,7
47020,7
8242,7
23691,7
21402,7
9371,7
51721,7
91590,7
91589,7
23673,7
43121,7
8250,7
23418,7
78275,7
23019,7
21700,7
8562,7
23154,7
78129,7
8571,7
43238,7
43627,7
76720,7
78119,7
23142,7
78117,7
55458,7
9214,7
21726,7
90617,7
76755,7
21703,7
9221,7
21745,7
55035,7
43222,7
23228,7
21652,7
91324,7
23220,7
76656,7
78157,7
76665,7
78152,7
78150,7
76673,7
91315,7
76677,7
91313,7
78139,7
76757,7
91264,7
76419,7
76822,7
51517,7
90632,7
76840,7
46925,7
46924,7
43606,7
8648,7
51671,7
46778,7
78052,7
23032,7
91200,7
90643,7
91195,7
21802,7
9199,7
43259,7
76764,7
23078,7
23119,7
8590,7
43248,7
76777,7
21760,7
76782,7
23100,7
91245,7
21773,7
55442,7
23092,7
76799,7
43258,7
78076,7
51511,7
76626,7
46761,7
76622,7
8473,7
76476,7
23371,7
23366,7
76482,7
76485,7
55531,7
76492,7
91381,7
76494,7
9278,7
46966,7
21582,7
76508,7
90556,7
8484,7
76472,7
76470,7
21634,7
76462,7
9293,7
90534,7
9292,7
23407,7
90538,7
91398,7
78261,7
76444,7
23401,7
76447,7
9290,7
76453,7
78252,7
51698,7
51697,7
51693,7
46964,7
76520,7
55521,7
78210,7
23293,7
76571,7
43213,7
55503,7
23279,7
76593,7
9256,7
46758,7
21624,7
43645,7
23252,7
21632,7
78186,7
21633,7
43649,7
23302,7
43650,7
91365,7
23340,7
55520,7
76528,7
76529,7
76531,7
43199,7
76539,7
90568,7
23320,7
76541,7
8492,7
9268,7
9267,7
9266,7
92557,7
79306,7
18861,7
93691,7
10339,7
56718,7
93681,7
47541,7
6070,7
72110,7
72115,7
72119,7
27364,7
80360,7
56705,7
6084,7
72132,7
6087,7
80358,7
10341,7
27410,7
46511,7
80385,7
72045,7
93704,7
72048,7
47551,7
19424,7
27444,7
19428,7
27433,7
93697,7
27426,7
27420,7
93695,7
47546,7
89430,7
27416,7
56703,7
6088,7
72040,7
50884,7
72195,7
42175,7
72199,7
6129,7
93621,7
89465,7
6141,7
72218,7
80323,7
44156,7
80319,7
72229,7
42185,7
72239,7
80311,7
51988,7
44159,7
72144,7
89457,7
72147,7
80351,7
19460,7
93650,7
44162,7
6105,7
80346,7
51990,7
27325,7
44161,7
93638,7
27319,7
80342,7
80341,7
42168,7
6038,7
27462,7
19697,7
19320,7
71862,7
80480,7
71869,7
10395,7
27603,7
93807,7
27594,7
10388,7
27588,7
5954,7
54382,7
19330,7
19331,7
47570,7
19337,7
27613,7
27618,7
10377,7
71856,7
56788,7
93842,7
71806,7
46490,7
71811,7
54374,7
19294,7
71821,7
27645,7
10409,7
71831,7
19308,7
71833,7
80495,7
19310,7
89402,7
19346,7
54396,7
42109,7
93744,7
71983,7
19387,7
71988,7
27496,7
56740,7
71994,7
27494,7
27483,7
19392,7
42115,7
93725,7
6023,7
27473,7
72023,7
71976,7
93752,7
71923,7
71969,7
27552,7
56761,7
10373,7
71937,7
5990,7
42099,7
71947,7
80439,7
19365,7
71954,7
27518,7
93756,7
80431,7
80430,7
10363,7
80310,7
42188,7
72247,7
72517,7
80159,7
72526,7
6311,7
72530,7
93468,7
56589,7
42282,7
72536,7
44129,7
72539,7
10221,7
89545,7
72563,7
72567,7
10211,7
19620,7
26974,7
26898,7
19616,7
6278,7
44136,7
19597,7
93492,7
72482,7
19599,7
93491,7
80181,7
27000,7
26992,7
80173,7
93485,7
19614,7
72511,7
93477,7
89557,7
19646,7
50892,7
26806,7
80099,7
72645,7
42299,7
51951,7
19679,7
89572,7
54466,7
19684,7
19687,7
10192,7
50930,7
26791,7
56557,7
54467,7
56555,7
56566,7
93426,7
80128,7
72629,7
50924,7
44125,7
56578,7
26876,7
47495,7
56577,7
72593,7
42294,7
93440,7
26853,7
26852,7
72609,7
80115,7
42297,7
6342,7
56605,7
72467,7
27024,7
19510,7
80281,7
27182,7
19511,7
72317,7
19514,7
27165,7
93549,7
72334,7
93547,7
80266,7
80265,7
89498,7
72346,7
80255,7
93540,7
27183,7
6189,7
27026,7
72301,7
42197,7
56663,7
72266,7
51978,7
27226,7
93583,7
80294,7
27224,7
27222,7
19504,7
27210,7
6178,7
72294,7
56656,7
19509,7
19541,7
54427,7
72367,7
93533,7
72416,7
19563,7
27062,7
72423,7
42244,7
51967,7
80206,7
19578,7
80202,7
6252,7
72449,7
6261,7
44138,7
72461,7
56610,7
27069,7
80222,7
80223,7
6231,7
6226,7
6228,7
80242,7
72376,7
80239,7
72384,7
89508,7
27086,7
93524,7
6234,7
27116,7
51969,7
42237,7
19557,7
93843,7
93844,7
93848,7
71242,7
41936,7
71253,7
41944,7
10549,7
71262,7
5650,7
80774,7
80773,7
80771,7
28145,7
56928,7
94126,7
41954,7
46466,7
56926,7
5645,7
94134,7
5661,7
56939,7
94173,7
94170,7
5611,7
28215,7
50739,7
94162,7
28213,7
71214,7
5620,7
44263,7
52043,7
18972,7
5639,7
56943,7
5642,7
94117,7
10536,7
19059,7
71328,7
28091,7
94089,7
71337,7
28083,7
28080,7
19025,7
71354,7
28065,7
28060,7
19033,7
41970,7
47640,7
71375,7
5711,7
80721,7
44246,7
94096,7
28135,7
47648,7
47649,7
71292,7
80764,7
56920,7
89264,7
28121,7
50755,7
54311,7
54313,7
28109,7
28107,7
71318,7
19013,7
94101,7
80748,7
94174,7
71189,7
18951,7
80879,7
80877,7
94239,7
10594,7
5548,7
47678,7
71054,7
28347,7
41888,7
54276,7
94229,7
94228,7
94226,7
71068,7
50720,7
71073,7
28364,7
71032,7
18949,7
57004,7
94275,7
18868,7
10615,7
94266,7
89191,7
70996,7
28408,7
5517,7
44298,7
18883,7
28381,7
80891,7
18894,7
71023,7
71026,7
71074,7
56993,7
56992,7
18910,7
56976,7
80842,7
5576,7
18929,7
71135,7
71144,7
5586,7
71153,7
89225,7
5590,7
50732,7
54288,7
94180,7
50733,7
5608,7
28277,7
94201,7
10579,7
71096,7
71083,7
28317,7
89212,7
28304,7
28300,7
71093,7
80854,7
56979,7
71101,7
56985,7
5566,7
89216,7
18927,7
71118,7
5716,7
28033,7
93851,7
27835,7
71621,7
71624,7
89335,7
44209,7
50815,7
54353,7
27820,7
93917,7
80586,7
27813,7
47598,7
71650,7
19189,7
71653,7
19193,7
46484,7
71614,7
71659,7
5842,7
44210,7
10476,7
19167,7
56838,7
89323,7
19173,7
27850,7
10469,7
50808,7
33739,7
27849,7
71605,7
71606,7
19176,7
50809,7
71658,7
42029,7
28027,7
56805,7
42037,7
10434,7
44193,7
89358,7
71742,7
93867,7
10430,7
71752,7
71755,7
71759,7
19265,7
47586,7
5890,7
52013,7
93852,7
46488,7
93878,7
50822,7
27759,7
19199,7
93896,7
80562,7
71686,7
27787,7
19208,7
93892,7
71691,7
19216,7
5872,7
27774,7
80553,7
71711,7
80550,7
50828,7
71571,7
10478,7
93950,7
80692,7
94030,7
27984,7
19078,7
41983,7
56876,7
44234,7
19089,7
5760,7
94018,7
47633,7
50780,7
46477,7
47631,7
56870,7
80672,7
56883,7
50774,7
27869,7
80695,7
71399,7
28022,7
10506,7
94055,7
28009,7
94054,7
94053,7
71416,7
71417,7
19072,7
28001,7
94040,7
27992,7
80700,7
27990,7
19102,7
27945,7
94003,7
19104,7
93975,7
93974,7
27896,7
5804,7
10488,7
56850,7
54340,7
89308,7
10487,7
71551,7
71552,7
5812,7
5815,7
89313,7
80628,7
56854,7
19126,7
27901,7
50788,7
27937,7
27930,7
47626,7
71498,7
56864,7
27915,7
19118,7
71525,7
80653,7
56857,7
93984,7
80650,7
50790,7
44228,7
26787,7
42313,7
74278,7
56257,7
89813,7
73743,7
56253,7
6943,7
6944,7
79567,7
6951,7
54622,7
79564,7
46588,7
6958,7
51897,7
6963,7
79554,7
20272,7
25838,7
73724,7
73780,7
6930,7
92860,7
92859,7
89794,7
73685,7
25868,7
6922,7
6923,7
51902,7
6924,7
20230,7
20232,7
92852,7
73711,7
25852,7
73714,7
56248,7
51896,7
92861,7
6989,7
42559,7
6993,7
25717,7
6996,7
73856,7
79513,7
73859,7
89843,7
73863,7
9967,7
79507,7
56216,7
92775,7
79502,7
20322,7
42555,7
79531,7
79551,7
6986,7
73787,7
25793,7
25786,7
92809,7
92807,7
56241,7
42550,7
6978,7
25772,7
20281,7
20286,7
73814,7
42554,7
73818,7
89831,7
43951,7
10016,7
93398,7
6856,7
25979,7
43959,7
92925,7
56296,7
73563,7
47349,7
73567,7
6866,7
73572,7
56295,7
20160,7
42501,7
10044,7
51070,7
73582,7
73549,7
79658,7
89768,7
25983,7
20126,7
51914,7
73507,7
89752,7
20133,7
79668,7
73523,7
92944,7
26000,7
56307,7
46572,7
73532,7
6841,7
89758,7
92934,7
73583,7
73585,7
73672,7
51076,7
20194,7
42523,7
25908,7
56271,7
92873,7
10029,7
10021,7
51079,7
73663,7
20199,7
89791,7
25888,7
92864,7
73670,7
25882,7
20192,7
6888,7
6871,7
79624,7
89770,7
10042,7
89773,7
20176,7
92902,7
20177,7
25935,7
73610,7
56281,7
6884,7
47345,7
20187,7
73624,7
92891,7
47341,7
7004,7
7006,7
47314,7
7143,7
25482,7
92641,7
74132,7
79382,7
74141,7
7154,7
25461,7
25457,7
43894,7
74159,7
42630,7
7160,7
92630,7
54674,7
7163,7
7145,7
74122,7
89914,7
92651,7
25515,7
25511,7
74094,7
25510,7
25508,7
51872,7
56168,7
54668,7
42614,7
47277,7
20415,7
43895,7
25500,7
79389,7
51135,7
20430,7
79363,7
7010,7
92585,7
20469,7
25399,7
74238,7
79328,7
79322,7
74250,7
79321,7
25388,7
74259,7
51158,7
9890,7
20480,7
79313,7
9888,7
25375,7
79331,7
79335,7
79360,7
7214,7
92617,7
56152,7
74189,7
7179,7
7187,7
74201,7
79351,7
54678,7
20456,7
74214,7
47260,7
25418,7
25417,7
25413,7
25408,7
7128,7
7120,7
54660,7
73938,7
7048,7
73949,7
7049,7
43908,7
20365,7
79463,7
25633,7
73963,7
73964,7
92723,7
79461,7
89870,7
42585,7
25619,7
42587,7
73940,7
20352,7
25522,7
25657,7
25696,7
92762,7
7013,7
56214,7
73890,7
7023,7
25666,7
73909,7
20331,7
73913,7
79481,7
73920,7
43914,7
20346,7
73927,7
7066,7
92715,7
51888,7
25603,7
47299,7
25553,7
43902,7
43901,7
25541,7
25536,7
7107,7
74061,7
92673,7
74063,7
46610,7
20405,7
74071,7
54659,7
7114,7
74032,7
42604,7
92687,7
7081,7
73984,7
92711,7
25589,7
73997,7
7073,7
89879,7
43903,7
92691,7
92702,7
79440,7
79439,7
54656,7
42595,7
9934,7
56314,7
42487,7
26030,7
42378,7
93234,7
26523,7
72957,7
72960,7
26515,7
79956,7
79953,7
79948,7
42386,7
26496,7
19844,7
79944,7
42389,7
6568,7
79942,7
19827,7
26533,7
26485,7
93238,7
93260,7
19801,7
93257,7
56490,7
93252,7
6549,7
72917,7
54500,7
19814,7
93247,7
56486,7
89617,7
6559,7
56480,7
47423,7
89633,7
19855,7
56432,7
44059,7
6598,7
42409,7
10121,7
26431,7
6604,7
73064,7
44052,7
89654,7
19920,7
73070,7
6607,7
93178,7
89655,7
93172,7
6614,7
19901,7
54514,7
93216,7
51938,7
72999,7
10136,7
93214,7
6574,7
73020,7
19874,7
89644,7
73025,7
73027,7
6593,7
73031,7
54512,7
89645,7
73035,7
93191,7
26582,7
42363,7
50980,7
80055,7
72753,7
26719,7
50952,7
56528,7
42343,7
6420,7
26696,7
56520,7
93342,7
89593,7
72787,7
26681,7
26679,7
26676,7
80035,7
93365,7
72741,7
79989,7
72737,7
6370,7
72690,7
42319,7
93396,7
89579,7
6374,7
26757,7
72710,7
19715,7
80065,7
72718,7
47475,7
89583,7
72730,7
6386,7
6434,7
80031,7
26671,7
10173,7
80009,7
47446,7
26625,7
93294,7
89605,7
26623,7
42357,7
72873,7
89609,7
26608,7
26606,7
19795,7
89611,7
54496,7
79991,7
6484,7
93308,7
47448,7
72818,7
56514,7
80028,7
47452,7
93331,7
6446,7
72812,7
72820,7
80017,7
72822,7
6454,7
42349,7
42350,7
42352,7
50965,7
56436,7
73096,7
26032,7
26168,7
26164,7
79745,7
73360,7
43996,7
89725,7
73368,7
20067,7
43993,7
26150,7
6773,7
73376,7
26147,7
89728,7
51045,7
54583,7
79750,7
73346,7
73392,7
56368,7
93058,7
26211,7
73302,7
54564,7
89708,7
89712,7
20036,7
10071,7
73319,7
26191,7
56375,7
44004,7
42453,7
26182,7
44002,7
93012,7
6777,7
6622,7
56329,7
46569,7
26083,7
42486,7
6798,7
20110,7
26070,7
92981,7
92976,7
92975,7
73468,7
89747,7
6817,7
56320,7
26037,7
56318,7
73447,7
73439,7
79724,7
26097,7
26134,7
56353,7
51048,7
56348,7
56347,7
73408,7
26118,7
89732,7
42475,7
26114,7
6783,7
26109,7
73420,7
26107,7
10056,7
89698,7
6725,7
20010,7
93131,7
26341,7
19949,7
6659,7
6660,7
89669,7
26334,7
42429,7
19960,7
73181,7
54543,7
79837,7
42430,7
10102,7
79832,7
93112,7
42425,7
26346,7
26223,7
51006,7
26393,7
19927,7
47412,7
73108,7
42418,7
19935,7
79867,7
6636,7
6639,7
26362,7
89667,7
56422,7
79856,7
6649,7
6650,7
44025,7
51928,7
73195,7
93107,7
79813,7
73247,7
26257,7
46564,7
73257,7
79799,7
89690,7
19993,7
19997,7
26243,7
42441,7
47391,7
79793,7
93070,7
73280,7
26267,7
73238,7
93079,7
73216,7
26302,7
47399,7
79827,7
73209,7
10098,7
79822,7
73217,7
19976,7
6693,7
89681,7
93090,7
47397,7
93087,7
93083,7
53544,7
77665,7
83616,7
12345,7
45447,7
61470,7
84266,7
49749,7
85586,7
61475,7
84269,7
2028,7
64155,7
45889,7
86709,7
12343,7
64149,7
45446,7
64148,7
86712,7
12344,7
37624,7
64143,7
87401,7
84260,7
64171,7
61436,7
49025,7
2055,7
35011,7
37675,7
61429,7
61432,7
99299,7
13088,7
654,7
2046,7
45450,7
64181,7
99286,7
64179,7
14133,7
37647,7
86704,7
13077,7
64140,7
53397,7
52774,7
97924,7
99263,7
37599,7
37592,7
13057,7
688,7
84301,7
35094,7
37584,7
37581,7
64107,7
99257,7
14172,7
53076,7
37578,7
58878,7
85552,7
35099,7
59585,7
64093,7
85566,7
64120,7
64121,7
13067,7
84282,7
64134,7
45172,7
37615,7
84284,7
39497,7
85574,7
12346,7
61501,7
15415,7
15419,7
59595,7
37612,7
86718,7
684,7
61507,7
37607,7
61511,7
49375,7
84243,7
58847,7
64200,7
15476,7
58832,7
53049,7
614,7
34929,7
58833,7
86678,7
37760,7
61348,7
40175,7
616,7
15473,7
34945,7
14090,7
84212,7
34949,7
61355,7
37754,7
2076,7
61334,7
64280,7
64282,7
53422,7
87449,7
14080,7
59640,7
2101,7
37796,7
49356,7
15494,7
37790,7
34910,7
37771,7
607,7
97841,7
14081,7
37777,7
12294,7
15485,7
84201,7
34923,7
52573,7
99325,7
61364,7
52580,7
61401,7
638,7
61405,7
34985,7
37699,7
15456,7
86698,7
64214,7
37693,7
15459,7
84236,7
14119,7
64210,7
97884,7
64204,7
37684,7
12327,7
645,7
64222,7
64227,7
53051,7
64241,7
59627,7
37738,7
12315,7
14101,7
627,7
48618,7
37728,7
34969,7
64240,7
45897,7
2070,7
15461,7
13101,7
37715,7
13100,7
64234,7
61393,7
45455,7
99236,7
12369,7
45940,7
61758,7
61731,7
14263,7
85456,7
783,7
99138,7
61743,7
85455,7
98031,7
35257,7
35260,7
84389,7
85453,7
61751,7
1894,7
39571,7
87332,7
84392,7
37363,7
61756,7
59536,7
84382,7
63933,7
37407,7
37420,7
37417,7
85472,7
1945,7
84370,7
58918,7
37410,7
1925,7
39543,7
37386,7
99155,7
37392,7
99153,7
39544,7
15303,7
1914,7
61716,7
61721,7
48962,7
49716,7
64087,7
61759,7
86777,7
35296,7
35297,7
61793,7
12431,7
59517,7
40059,7
85428,7
12977,7
61806,7
48656,7
84413,7
85423,7
1861,7
99107,7
35306,7
99106,7
35308,7
53105,7
40064,7
1883,7
49429,7
791,7
85451,7
61762,7
61763,7
61766,7
84394,7
61767,7
40070,7
1888,7
40069,7
61783,7
35281,7
40068,7
35284,7
63883,7
61779,7
12421,7
85443,7
52603,7
15319,7
61682,7
99174,7
99175,7
37515,7
37512,7
99207,7
97963,7
12377,7
37510,7
86746,7
58893,7
48987,7
1973,7
40119,7
97970,7
1971,7
86750,7
39519,7
37494,7
97973,7
64031,7
87357,7
59565,7
14203,7
727,7
15393,7
87369,7
61560,7
35107,7
45677,7
64072,7
39511,7
40125,7
85532,7
37538,7
99211,7
37536,7
40123,7
37534,7
85527,7
1983,7
86739,7
14201,7
87363,7
35152,7
99199,7
97976,7
755,7
15348,7
85490,7
61658,7
14229,7
12388,7
37440,7
14231,7
48637,7
15330,7
1964,7
49727,7
61672,7
61673,7
63975,7
63974,7
49725,7
15329,7
35195,7
61652,7
49731,7
99198,7
35165,7
86751,7
13022,7
35155,7
49734,7
37482,7
40114,7
61629,7
35164,7
14220,7
35172,7
64009,7
37474,7
61635,7
37473,7
39522,7
35171,7
84349,7
45688,7
37798,7
37803,7
61297,7
86587,7
38165,7
15689,7
52819,7
99550,7
60918,7
49304,7
34547,7
13893,7
34551,7
38150,7
34554,7
60928,7
15669,7
34559,7
15668,7
15667,7
34563,7
38137,7
59737,7
64655,7
48561,7
97675,7
86573,7
60885,7
13879,7
13881,7
87542,7
99564,7
416,7
419,7
12202,7
99560,7
12203,7
53450,7
60902,7
45644,7
38172,7
64661,7
85850,7
34523,7
99554,7
97687,7
13191,7
39437,7
13906,7
49801,7
12205,7
2240,7
38114,7
64592,7
34601,7
52813,7
64582,7
13931,7
2239,7
84058,7
39369,7
34614,7
86599,7
64566,7
40233,7
38089,7
470,7
61004,7
60974,7
60973,7
60972,7
60959,7
84040,7
87536,7
2249,7
34574,7
84044,7
449,7
38121,7
85823,7
49803,7
38115,7
34592,7
13910,7
34593,7
34594,7
85820,7
64599,7
39355,7
84050,7
86568,7
45496,7
85864,7
13876,7
34417,7
38292,7
99625,7
64769,7
45936,7
39299,7
58720,7
49285,7
39303,7
60784,7
34442,7
13251,7
13839,7
45505,7
15754,7
85907,7
34453,7
15751,7
85905,7
60768,7
59788,7
60759,7
38324,7
34368,7
2338,7
34369,7
99646,7
38335,7
99644,7
83951,7
99641,7
350,7
86527,7
97602,7
34384,7
15768,7
2329,7
38307,7
85926,7
34396,7
49283,7
83978,7
60806,7
86545,7
58738,7
38210,7
13230,7
34501,7
2276,7
99580,7
64690,7
13872,7
64687,7
64685,7
60855,7
34508,7
86564,7
60875,7
15701,7
84008,7
34511,7
84010,7
60878,7
97651,7
99584,7
97632,7
49107,7
60817,7
53465,7
97635,7
40263,7
384,7
49816,7
99596,7
2289,7
60832,7
59761,7
34486,7
2284,7
64713,7
388,7
394,7
2283,7
38221,7
64705,7
38087,7
2232,7
61008,7
52798,7
64385,7
97796,7
40198,7
39418,7
565,7
99391,7
61211,7
61212,7
99389,7
34818,7
34825,7
99388,7
64374,7
61221,7
34827,7
99385,7
37884,7
59662,7
58806,7
34816,7
49775,7
99394,7
87478,7
59681,7
15544,7
37931,7
34795,7
14016,7
84143,7
52797,7
85709,7
34798,7
49778,7
64401,7
61190,7
64398,7
59671,7
87474,7
2157,7
14031,7
39415,7
85688,7
64366,7
15518,7
85667,7
37834,7
64334,7
64333,7
99367,7
39428,7
37828,7
53043,7
13118,7
592,7
85672,7
48605,7
61287,7
594,7
45142,7
2106,7
34879,7
64319,7
61292,7
64338,7
59654,7
572,7
37873,7
2135,7
84165,7
84166,7
49352,7
34832,7
40191,7
85685,7
61242,7
37867,7
14054,7
574,7
99377,7
37858,7
39423,7
87460,7
37847,7
48600,7
14048,7
39403,7
49063,7
99496,7
61153,7
61057,7
15599,7
64525,7
13964,7
34670,7
34672,7
38041,7
99459,7
34679,7
48581,7
86621,7
97729,7
52557,7
58776,7
34693,7
2218,7
53023,7
519,7
52559,7
61052,7
58770,7
39372,7
487,7
2226,7
61014,7
13186,7
480,7
13181,7
38076,7
485,7
64549,7
13180,7
49795,7
99486,7
58764,7
38071,7
38067,7
64544,7
38060,7
38055,7
509,7
64489,7
38023,7
525,7
13997,7
59695,7
34766,7
48589,7
61130,7
85737,7
37974,7
61135,7
13995,7
2186,7
86632,7
13999,7
34781,7
85729,7
64425,7
58793,7
85727,7
64422,7
53033,7
34765,7
40211,7
64487,7
34729,7
15576,7
97742,7
84111,7
34724,7
13984,7
87497,7
38012,7
34727,7
86628,7
13155,7
38002,7
15564,7
61111,7
86630,7
85746,7
34749,7
61118,7
99436,7
48946,7
99096,7
14294,7
86982,7
35899,7
59313,7
87132,7
35908,7
1206,7
63229,7
36591,7
1207,7
36586,7
59310,7
62571,7
48847,7
98386,7
85048,7
14983,7
63219,7
86978,7
52703,7
85043,7
85059,7
1539,7
98377,7
35892,7
12618,7
62511,7
62512,7
62514,7
62522,7
86966,7
35890,7
1547,7
49636,7
98737,7
62528,7
98750,7
36635,7
85066,7
98744,7
48853,7
1191,7
36628,7
53289,7
12624,7
12853,7
1527,7
35964,7
52666,7
85027,7
63178,7
35971,7
14694,7
36515,7
63174,7
48753,7
59292,7
53216,7
63166,7
14713,7
62640,7
35992,7
63162,7
48755,7
36490,7
84777,7
39779,7
62621,7
62620,7
62601,7
14683,7
1224,7
35937,7
52664,7
36557,7
84754,7
98710,7
63198,7
62602,7
35957,7
84760,7
59128,7
53210,7
62608,7
59299,7
98405,7
62614,7
1245,7
39932,7
15002,7
1553,7
63271,7
52656,7
1629,7
63364,7
36788,7
1628,7
36778,7
59364,7
63350,7
62398,7
53183,7
36771,7
59362,7
35807,7
87156,7
86932,7
15043,7
1118,7
15040,7
15039,7
63367,7
59372,7
1630,7
35772,7
35763,7
59375,7
63393,7
87170,7
86920,7
63388,7
84664,7
98831,7
62370,7
1102,7
12847,7
14552,7
62376,7
63377,7
63375,7
98295,7
98820,7
63371,7
35818,7
62422,7
87155,7
49516,7
1138,7
98789,7
14596,7
84709,7
14597,7
62464,7
39737,7
98784,7
59339,7
48730,7
12816,7
14612,7
62488,7
63278,7
59333,7
36670,7
15005,7
39747,7
63298,7
36704,7
36744,7
12602,7
53311,7
85125,7
53310,7
36733,7
1127,7
36726,7
35830,7
15024,7
45241,7
98340,7
35838,7
39944,7
62441,7
14576,7
14580,7
59347,7
12834,7
1576,7
45309,7
36003,7
59144,7
52679,7
98488,7
98489,7
36160,7
1337,7
14814,7
62824,7
53244,7
36166,7
98593,7
98491,7
62827,7
1338,7
14893,7
62986,7
49578,7
98495,7
36313,7
36175,7
98588,7
39824,7
62809,7
49576,7
36145,7
63025,7
36133,7
36370,7
14793,7
14796,7
14802,7
49572,7
59246,7
53265,7
62807,7
84837,7
98600,7
36148,7
12729,7
59243,7
36345,7
62802,7
36343,7
36310,7
12715,7
1423,7
14864,7
14836,7
98559,7
84888,7
36260,7
87054,7
14865,7
36239,7
62901,7
49594,7
36271,7
62910,7
12695,7
1403,7
84879,7
84876,7
1397,7
98544,7
53258,7
62885,7
14872,7
62851,7
14875,7
62852,7
62855,7
12706,7
84906,7
39862,7
59191,7
36185,7
84900,7
62956,7
48796,7
45287,7
98520,7
87064,7
98568,7
59197,7
49596,7
62945,7
1366,7
14785,7
63029,7
12773,7
36120,7
98443,7
98445,7
12762,7
48826,7
59164,7
98664,7
62691,7
53276,7
36062,7
84982,7
1465,7
12755,7
98454,7
59268,7
87013,7
36069,7
98458,7
36072,7
62703,7
1268,7
59161,7
63110,7
36465,7
84781,7
98421,7
63143,7
62652,7
36009,7
53223,7
98427,7
63137,7
1485,7
63111,7
59279,7
45306,7
48759,7
12646,7
39891,7
84992,7
63117,7
63115,7
63079,7
49562,7
98460,7
62756,7
84960,7
36097,7
84958,7
39800,7
1299,7
39803,7
12741,7
48802,7
36106,7
36093,7
45795,7
36381,7
14784,7
59250,7
84943,7
36374,7
39815,7
36116,7
39880,7
36398,7
62706,7
98465,7
1285,7
87095,7
87014,7
63073,7
1288,7
12746,7
1290,7
36081,7
63065,7
63052,7
36084,7
36086,7
36087,7
36089,7
14762,7
84963,7
53235,7
63053,7
87171,7
14527,7
15256,7
52742,7
1775,7
63691,7
84504,7
12934,7
99001,7
37149,7
84505,7
62000,7
62003,7
37142,7
86824,7
928,7
98998,7
37138,7
62014,7
37128,7
37124,7
14370,7
62023,7
14352,7
99007,7
14349,7
1778,7
87273,7
39623,7
12946,7
12487,7
1780,7
48667,7
99020,7
45204,7
63711,7
84502,7
63710,7
45392,7
98143,7
59000,7
37163,7
40027,7
37161,7
53348,7
45206,7
62026,7
12855,7
49465,7
1751,7
98969,7
35492,7
63647,7
39641,7
98965,7
49473,7
63640,7
59443,7
98959,7
14392,7
15165,7
98170,7
964,7
98954,7
35510,7
98952,7
98173,7
968,7
14389,7
98971,7
62067,7
62051,7
63678,7
85311,7
86833,7
62041,7
84511,7
84513,7
35483,7
35486,7
98154,7
12918,7
39640,7
1761,7
87259,7
48919,7
59450,7
63658,7
63657,7
85300,7
61962,7
37175,7
59474,7
907,7
58970,7
12968,7
85396,7
85394,7
35363,7
99077,7
86795,7
63805,7
48662,7
58975,7
855,7
99067,7
35375,7
35376,7
63792,7
99060,7
85382,7
58977,7
12454,7
45853,7
1833,7
12446,7
61846,7
15250,7
15248,7
35324,7
48945,7
37314,7
84436,7
37307,7
37301,7
99090,7
85398,7
61850,7
14301,7
39601,7
48939,7
61855,7
833,7
52615,7
85400,7
1818,7
14314,7
84455,7
99034,7
52619,7
63756,7
889,7
40034,7
98122,7
58992,7
98123,7
86815,7
15205,7
37216,7
902,7
63739,7
84485,7
1782,7
99023,7
84486,7
63729,7
37180,7
53355,7
45398,7
58979,7
876,7
63783,7
37242,7
52748,7
865,7
59492,7
84460,7
61904,7
15228,7
15225,7
53357,7
84464,7
59486,7
58983,7
37219,7
883,7
885,7
53118,7
61922,7
35512,7
45379,7
35516,7
53163,7
62256,7
36910,7
53333,7
36906,7
84611,7
59052,7
35654,7
35659,7
63469,7
39697,7
1061,7
63467,7
62275,7
87195,7
1063,7
36890,7
1663,7
98862,7
49674,7
62255,7
63482,7
62254,7
98240,7
84597,7
45727,7
63502,7
62230,7
62232,7
36929,7
36928,7
98239,7
59402,7
35647,7
85216,7
63492,7
59043,7
39985,7
85211,7
63486,7
59048,7
49493,7
86894,7
35682,7
52646,7
62343,7
63422,7
1074,7
98275,7
98847,7
12856,7
62333,7
36835,7
62342,7
62344,7
1641,7
63411,7
36828,7
49660,7
62349,7
87176,7
86908,7
87175,7
98287,7
59382,7
62322,7
45356,7
84635,7
63450,7
36873,7
53327,7
59387,7
62304,7
14505,7
48683,7
36863,7
62310,7
1070,7
84637,7
36861,7
62312,7
84638,7
59384,7
15079,7
36859,7
39704,7
85222,7
15104,7
15163,7
84593,7
37024,7
39660,7
49478,7
98189,7
14425,7
59021,7
84551,7
35549,7
62136,7
63590,7
14426,7
98194,7
35555,7
49480,7
63584,7
53152,7
87230,7
85263,7
39662,7
63599,7
98938,7
98939,7
63615,7
52738,7
1745,7
14402,7
62101,7
37040,7
37036,7
14404,7
45838,7
53149,7
86849,7
63613,7
14414,7
972,7
973,7
98180,7
87242,7
87241,7
98941,7
37002,7
98195,7
98197,7
1686,7
63538,7
14439,7
84576,7
12899,7
1687,7
85243,7
36952,7
63531,7
63525,7
98212,7
62203,7
14445,7
14447,7
14450,7
62214,7
1031,7
62224,7
1680,7
98215,7
62185,7
62151,7
1003,7
36997,7
98926,7
36991,7
39673,7
84561,7
59025,7
12904,7
62163,7
12540,7
98915,7
45834,7
62173,7
86863,7
35584,7
49681,7
98208,7
98210,7
36968,7
64815,7
48791,7
38715,7
60577,7
83700,7
13314,7
13510,7
64940,7
60581,7
80,7
13734,7
83882,7
83702,7
65298,7
34189,7
13511,7
60160,7
2426,7
16016,7
13724,7
59843,7
39250,7
39249,7
49896,7
38949,7
48481,7
97527,7
38476,7
12132,7
64927,7
2411,7
12036,7
38955,7
38469,7
15839,7
16026,7
86245,7
34245,7
16024,7
15842,7
83888,7
60140,7
65307,7
86007,7
13502,7
45527,7
49187,7
40403,7
13718,7
60564,7
86033,7
39241,7
13518,7
38905,7
40399,7
13524,7
49224,7
45961,7
49134,7
104,7
60526,7
33908,7
13526,7
53526,7
34195,7
45541,7
13321,7
16000,7
2576,7
15997,7
86462,7
86465,7
65291,7
45066,7
86232,7
65289,7
87695,7
60558,7
281,7
33880,7
99708,7
15868,7
38922,7
2432,7
13607,7
59852,7
13711,7
13707,7
84,7
12055,7
38921,7
86,7
13517,7
34253,7
86476,7
13499,7
60080,7
34310,7
59983,7
15817,7
99963,7
58679,7
49205,7
65354,7
99665,7
45954,7
87594,7
33833,7
33836,7
15829,7
64884,7
87716,7
64885,7
52847,7
40413,7
65348,7
34312,7
97565,7
48479,7
40414,7
49837,7
39052,7
40283,7
60063,7
48468,7
59985,7
83919,7
39045,7
38388,7
12028,7
83668,7
37,7
97295,7
60672,7
97296,7
83917,7
39,7
60074,7
86333,7
83906,7
45621,7
86350,7
40299,7
58671,7
39261,7
60115,7
320,7
49120,7
60616,7
45021,7
64912,7
86343,7
33858,7
38448,7
2400,7
38972,7
65318,7
64916,7
64917,7
13420,7
97538,7
59970,7
33852,7
49269,7
33844,7
38439,7
87715,7
12137,7
97308,7
45519,7
65339,7
97309,7
60099,7
97554,7
86264,7
49270,7
60632,7
60631,7
34282,7
38434,7
87603,7
59978,7
59821,7
99952,7
83898,7
65262,7
39235,7
65376,7
13647,7
154,7
220,7
38681,7
58621,7
12100,7
38769,7
60314,7
49870,7
65089,7
45047,7
64996,7
38691,7
86156,7
34003,7
99832,7
58583,7
52931,7
97437,7
86149,7
13636,7
86426,7
83813,7
97385,7
86427,7
13567,7
86089,7
38793,7
49864,7
83816,7
86166,7
65195,7
142,7
83815,7
34097,7
58580,7
2548,7
38786,7
13375,7
48515,7
97454,7
33994,7
97453,7
15913,7
65176,7
34007,7
83768,7
60347,7
83778,7
52861,7
52506,7
86413,7
97419,7
13614,7
86118,7
60353,7
34028,7
86121,7
52862,7
38728,7
38730,7
99796,7
83784,7
87653,7
13358,7
15931,7
34037,7
86410,7
86136,7
52503,7
15924,7
15950,7
38756,7
39204,7
52863,7
58613,7
97427,7
65108,7
2530,7
87661,7
59896,7
13367,7
65161,7
2506,7
58610,7
65113,7
65115,7
86409,7
34016,7
38707,7
86389,7
34122,7
38798,7
40383,7
38595,7
13537,7
15982,7
87635,7
83735,7
38596,7
59933,7
40382,7
99737,7
45051,7
86203,7
97484,7
38608,7
87681,7
83737,7
60478,7
86064,7
86376,7
86065,7
99735,7
39177,7
86197,7
65248,7
34185,7
15995,7
38569,7
60205,7
45027,7
13529,7
111,7
83728,7
97495,7
13530,7
59941,7
52872,7
60214,7
12110,7
60215,7
99875,7
59938,7
38580,7
58567,7
52870,7
39227,7
33985,7
15907,7
83823,7
83749,7
12074,7
65220,7
13661,7
97374,7
83819,7
86181,7
38806,7
134,7
87672,7
2556,7
39219,7
49148,7
60278,7
49149,7
59911,7
45600,7
232,7
13668,7
34137,7
53502,7
40327,7
45031,7
65024,7
38835,7
2467,7
48528,7
244,7
83745,7
52868,7
52867,7
58638,7
49135,7
15975,7
60465,7
38825,7
39223,7
65034,7
38822,7
65036,7
59874,7
99971,7
60359,7
33782,7
12022,7
60700,7
45017,7
60698,7
13294,7
85965,7
12019,7
13468,7
58702,7
86505,7
60676,7
85961,7
30,7
39066,7
97585,7
83923,7
13440,7
39089,7
10,7
97265,7
33748,7
39075,7
59801,7
52884,7
53472,7
13460,7
59997,7
34358,7
86297,7
40277,7
83933,7
49277,7
13450,7
86494,7
13812,7
83641,7
13787,7
13446,7
33803,7
49909,7
60690,7
13472,7
83651,7
38380,7
16087,7
2353,7
83646,7
64839,7
2350,7
38374,7
97575,7
97279,7
87574,7
52528,7
33797,7
39084,7
16078,7
60701,7
64824,7
34333,7
33757,7
60697,7
40422,7
48450,7
48543,7
15810,7
86305,7
64847,7
24,7
97269,7
97589,7
39104,7
49923,7
13799,7
15808,7
33,7
39113,7
58535,7
87725,7
91093,6
50761,6
26568,6
21908,6
47427,6
72924,6
62853,6
26529,6
59925,6
54502,6
10146,6
90851,6
6552,6
50759,6
93243,6
62154,6
26547,6
19823,6
56917,6
85260,6
89621,6
72931,6
77136,6
72945,6
77923,6
19824,6
28093,6
22146,6
36407,6
54498,6
59926,6
50973,6
6519,6
72888,6
62169,6
54495,6
91085,6
72882,6
72881,6
28081,6
10525,6
36976,6
59418,6
38824,6
91083,6
36974,6
1344,6
10164,6
19023,6
62176,6
72867,6
13541,6
26620,6
36970,6
77147,6
93269,6
48904,6
79990,6
26571,6
44068,6
59222,6
72910,6
85254,6
21910,6
22224,6
13548,6
72950,6
36985,6
42364,6
53248,6
19800,6
36982,6
8744,6
89613,6
93263,6
72896,6
36979,6
71340,6
98923,6
9145,6
22147,6
42379,6
19011,6
26439,6
51656,6
56445,6
62102,6
47416,6
28111,6
51937,6
85281,6
87049,6
45378,6
12705,6
21895,6
62109,6
21900,6
39656,6
62111,6
73030,6
77945,6
59433,6
22776,6
135,6
52887,6
45715,6
6590,6
38805,6
19875,6
77949,6
49229,6
26437,6
51539,6
89658,6
28118,6
19005,6
962,6
56439,6
79883,6
91116,6
79885,6
44049,6
77077,6
71308,6
49475,6
77080,6
8710,6
26418,6
77083,6
8713,6
19915,6
73061,6
22783,6
19914,6
60282,6
54309,6
55361,6
62864,6
22216,6
10131,6
77130,6
1347,6
37016,6
26501,6
39661,6
79949,6
42382,6
13556,6
50988,6
45562,6
60260,6
39187,6
54505,6
26511,6
72965,6
19868,6
10524,6
37009,6
51654,6
79960,6
26521,6
125,6
19828,6
45376,6
77126,6
60257,6
89266,6
6564,6
55354,6
59918,6
14422,6
60264,6
93202,6
59914,6
79923,6
93206,6
50757,6
93207,6
84904,6
6572,6
47419,6
56456,6
98578,6
73002,6
62120,6
56458,6
132,6
8963,6
79932,6
49228,6
99857,6
77112,6
46548,6
54506,6
60266,6
86182,6
62129,6
86864,6
28070,6
47445,6
99874,6
72717,6
98880,6
59937,6
89581,6
72714,6
56540,6
53164,6
1047,6
80070,6
55332,6
56542,6
72705,6
26760,6
21915,6
77200,6
44102,6
72700,6
43545,6
44104,6
36913,6
28036,6
77202,6
72697,6
19060,6
19706,6
56547,6
94063,6
94065,6
77895,6
93387,6
26725,6
56531,6
93363,6
19733,6
6413,6
98889,6
26731,6
28041,6
85220,6
6400,6
86312,6
48896,6
77193,6
1040,6
62238,6
55333,6
50942,6
62239,6
72729,6
26746,6
19724,6
14473,6
72723,6
50940,6
46540,6
77204,6
80078,6
55115,6
59943,6
42301,6
39163,6
93418,6
51611,6
12868,6
72653,6
28018,6
44113,6
9132,6
10198,6
72647,6
62279,6
91049,6
55328,6
93424,6
26802,6
46872,6
62283,6
55117,6
26810,6
62285,6
43465,6
19666,6
19664,6
43340,6
56897,6
93412,6
72687,6
62269,6
94062,6
89283,6
71397,6
26777,6
1053,6
22136,6
89576,6
54469,6
77210,6
77695,6
22133,6
28026,6
89575,6
56556,6
72672,6
85206,6
98870,6
26790,6
98869,6
99877,6
85204,6
60030,6
14485,6
72664,6
62268,6
117,6
13400,6
39087,6
22712,6
56911,6
6462,6
71358,6
50964,6
89600,6
26646,6
86868,6
56909,6
77171,6
19774,6
72828,6
6455,6
72825,6
36955,6
62841,6
50766,6
93322,6
48901,6
54318,6
54488,6
72816,6
9022,6
6449,6
44077,6
59226,6
47449,6
77165,6
62199,6
49485,6
45781,6
22724,6
93293,6
86195,6
45374,6
1008,6
6487,6
89271,6
93298,6
44071,6
62184,6
50968,6
26635,6
39833,6
93303,6
89603,6
72847,6
46555,6
98914,6
56507,6
5694,6
91079,6
6469,6
22227,6
22715,6
39684,6
43476,6
89586,6
26689,6
59406,6
14456,6
55111,6
93346,6
26703,6
89592,6
53161,6
39088,6
62223,6
59227,6
10186,6
26716,6
80047,6
5715,6
99869,6
98895,6
21928,6
38852,6
38854,6
80048,6
1032,6
38857,6
19735,6
99871,6
60026,6
72777,6
19748,6
1024,6
26687,6
59932,6
72808,6
19759,6
22703,6
50961,6
62204,6
43321,6
54319,6
19753,6
39687,6
52727,6
19039,6
56515,6
90805,6
85232,6
50958,6
36943,6
93340,6
26680,6
28048,6
36940,6
26686,6
6433,6
72784,6
56517,6
91117,6
38794,6
56437,6
56342,6
60343,6
51049,6
37203,6
39620,6
53122,6
13363,6
51918,6
36235,6
44259,6
79720,6
37195,6
91154,6
26128,6
14342,6
56343,6
78008,6
56344,6
99035,6
98553,6
85354,6
46797,6
892,6
49459,6
9019,6
14334,6
22908,6
61931,6
59485,6
89734,6
37211,6
46815,6
20109,6
43277,6
38752,6
12950,6
79701,6
22923,6
51532,6
89739,6
62909,6
42485,6
79705,6
26095,6
76951,6
73437,6
26098,6
26099,6
47656,6
26101,6
10055,6
37213,6
89244,6
56336,6
91155,6
92999,6
89730,6
49199,6
85351,6
14339,6
6771,6
79744,6
6769,6
26160,6
43584,6
73353,6
78000,6
61963,6
76973,6
37173,6
93032,6
71251,6
77647,6
41941,6
22892,6
91145,6
47383,6
42463,6
73343,6
54571,6
91142,6
14839,6
73340,6
73339,6
89720,6
86143,6
86140,6
14336,6
54576,6
56938,6
56355,6
56357,6
26143,6
89727,6
20070,6
90667,6
37186,6
9174,6
26148,6
61952,6
49586,6
26149,6
47654,6
43585,6
73371,6
22904,6
179,6
37184,6
59475,6
1370,6
22900,6
20065,6
26156,6
56359,6
46796,6
37218,6
28188,6
84878,6
6848,6
28211,6
92939,6
80803,6
61883,6
860,6
85384,6
55176,6
20141,6
91174,6
54296,6
46789,6
9183,6
92946,6
22949,6
89755,6
91167,6
22945,6
73522,6
92948,6
12961,6
73517,6
20135,6
79673,6
99807,6
20146,6
37258,6
14318,6
54598,6
22981,6
10047,6
1390,6
89764,6
91177,6
14313,6
841,6
89762,6
60005,6
22974,6
61875,6
73551,6
86797,6
99802,6
77660,6
86799,6
6854,6
13452,6
73544,6
25985,6
76913,6
76915,6
46785,6
85386,6
42492,6
78019,6
89753,6
43275,6
89748,6
80798,6
85366,6
26043,6
18967,6
6822,6
73476,6
79688,6
6818,6
61909,6
43592,6
73471,6
51915,6
882,6
39613,6
13595,6
26065,6
51055,6
20118,6
90829,6
37221,6
47364,6
91160,6
73457,6
26072,6
43968,6
92967,6
85368,6
85376,6
76937,6
47359,6
73510,6
6830,6
76931,6
38747,6
56311,6
47658,6
42488,6
20132,6
90662,6
43966,6
6827,6
62912,6
47360,6
79683,6
9007,6
26022,6
49164,6
26027,6
73491,6
79684,6
85370,6
71219,6
14324,6
92965,6
86145,6
73334,6
93163,6
71290,6
98983,6
6665,6
54539,6
28134,6
46556,6
93122,6
93123,6
73166,6
43487,6
26335,6
8702,6
22819,6
22817,6
55399,6
19953,6
38789,6
73158,6
6658,6
73156,6
73154,6
6654,6
85303,6
42426,6
62057,6
952,6
93133,6
26326,6
86164,6
94114,6
37096,6
98988,6
6684,6
79828,6
71285,6
73199,6
42434,6
38783,6
37107,6
85310,6
49200,6
86832,6
49231,6
6668,6
149,6
14380,6
62044,6
26315,6
62046,6
90840,6
71286,6
85304,6
944,6
10107,6
91127,6
44028,6
62060,6
26347,6
19948,6
91120,6
6633,6
71297,6
79865,6
46468,6
10118,6
84899,6
59390,6
79871,6
60019,6
79873,6
59444,6
37074,6
42417,6
42415,6
56431,6
93159,6
62080,6
99992,6
99849,6
71302,6
73093,6
56434,6
79876,6
26404,6
43302,6
85296,6
93151,6
91123,6
73120,6
22813,6
73143,6
46895,6
89668,6
79855,6
26349,6
955,6
37089,6
45785,6
86837,6
45285,6
77051,6
93146,6
73131,6
19944,6
22204,6
51931,6
43298,6
79862,6
37086,6
41957,6
26374,6
26380,6
60296,6
45549,6
37109,6
14834,6
56400,6
14348,6
77989,6
76995,6
51026,6
51025,6
20013,6
76996,6
13459,6
89697,6
79784,6
923,6
61989,6
61990,6
46798,6
925,6
48925,6
36259,6
6721,6
71261,6
89693,6
71264,6
93071,6
13575,6
61997,6
59462,6
85329,6
28158,6
61982,6
10548,6
47384,6
80779,6
42456,6
26179,6
89717,6
73329,6
45393,6
51032,6
99016,6
76986,6
73322,6
76987,6
48927,6
99014,6
76991,6
28165,6
42451,6
99013,6
73313,6
28159,6
73312,6
26196,6
6738,6
60330,6
12937,6
13370,6
90673,6
10546,6
36276,6
8981,6
93086,6
73227,6
22837,6
19971,6
73222,6
36270,6
73220,6
22831,6
93096,6
85316,6
49175,6
38777,6
51012,6
62027,6
22161,6
36272,6
85314,6
73212,6
79824,6
8979,6
14373,6
22194,6
939,6
26293,6
1363,6
93084,6
62017,6
927,6
47395,6
26245,6
89691,6
52929,6
21863,6
158,6
26254,6
53254,6
79802,6
13573,6
19989,6
47394,6
22847,6
46560,6
43575,6
44017,6
36265,6
44019,6
19977,6
26262,6
26263,6
73241,6
9160,6
77020,6
62016,6
8987,6
1064,6
59388,6
80108,6
5800,6
10374,6
47567,6
51634,6
56762,6
86260,6
85035,6
54386,6
56,6
14685,6
99950,6
93774,6
56764,6
42086,6
71917,6
47568,6
27562,6
27563,6
22438,6
5973,6
71910,6
98708,6
1226,6
71904,6
56769,6
43406,6
90927,6
77440,6
27569,6
14780,6
50793,6
80433,6
60114,6
1217,6
93757,6
43528,6
22456,6
71955,6
85042,6
62585,6
45759,6
50853,6
22306,6
56753,6
36566,6
27529,6
77791,6
80440,6
43525,6
55138,6
42101,6
93763,6
80441,6
43403,6
1309,6
10382,6
22051,6
46846,6
77775,6
90920,6
10398,6
71864,6
45313,6
99955,6
93971,6
43416,6
22417,6
22416,6
14773,6
56778,6
93824,6
84953,6
27628,6
22411,6
60100,6
27631,6
71847,6
27632,6
19131,6
43421,6
93968,6
27883,6
80492,6
71843,6
5945,6
48842,6
10490,6
77776,6
60106,6
90759,6
77715,6
93790,6
93795,6
19333,6
80465,6
27581,6
1229,6
36542,6
99953,6
5955,6
10386,6
1232,6
89394,6
50795,6
1237,6
27591,6
77777,6
98698,6
10391,6
27602,6
80475,6
80476,6
1305,6
49191,6
93754,6
9074,6
62531,6
43391,6
13419,6
27427,6
98747,6
19430,6
9040,6
6054,6
22482,6
38970,6
1194,6
84944,6
48852,6
50789,6
39135,6
98735,6
98730,6
72043,6
72041,6
59316,6
93710,6
19415,6
12801,6
45299,6
86254,6
14665,6
72065,6
71510,6
6030,6
77806,6
1160,6
55130,6
56717,6
93682,6
27395,6
39763,6
54402,6
19440,6
10336,6
80658,6
27403,6
59320,6
45746,6
77388,6
39767,6
90874,6
72077,6
72076,6
56721,6
77389,6
19432,6
56860,6
13496,6
22493,6
10349,6
45575,6
27470,6
85050,6
6007,6
22472,6
99937,6
50856,6
90946,6
56741,6
93739,6
77799,6
71984,6
8875,6
62569,6
6004,6
62762,6
1312,6
93745,6
6001,6
56745,6
36582,6
93748,6
10362,6
43531,6
14674,6
59308,6
71968,6
80647,6
12740,6
27495,6
36592,6
43395,6
19390,6
52001,6
60122,6
72022,6
19123,6
36605,6
44170,6
89421,6
27475,6
72016,6
19399,6
19397,6
46811,6
27480,6
36601,6
1204,6
80416,6
85055,6
19391,6
60121,6
27488,6
72004,6
42114,6
72002,6
72000,6
6016,6
87019,6
5934,6
86897,6
71683,6
71680,6
44202,6
12760,6
13430,6
80565,6
27794,6
39034,6
42030,6
71673,6
55146,6
80571,6
5860,6
71669,6
55150,6
44203,6
87009,6
60055,6
27801,6
5856,6
1293,6
19162,6
93907,6
71660,6
98661,6
43445,6
22366,6
89348,6
48818,6
77724,6
44194,6
71704,6
39796,6
19213,6
10447,6
93886,6
55144,6
5864,6
77502,6
56812,6
71696,6
5862,6
86269,6
39033,6
71694,6
56841,6
47589,6
36450,6
71690,6
8922,6
39798,6
13481,6
36448,6
90895,6
43523,6
13431,6
27808,6
39028,6
14761,6
12751,6
36420,6
80595,6
86326,6
98647,6
19181,6
39799,6
71617,6
27834,6
14749,6
59264,6
98646,6
42017,6
5841,6
93930,6
47607,6
45577,6
77733,6
27847,6
52022,6
56834,6
90884,6
22089,6
59990,6
55215,6
22090,6
80607,6
5828,6
93920,6
71582,6
62699,6
13475,6
50817,6
80582,6
19166,6
80583,6
71644,6
71643,6
27817,6
50806,6
77527,6
80585,6
22344,6
71639,6
56824,6
36425,6
51636,6
80587,6
50816,6
71632,6
39044,6
71631,6
19170,6
84964,6
71708,6
36454,6
71840,6
71802,6
45770,6
1256,6
27681,6
90766,6
27683,6
27685,6
53219,6
62743,6
71790,6
93845,6
71787,6
27692,6
46,6
54341,6
5893,6
43429,6
9070,6
71778,6
22385,6
27707,6
86266,6
39010,6
71775,6
19145,6
36481,6
19275,6
19280,6
71772,6
22396,6
45763,6
27635,6
5926,6
71836,6
98630,6
71834,6
86989,6
71830,6
56781,6
89381,6
38991,6
52011,6
1253,6
77478,6
71820,6
27649,6
93832,6
71816,6
45591,6
27651,6
48834,6
65442,6
39002,6
27663,6
19284,6
45307,6
80524,6
56806,6
27738,6
71738,6
62663,6
62736,6
50831,6
77556,6
42041,6
10437,6
84961,6
36458,6
27755,6
14728,6
36455,6
39058,6
84994,6
27760,6
39021,6
80547,6
27762,6
71719,6
80548,6
45305,6
89317,6
27765,6
98674,6
54346,6
27739,6
36461,6
62650,6
71568,6
85006,6
71559,6
62741,6
90904,6
90791,6
60091,6
22375,6
10482,6
71763,6
80529,6
45580,6
52878,6
19262,6
27728,6
39059,6
89364,6
48832,6
71754,6
93864,6
27867,6
71749,6
27735,6
56845,6
89359,6
71743,6
19448,6
42142,6
22499,6
98834,6
77286,6
27035,6
22612,6
48870,6
91014,6
22603,6
86921,6
77699,6
6250,6
93507,6
27044,6
39078,6
42247,6
44140,6
19569,6
99898,6
72432,6
19568,6
15,6
54436,6
80696,6
6244,6
22595,6
59240,6
93512,6
72456,6
72459,6
62373,6
27028,6
62350,6
6284,6
97,6
14525,6
99890,6
19592,6
8802,6
89529,6
72475,6
12728,6
19590,6
72473,6
72471,6
38894,6
1091,6
85165,6
8804,6
89528,6
91016,6
59377,6
52909,6
48872,6
10236,6
60186,6
77285,6
72426,6
93514,6
8798,6
38926,6
85143,6
19555,6
48868,6
86231,6
72383,6
80237,6
27122,6
46524,6
72379,6
46804,6
39724,6
47510,6
62392,6
1104,6
14555,6
10254,6
59365,6
44147,6
44148,6
72363,6
77321,6
51974,6
72359,6
91001,6
77837,6
39718,6
49221,6
72417,6
46857,6
36341,6
27065,6
99901,6
19562,6
22581,6
36794,6
77847,6
27076,6
51968,6
80691,6
72406,6
8819,6
49508,6
27986,6
80229,6
27095,6
77844,6
44144,6
6236,6
85145,6
27104,6
62798,6
56629,6
42235,6
77842,6
99887,6
1089,6
19111,6
28007,6
6330,6
22652,6
36868,6
80129,6
55321,6
44126,6
26897,6
21950,6
72575,6
26899,6
46871,6
5729,6
86365,6
90716,6
21951,6
62313,6
26917,6
8793,6
89550,6
21954,6
72564,6
43345,6
36858,6
43346,6
14508,6
28006,6
39825,6
93460,6
21948,6
93434,6
26824,6
47493,6
56573,6
39827,6
62820,6
26842,6
77229,6
62291,6
77230,6
26846,6
72611,6
62294,6
60032,6
72605,6
26855,6
72602,6
72599,6
22657,6
19656,6
13528,6
54458,6
48811,6
14499,6
77881,6
93459,6
106,6
93490,6
55313,6
50914,6
62814,6
48888,6
62336,6
89535,6
36840,6
14518,6
26977,6
27997,6
80167,6
10231,6
26982,6
72505,6
54448,6
80170,6
60195,6
90724,6
26985,6
21969,6
80177,6
10235,6
51565,6
86907,6
77264,6
27006,6
89287,6
46532,6
19636,6
26966,6
54452,6
5733,6
19634,6
26948,6
72548,6
72545,6
10219,6
6314,6
50918,6
59234,6
44127,6
36849,6
21962,6
26954,6
105,6
45293,6
90862,6
85179,6
26961,6
72531,6
60197,6
50917,6
77255,6
71418,6
46533,6
85137,6
89291,6
14559,6
27292,6
90974,6
42177,6
13444,6
80333,6
6128,6
98787,6
42173,6
99922,6
73,6
36691,6
6120,6
80336,6
8843,6
72185,6
50883,6
36372,6
42169,6
86354,6
27312,6
27313,6
72179,6
85104,6
94001,6
27315,6
62470,6
55204,6
51986,6
72174,6
80331,6
89469,6
39147,6
59962,6
93608,6
8835,6
10289,6
60153,6
36705,6
77825,6
62781,6
98793,6
38942,6
80325,6
56679,6
80326,6
52904,6
93614,6
99921,6
27278,6
6134,6
72210,6
43460,6
6132,6
93618,6
10290,6
41991,6
85101,6
27146,6
49518,6
39116,6
6085,6
62774,6
85081,6
77574,6
27357,6
12807,6
80663,6
87026,6
72124,6
72122,6
9110,6
46509,6
85077,6
42153,6
6078,6
62508,6
72109,6
72108,6
27374,6
36373,6
47538,6
22508,6
14650,6
22297,6
93658,6
72138,6
27320,6
89301,6
80343,6
36687,6
98780,6
72166,6
14604,6
45328,6
5773,6
12820,6
93646,6
27332,6
93647,6
19106,6
42165,6
77368,6
62486,6
72150,6
54333,6
90873,6
77369,6
36673,6
19458,6
22023,6
39745,6
19454,6
77374,6
93604,6
36716,6
45334,6
84932,6
62792,6
19513,6
52716,6
9113,6
72311,6
39726,6
36758,6
72308,6
59358,6
77832,6
85128,6
46523,6
77831,6
72303,6
27194,6
27968,6
59357,6
72299,6
72298,6
89490,6
51577,6
53240,6
6176,6
72291,6
27201,6
52876,6
89492,6
72236,6
99979,6
19532,6
12731,6
48866,6
72345,6
72344,6
72343,6
77325,6
6205,6
27155,6
72339,6
10261,6
77326,6
45339,6
77587,6
59361,6
36764,6
86931,6
27166,6
80268,6
93551,6
19518,6
80273,6
27174,6
6200,6
5754,6
43379,6
42207,6
19090,6
22117,6
36723,6
8833,6
51981,6
62786,6
42191,6
27242,6
90985,6
1134,6
10497,6
98607,6
89477,6
8834,6
27956,6
71473,6
86937,6
98608,6
62443,6
93597,6
36367,6
86939,6
62447,6
56673,6
41990,6
93603,6
50783,6
27234,6
56666,6
48861,6
22547,6
36738,6
93572,6
77337,6
86936,6
89489,6
6170,6
49219,6
80291,6
27217,6
39728,6
6167,6
93582,6
89480,6
72271,6
22014,6
89485,6
54328,6
27227,6
98800,6
72263,6
44232,6
89483,6
49513,6
99978,6
42236,6
13273,6
86124,6
20884,6
24412,6
24413,6
75254,6
43776,6
92063,6
75249,6
59827,6
75248,6
55849,6
24420,6
75244,6
38016,6
55850,6
76335,6
20943,6
55851,6
20941,6
43664,6
75237,6
9579,6
92069,6
42918,6
527,6
23479,6
42914,6
38449,6
24435,6
45468,6
20919,6
7731,6
20962,6
78825,6
61077,6
61072,6
38036,6
76323,6
75298,6
43768,6
7751,6
24389,6
55840,6
90240,6
91482,6
52960,6
43770,6
21483,6
75282,6
24405,6
24397,6
21485,6
7747,6
99451,6
20966,6
75274,6
8408,6
75272,6
75271,6
92055,6
43773,6
24404,6
61086,6
38007,6
61099,6
38454,6
92103,6
51787,6
51294,6
305,6
43784,6
85744,6
47126,6
23466,6
9610,6
90204,6
38458,6
24499,6
540,6
20890,6
75157,6
13990,6
51458,6
24504,6
86001,6
55880,6
20889,6
55881,6
52958,6
92107,6
9616,6
37978,6
24509,6
78304,6
90199,6
92095,6
37985,6
85752,6
38003,6
75217,6
85751,6
61102,6
24444,6
24449,6
75211,6
51297,6
75208,6
24452,6
90212,6
46993,6
7714,6
61104,6
43165,6
309,6
9604,6
78858,6
55863,6
9606,6
99440,6
13158,6
49065,6
24466,6
78864,6
91462,6
37992,6
99438,6
24480,6
23493,6
92036,6
515,6
85793,6
9531,6
24290,6
49082,6
8361,6
60637,6
38432,6
76283,6
99673,6
51766,6
51332,6
78747,6
21062,6
43669,6
91978,6
76278,6
60634,6
61023,6
76289,6
7851,6
75405,6
7844,6
78334,6
90264,6
61028,6
24320,6
13945,6
494,6
51768,6
39371,6
21475,6
51323,6
13933,6
24246,6
24247,6
91939,6
23548,6
8355,6
24255,6
46698,6
54971,6
60994,6
38100,6
55798,6
7902,6
75459,6
59720,6
7881,6
49321,6
21092,6
90500,6
21090,6
51336,6
90283,6
78729,6
24270,6
78339,6
21086,6
90278,6
51764,6
38430,6
86609,6
42948,6
78319,6
78785,6
38046,6
61056,6
59822,6
7789,6
85775,6
76309,6
24361,6
51449,6
55832,6
75331,6
59708,6
51450,6
21020,6
61062,6
54848,6
78787,6
78788,6
78322,6
92024,6
24372,6
43763,6
99461,6
9553,6
55836,6
78796,6
38039,6
21006,6
55572,6
38048,6
13957,6
24330,6
47099,6
43161,6
59715,6
54853,6
75375,6
7813,6
75373,6
75371,6
21040,6
38057,6
55578,6
21037,6
24340,6
24341,6
9317,6
55825,6
13952,6
61047,6
78773,6
85778,6
23531,6
55821,6
7800,6
7799,6
39374,6
86478,6
54975,6
78777,6
92015,6
24512,6
24518,6
7916,6
13994,6
91412,6
7561,6
74923,6
92220,6
61237,6
7560,6
21536,6
59847,6
91407,6
51252,6
61239,6
54793,6
42825,6
91404,6
13123,6
92230,6
76433,6
24774,6
60561,6
78264,6
37869,6
7554,6
78262,6
61246,6
86024,6
55953,6
92237,6
42818,6
23402,6
85687,6
7564,6
86661,6
61223,6
76410,6
92198,6
76411,6
7581,6
61217,6
61218,6
43801,6
24712,6
21532,6
21534,6
47160,6
55938,6
91418,6
49054,6
74931,6
37885,6
74948,6
7572,6
55940,6
90141,6
60572,6
61230,6
37882,6
74935,6
55549,6
24736,6
571,6
78979,6
92240,6
24788,6
90134,6
90112,6
7517,6
23388,6
79022,6
60550,6
20729,6
59851,6
13712,6
24841,6
92284,6
90546,6
74830,6
37824,6
78244,6
61280,6
74846,6
51814,6
54776,6
273,6
37818,6
79036,6
45658,6
61285,6
79037,6
99361,6
91387,6
24868,6
55976,6
24869,6
92278,6
92272,6
85684,6
86665,6
7546,6
92253,6
38505,6
24794,6
74882,6
20759,6
55543,6
60555,6
24797,6
49053,6
9704,6
99374,6
76448,6
76450,6
74852,6
9705,6
92266,6
42809,6
37838,6
76452,6
24819,6
37835,6
13715,6
24822,6
59652,6
45463,6
90541,6
13318,6
54800,6
78279,6
38487,6
85715,6
20854,6
24581,6
90185,6
92135,6
557,6
51275,6
51274,6
21511,6
99410,6
37939,6
42865,6
9630,6
90181,6
37934,6
43791,6
99409,6
99694,6
9633,6
53037,6
24620,6
76377,6
7647,6
55561,6
75058,6
42862,6
13312,6
99697,6
49346,6
86644,6
86474,6
46987,6
51460,6
78302,6
42884,6
75130,6
38468,6
545,6
75126,6
52801,6
99687,6
52800,6
8434,6
24537,6
24539,6
99423,6
42878,6
20864,6
78299,6
24544,6
20868,6
7665,6
37960,6
39399,6
547,6
54987,6
23452,6
92127,6
49123,6
24564,6
75100,6
9636,6
54811,6
78964,6
24683,6
75009,6
37908,6
92177,6
85700,6
24672,6
24673,6
46662,6
99395,6
60584,6
37902,6
85698,6
37901,6
55555,6
20820,6
42843,6
52950,6
291,6
85697,6
8449,6
55932,6
13134,6
21529,6
8450,6
24690,6
23425,6
13316,6
74974,6
74973,6
90160,6
49055,6
42851,6
85706,6
78927,6
9638,6
75042,6
75041,6
90169,6
55920,6
61184,6
51269,6
49059,6
90521,6
37915,6
75032,6
47150,6
14025,6
45465,6
46666,6
20836,6
91436,6
75024,6
46986,6
51265,6
46663,6
47156,6
61192,6
75015,6
86470,6
43796,6
46985,6
7910,6
38102,6
90648,6
46727,6
23875,6
38249,6
91711,6
91712,6
8124,6
90396,6
90462,6
21305,6
39313,6
91716,6
60815,6
78511,6
99608,6
23656,6
47033,6
379,6
43060,6
99605,6
23893,6
85895,6
60822,6
85894,6
91727,6
8116,6
13852,6
75872,6
23901,6
99598,6
9364,6
85899,6
91707,6
9419,6
8146,6
45506,6
21324,6
23838,6
51404,6
8256,6
21318,6
51403,6
47032,6
90458,6
90407,6
8147,6
75926,6
60798,6
60800,6
23867,6
21411,6
9417,6
52845,6
49113,6
76142,6
75919,6
13848,6
60804,6
90461,6
86539,6
23858,6
99612,6
55673,6
8115,6
91575,6
91731,6
91568,6
60841,6
51733,6
59763,6
38228,6
90381,6
39325,6
21266,6
91758,6
9438,6
9360,6
8089,6
398,6
76161,6
90377,6
23929,6
91765,6
23949,6
13233,6
91766,6
60688,6
78554,6
38218,6
75795,6
45499,6
23643,6
38214,6
8075,6
8074,6
90384,6
9430,6
8267,6
91741,6
23908,6
86497,6
90392,6
75859,6
91732,6
43707,6
54920,6
43053,6
85891,6
23916,6
90390,6
47042,6
55688,6
75843,6
75827,6
51389,6
23920,6
75840,6
39315,6
8272,6
75838,6
21279,6
13240,6
389,6
8098,6
78533,6
13238,6
91750,6
38269,6
373,6
8157,6
52979,6
60712,6
13271,6
76049,6
43118,6
76047,6
38316,6
38313,6
39292,6
13268,6
78442,6
76040,6
54942,6
55641,6
60748,6
43105,6
8208,6
55621,6
45627,6
99649,6
13259,6
91634,6
76026,6
78448,6
76115,6
8244,6
21401,6
52837,6
76118,6
8222,6
13817,6
91646,6
38334,6
91609,6
47021,6
76098,6
90447,6
85946,6
23697,6
21383,6
23715,6
9387,6
85947,6
347,6
21375,6
91615,6
21374,6
90441,6
78429,6
49279,6
91618,6
49280,6
60732,6
59794,6
76107,6
91620,6
76062,6
23731,6
8224,6
39290,6
21373,6
38302,6
76016,6
75946,6
90421,6
99624,6
60775,6
23808,6
78405,6
21341,6
91587,6
38285,6
21338,6
60705,6
8168,6
85958,6
39302,6
75966,6
13253,6
90425,6
8165,6
9402,6
8164,6
23816,6
21329,6
8162,6
23669,6
13833,6
23825,6
78483,6
76133,6
13834,6
99618,6
91666,6
75981,6
55645,6
99629,6
8246,6
21354,6
76011,6
60760,6
9393,6
23771,6
55647,6
38301,6
52983,6
85920,6
8186,6
47025,6
8185,6
99627,6
75982,6
9374,6
38294,6
39296,6
60771,6
75991,6
9397,6
75988,6
90428,6
91662,6
13286,6
76124,6
76125,6
21344,6
43136,6
13231,6
38103,6
13866,6
60663,6
91870,6
60942,6
85978,6
60943,6
7982,6
78356,6
441,6
90321,6
76236,6
91532,6
446,6
24153,6
60951,6
99530,6
78670,6
39277,6
24160,6
7975,6
21137,6
47071,6
60656,6
21460,6
38124,6
75563,6
90318,6
76243,6
7969,6
54966,6
60664,6
47062,6
75591,6
51359,6
52817,6
99661,6
85840,6
99545,6
21162,6
43672,6
13783,6
78365,6
75612,6
13894,6
99540,6
9482,6
7996,6
55595,6
47013,6
86583,6
38397,6
13899,6
78655,6
24126,6
75599,6
85834,6
42977,6
38398,6
7990,6
54892,6
45487,6
99536,6
85824,6
24173,6
60655,6
38108,6
78693,6
24199,6
13920,6
9500,6
336,6
52814,6
7938,6
49318,6
43746,6
24208,6
75506,6
75505,6
54871,6
99515,6
8349,6
51759,6
454,6
23557,6
75491,6
21103,6
75488,6
7924,6
60644,6
24223,6
24225,6
13188,6
23553,6
24230,6
38417,6
47007,6
39354,6
75538,6
42972,6
24177,6
90317,6
24181,6
7956,6
75545,6
9484,6
24185,6
55780,6
8342,6
52846,6
52967,6
78681,6
8343,6
90496,6
60964,6
24189,6
85817,6
55784,6
23573,6
85816,6
99520,6
39356,6
42966,6
21119,6
91905,6
9329,6
39273,6
53008,6
76215,6
60919,6
8032,6
90361,6
9452,6
43140,6
9350,6
90358,6
99572,6
60877,6
24004,6
21234,6
76181,6
78590,6
76183,6
85865,6
49299,6
21239,6
78596,6
43022,6
75719,6
23624,6
9458,6
60678,6
60887,6
13218,6
24018,6
85974,6
60890,6
53001,6
55726,6
13794,6
23998,6
8024,6
38373,6
91778,6
91779,6
21254,6
78567,6
38205,6
9443,6
75770,6
21252,6
47017,6
21250,6
8061,6
13870,6
23986,6
78575,6
43025,6
13224,6
75758,6
78387,6
8057,6
8053,6
75753,6
60868,6
75750,6
86563,6
76170,6
60871,6
51426,6
13795,6
8027,6
21223,6
75626,6
91848,6
91842,6
24069,6
76207,6
75659,6
60909,6
78629,6
24075,6
55746,6
24079,6
21181,6
91845,6
78632,6
24081,6
24096,6
75664,6
75641,6
8307,6
425,6
90330,6
60914,6
24099,6
23612,6
60916,6
24100,6
21168,6
24101,6
51427,6
91852,6
75663,6
91841,6
75701,6
91551,6
8303,6
21438,6
43014,6
60675,6
51368,6
24033,6
76195,6
43720,6
60899,6
75686,6
60900,6
47055,6
39279,6
24052,6
76206,6
23619,6
90339,6
76201,6
23618,6
91550,6
46720,6
24064,6
43143,6
76205,6
78623,6
9474,6
43006,6
78625,6
43190,6
90103,6
92298,6
99772,6
7069,6
61653,6
73980,6
8583,6
37444,6
78102,6
13352,6
7055,6
20367,6
7054,6
61660,6
79459,6
61661,6
37442,6
25626,6
48981,6
21748,6
227,6
92724,6
37436,6
79462,6
92726,6
92727,6
25638,6
14235,6
99768,6
14237,6
54647,6
25643,6
25600,6
56196,6
25595,6
99186,6
92695,6
91274,6
21730,6
9937,6
74013,6
20372,6
42594,6
37470,6
91273,6
37466,6
99188,6
76749,6
14222,6
13652,6
79451,6
74003,6
92707,6
74001,6
76753,6
38671,6
25584,6
85495,6
53093,6
85493,6
25591,6
25592,6
229,6
7072,6
20357,6
76768,6
61674,6
73882,6
79492,6
768,6
25685,6
51103,6
73893,6
90622,6
60418,6
99159,6
14249,6
59540,6
37405,6
37403,6
89855,6
89854,6
20327,6
23102,6
37401,6
46594,6
37400,6
89850,6
37396,6
25702,6
23098,6
91250,6
79506,6
37391,6
60414,6
43612,6
767,6
42578,6
92736,6
89866,6
42582,6
76772,6
14238,6
23109,6
25648,6
85481,6
25650,6
7042,6
47305,6
43913,6
73928,6
78095,6
25658,6
8595,6
73903,6
89865,6
73923,6
99170,6
763,6
25662,6
85478,6
43915,6
73914,6
20335,6
89864,6
43616,6
37414,6
43614,6
9935,6
85499,6
51122,6
25503,6
46946,6
53084,6
7140,6
79387,6
716,6
52769,6
20416,6
720,6
56164,6
21704,6
23156,6
74114,6
86084,6
76703,6
13346,6
37518,6
89908,6
59881,6
86744,6
79397,6
8564,6
76707,6
89905,6
20412,6
74098,6
85515,6
51497,6
74096,6
74128,6
14200,6
51498,6
92634,6
9913,6
92628,6
59876,6
92629,6
99222,6
53083,6
37537,6
25456,6
89911,6
25458,6
25459,6
74152,6
74151,6
90603,6
61585,6
85529,6
74148,6
14194,6
23164,6
7151,6
54671,6
25470,6
61582,6
25473,6
74138,6
55036,6
74134,6
74133,6
42612,6
13348,6
48985,6
79424,6
20397,6
76733,6
79420,6
23139,6
51503,6
23136,6
25545,6
56181,6
42606,6
51125,6
25552,6
99195,6
86090,6
74038,6
47295,6
74037,6
740,6
20387,6
9930,6
25556,6
38668,6
14221,6
20385,6
25558,6
55040,6
92684,6
46777,6
79429,6
14215,6
21719,6
42611,6
59884,6
91288,6
76715,6
74089,6
51873,6
9220,6
7126,6
76719,6
7123,6
61611,6
46612,6
25518,6
79405,6
734,6
20406,6
38663,6
46945,6
99761,6
78120,6
61618,6
25526,6
38661,6
7108,6
61620,6
74066,6
92672,6
76727,6
23143,6
8576,6
90625,6
92780,6
7497,6
6997,6
48949,6
91202,6
85426,6
43266,6
25883,6
8650,6
803,6
86422,6
20207,6
60382,6
73662,6
10017,6
21800,6
202,6
39581,6
25896,6
78045,6
42525,6
92870,6
60377,6
85418,6
61820,6
14290,6
6904,6
14292,6
6901,6
51525,6
85415,6
73641,6
25880,6
79608,6
20211,6
25865,6
91210,6
89805,6
25856,6
37347,6
92854,6
13621,6
12986,6
25861,6
99789,6
76853,6
12984,6
25864,6
85433,6
91203,6
60720,6
56263,6
86113,6
52757,6
43948,6
45695,6
52753,6
48950,6
99114,6
60386,6
51904,6
73679,6
76857,6
92862,6
55421,6
92880,6
10033,6
61857,6
89772,6
25946,6
6875,6
6874,6
99089,6
85406,6
92910,6
78038,6
60366,6
23002,6
43269,6
49244,6
91182,6
42502,6
48941,6
37289,6
6868,6
20158,6
47347,6
20157,6
76899,6
49161,6
6865,6
8662,6
73568,6
78035,6
39607,6
92920,6
6876,6
37305,6
20191,6
61833,6
820,6
10038,6
73634,6
13611,6
25918,6
38726,6
76881,6
92887,6
37320,6
25920,6
47343,6
89779,6
85412,6
25925,6
79636,6
37316,6
9189,6
10039,6
42513,6
37310,6
79630,6
10040,6
73613,6
25931,6
79632,6
37309,6
25934,6
54603,6
89806,6
56262,6
52760,6
20277,6
20283,6
73811,6
9201,6
92803,6
92804,6
78077,6
9986,6
23084,6
214,6
61745,6
90628,6
14268,6
61748,6
20276,6
773,6
25785,6
48967,6
51894,6
73793,6
79549,6
92814,6
6970,6
6964,6
60402,6
91231,6
23077,6
21776,6
23075,6
85457,6
73815,6
21777,6
60407,6
42567,6
61719,6
89841,6
13639,6
61722,6
13638,6
79517,6
25719,6
216,6
37385,6
73846,6
86761,6
25734,6
85464,6
79537,6
92791,6
73835,6
85463,6
14258,6
92794,6
6990,6
99777,6
20292,6
14259,6
23085,6
37376,6
20289,6
92800,6
92818,6
89824,6
60393,6
79576,6
79569,6
8639,6
89816,6
793,6
10004,6
61774,6
47323,6
56256,6
99784,6
55430,6
6934,6
6932,6
73735,6
45413,6
51899,6
25839,6
89809,6
37355,6
25845,6
20251,6
79581,6
13000,6
79582,6
46587,6
21787,6
25848,6
21789,6
73718,6
85447,6
789,6
211,6
78067,6
8629,6
73783,6
99135,6
86764,6
55061,6
52935,6
92819,6
46930,6
8632,6
73775,6
51091,6
25806,6
73771,6
91221,6
73753,6
20266,6
13355,6
39575,6
6955,6
85450,6
21780,6
73758,6
25816,6
78065,6
46929,6
43265,6
85449,6
209,6
59573,6
9233,6
8558,6
99224,6
25086,6
60517,6
49198,6
90037,6
263,6
631,6
13691,6
51206,6
7376,6
74592,6
90035,6
37723,6
92408,6
8490,6
61385,6
8491,6
7367,6
92411,6
7366,6
23313,6
60512,6
25115,6
9804,6
61392,6
59859,6
90030,6
79157,6
79158,6
25121,6
23325,6
42734,6
25079,6
54739,6
51828,6
45458,6
56027,6
49364,6
49038,6
92378,6
55006,6
99722,6
51215,6
267,6
74633,6
43847,6
9792,6
61367,6
25078,6
74625,6
55519,6
61370,6
7386,6
9799,6
61371,6
55518,6
74617,6
25067,6
91367,6
39468,6
37734,6
37732,6
61394,6
76548,6
47203,6
60500,6
74525,6
23300,6
79181,6
76561,6
42716,6
92439,6
13688,6
49027,6
76566,6
20607,6
38579,6
23295,6
37685,6
92444,6
25146,6
9832,6
20604,6
20602,6
7332,6
25170,6
86053,6
92449,6
53058,6
74502,6
51193,6
23290,6
51844,6
37682,6
60504,6
49035,6
92422,6
39472,6
92423,6
99728,6
37711,6
85619,6
25126,6
25127,6
92426,6
79162,6
49370,6
86692,6
91360,6
54732,6
39234,6
90023,6
79178,6
60507,6
54730,6
91359,6
99729,6
25137,6
37704,6
14116,6
9820,6
7346,6
79172,6
9821,6
46955,6
42718,6
90561,6
90055,6
13695,6
23363,6
74759,6
92319,6
92321,6
47173,6
606,6
7480,6
24923,6
9282,6
74749,6
90090,6
42772,6
7469,6
24926,6
8478,6
61310,6
20698,6
76491,6
61319,6
24932,6
37782,6
7466,6
13701,6
55995,6
24938,6
86461,6
85652,6
7461,6
90083,6
59637,6
9283,6
55998,6
90098,6
9739,6
7496,6
37812,6
9740,6
39244,6
24881,6
74795,6
21565,6
38516,6
99358,6
85660,6
51240,6
54770,6
43192,6
39445,6
55986,6
61300,6
51238,6
20712,6
43828,6
74779,6
55990,6
37799,6
23370,6
78242,6
20708,6
79062,6
78240,6
90082,6
99719,6
76522,6
74671,6
85645,6
21580,6
79092,6
60528,6
61344,6
9767,6
91372,6
23349,6
37759,6
47178,6
42757,6
79102,6
74672,6
91370,6
37763,6
56018,6
25018,6
9270,6
79103,6
23343,6
79104,6
55522,6
38546,6
37757,6
7402,6
25033,6
619,6
23342,6
61340,6
56008,6
55999,6
56003,6
55529,6
7455,6
7451,6
24955,6
8479,6
21567,6
39453,6
51820,6
54761,6
49044,6
90075,6
61329,6
24961,6
56004,6
268,6
7437,6
23359,6
21572,6
20688,6
24976,6
23355,6
92354,6
55527,6
43196,6
21576,6
61335,6
99342,6
74698,6
23286,6
92454,6
79198,6
25373,6
54693,6
92551,6
55484,6
25363,6
74292,6
79299,6
52777,6
25368,6
99260,6
54691,6
54690,6
90591,6
99259,6
79307,6
21676,6
37589,6
74276,6
61526,6
23215,6
20481,6
79311,6
76658,6
79312,6
45437,6
74267,6
99748,6
45436,6
51494,6
59594,6
74305,6
7237,6
21660,6
13069,6
23233,6
55489,6
89961,6
37614,6
86447,6
25323,6
13674,6
90587,6
13670,6
74330,6
23227,6
21659,6
46621,6
85567,6
25334,6
9877,6
46618,6
86070,6
85569,6
9880,6
55021,6
25350,6
61510,6
90590,6
21674,6
23217,6
76652,6
21682,6
25385,6
74343,6
79357,6
74207,6
54679,6
13667,6
13340,6
89921,6
13341,6
20449,6
85537,6
43633,6
7185,6
79354,6
9906,6
9909,6
92610,6
14184,6
7180,6
38634,6
42636,6
25433,6
61564,6
42635,6
37550,6
78146,6
61566,6
43891,6
8556,6
74175,6
79369,6
74208,6
25422,6
55026,6
74236,6
25389,6
92570,6
7232,6
74253,6
90593,6
14173,6
56141,6
79327,6
7218,6
74243,6
25394,6
74240,6
79329,6
86727,6
74212,6
43886,6
20462,6
85546,6
39504,6
42640,6
79341,6
45435,6
47257,6
85543,6
89926,6
37563,6
76672,6
49003,6
86714,6
74344,6
46632,6
14132,6
25222,6
37658,6
9849,6
61448,6
91345,6
51187,6
9850,6
25233,6
56084,6
99287,6
59609,6
7302,6
13335,6
21623,6
657,6
86058,6
89988,6
23263,6
49382,6
61460,6
59606,6
43871,6
74427,6
85594,6
13081,6
7292,6
46629,6
14134,6
9848,6
56078,6
74417,6
92458,6
38586,6
23284,6
90571,6
25189,6
8509,6
23281,6
13683,6
90572,6
86056,6
74485,6
85607,6
20587,6
99300,6
60493,6
92471,6
85606,6
7321,6
7320,6
7319,6
23278,6
90574,6
76588,6
21616,6
99298,6
89997,6
59611,6
18962,6
23272,6
74418,6
8517,6
46949,6
680,6
89970,6
76615,6
20545,6
54708,6
25299,6
38599,6
76618,6
25302,6
74365,6
76621,6
25303,6
21638,6
61484,6
92516,6
37630,6
56110,6
47227,6
25306,6
13070,6
7268,6
37621,6
21641,6
14148,6
7267,6
21645,6
20531,6
56115,6
25320,6
43221,6
99274,6
7289,6
20551,6
21625,6
7288,6
23259,6
92498,6
61467,6
37638,6
43219,6
23257,6
74405,6
60488,6
92504,6
42677,6
20553,6
76608,6
61476,6
74396,6
51689,6
37633,6
51855,6
23251,6
92511,6
47220,6
25281,6
56098,6
74383,6
91335,6
56099,6
74380,6
85603,6
13455,6
95664,6
68762,6
88033,6
57625,6
95430,6
66595,6
87350,6
66596,6
30571,6
63992,6
95434,6
46259,6
17769,6
53974,6
66599,6
4404,6
11201,6
95442,6
11208,6
68743,6
63995,6
15350,6
88603,6
87616,6
30592,6
63999,6
66603,6
84348,6
64002,6
30569,6
81991,6
44582,6
53381,6
63970,6
95412,6
34235,6
53976,6
83884,6
35193,6
88620,6
63977,6
4440,6
1954,6
32607,6
48292,6
53677,6
83069,6
81983,6
64939,6
11194,6
35187,6
41261,6
30556,6
12396,6
57623,6
68770,6
68769,6
17781,6
2422,6
41259,6
12384,6
4388,6
64004,6
82014,6
68686,6
96618,6
2402,6
95477,6
30623,6
35154,6
64026,6
41251,6
64921,6
30627,6
97975,6
15357,6
87358,6
84337,6
97539,6
68668,6
46249,6
96615,6
95488,6
16664,6
34261,6
66641,6
4340,6
68661,6
30647,6
16666,6
64913,6
30618,6
3243,6
97536,6
30607,6
68723,6
3238,6
15353,6
35169,6
50411,6
17753,6
48288,6
68712,6
32586,6
44586,6
17745,6
16653,6
88036,6
35156,6
58666,6
35168,6
58667,6
15355,6
95466,6
84343,6
58898,6
64017,6
58204,6
64018,6
50094,6
82034,6
30528,6
1951,6
52243,6
96663,6
4484,6
95361,6
84383,6
16613,6
81920,6
35240,6
16614,6
68890,6
32649,6
63928,6
88647,6
17870,6
58223,6
32647,6
17869,6
41307,6
83875,6
11776,6
81927,6
46266,6
16619,6
11171,6
63929,6
16621,6
44568,6
58931,6
1908,6
53377,6
95357,6
88624,6
40081,6
96668,6
98035,6
81897,6
41320,6
32662,6
2430,6
41315,6
30415,6
44565,6
81903,6
53374,6
45188,6
68917,6
17892,6
81907,6
41311,6
88653,6
83103,6
68910,6
66529,6
12410,6
1898,6
52227,6
57574,6
63923,6
17886,6
68903,6
46079,6
40305,6
40083,6
30459,6
4454,6
11765,6
45068,6
34230,6
48645,6
97519,6
57602,6
95405,6
84369,6
66571,6
2424,6
66574,6
35205,6
68818,6
17816,6
63961,6
50420,6
17815,6
35201,6
15323,6
4449,6
66575,6
97524,6
30521,6
96639,6
3228,6
12401,6
32626,6
1941,6
3218,6
98018,6
40086,6
34214,6
11174,6
35224,6
12409,6
68862,6
63943,6
3209,6
95391,6
30471,6
11178,6
68855,6
48652,6
98006,6
44576,6
30480,6
98015,6
30481,6
30483,6
4458,6
83879,6
41275,6
32634,6
34219,6
32632,6
45185,6
82045,6
4334,6
44882,6
30768,6
30769,6
68488,6
58173,6
4236,6
3296,6
84297,6
30778,6
30779,6
58172,6
66720,6
68480,6
11724,6
95592,6
83914,6
12355,6
30784,6
82120,6
47979,6
16702,6
40767,6
11723,6
17639,6
83009,6
4232,6
82127,6
66733,6
3301,6
68490,6
11261,6
4251,6
11726,6
82102,6
53944,6
32496,6
82104,6
52587,6
48267,6
41213,6
2377,6
68514,6
17663,6
82106,6
58177,6
30750,6
64105,6
66706,6
11252,6
2012,6
96557,6
68504,6
64108,6
68502,6
84302,6
66710,6
68498,6
84300,6
30763,6
17650,6
82129,6
68462,6
49839,6
30794,6
64146,6
97918,6
58163,6
11280,6
82158,6
53694,6
68403,6
15430,6
2365,6
96519,6
66764,6
32457,6
30870,6
32456,6
52389,6
15816,6
84270,6
30876,6
49746,6
82166,6
35053,6
30882,6
4179,6
66771,6
46221,6
12341,6
46095,6
82152,6
35064,6
87592,6
52259,6
82130,6
68459,6
53692,6
3308,6
64125,6
97563,6
58167,6
30800,6
35081,6
57696,6
41203,6
53937,6
40139,6
68417,6
17626,6
46231,6
57701,6
97564,6
16714,6
41195,6
35071,6
96526,6
2370,6
82148,6
66754,6
40141,6
45178,6
16686,6
48275,6
34264,6
58891,6
95523,6
58192,6
35128,6
64059,6
15388,6
12134,6
68609,6
97954,6
64904,6
41233,6
44602,6
4310,6
48633,6
4303,6
4293,6
96592,6
95536,6
17699,6
83899,6
68596,6
35121,6
96589,6
82074,6
68590,6
49739,6
30701,6
49843,6
17708,6
68525,6
35131,6
44593,6
44596,6
34262,6
30658,6
32546,6
57657,6
30659,6
88588,6
53958,6
52244,6
95510,6
35133,6
96603,6
30667,6
4324,6
68632,6
30670,6
97961,6
68629,6
95513,6
96599,6
47948,6
4321,6
64053,6
95517,6
32541,6
95519,6
15389,6
4288,6
35119,6
68583,6
16684,6
50388,6
64088,6
68548,6
30727,6
30730,6
32507,6
96574,6
35103,6
96572,6
96571,6
15400,6
82098,6
50105,6
68534,6
96567,6
66694,6
66695,6
17669,6
68531,6
95576,6
87373,6
66696,6
17667,6
49840,6
40130,6
2007,6
34285,6
68554,6
64084,6
96582,6
40124,6
64070,6
17684,6
95547,6
96586,6
68577,6
4284,6
4280,6
32519,6
53950,6
66672,6
48274,6
4275,6
95560,6
68570,6
53486,6
64896,6
40294,6
1988,6
49740,6
30719,6
97949,6
68562,6
32514,6
1990,6
66682,6
83106,6
58940,6
29880,6
30040,6
44511,6
35435,6
66357,6
95131,6
35434,6
34152,6
66359,6
69321,6
47874,6
1783,6
11819,6
97475,6
32806,6
11816,6
48318,6
3117,6
1785,6
30061,6
52508,6
46308,6
30062,6
81710,6
3120,6
53653,6
58639,6
58273,6
98124,6
95125,6
88755,6
49863,6
35436,6
52189,6
12101,6
95107,6
44505,6
52427,6
3108,6
12498,6
18108,6
54053,6
84493,6
35452,6
30017,6
48323,6
50492,6
40665,6
63723,6
35438,6
35437,6
11070,6
4723,6
44508,6
69340,6
30037,6
83830,6
57449,6
69336,6
83188,6
95145,6
66376,6
69301,6
35420,6
58984,6
95168,6
32779,6
32778,6
40679,6
4664,6
69251,6
69250,6
50066,6
35402,6
88730,6
32768,6
49697,6
30112,6
30114,6
16559,6
46295,6
54037,6
95177,6
4654,6
54036,6
34167,6
41421,6
41418,6
69229,6
16561,6
58644,6
57464,6
50472,6
57463,6
32790,6
4681,6
31910,6
1796,6
3125,6
45202,6
30083,6
87976,6
3130,6
69285,6
3131,6
52509,6
11083,6
15218,6
58985,6
81723,6
18068,6
81725,6
87285,6
40037,6
81726,6
18062,6
83837,6
16554,6
88740,6
96753,6
66392,6
47870,6
96784,6
81749,6
41481,6
1767,6
50049,6
29911,6
88787,6
69466,6
53346,6
96805,6
18165,6
11044,6
57409,6
63681,6
29916,6
63683,6
41475,6
29922,6
96804,6
57413,6
96803,6
18162,6
11045,6
88782,6
11833,6
41474,6
41471,6
95063,6
98148,6
18160,6
32889,6
29909,6
54055,6
81623,6
34114,6
29884,6
16489,6
41496,6
41494,6
15181,6
69491,6
4788,6
69489,6
34119,6
83220,6
69488,6
29895,6
4787,6
18180,6
40661,6
57403,6
69483,6
69482,6
52625,6
15184,6
57404,6
65063,6
57405,6
87262,6
81620,6
81621,6
66301,6
63685,6
32881,6
4774,6
66317,6
54058,6
96796,6
95081,6
96795,6
35471,6
29968,6
35470,6
84503,6
87955,6
97462,6
41448,6
3098,6
35466,6
87263,6
29984,6
29987,6
11831,6
47863,6
95094,6
11054,6
69385,6
35458,6
15192,6
65050,6
69378,6
18116,6
69408,6
88775,6
18136,6
29944,6
54068,6
16508,6
46320,6
32879,6
95069,6
2482,6
41457,6
32870,6
66308,6
29938,6
66310,6
29943,6
44495,6
1772,6
69428,6
44496,6
96799,6
95073,6
95074,6
63687,6
69421,6
40336,6
4767,6
18143,6
29955,6
40335,6
69228,6
30125,6
53994,6
69044,6
1873,6
34197,6
69040,6
11142,6
69038,6
69037,6
96701,6
66481,6
45861,6
41347,6
81844,6
95293,6
98063,6
30312,6
57533,6
17948,6
50440,6
15278,6
3178,6
40705,6
95298,6
12430,6
57538,6
54010,6
83864,6
48535,6
41342,6
4553,6
57524,6
30272,6
34196,6
3169,6
66466,6
15258,6
52610,6
95274,6
15262,6
45194,6
87314,6
1857,6
44541,6
96709,6
11132,6
57519,6
15876,6
69062,6
34191,6
66471,6
15267,6
11134,6
58955,6
83131,6
48533,6
30292,6
87625,6
83862,6
45969,6
46277,6
35295,6
11146,6
52606,6
81853,6
68975,6
98044,6
4531,6
30372,6
58944,6
4529,6
53997,6
52413,6
17920,6
17918,6
44557,6
98039,6
40072,6
96678,6
4524,6
40309,6
4523,6
40076,6
1893,6
57558,6
17912,6
30388,6
17910,6
17908,6
16609,6
57560,6
96670,6
2435,6
30369,6
32677,6
64978,6
83865,6
54009,6
53663,6
32695,6
44884,6
30338,6
96694,6
40706,6
83867,6
49714,6
40708,6
11151,6
57543,6
2439,6
40310,6
15284,6
35288,6
83120,6
47916,6
30350,6
95310,6
96686,6
34203,6
4533,6
40066,6
3185,6
95272,6
15249,6
47884,6
69185,6
16574,6
44890,6
44531,6
66428,6
11104,6
4636,6
57481,6
81772,6
81774,6
83152,6
35377,6
98101,6
69172,6
69169,6
4632,6
30180,6
18004,6
46074,6
96729,6
96728,6
83856,6
1824,6
63803,6
83149,6
81784,6
15235,6
30193,6
12453,6
4639,6
17967,6
35387,6
63773,6
15894,6
12106,6
35393,6
30138,6
69215,6
88726,6
3151,6
3152,6
4645,6
69210,6
98105,6
63781,6
15887,6
47891,6
11101,6
30146,6
66421,6
58649,6
11103,6
81763,6
66423,6
18017,6
87982,6
15232,6
4641,6
18015,6
4613,6
35359,6
17991,6
35356,6
66453,6
41380,6
30230,6
81803,6
64998,6
66457,6
40694,6
35338,6
4588,6
50451,6
4587,6
16590,6
4586,6
45855,6
35328,6
95261,6
87994,6
17975,6
1842,6
12116,6
69091,6
98084,6
52613,6
69088,6
4575,6
4572,6
95269,6
35340,6
40052,6
40692,6
16587,6
58251,6
4608,6
17986,6
47899,6
4605,6
30202,6
11803,6
32737,6
69134,6
11116,6
98094,6
66443,6
32735,6
4592,6
69127,6
84438,6
4600,6
30214,6
32732,6
1837,6
53661,6
40049,6
34183,6
45196,6
50075,6
69115,6
17592,6
16739,6
41185,6
67118,6
3800,6
40217,6
64463,6
67679,6
96013,6
34738,6
49787,6
31560,6
15567,6
82516,6
32090,6
41013,6
67669,6
87492,6
48205,6
3799,6
82803,6
12254,6
58055,6
3795,6
17234,6
3787,6
64473,6
53825,6
34494,6
34726,6
67652,6
58058,6
17245,6
34482,6
34743,6
52306,6
32111,6
52307,6
84126,6
17260,6
45911,6
82500,6
96319,6
12268,6
64717,6
31534,6
82501,6
40880,6
84123,6
87487,6
16888,6
16889,6
2196,6
64458,6
15717,6
34493,6
32093,6
31546,6
67691,6
96005,6
34746,6
3803,6
41009,6
48204,6
53744,6
2199,6
15577,6
31625,6
84107,6
96046,6
32071,6
67612,6
31627,6
52560,6
88195,6
57923,6
64493,6
16906,6
12245,6
3513,6
31634,6
57929,6
45913,6
12242,6
67154,6
50240,6
58779,6
32063,6
64505,6
64698,6
67159,6
34499,6
2220,6
31619,6
87547,6
31615,6
41003,6
32082,6
97646,6
32078,6
97744,6
3783,6
31594,6
88349,6
31597,6
67639,6
44713,6
64704,6
67636,6
88345,6
64701,6
96296,6
88194,6
31607,6
96295,6
3511,6
82536,6
44716,6
2205,6
40260,6
2206,6
17215,6
45107,6
95986,6
57894,6
67585,6
34803,6
3460,6
57863,6
3869,6
67809,6
84147,6
15742,6
82447,6
12280,6
3463,6
67802,6
34797,6
88391,6
67057,6
3466,6
58074,6
95955,6
67796,6
11413,6
97778,6
12278,6
41038,6
31453,6
44695,6
31454,6
96340,6
17323,6
84140,6
2305,6
82444,6
16877,6
82442,6
17354,6
67843,6
44813,6
48101,6
15749,6
67840,6
31387,6
3896,6
17353,6
57856,6
17349,6
15532,6
34805,6
64745,6
82433,6
3449,6
31413,6
82437,6
2312,6
53850,6
15744,6
3453,6
2307,6
67820,6
12281,6
48102,6
48596,6
31459,6
40870,6
3853,6
67065,6
67754,6
57881,6
34783,6
31498,6
53837,6
44800,6
45101,6
64428,6
34778,6
53834,6
84132,6
31503,6
41028,6
44699,6
48208,6
17279,6
31513,6
31518,6
2187,6
15550,6
97762,6
17274,6
32119,6
2190,6
31523,6
34481,6
88366,6
2288,6
58792,6
45099,6
50254,6
67781,6
17320,6
15740,6
64417,6
32152,6
82466,6
67069,6
57872,6
87481,6
2185,6
40873,6
34470,6
57874,6
31487,6
15734,6
64733,6
3473,6
96336,6
16860,6
15547,6
17316,6
32134,6
2290,6
67083,6
40874,6
88376,6
31644,6
64696,6
44629,6
40243,6
40944,6
31956,6
67421,6
3680,6
17080,6
31955,6
17079,6
44785,6
67416,6
17076,6
67265,6
82657,6
53784,6
3599,6
82664,6
82737,6
67268,6
40934,6
15649,6
67401,6
67400,6
67399,6
96158,6
96159,6
17066,6
3665,6
96163,6
34604,6
64657,6
84066,6
11553,6
31773,6
31969,6
82746,6
64570,6
31967,6
40950,6
50186,6
82631,6
57971,6
53789,6
11509,6
15637,6
17102,6
44755,6
2269,6
3585,6
3587,6
64579,6
82639,6
48163,6
58024,6
97674,6
82643,6
88233,6
67251,6
44789,6
46127,6
17064,6
96164,6
31841,6
40932,6
67291,6
67336,6
82701,6
31888,6
82703,6
67331,6
11536,6
17018,6
31928,6
88245,6
31892,6
34540,6
2260,6
34546,6
17016,6
31926,6
31896,6
64640,6
88252,6
3623,6
40913,6
96198,6
34555,6
3622,6
88249,6
64638,6
67304,6
84034,6
46140,6
53773,6
52335,6
84047,6
48170,6
97679,6
3653,6
44778,6
96171,6
34581,6
64650,6
67370,6
58745,6
3652,6
3647,6
31866,6
84035,6
44766,6
34573,6
44769,6
11525,6
88262,6
88261,6
31945,6
96181,6
15657,6
31940,6
15665,6
52545,6
82627,6
88231,6
87511,6
3539,6
67543,6
58769,6
97723,6
96273,6
67540,6
12232,6
31699,6
17152,6
40889,6
40981,6
67532,6
32008,6
32007,6
96090,6
52554,6
12224,6
31712,6
84009,6
40227,6
11483,6
57949,6
46152,6
11485,6
82588,6
11565,6
88320,6
64677,6
40983,6
97655,6
50185,6
17159,6
64513,6
88199,6
32052,6
82785,6
40993,6
17181,6
82562,6
50234,6
84094,6
32041,6
96065,6
53438,6
97653,6
82780,6
40988,6
87512,6
52556,6
88205,6
32029,6
82778,6
40985,6
15603,6
82573,6
31687,6
34658,6
84005,6
82574,6
96099,6
31714,6
64676,6
57953,6
67219,6
67220,6
31744,6
3714,6
34633,6
64670,6
67223,6
67225,6
40964,6
50181,6
34631,6
16963,6
31749,6
40959,6
34516,6
96243,6
40898,6
34630,6
34628,6
44751,6
15613,6
3578,6
15618,6
31761,6
82625,6
97712,6
53444,6
64672,6
52326,6
44748,6
97717,6
40967,6
3549,6
67512,6
96257,6
31987,6
40966,6
15700,6
67507,6
17131,6
40965,6
96103,6
3550,6
3551,6
3722,6
31721,6
3728,6
50220,6
48180,6
31725,6
67494,6
17127,6
58035,6
34513,6
40895,6
16960,6
82605,6
58798,6
3899,6
95932,6
66873,6
48045,6
88473,6
34964,6
87429,6
17507,6
95757,6
88470,6
49829,6
31048,6
31049,6
57771,6
68179,6
12309,6
34956,6
52381,6
44659,6
64250,6
64251,6
97861,6
82273,6
82931,6
3381,6
57774,6
11664,6
32333,6
64810,6
95767,6
64816,6
95749,6
34976,6
4072,6
68233,6
95728,6
50322,6
34974,6
48041,6
31017,6
2066,6
34973,6
58136,6
31022,6
3363,6
97871,6
44838,6
11328,6
95739,6
2069,6
97868,6
11329,6
58704,6
3371,6
34972,6
68205,6
82259,6
17512,6
68201,6
41125,6
83949,6
31068,6
64253,6
88467,6
88110,6
97849,6
40271,6
82921,6
82285,6
31107,6
53469,6
4037,6
34928,6
31115,6
48550,6
66910,6
4036,6
64798,6
57785,6
15769,6
31118,6
4033,6
12302,6
58830,6
95792,6
3403,6
17482,6
12301,6
32301,6
40178,6
41103,6
16792,6
34377,6
68134,6
95778,6
64808,6
57775,6
88466,6
49828,6
97860,6
40803,6
3384,6
68160,6
31077,6
49758,6
34952,6
41116,6
68152,6
82925,6
15776,6
64806,6
31082,6
64262,6
64264,6
4046,6
3394,6
87435,6
31097,6
2080,6
87436,6
68137,6
68136,6
15460,6
82243,6
11408,6
30925,6
45080,6
82186,6
32428,6
88522,6
50338,6
17571,6
88521,6
17569,6
3332,6
96497,6
3334,6
82973,6
30936,6
15450,6
68325,6
11687,6
2348,6
16750,6
4148,6
82192,6
30941,6
17567,6
4145,6
50125,6
35023,6
58852,6
58851,6
64182,6
68339,6
95725,6
30919,6
58159,6
34326,6
11288,6
87400,6
17587,6
32448,6
30895,6
57722,6
32446,6
53403,6
30900,6
32444,6
96508,6
68361,6
32438,6
58691,6
3326,6
84257,6
57725,6
57726,6
30907,6
30908,6
40784,6
2047,6
30912,6
64177,6
15445,6
66819,6
58849,6
3349,6
44844,6
88502,6
83944,6
82229,6
66843,6
48546,6
32385,6
68260,6
66846,6
11312,6
66847,6
45086,6
17529,6
88495,6
11313,6
68251,6
53909,6
68249,6
66850,6
82951,6
40795,6
40164,6
32383,6
50328,6
31004,6
82242,6
31009,6
68238,6
4113,6
82222,6
49831,6
95702,6
35016,6
11685,6
3350,6
12155,6
45159,6
46215,6
96475,6
66831,6
57741,6
44635,6
44636,6
4128,6
82214,6
41153,6
87415,6
95704,6
34999,6
68282,6
15455,6
53407,6
41160,6
97885,6
48024,6
66834,6
32396,6
16758,6
58712,6
50145,6
48228,6
97814,6
88423,6
31274,6
2325,6
97615,6
34843,6
67938,6
2128,6
16830,6
64357,6
52567,6
34837,6
31286,6
2324,6
41070,6
82382,6
48216,6
44676,6
46200,6
31295,6
50278,6
67918,6
31300,6
17387,6
31301,6
67914,6
41066,6
46197,6
41072,6
17405,6
45093,6
3951,6
57813,6
15506,6
34861,6
3427,6
12289,6
82364,6
11370,6
32220,6
84174,6
64344,6
3434,6
15757,6
3957,6
17409,6
2126,6
3953,6
15756,6
88427,6
97613,6
64763,6
12173,6
67951,6
58100,6
44822,6
11376,6
53426,6
82375,6
11388,6
82391,6
17384,6
3441,6
52566,6
17369,6
57845,6
64752,6
95910,6
44817,6
95911,6
3907,6
96359,6
67028,6
87468,6
17365,6
87471,6
32171,6
41054,6
52367,6
58800,6
16845,6
67854,6
11401,6
67035,6
3448,6
58084,6
67040,6
58081,6
32167,6
58799,6
83975,6
17374,6
88409,6
31314,6
67905,6
11636,6
58097,6
84163,6
3925,6
34444,6
67012,6
96371,6
16831,6
3442,6
82399,6
57837,6
17377,6
40856,6
96369,6
3916,6
31320,6
31322,6
87464,6
32185,6
58804,6
15519,6
16834,6
11394,6
57843,6
31336,6
34424,6
58719,6
49768,6
3413,6
57796,6
11359,6
34903,6
68060,6
40185,6
68058,6
95823,6
4007,6
50150,6
88122,6
58821,6
88443,6
58819,6
68049,6
82902,6
32268,6
17451,6
17448,6
57798,6
32263,6
82901,6
87450,6
88442,6
68039,6
3998,6
31187,6
3411,6
12164,6
32286,6
31161,6
53421,6
45144,6
11352,6
11353,6
96422,6
15479,6
12297,6
95802,6
17471,6
4018,6
17470,6
40180,6
68086,6
68084,6
97836,6
34913,6
12162,6
31149,6
34911,6
68077,6
11357,6
68075,6
53884,6
82314,6
48612,6
11661,6
34393,6
64315,6
16796,6
97826,6
48079,6
32247,6
68000,6
82892,6
67999,6
64329,6
67997,6
3968,6
16804,6
66964,6
32242,6
48552,6
34876,6
95861,6
64776,6
31221,6
2113,6
32237,6
41079,6
58813,6
82354,6
32234,6
58717,6
87561,6
3424,6
66977,6
40269,6
67978,6
53466,6
17434,6
31210,6
3980,6
34884,6
68030,6
82333,6
34400,6
96408,6
87565,6
12167,6
3991,6
64321,6
34405,6
17440,6
3416,6
96403,6
17435,6
41092,6
12170,6
31202,6
84180,6
58716,6
32248,6
44824,6
17436,6
96400,6
95853,6
44665,6
66959,6
2485,6
63749,6
94549,6
11936,6
44950,6
28913,6
70516,6
28919,6
84741,6
89066,6
35913,6
41752,6
98383,6
63233,6
63234,6
35911,6
87690,6
84742,6
81121,6
57146,6
2582,6
28923,6
18684,6
70500,6
52110,6
52114,6
63238,6
94493,6
54211,6
35902,6
70519,6
70521,6
57139,6
5347,6
28886,6
97079,6
52108,6
87692,6
16262,6
81108,6
18689,6
35924,6
94474,6
83714,6
35923,6
1532,6
5345,6
97074,6
28907,6
18688,6
89069,6
33357,6
81114,6
94480,6
33898,6
28910,6
28911,6
65785,6
47743,6
16007,6
11935,6
10762,6
63243,6
45252,6
28964,6
5323,6
10787,6
16275,6
81151,6
70448,6
48378,6
5319,6
65811,6
48491,6
28969,6
83438,6
2581,6
14995,6
94515,6
45251,6
10794,6
70436,6
33318,6
16280,6
65820,6
28980,6
18655,6
28981,6
16281,6
5317,6
33902,6
83442,6
44361,6
28958,6
14997,6
97065,6
70484,6
83445,6
48379,6
12621,6
41734,6
18673,6
2839,6
5329,6
10764,6
52115,6
33331,6
70473,6
5326,6
94504,6
97058,6
12620,6
57157,6
18668,6
2840,6
81139,6
49635,6
89050,6
70463,6
57140,6
98387,6
81163,6
16236,6
18741,6
58553,6
47731,6
59135,6
70640,6
10706,6
35969,6
70636,6
28766,6
35960,6
40406,6
16235,6
46416,6
5391,6
58440,6
28780,6
33425,6
5378,6
83485,6
87116,6
28781,6
57122,6
83484,6
65734,6
18734,6
5375,6
70650,6
1519,6
16261,6
83495,6
28731,6
41778,6
41777,6
65702,6
5403,6
97118,6
63164,6
94419,6
89110,6
70673,6
87813,6
84774,6
16227,6
70654,6
70670,6
81045,6
48754,6
41770,6
1516,6
70664,6
97114,6
16025,6
70661,6
84772,6
81050,6
53285,6
18732,6
81067,6
70617,6
58426,6
44345,6
14972,6
98397,6
18709,6
57136,6
87124,6
35941,6
49975,6
65286,6
83460,6
28842,6
40540,6
49976,6
83483,6
44352,6
52494,6
70565,6
49629,6
5354,6
28871,6
81098,6
70558,6
63215,6
83458,6
50660,6
28880,6
87824,6
70582,6
87697,6
70585,6
81068,6
65300,6
11946,6
57125,6
39912,6
65739,6
81073,6
83480,6
59132,6
59131,6
65744,6
14970,6
41762,6
57131,6
94451,6
11944,6
59126,6
94452,6
70591,6
63200,6
63201,6
54223,6
12046,6
33391,6
46039,6
81162,6
2580,6
97373,6
16341,6
57191,6
88989,6
41700,6
35821,6
12062,6
1596,6
70255,6
12068,6
41697,6
39948,6
1600,6
59085,6
96998,6
97002,6
65920,6
29188,6
83384,6
57200,6
59082,6
39952,6
33205,6
83383,6
48368,6
35803,6
65927,6
1612,6
49649,6
98323,6
10841,6
94593,6
70295,6
5266,6
52444,6
29137,6
16330,6
33238,6
33236,6
49999,6
2571,6
57188,6
11911,6
29147,6
11910,6
63322,6
41703,6
83738,6
53308,6
70279,6
97003,6
48711,6
52126,6
33226,6
18582,6
70273,6
65908,6
70271,6
5237,6
57203,6
63343,6
84674,6
1621,6
65221,6
52131,6
18531,6
87875,6
53314,6
63357,6
15048,6
84676,6
52657,6
5216,6
65948,6
84673,6
63344,6
94647,6
54167,6
2924,6
44392,6
54165,6
5211,6
81291,6
70179,6
16360,6
29251,6
97370,6
2561,6
33189,6
44935,6
33968,6
65939,6
96992,6
29214,6
63345,6
5230,6
96991,6
57204,6
70222,6
10858,6
10860,6
46384,6
41688,6
63346,6
33967,6
65933,6
70216,6
11904,6
87158,6
53600,6
48707,6
65936,6
45231,6
18544,6
40585,6
63353,6
50618,6
33243,6
46392,6
50643,6
1571,6
65256,6
54195,6
98357,6
16315,6
84716,6
33274,6
1569,6
15009,6
94543,6
29035,6
65856,6
33273,6
70383,6
2875,6
89028,6
29038,6
10804,6
16316,6
10807,6
46395,6
70375,6
58404,6
2572,6
35852,6
29055,6
70369,6
87139,6
70397,6
65889,6
28999,6
1549,6
53298,6
41724,6
5311,6
94527,6
40555,6
87841,6
58411,6
70417,6
84723,6
44947,6
70414,6
29003,6
65848,6
59105,6
5309,6
2577,6
70407,6
52450,6
40556,6
16304,6
33920,6
5306,6
70401,6
35869,6
53525,6
49640,6
70367,6
29058,6
88999,6
5293,6
70333,6
48727,6
5288,6
33251,6
89006,6
81215,6
5287,6
29107,6
70322,6
97016,6
29112,6
5281,6
29060,6
83399,6
33937,6
70313,6
15019,6
81224,6
58397,6
84702,6
18600,6
47761,6
12608,6
33941,6
70301,6
70336,6
87686,6
10824,6
29098,6
70363,6
29064,6
18620,6
52120,6
15014,6
29072,6
2886,6
63292,6
18616,6
70355,6
35850,6
1574,6
29077,6
94559,6
44377,6
10820,6
65868,6
87856,6
65870,6
63297,6
29086,6
29090,6
5295,6
33259,6
44378,6
70685,6
28726,6
46036,6
18898,6
58495,6
49939,6
50719,6
84845,6
56998,6
5549,6
28352,6
84844,6
28358,6
59181,6
44284,6
33656,6
45016,6
28350,6
11989,6
36163,6
94244,6
14895,6
80880,6
97189,6
5536,6
33644,6
39869,6
5534,6
63001,6
87726,6
83581,6
65522,6
62975,6
83642,6
16114,6
87069,6
87734,6
36177,6
14881,6
28331,6
65504,6
18907,6
12677,6
65505,6
28334,6
87761,6
1431,6
28348,6
80865,6
45280,6
33785,6
71063,6
2721,6
65515,6
48463,6
87764,6
41889,6
84847,6
71057,6
46450,6
71020,6
83655,6
28377,6
65373,6
65379,6
87723,6
44301,6
28413,6
94267,6
33622,6
70984,6
45997,6
63017,6
83663,6
94269,6
97183,6
94271,6
33638,6
44306,6
80913,6
1445,6
10620,6
12674,6
63021,6
18859,6
16142,6
36137,6
70968,6
16053,6
47695,6
63013,6
16056,6
70993,6
97185,6
18893,6
18889,6
33635,6
5532,6
36156,6
97187,6
84839,6
33634,6
18888,6
65552,6
98487,6
47685,6
33632,6
89194,6
28389,6
46448,6
63007,6
71004,6
33627,6
5520,6
97186,6
5515,6
28405,6
28406,6
70995,6
28328,6
59187,6
44976,6
54287,6
28237,6
46009,6
62934,6
62937,6
71164,6
65472,6
71162,6
16100,6
48431,6
98528,6
28251,6
71156,6
47667,6
33753,6
36205,6
39854,6
56970,6
40452,6
18938,6
18936,6
71147,6
80834,6
54283,6
5582,6
87741,6
80837,6
36209,6
89227,6
33779,6
28222,6
97236,6
18955,6
71195,6
33727,6
83614,6
49593,6
97234,6
97233,6
65451,6
65453,6
71186,6
18950,6
97231,6
10572,6
65441,6
33716,6
56958,6
28223,6
41918,6
2683,6
83617,6
80819,6
45284,6
2694,6
28229,6
44273,6
41898,6
2706,6
5578,6
12691,6
5565,6
65415,6
62964,6
62965,6
62966,6
45006,6
16065,6
14880,6
33769,6
87735,6
28298,6
71094,6
12681,6
71138,6
62970,6
1421,6
56988,6
80858,6
33686,6
80860,6
94223,6
71084,6
48780,6
28318,6
41892,6
18915,6
18922,6
56984,6
80850,6
16069,6
10576,6
28270,6
98526,6
39858,6
80841,6
28273,6
16071,6
1412,6
49597,6
84861,6
94203,6
65483,6
54279,6
2675,6
50728,6
10580,6
41895,6
71116,6
48458,6
83631,6
62959,6
2667,6
14879,6
41894,6
71109,6
36127,6
94283,6
52680,6
63109,6
98446,6
47718,6
46433,6
28612,6
94364,6
87098,6
48762,6
28618,6
11962,6
98441,6
70775,6
65332,6
57077,6
14935,6
33484,6
36042,6
1478,6
70765,6
36041,6
80997,6
14941,6
18790,6
65331,6
97316,6
58460,6
83681,6
47717,6
89141,6
41856,6
10648,6
98456,6
63086,6
83676,6
2768,6
33508,6
28577,6
52489,6
83528,6
63087,6
1461,6
1462,6
94345,6
5460,6
70795,6
28593,6
59166,6
94351,6
11963,6
83524,6
33494,6
28602,6
18809,6
1468,6
70798,6
16189,6
94357,6
83682,6
41808,6
5432,6
14951,6
45264,6
70718,6
44977,6
16032,6
65686,6
16212,6
65319,6
53576,6
1496,6
84784,6
65693,6
28705,6
94405,6
18782,6
18761,6
33451,6
49967,6
28714,6
36002,6
28719,6
52668,6
65699,6
54230,6
57111,6
1508,6
84775,6
41792,6
18765,6
57099,6
16207,6
70751,6
65669,6
16200,6
33470,6
57091,6
81009,6
52084,6
58458,6
70739,6
18777,6
16034,6
10676,6
65324,6
14944,6
28665,6
63130,6
57097,6
5422,6
65679,6
16033,6
18769,6
39897,6
70725,6
36016,6
33467,6
28570,6
94341,6
44318,6
65602,6
97173,6
70921,6
89168,6
57046,6
97172,6
83553,6
83552,6
97171,6
5493,6
89167,6
65600,6
50702,6
12669,6
33575,6
80940,6
70910,6
63046,6
14918,6
70907,6
1451,6
94308,6
87782,6
94310,6
41835,6
18834,6
5488,6
70923,6
28483,6
98474,6
1448,6
28441,6
36119,6
83666,6
5504,6
18846,6
2739,6
28454,6
70946,6
33824,6
39873,6
80929,6
28458,6
16048,6
65587,6
33589,6
57039,6
33829,6
18845,6
94296,6
46017,6
47697,6
14910,6
33832,6
41844,6
28477,6
18832,6
28509,6
50696,6
28539,6
54253,6
41831,6
94326,6
94327,6
44984,6
1458,6
70855,6
80965,6
70852,6
70851,6
98463,6
33521,6
28540,6
50700,6
5477,6
2763,6
49950,6
48405,6
65337,6
52674,6
44316,6
70836,6
70835,6
28555,6
1460,6
28561,6
65632,6
52072,6
70863,6
63068,6
33571,6
65606,6
2635,6
97300,6
40501,6
12667,6
33554,6
65619,6
80948,6
10632,6
83541,6
80951,6
28520,6
65621,6
11969,6
70879,6
80952,6
5482,6
65623,6
94322,6
65625,6
33549,6
33845,6
33847,6
63062,6
81299,6
84027,6
18416,6
57359,6
29556,6
45222,6
69835,6
33120,6
39992,6
12097,6
84586,6
18338,6
29558,6
58356,6
15937,6
63459,6
58600,6
10992,6
32957,6
15153,6
46344,6
88813,6
40618,6
53328,6
33122,6
29417,6
94862,6
58338,6
3062,6
34033,6
4842,6
3061,6
63576,6
84626,6
5095,6
33121,6
15918,6
49876,6
18243,6
35680,6
98196,6
34068,6
94773,6
88821,6
87902,6
97390,6
32964,6
4854,6
46348,6
83244,6
18249,6
29546,6
88903,6
87193,6
66212,6
69976,6
16476,6
32966,6
33109,6
98182,6
69980,6
69641,6
59075,6
83264,6
18425,6
5088,6
69633,6
81557,6
29732,6
10989,6
35528,6
35556,6
2519,6
63611,6
29547,6
45821,6
16403,6
35529,6
1741,6
4989,6
45045,6
66117,6
29570,6
63444,6
45819,6
35515,6
2953,6
16396,6
63625,6
35601,6
2515,6
16434,6
69814,6
29566,6
94867,6
58312,6
69818,6
96839,6
97435,6
1671,6
63443,6
97387,6
45224,6
5108,6
29379,6
33127,6
29384,6
96893,6
40643,6
35708,6
63439,6
29777,6
15928,6
29784,6
35701,6
29391,6
34041,6
15086,6
66165,6
1683,6
18444,6
34074,6
5099,6
53642,6
70005,6
29766,6
63574,6
69826,6
66032,6
2961,6
18335,6
15138,6
70003,6
32953,6
4841,6
94763,6
81564,6
69711,6
87210,6
98227,6
81377,6
96896,6
46357,6
11847,6
81468,6
35691,6
58609,6
70012,6
58582,6
69715,6
83789,6
58329,6
18235,6
18239,6
3009,6
63523,6
96943,6
70010,6
3042,6
98185,6
41582,6
18260,6
54128,6
69671,6
29523,6
65150,6
10966,6
46349,6
12527,6
98233,6
69669,6
57299,6
5041,6
15944,6
83253,6
69676,6
45217,6
16419,6
69670,6
69866,6
10986,6
50563,6
4878,6
97402,6
65159,6
63487,6
57294,6
83773,6
81523,6
3004,6
18373,6
2992,6
81424,6
58346,6
94958,6
29529,6
18353,6
29524,6
50030,6
69900,6
94820,6
96912,6
2995,6
94823,6
94825,6
18367,6
83802,6
83303,6
87915,6
16465,6
63585,6
15099,6
58324,6
2512,6
98237,6
63587,6
58344,6
53623,6
18369,6
11863,6
87936,6
4902,6
32995,6
69898,6
88865,6
69897,6
16468,6
66108,6
81438,6
5021,6
41600,6
94832,6
87206,6
94947,6
47814,6
87917,6
87649,6
16411,6
39988,6
49887,6
29450,6
12567,6
35658,6
41587,6
87238,6
58322,6
81540,6
33083,6
81403,6
65171,6
57286,6
50031,6
87198,6
63581,6
3052,6
87906,6
69700,6
2975,6
33086,6
29477,6
94975,6
84589,6
53638,6
29427,6
45212,6
33100,6
83261,6
2513,6
66116,6
63579,6
35533,6
94783,6
47826,6
3053,6
33088,6
16472,6
69964,6
83250,6
63513,6
29452,6
69697,6
69936,6
29468,6
2983,6
18392,6
2532,6
97399,6
66076,6
49685,6
18395,6
63511,6
2529,6
81520,6
32979,6
29473,6
29475,6
66113,6
18258,6
45035,6
65168,6
4874,6
32977,6
5070,6
83317,6
66066,6
16409,6
48498,6
29684,6
35648,6
96928,6
33080,6
66071,6
44910,6
10987,6
35535,6
4913,6
16394,6
18453,6
52148,6
11036,6
15137,6
5153,6
3077,6
35756,6
69767,6
70114,6
35755,6
66265,6
58368,6
63403,6
69768,6
10899,6
50540,6
96968,6
69542,6
70108,6
10905,6
34096,6
87173,6
4809,6
44401,6
50597,6
58605,6
98290,6
18200,6
49683,6
52627,6
29647,6
29650,6
87172,6
57237,6
94689,6
29847,6
5158,6
41658,6
11039,6
41502,6
57389,6
66264,6
50590,6
4964,6
63545,6
29785,6
41508,6
29331,6
59013,6
29332,6
58576,6
16375,6
94890,6
50512,6
33987,6
94887,6
94885,6
96826,6
41510,6
65200,6
66261,6
15176,6
63654,6
18310,6
15062,6
29843,6
50589,6
15177,6
29319,6
11003,6
29325,6
46372,6
18496,6
4931,6
41503,6
16449,6
63410,6
57326,6
88801,6
57387,6
57331,6
95034,6
35569,6
54159,6
58379,6
29273,6
45837,6
50602,6
87879,6
97376,6
96973,6
84517,6
2559,6
81500,6
2520,6
32899,6
29275,6
57333,6
34099,6
69518,6
1712,6
11897,6
15131,6
29263,6
81303,6
66280,6
1762,6
34100,6
84669,6
69508,6
65960,6
11005,6
88948,6
29867,6
32897,6
96883,6
81496,6
50604,6
39957,6
65962,6
29280,6
70148,6
96969,6
87882,6
29283,6
35774,6
66146,6
98205,6
65210,6
70138,6
59070,6
33983,6
83276,6
66270,6
63551,6
54108,6
84661,6
83356,6
65982,6
63660,6
66155,6
81601,6
29281,6
69522,6
70146,6
33018,6
88791,6
69755,6
88838,6
4937,6
40594,6
84564,6
59071,6
44475,6
88839,6
40596,6
33160,6
35573,6
11040,6
29628,6
34086,6
50015,6
57382,6
15126,6
41634,6
35729,6
52173,6
45211,6
12516,6
46051,6
57371,6
54085,6
29583,6
40346,6
29346,6
63633,6
58310,6
4820,6
81348,6
12577,6
87925,6
5128,6
41578,6
39971,6
95008,6
65133,6
34080,6
83287,6
69577,6
15072,6
1693,6
18319,6
69576,6
16387,6
81576,6
44471,6
97438,6
70050,6
96954,6
15953,6
4981,6
29359,6
84532,6
81356,6
29587,6
94924,6
29357,6
41528,6
87229,6
52435,6
35722,6
18460,6
44409,6
97439,6
29808,6
98268,6
48696,6
11035,6
29352,6
4926,6
65091,6
97441,6
58618,6
87183,6
35724,6
18228,6
18315,6
70072,6
35716,6
12551,6
48494,6
3073,6
66162,6
87215,6
84560,6
46369,6
81584,6
69784,6
65996,6
69566,6
57319,6
70079,6
69719,6
5136,6
49678,6
10917,6
54104,6
18213,6
88844,6
52143,6
18231,6
29375,6
70083,6
29377,6
58299,6
69782,6
58301,6
50580,6
29816,6
54115,6
63641,6
44434,6
96964,6
41513,6
63631,6
18472,6
63642,6
16393,6
65187,6
11032,6
4971,6
4928,6
2550,6
34083,6
41643,6
81361,6
3071,6
18222,6
83792,6
83536,5
13612,5
21276,5
82826,5
15892,5
82808,5
53656,5
44893,5
52421,5
55140,5
16563,5
83991,5
86335,5
21288,5
43595,5
13236,5
78206,5
21622,5
13336,5
9071,5
90760,5
21291,5
53513,5
88181,5
53500,5
54922,5
52830,5
13618,5
87650,5
16459,5
44911,5
11807,5
46732,5
13615,5
87789,5
86111,5
11601,5
87790,5
16164,5
77754,5
16558,5
87637,5
83546,5
11845,5
78527,5
83843,5
90764,5
83269,5
21280,5
90763,5
43648,5
46108,5
83996,5
46067,5
83851,5
78051,5
83260,5
11976,5
9427,5
77772,5
83267,5
87549,5
16856,5
82822,5
78056,5
86549,5
52472,5
44914,5
90641,5
90644,5
16183,5
12189,5
78187,5
21302,5
83997,5
11600,5
82835,5
13483,5
78202,5
83798,5
9426,5
12032,5
85896,5
45983,5
53606,5
82807,5
13623,5
21222,5
22135,5
51672,5
82747,5
15914,5
9462,5
9463,5
87953,5
85854,5
83597,5
87952,5
78128,5
51740,5
53452,5
9025,5
90344,5
83598,5
12014,5
13888,5
78615,5
15693,5
21709,5
16511,5
85851,5
85849,5
53761,5
55047,5
86431,5
13349,5
16514,5
16966,5
12000,5
83205,5
11994,5
78145,5
21232,5
9456,5
43632,5
43631,5
44899,5
16955,5
13643,5
86314,5
11558,5
11995,5
90355,5
78140,5
13347,5
83820,5
83818,5
16516,5
86438,5
55054,5
16961,5
13644,5
43613,5
55052,5
86313,5
82754,5
54901,5
87954,5
87943,5
83817,5
90618,5
90814,5
83624,5
53644,5
21173,5
16082,5
83622,5
45117,5
12006,5
9021,5
88244,5
12008,5
16996,5
55045,5
78107,5
15683,5
53766,5
16494,5
16487,5
16488,5
21722,5
78643,5
83612,5
9008,5
87750,5
9215,5
78114,5
55170,5
21728,5
82715,5
16994,5
15687,5
77686,5
77681,5
16499,5
83601,5
21713,5
13462,5
87945,5
90334,5
21747,5
46007,5
82736,5
16985,5
82734,5
52347,5
16990,5
13211,5
54895,5
15691,5
11544,5
15688,5
83604,5
78103,5
78633,5
83229,5
43723,5
13461,5
21179,5
21741,5
55164,5
22159,5
78591,5
15697,5
90624,5
51737,5
16143,5
21649,5
87974,5
46763,5
9058,5
83665,5
44797,5
78552,5
83564,5
83565,5
43607,5
83178,5
87973,5
78557,5
78550,5
83251,5
13864,5
22086,5
55062,5
13438,5
78166,5
43715,5
16474,5
16054,5
88197,5
52992,5
21262,5
77730,5
11591,5
87975,5
22093,5
86063,5
21270,5
78538,5
12031,5
90635,5
21635,5
83836,5
13479,5
86449,5
82805,5
86062,5
87647,5
16894,5
9066,5
21268,5
83834,5
90782,5
86276,5
90631,5
85884,5
9252,5
52360,5
13432,5
11597,5
13629,5
83560,5
16050,5
53557,5
90784,5
9200,5
88198,5
22121,5
83580,5
9036,5
82773,5
88209,5
45109,5
78581,5
83829,5
15916,5
16126,5
13875,5
52357,5
77707,5
16478,5
16059,5
83822,5
45044,5
16944,5
78149,5
9234,5
87958,5
9204,5
11562,5
83647,5
87767,5
83200,5
83201,5
9455,5
15912,5
55157,5
46060,5
82775,5
78563,5
78574,5
82789,5
9442,5
83831,5
55059,5
11825,5
12192,5
11583,5
51635,5
45636,5
16057,5
52544,5
83243,5
46116,5
77720,5
21242,5
78160,5
55023,5
43637,5
87963,5
83656,5
43522,5
13354,5
16530,5
11983,5
45544,5
16130,5
9446,5
78155,5
86341,5
11860,5
82838,5
16319,5
44856,5
44926,5
77888,5
82979,5
21430,5
16634,5
90710,5
12056,5
21433,5
44857,5
77970,5
16740,5
77969,5
87851,5
21428,5
12082,5
15955,5
13317,5
83418,5
9131,5
85966,5
87850,5
15994,5
12149,5
53672,5
90478,5
21943,5
44854,5
85968,5
45596,5
12147,5
52387,5
15815,5
87669,5
90682,5
9345,5
87895,5
83406,5
16384,5
88071,5
83759,5
87857,5
11885,5
90485,5
82993,5
78368,5
90709,5
11706,5
78366,5
82998,5
46751,5
78370,5
21872,5
45074,5
83338,5
54994,5
16389,5
78285,5
21442,5
44871,5
78372,5
52405,5
11693,5
11834,5
46044,5
87687,5
12127,5
88022,5
44944,5
21868,5
21550,5
86022,5
11932,5
44948,5
90722,5
16627,5
9126,5
52969,5
87901,5
16759,5
87620,5
52927,5
15792,5
78403,5
12125,5
13285,5
86157,5
44880,5
88096,5
13716,5
16005,5
16274,5
78263,5
86155,5
83090,5
46096,5
51649,5
16765,5
51657,5
88017,5
21972,5
55122,5
55119,5
21548,5
86161,5
52527,5
52407,5
51719,5
53704,5
16287,5
9158,5
16288,5
16397,5
86364,5
44845,5
82968,5
53670,5
13722,5
16295,5
86216,5
86467,5
16754,5
46081,5
13293,5
88092,5
16283,5
87579,5
21956,5
83720,5
12156,5
90460,5
83430,5
11931,5
45067,5
12158,5
83328,5
43656,5
86493,5
53595,5
21304,5
53519,5
87870,5
78335,5
13561,5
15961,5
54974,5
83894,5
15832,5
9323,5
52441,5
44933,5
53679,5
13309,5
21888,5
86386,5
55104,5
83754,5
52395,5
13307,5
52966,5
78305,5
83387,5
15958,5
45613,5
83746,5
90697,5
21495,5
21886,5
83026,5
77952,5
53686,5
16658,5
54985,5
21906,5
83046,5
9315,5
83039,5
16674,5
43666,5
83040,5
45991,5
45525,5
83365,5
43561,5
15835,5
77938,5
90510,5
16365,5
77935,5
53605,5
15838,5
86179,5
78323,5
21480,5
77933,5
21896,5
83033,5
88039,5
21478,5
83374,5
45614,5
86387,5
77928,5
87872,5
21489,5
21477,5
16368,5
13751,5
83389,5
11733,5
12072,5
13771,5
13739,5
52397,5
13399,5
77963,5
86473,5
13298,5
13534,5
78295,5
83065,5
16710,5
13378,5
51705,5
83013,5
11887,5
21932,5
45029,5
21455,5
88034,5
77896,5
83401,5
16713,5
46748,5
46088,5
52499,5
85977,5
52495,5
21451,5
83067,5
83402,5
9309,5
9337,5
21873,5
83756,5
21503,5
86379,5
13388,5
78346,5
16651,5
9150,5
78344,5
9327,5
21885,5
16644,5
77910,5
13758,5
12061,5
55108,5
86196,5
11727,5
45553,5
16650,5
52403,5
52871,5
43549,5
87598,5
12129,5
43567,5
83353,5
13743,5
15824,5
21878,5
86174,5
21875,5
90705,5
85985,5
12060,5
21974,5
55084,5
78260,5
13604,5
83688,5
87812,5
16822,5
90423,5
53724,5
83860,5
88139,5
78477,5
88138,5
82880,5
51644,5
22031,5
51664,5
55073,5
82874,5
83498,5
44840,5
45542,5
55008,5
87558,5
46035,5
52984,5
87808,5
83503,5
53578,5
21813,5
77805,5
15932,5
86536,5
86349,5
77807,5
86046,5
54934,5
86246,5
9108,5
21826,5
83490,5
53625,5
54938,5
45996,5
83486,5
13505,5
15941,5
77813,5
13255,5
13697,5
16799,5
11794,5
16020,5
86459,5
83491,5
45026,5
83296,5
22019,5
90429,5
52491,5
88131,5
16430,5
87816,5
86351,5
87706,5
46103,5
22026,5
22027,5
46794,5
16810,5
13603,5
9269,5
13421,5
53531,5
86052,5
85900,5
85901,5
90647,5
78212,5
86342,5
22050,5
16037,5
53632,5
16580,5
52832,5
22049,5
83793,5
9085,5
9261,5
78211,5
83147,5
90398,5
21809,5
83277,5
78209,5
78039,5
21808,5
52366,5
53534,5
12107,5
51731,5
55013,5
53566,5
83275,5
16452,5
53633,5
88165,5
83142,5
16595,5
86257,5
78490,5
77796,5
9089,5
51641,5
87922,5
16832,5
52899,5
11961,5
78033,5
90749,5
11796,5
86415,5
52536,5
13326,5
83285,5
54930,5
13842,5
22040,5
46024,5
88150,5
78494,5
87801,5
44980,5
87556,5
44981,5
11802,5
22044,5
21597,5
11632,5
90752,5
86259,5
21583,5
86460,5
21355,5
21993,5
21379,5
82932,5
55082,5
88007,5
52949,5
43687,5
16270,5
55126,5
85941,5
86361,5
43655,5
16406,5
52973,5
21554,5
86147,5
83872,5
21850,5
83767,5
9388,5
53617,5
9172,5
77996,5
13584,5
85940,5
55003,5
86144,5
77997,5
90547,5
46753,5
82924,5
16783,5
53712,5
43537,5
83105,5
44922,5
86153,5
87835,5
21398,5
21552,5
88101,5
45516,5
21855,5
53711,5
82945,5
78413,5
78412,5
83876,5
55124,5
82946,5
45942,5
87621,5
90449,5
21981,5
16771,5
52930,5
13523,5
43581,5
16404,5
83444,5
54951,5
13410,5
13278,5
43685,5
12084,5
21389,5
87833,5
16786,5
86360,5
16601,5
83119,5
86235,5
83469,5
22011,5
82906,5
53620,5
86521,5
83466,5
83774,5
83117,5
54941,5
52505,5
52946,5
9281,5
13826,5
51723,5
83470,5
82905,5
52519,5
83777,5
21359,5
9179,5
83473,5
16246,5
16244,5
16017,5
86038,5
44959,5
43691,5
45938,5
86355,5
86238,5
83709,5
22009,5
77999,5
78433,5
53494,5
83455,5
9119,5
88114,5
78434,5
77846,5
53493,5
16794,5
78432,5
83109,5
53470,5
11939,5
45593,5
45087,5
16607,5
12054,5
82914,5
21371,5
83313,5
52432,5
90731,5
78006,5
52412,5
22002,5
21365,5
12089,5
86230,5
16793,5
77838,5
11792,5
22005,5
86091,5
10565,5
78646,5
45219,5
52724,5
10943,5
54464,5
14489,5
52154,5
12569,5
84615,5
86890,5
18402,5
18400,5
81397,5
10951,5
85202,5
18398,5
10940,5
52158,5
19688,5
88891,5
87199,5
88889,5
12872,5
12873,5
87200,5
18393,5
80081,5
12877,5
44412,5
19702,5
18407,5
86893,5
81415,5
87191,5
52720,5
54457,5
53173,5
18440,5
89560,5
44411,5
80119,5
80118,5
89561,5
14498,5
19657,5
14497,5
85192,5
46535,5
18410,5
44124,5
19658,5
84622,5
19659,5
89563,5
89564,5
18418,5
10204,5
18412,5
84620,5
80103,5
19671,5
44121,5
52160,5
19704,5
14504,5
12891,5
89589,5
80042,5
10179,5
52168,5
54121,5
19742,5
10988,5
87209,5
15106,5
86877,5
12885,5
15107,5
18342,5
89594,5
81448,5
18337,5
45365,5
10995,5
15116,5
14443,5
85240,5
84582,5
52728,5
89597,5
81472,5
10171,5
52729,5
15123,5
44092,5
84596,5
81417,5
15098,5
89578,5
45362,5
88880,5
18380,5
88878,5
10965,5
53167,5
84607,5
53165,5
14476,5
19717,5
12563,5
84603,5
19722,5
18359,5
88871,5
80060,5
18368,5
81434,5
19725,5
81435,5
46541,5
52164,5
80056,5
10188,5
10977,5
12561,5
10978,5
19651,5
84630,5
18327,5
45346,5
12843,5
46526,5
12845,5
18523,5
10870,5
80231,5
53316,5
84670,5
10877,5
89510,5
10878,5
80224,5
10884,5
87166,5
80241,5
10893,5
10250,5
80219,5
14547,5
45347,5
19564,5
80216,5
52133,5
84667,5
84666,5
44396,5
10249,5
85151,5
44145,5
88963,5
14540,5
80259,5
15042,5
44385,5
19517,5
80274,5
18557,5
87157,5
54424,5
44150,5
89494,5
44386,5
88978,5
88977,5
19531,5
19533,5
54169,5
19534,5
19536,5
12599,5
12840,5
19543,5
19548,5
88966,5
12589,5
80245,5
85139,5
80244,5
18538,5
81281,5
14544,5
53317,5
51957,5
84643,5
88921,5
18473,5
19618,5
85174,5
89537,5
85177,5
86904,5
52145,5
80154,5
84644,5
44407,5
14509,5
85181,5
86903,5
85171,5
80149,5
80148,5
88917,5
80143,5
10217,5
18458,5
19639,5
80139,5
45226,5
10925,5
10213,5
80135,5
80134,5
88924,5
18487,5
19579,5
88934,5
51966,5
54441,5
15050,5
89522,5
19581,5
87169,5
19582,5
14537,5
19589,5
46379,5
44402,5
80190,5
88936,5
19598,5
12579,5
14524,5
80180,5
15069,5
18493,5
19602,5
10233,5
18492,5
80174,5
84648,5
81337,5
19608,5
87179,5
19613,5
51947,5
80018,5
12204,5
45388,5
19961,5
85305,5
45713,5
89676,5
44026,5
79830,5
86831,5
19969,5
81624,5
44488,5
44023,5
14367,5
12930,5
79818,5
18182,5
79816,5
81637,5
79815,5
81638,5
12931,5
45389,5
14356,5
44491,5
81642,5
44492,5
89686,5
44493,5
85327,5
88789,5
44031,5
79801,5
81599,5
54534,5
14390,5
19936,5
15173,5
15174,5
89663,5
54081,5
18205,5
79857,5
11038,5
18203,5
87257,5
81597,5
81600,5
54540,5
52740,5
11042,5
19952,5
18190,5
81608,5
44478,5
53344,5
81612,5
10114,5
84516,5
81613,5
84515,5
52626,5
54064,5
10089,5
89661,5
12476,5
81676,5
79757,5
79755,5
89719,5
46318,5
15199,5
84490,5
54572,5
12486,5
89722,5
46315,5
81692,5
79746,5
81696,5
86818,5
88756,5
43991,5
14337,5
43980,5
44518,5
53352,5
20073,5
85348,5
53124,5
84483,5
20081,5
79728,5
88751,5
53349,5
20045,5
88778,5
79778,5
54060,5
81654,5
10087,5
44501,5
89696,5
54561,5
44009,5
88774,5
44502,5
45391,5
81662,5
89701,5
20015,5
18126,5
44504,5
79775,5
79774,5
85337,5
89710,5
52624,5
20024,5
79767,5
89714,5
11057,5
18120,5
85338,5
10063,5
12499,5
15172,5
86840,5
19776,5
81518,5
81513,5
79975,5
81514,5
86855,5
46544,5
45213,5
79971,5
44452,5
18270,5
89620,5
45719,5
85262,5
54503,5
12533,5
12907,5
79964,5
81525,5
12532,5
44463,5
79959,5
19832,5
79957,5
85266,5
81530,5
81531,5
81532,5
89624,5
12530,5
88827,5
19815,5
19839,5
12900,5
19779,5
84573,5
84572,5
84571,5
14437,5
19788,5
19790,5
10162,5
81490,5
89610,5
79999,5
18290,5
79997,5
79995,5
11019,5
18289,5
12535,5
81498,5
46339,5
79988,5
19799,5
12901,5
11008,5
84562,5
89615,5
85256,5
19806,5
18283,5
10143,5
19842,5
12513,5
12912,5
89650,5
45841,5
79903,5
19903,5
87247,5
19907,5
54521,5
12517,5
19910,5
14401,5
79894,5
14397,5
53143,5
54525,5
19889,5
44051,5
53142,5
81572,5
89656,5
89657,5
19924,5
44040,5
87253,5
45382,5
18224,5
52739,5
18220,5
19926,5
81563,5
15160,5
19848,5
89636,5
89627,5
19850,5
18256,5
81539,5
79937,5
89631,5
79935,5
14415,5
18255,5
81542,5
53150,5
12523,5
10135,5
10133,5
84539,5
18254,5
85274,5
89640,5
89642,5
44062,5
81556,5
19881,5
19883,5
15155,5
15158,5
46549,5
54089,5
12909,5
80279,5
14567,5
12839,5
54348,5
80633,5
54342,5
87018,5
19152,5
44310,5
10628,5
19156,5
19158,5
46439,5
10630,5
89318,5
12663,5
89162,5
14921,5
19137,5
10475,5
45798,5
10639,5
10471,5
14759,5
84813,5
14757,5
10640,5
14755,5
14754,5
12749,5
80599,5
53272,5
14915,5
12745,5
19177,5
84827,5
89300,5
80667,5
10623,5
18848,5
19117,5
80925,5
10495,5
10492,5
89304,5
80655,5
80927,5
80928,5
54336,5
87080,5
53236,5
14781,5
84825,5
89305,5
80930,5
80646,5
84823,5
14778,5
80933,5
18840,5
19128,5
80938,5
12670,5
80640,5
80963,5
14927,5
53268,5
84996,5
46429,5
46485,5
54237,5
18783,5
19229,5
19231,5
84796,5
12647,5
52083,5
12645,5
10444,5
10673,5
12644,5
89357,5
87001,5
54366,5
44331,5
18773,5
19252,5
18772,5
87000,5
80537,5
12765,5
87104,5
85000,5
52016,5
12771,5
10424,5
18787,5
14942,5
45799,5
12752,5
10459,5
52075,5
53273,5
44208,5
54251,5
80588,5
89148,5
80974,5
84977,5
80976,5
18813,5
87012,5
80580,5
19192,5
84990,5
46435,5
14934,5
52019,5
80574,5
18803,5
12761,5
46432,5
10451,5
89137,5
14938,5
10450,5
45270,5
14730,5
14788,5
10496,5
10850,5
14877,5
80827,5
52049,5
84866,5
10543,5
46452,5
46465,5
14835,5
89259,5
12700,5
19001,5
80763,5
54306,5
80758,5
80756,5
84886,5
14830,5
18924,5
80849,5
80752,5
80851,5
80750,5
19018,5
52052,5
19020,5
84908,5
52032,5
87046,5
19022,5
52682,5
80825,5
80738,5
18968,5
54293,5
89238,5
80811,5
80802,5
54295,5
89241,5
46455,5
53257,5
10571,5
12696,5
80814,5
14853,5
80795,5
84872,5
52683,5
80792,5
10563,5
14847,5
52685,5
80788,5
18973,5
18977,5
45786,5
80820,5
18982,5
44253,5
80781,5
10556,5
18916,5
53247,5
45777,5
14897,5
19068,5
87033,5
12727,5
19074,5
80702,5
53242,5
80699,5
80698,5
10504,5
18884,5
89289,5
80693,5
10603,5
89290,5
46449,5
89292,5
14810,5
10502,5
89188,5
84934,5
14900,5
12675,5
14907,5
44302,5
18871,5
80911,5
45278,5
19099,5
80708,5
80882,5
19026,5
46475,5
80734,5
89272,5
87072,5
84916,5
84918,5
52030,5
10523,5
80866,5
19042,5
80723,5
44282,5
14818,5
10518,5
14817,5
87075,5
44238,5
19055,5
10514,5
89207,5
84921,5
45292,5
19064,5
10590,5
19066,5
44237,5
12676,5
87074,5
18897,5
18764,5
45772,5
87106,5
89034,5
80370,5
80369,5
19449,5
12806,5
89443,5
19451,5
89035,5
14641,5
80362,5
85079,5
14632,5
12808,5
12812,5
14620,5
10328,5
80359,5
15003,5
84720,5
14613,5
89452,5
10797,5
81175,5
10312,5
84718,5
10310,5
89031,5
12813,5
86954,5
89036,5
18651,5
12817,5
18660,5
80400,5
12803,5
19420,5
19423,5
10352,5
54399,5
44359,5
80391,5
81143,5
18666,5
89427,5
10785,5
14661,5
10344,5
18652,5
12619,5
18658,5
45325,5
89432,5
54202,5
14658,5
89040,5
53197,5
84726,5
54403,5
51996,5
80375,5
10330,5
19461,5
46512,5
44192,5
89488,5
80304,5
45237,5
81231,5
54186,5
18592,5
18587,5
15029,5
81236,5
84693,5
14573,5
46522,5
85121,5
18585,5
14572,5
80306,5
80292,5
54420,5
54183,5
88991,5
10842,5
85126,5
80287,5
18570,5
85127,5
81248,5
52127,5
80283,5
10846,5
84701,5
10275,5
53299,5
80328,5
18630,5
12828,5
52660,5
85103,5
45248,5
81192,5
18622,5
10308,5
10305,5
14598,5
19474,5
81204,5
15018,5
18613,5
89475,5
14595,5
85110,5
80324,5
81211,5
52123,5
19482,5
81216,5
54416,5
18607,5
84705,5
88998,5
18601,5
19486,5
81134,5
52000,5
54210,5
89097,5
52095,5
53215,5
14705,5
89382,5
54227,5
18740,5
84770,5
14961,5
80489,5
19314,5
19317,5
81060,5
10399,5
53212,5
19304,5
53211,5
80483,5
80482,5
89096,5
80479,5
86984,5
10389,5
81069,5
52097,5
46413,5
14687,5
12633,5
81077,5
12635,5
18742,5
80403,5
80517,5
84785,5
14720,5
18762,5
80525,5
81025,5
84783,5
12641,5
87111,5
80522,5
80521,5
10420,5
89374,5
54371,5
85012,5
18744,5
19273,5
10417,5
18754,5
54372,5
19278,5
19285,5
89109,5
14707,5
85018,5
19296,5
19299,5
14706,5
10410,5
80467,5
12631,5
81079,5
14671,5
53208,5
45804,5
45259,5
19375,5
45315,5
45254,5
10359,5
19380,5
10749,5
89067,5
14987,5
10357,5
85052,5
19389,5
18719,5
81119,5
10354,5
14667,5
14993,5
14994,5
45754,5
81129,5
80409,5
19402,5
80407,5
10353,5
89424,5
86973,5
54214,5
19370,5
54389,5
18697,5
84761,5
10385,5
52007,5
53287,5
80458,5
19341,5
19342,5
19343,5
10730,5
84757,5
54222,5
12628,5
46501,5
81092,5
19350,5
80449,5
10732,5
89405,5
86983,5
44180,5
46502,5
18706,5
10371,5
14682,5
80442,5
14681,5
10734,5
84480,5
46307,5
88747,5
43809,5
17413,5
45141,5
20751,5
45906,5
20756,5
82370,5
88428,5
78997,5
85680,5
52793,5
14044,5
9700,5
12287,5
17404,5
43815,5
17402,5
20782,5
51800,5
82383,5
88420,5
54795,5
82393,5
11392,5
82396,5
13125,5
43802,5
20794,5
86659,5
85678,5
82363,5
20798,5
20727,5
11362,5
43821,5
51815,5
53877,5
85666,5
44666,5
9725,5
82349,5
82350,5
54778,5
9722,5
88435,5
17429,5
11369,5
53041,5
20730,5
82355,5
46654,5
54779,5
20733,5
14069,5
53874,5
17423,5
20735,5
87456,5
84178,5
14066,5
79011,5
11393,5
82402,5
20718,5
13144,5
17344,5
46186,5
20840,5
17341,5
11411,5
9643,5
86652,5
84148,5
78926,5
90173,5
17330,5
86648,5
90176,5
9634,5
82434,5
46667,5
15545,5
86646,5
14011,5
90183,5
11421,5
17319,5
14010,5
11423,5
54814,5
90184,5
88381,5
13145,5
52299,5
20835,5
82403,5
20819,5
9688,5
14041,5
84160,5
90145,5
20805,5
14037,5
9682,5
88408,5
51798,5
44688,5
9678,5
78960,5
54805,5
82417,5
51794,5
52564,5
11398,5
15522,5
20823,5
46187,5
78951,5
78950,5
11406,5
54806,5
85702,5
9669,5
15528,5
90161,5
45460,5
87455,5
86696,5
20670,5
52786,5
79138,5
44651,5
54737,5
13103,5
85629,5
88472,5
13105,5
85631,5
88469,5
82271,5
79129,5
54740,5
51831,5
43852,5
11337,5
79121,5
13107,5
9787,5
90051,5
90053,5
79115,5
82279,5
85636,5
14097,5
14094,5
9781,5
85641,5
87427,5
88479,5
84213,5
20637,5
90012,5
84232,5
54727,5
17532,5
17531,5
43859,5
90016,5
53408,5
45896,5
14114,5
84229,5
14113,5
45158,5
11320,5
53902,5
44648,5
79155,5
9807,5
88484,5
87423,5
86689,5
82251,5
79151,5
45456,5
46634,5
14105,5
9803,5
20649,5
90062,5
9773,5
88439,5
14079,5
20702,5
17458,5
17455,5
17454,5
85654,5
20705,5
54763,5
15495,5
43831,5
90093,5
12291,5
9747,5
53880,5
43830,5
90089,5
17446,5
82330,5
82331,5
54769,5
84186,5
85661,5
84185,5
11361,5
82335,5
43823,5
88440,5
87451,5
53046,5
87444,5
88448,5
79105,5
11346,5
52284,5
43841,5
79100,5
11339,5
90067,5
11341,5
88461,5
20686,5
9766,5
82287,5
14086,5
54753,5
54755,5
86677,5
82309,5
53888,5
82291,5
11347,5
85648,5
79086,5
85649,5
54758,5
88454,5
53887,5
20696,5
79078,5
53048,5
86675,5
14009,5
78905,5
85723,5
13934,5
85797,5
86603,5
52808,5
84074,5
11504,5
9529,5
85800,5
46143,5
21083,5
17115,5
52809,5
52330,5
15611,5
9522,5
11499,5
12217,5
45917,5
17108,5
84063,5
78722,5
9518,5
87529,5
44753,5
78718,5
12209,5
9513,5
90291,5
13190,5
90271,5
43756,5
15638,5
13946,5
78770,5
17147,5
45128,5
78766,5
9544,5
86615,5
85782,5
21046,5
13175,5
21047,5
17136,5
43760,5
85787,5
44740,5
54857,5
53442,5
78754,5
11488,5
13940,5
52553,5
53018,5
21060,5
53800,5
90265,5
46695,5
82602,5
52807,5
44741,5
21101,5
78713,5
13147,5
45645,5
88271,5
21134,5
88270,5
17050,5
11524,5
17044,5
85825,5
84042,5
21144,5
84041,5
45119,5
86590,5
52546,5
17024,5
45120,5
43731,5
11531,5
53771,5
21152,5
46133,5
21154,5
21157,5
11538,5
82709,5
86585,5
15671,5
86582,5
21161,5
88272,5
21132,5
53787,5
82649,5
78711,5
17087,5
84056,5
51761,5
53016,5
51760,5
84055,5
46142,5
15643,5
13923,5
45478,5
78704,5
51756,5
46705,5
82676,5
90302,5
17075,5
17073,5
82665,5
78690,5
84051,5
82669,5
53781,5
13912,5
15652,5
90312,5
15653,5
13909,5
85780,5
21033,5
84080,5
78862,5
11439,5
11442,5
88359,5
15562,5
88357,5
45133,5
54823,5
82508,5
20896,5
90207,5
78867,5
78863,5
82511,5
11443,5
78878,5
20901,5
20905,5
11444,5
44708,5
9600,5
78853,5
88353,5
15570,5
15571,5
20917,5
53826,5
44711,5
13985,5
85742,5
17261,5
84081,5
53836,5
90187,5
90188,5
88380,5
17315,5
82471,5
15548,5
11424,5
17307,5
20867,5
88374,5
45654,5
46674,5
17294,5
11426,5
84127,5
78894,5
52562,5
13996,5
17283,5
84131,5
87484,5
20883,5
15553,5
9618,5
78882,5
13993,5
45466,5
85740,5
13983,5
20930,5
20932,5
45132,5
87507,5
20996,5
9555,5
90245,5
87508,5
78800,5
21012,5
46155,5
88336,5
21013,5
44722,5
90254,5
78789,5
15596,5
85757,5
21019,5
88331,5
84090,5
17166,5
88328,5
52803,5
45131,5
45130,5
17157,5
82577,5
15605,5
13172,5
78775,5
78808,5
9556,5
15591,5
20987,5
82524,5
17233,5
9586,5
17224,5
85758,5
9575,5
82533,5
13159,5
44715,5
90227,5
17222,5
90229,5
9572,5
51781,5
12253,5
9565,5
82542,5
43775,5
85762,5
53434,5
78817,5
13974,5
17207,5
78815,5
84102,5
51778,5
85766,5
11311,5
84234,5
79723,5
11167,5
79563,5
43942,5
89820,5
81889,5
20271,5
11155,5
11157,5
87331,5
17906,5
11165,5
84390,5
11166,5
17897,5
88654,5
89818,5
17894,5
81909,5
43934,5
53990,5
17883,5
86763,5
13010,5
20288,5
79532,5
81919,5
11169,5
43927,5
89834,5
17916,5
88666,5
54633,5
84401,5
17946,5
52759,5
10013,5
10012,5
88675,5
81856,5
12426,5
17937,5
89807,5
86769,5
20248,5
14276,5
81860,5
20250,5
89814,5
54002,5
84400,5
79579,5
81870,5
84397,5
20252,5
53373,5
11154,5
17925,5
12416,5
51900,5
89811,5
86766,5
79525,5
89835,5
20224,5
79474,5
88626,5
44579,5
85473,5
89863,5
86759,5
14246,5
14243,5
79484,5
17825,5
54641,5
17822,5
15327,5
86758,5
86757,5
89862,5
81969,5
79472,5
81975,5
17801,5
52597,5
84359,5
79467,5
85485,5
89869,5
17792,5
13019,5
15334,5
17784,5
17835,5
84372,5
79522,5
45878,5
88646,5
14257,5
79520,5
9975,5
79518,5
79516,5
44572,5
9972,5
81935,5
14256,5
45187,5
13015,5
14250,5
9965,5
46261,5
88636,5
9963,5
15308,5
84375,5
11179,5
88631,5
81950,5
89858,5
81952,5
54637,5
45186,5
81953,5
79494,5
81848,5
89797,5
20610,5
44527,5
18043,5
88729,5
81742,5
20120,5
12951,5
85364,5
87289,5
81748,5
79687,5
85367,5
79685,5
46294,5
18031,5
12457,5
84465,5
12953,5
44528,5
14322,5
14320,5
84458,5
84457,5
10051,5
12456,5
44529,5
18022,5
18018,5
20138,5
14315,5
79693,5
89743,5
84451,5
20096,5
79722,5
87277,5
79721,5
44519,5
54041,5
44521,5
53123,5
12467,5
85358,5
79716,5
20092,5
84472,5
18071,5
44523,5
18046,5
10058,5
79711,5
89736,5
43979,5
20099,5
45397,5
11084,5
11086,5
11091,5
45850,5
46296,5
18049,5
81735,5
88722,5
12962,5
79599,5
15264,5
85407,5
81805,5
84435,5
54020,5
17973,5
85410,5
53110,5
81814,5
79626,5
15247,5
11128,5
86788,5
87306,5
43954,5
11120,5
46279,5
88689,5
43953,5
87315,5
81835,5
85422,5
15269,5
14289,5
15272,5
11141,5
17952,5
86784,5
51903,5
89776,5
89775,5
86802,5
20156,5
11109,5
79660,5
45200,5
45198,5
86798,5
11112,5
89761,5
17998,5
46577,5
12447,5
45197,5
89765,5
11114,5
81791,5
10041,5
85401,5
15240,5
52750,5
14302,5
84441,5
81795,5
17981,5
84439,5
20166,5
11118,5
46287,5
88706,5
81801,5
17782,5
45882,5
89873,5
11278,5
54703,5
11276,5
88540,5
88539,5
88538,5
53929,5
54704,5
17619,5
84279,5
9869,5
14144,5
17618,5
52262,5
17608,5
79272,5
20541,5
46623,5
9860,5
45167,5
13072,5
17607,5
82160,5
17605,5
17602,5
15434,5
20547,5
79254,5
51856,5
14149,5
17628,5
89973,5
88549,5
87379,5
51865,5
84296,5
13061,5
82119,5
53068,5
45176,5
89945,5
79295,5
79294,5
52778,5
9883,5
82123,5
82128,5
11273,5
54698,5
14155,5
87384,5
20499,5
12353,5
89949,5
11269,5
79284,5
82132,5
9875,5
87387,5
14154,5
17631,5
43874,5
84267,5
9948,5
88510,5
12335,5
79215,5
88520,5
79212,5
79210,5
45670,5
87410,5
17561,5
15451,5
88516,5
12328,5
46631,5
46218,5
54720,5
14125,5
17557,5
17554,5
44634,5
20593,5
54721,5
88507,5
54722,5
84241,5
85609,5
45666,5
17541,5
51842,5
44640,5
79216,5
14126,5
85587,5
84258,5
85588,5
79245,5
17583,5
82176,5
51852,5
79241,5
79240,5
84259,5
86708,5
89977,5
44630,5
9856,5
82178,5
17582,5
79219,5
89980,5
82180,5
89981,5
51850,5
87405,5
44269,5
82183,5
15446,5
17578,5
84252,5
45893,5
20576,5
86703,5
87378,5
79308,5
11258,5
45431,5
20399,5
79415,5
89898,5
17732,5
79413,5
45430,5
85507,5
15365,5
20407,5
84334,5
20408,5
46248,5
79404,5
84333,5
9929,5
45682,5
15366,5
84330,5
15372,5
13028,5
82051,5
45184,5
9921,5
14204,5
9919,5
45182,5
44598,5
44601,5
79418,5
85502,5
89941,5
46600,5
79455,5
85491,5
14227,5
79452,5
11197,5
9943,5
81998,5
11203,5
14226,5
17765,5
11215,5
46597,5
17759,5
87354,5
12382,5
17754,5
82016,5
46601,5
44585,5
82021,5
9931,5
82025,5
82026,5
17743,5
88597,5
82031,5
20391,5
46251,5
54670,5
82062,5
89910,5
20464,5
89923,5
15397,5
52252,5
17676,5
52589,5
82096,5
13050,5
44609,5
15404,5
9900,5
85545,5
20459,5
79336,5
85547,5
45681,5
53077,5
14175,5
14174,5
52588,5
89931,5
43884,5
84303,5
54686,5
17662,5
79318,5
52775,5
9895,5
17659,5
85539,5
45675,5
12376,5
87366,5
20419,5
79383,5
20421,5
17702,5
79379,5
82069,5
82071,5
17697,5
82073,5
85530,5
46613,5
20429,5
79373,5
13043,5
89915,5
20437,5
79366,5
86736,5
79361,5
82082,5
54676,5
88571,5
84319,5
82085,5
14186,5
89918,5
17681,5
19142,5
60001,5
22174,5
96609,5
50117,5
3306,5
32468,5
66743,5
96529,5
66746,5
66747,5
3310,5
66750,5
3311,5
40777,5
96524,5
66756,5
96521,5
40781,5
32459,5
50119,5
96514,5
66780,5
3325,5
3327,5
32437,5
96503,5
32432,5
3333,5
32472,5
66731,5
48256,5
96577,5
96606,5
96605,5
66648,5
3252,5
32540,5
96596,5
32528,5
96590,5
3271,5
40755,5
66678,5
66683,5
48258,5
32508,5
58183,5
58180,5
96566,5
40761,5
96555,5
32482,5
96551,5
3298,5
96548,5
66725,5
96492,5
50122,5
32419,5
48229,5
32330,5
66890,5
3386,5
66896,5
96441,5
66906,5
66907,5
32303,5
66914,5
3398,5
66919,5
96423,5
32335,5
32293,5
32292,5
32287,5
96416,5
32283,5
32276,5
66945,5
66948,5
40827,5
32253,5
66957,5
3383,5
58129,5
96486,5
32380,5
96481,5
66818,5
32416,5
58145,5
32409,5
66825,5
32407,5
96473,5
32389,5
66842,5
66849,5
58138,5
3377,5
96463,5
96460,5
50133,5
32357,5
96456,5
40801,5
58131,5
32341,5
66877,5
66879,5
40802,5
66644,5
96613,5
66963,5
66639,5
48317,5
32765,5
40681,5
3141,5
58260,5
32756,5
32753,5
3145,5
96737,5
58257,5
66420,5
40685,5
96730,5
32743,5
32739,5
40689,5
66437,5
96725,5
66441,5
66447,5
96715,5
50076,5
3164,5
50077,5
66462,5
40676,5
50064,5
40670,5
32831,5
32864,5
96794,5
66322,5
58285,5
58284,5
3099,5
96790,5
3100,5
48324,5
58282,5
96785,5
96781,5
66379,5
58279,5
96775,5
32817,5
48322,5
96771,5
66367,5
3121,5
3122,5
66372,5
32800,5
3124,5
32713,5
96704,5
66484,5
66600,5
3226,5
32615,5
32614,5
66581,5
3235,5
96633,5
66589,5
66590,5
32604,5
96632,5
32602,5
96630,5
32628,5
32596,5
96628,5
66609,5
32585,5
66616,5
96623,5
66628,5
58201,5
32561,5
40742,5
50096,5
48294,5
32633,5
66488,5
32663,5
96693,5
66498,5
96687,5
66503,5
96679,5
32674,5
3187,5
32667,5
66516,5
48299,5
3190,5
66526,5
66552,5
32656,5
3199,5
32653,5
40710,5
40711,5
32644,5
66543,5
32643,5
96657,5
32641,5
32640,5
32245,5
3423,5
96051,5
67302,5
31836,5
67391,5
3662,5
50200,5
31832,5
67397,5
3671,5
40936,5
50201,5
67407,5
48169,5
31822,5
50203,5
57982,5
31816,5
67417,5
57979,5
48166,5
31808,5
67427,5
67428,5
96145,5
31799,5
31798,5
48160,5
31840,5
57991,5
3656,5
31882,5
31903,5
67317,5
31893,5
67324,5
58005,5
67330,5
67332,5
67333,5
40918,5
31886,5
31884,5
96182,5
96168,5
31876,5
67354,5
67355,5
3634,5
3635,5
96176,5
31868,5
3642,5
31863,5
31860,5
31856,5
67435,5
96140,5
67439,5
3748,5
96100,5
67518,5
31713,5
67520,5
3734,5
3737,5
40972,5
3741,5
67538,5
67545,5
96081,5
3752,5
31717,5
96074,5
31679,5
67561,5
67566,5
31671,5
40992,5
3765,5
96059,5
67579,5
31652,5
31646,5
67511,5
96104,5
31792,5
67470,5
31791,5
67442,5
31788,5
31787,5
57969,5
96137,5
31774,5
57966,5
31764,5
96128,5
40958,5
96126,5
3732,5
67473,5
31747,5
3705,5
3708,5
3712,5
31741,5
48145,5
31733,5
31728,5
67496,5
67499,5
67309,5
96201,5
50155,5
67295,5
58085,5
32166,5
96355,5
67045,5
32160,5
67052,5
96342,5
67064,5
40871,5
67067,5
32151,5
96334,5
32131,5
67085,5
96328,5
67092,5
32121,5
32117,5
96323,5
32109,5
58062,5
3491,5
67111,5
3498,5
32095,5
96357,5
67033,5
40860,5
3436,5
32235,5
66974,5
66975,5
96391,5
96388,5
66982,5
3431,5
32212,5
32211,5
96379,5
40834,5
96377,5
40858,5
32206,5
3439,5
32203,5
40835,5
40845,5
32187,5
40848,5
96366,5
3445,5
3446,5
40857,5
50165,5
96311,5
3502,5
3595,5
31980,5
31979,5
58033,5
50183,5
50184,5
67237,5
40900,5
58021,5
3593,5
96228,5
31957,5
96221,5
3548,5
50193,5
3614,5
67274,5
40903,5
96206,5
67285,5
3620,5
40904,5
58014,5
3621,5
31929,5
67207,5
67201,5
96307,5
67165,5
58052,5
3510,5
58049,5
67141,5
3512,5
67150,5
3519,5
3525,5
58046,5
32055,5
3527,5
32048,5
3547,5
67168,5
3528,5
58043,5
40886,5
96272,5
3540,5
40891,5
32016,5
67189,5
58038,5
3544,5
32869,5
66304,5
32880,5
65344,5
2666,5
58530,5
65417,5
97262,5
2671,5
97257,5
2677,5
65428,5
48447,5
33751,5
48446,5
97244,5
97240,5
33747,5
33742,5
2686,5
48444,5
65452,5
33723,5
65461,5
33712,5
65465,5
65469,5
65470,5
40446,5
65409,5
97270,5
2663,5
65382,5
33825,5
2642,5
33815,5
33813,5
33811,5
65372,5
97285,5
97283,5
65378,5
40417,5
65381,5
2652,5
33788,5
97280,5
33800,5
65388,5
33799,5
65390,5
33798,5
40424,5
33796,5
40426,5
33794,5
2657,5
40453,5
97218,5
65492,5
65612,5
33601,5
65580,5
33594,5
33587,5
33586,5
65592,5
33582,5
65597,5
33579,5
33578,5
58473,5
40498,5
48417,5
2744,5
33550,5
65622,5
65624,5
2747,5
33529,5
33525,5
65638,5
33523,5
2766,5
65646,5
33609,5
33613,5
65495,5
48423,5
33688,5
2715,5
65502,5
65507,5
2716,5
97201,5
65514,5
33668,5
97198,5
65520,5
2725,5
65524,5
33621,5
58496,5
40470,5
65538,5
58487,5
65542,5
65543,5
48419,5
65548,5
33633,5
65562,5
65565,5
48477,5
2618,5
58290,5
2617,5
65131,5
97415,5
48505,5
48504,5
97411,5
97409,5
2521,5
34034,5
58598,5
40356,5
34021,5
65153,5
2527,5
65156,5
40360,5
34014,5
65164,5
40361,5
97396,5
2534,5
65178,5
40367,5
65189,5
2549,5
33990,5
34048,5
34050,5
40352,5
97459,5
2466,5
34147,5
65035,5
2473,5
65039,5
97471,5
34135,5
97463,5
65052,5
58629,5
34128,5
65068,5
97422,5
48514,5
65080,5
2499,5
2501,5
40349,5
34069,5
34066,5
34063,5
34061,5
34060,5
34059,5
58578,5
65199,5
65206,5
65311,5
33909,5
65279,5
2587,5
33894,5
40400,5
33891,5
65290,5
40404,5
65303,5
65308,5
49898,5
33861,5
40397,5
65313,5
2608,5
97324,5
65317,5
65320,5
97323,5
2611,5
33856,5
97321,5
97318,5
2615,5
33911,5
97354,5
2554,5
65236,5
40370,5
65213,5
97369,5
2565,5
65223,5
58573,5
65227,5
33966,5
97366,5
33959,5
33958,5
40377,5
33921,5
97360,5
97359,5
33942,5
33935,5
65247,5
65250,5
33928,5
2573,5
65254,5
2574,5
40388,5
65650,5
48403,5
33503,5
33492,5
96941,5
33114,5
33092,5
66063,5
48360,5
66065,5
96929,5
2988,5
96924,5
58348,5
66082,5
33070,5
33062,5
66094,5
33061,5
66097,5
96914,5
50014,5
33054,5
66107,5
33052,5
66112,5
58342,5
66128,5
33031,5
33123,5
2954,5
33126,5
96965,5
96975,5
33168,5
40592,5
65972,5
33159,5
58374,5
2931,5
58369,5
65989,5
65992,5
65994,5
65997,5
66023,5
65999,5
66003,5
96962,5
66007,5
2940,5
66011,5
2941,5
2943,5
58361,5
33135,5
2951,5
33030,5
66133,5
96891,5
66269,5
32959,5
3059,5
32954,5
66224,5
96842,5
50034,5
32950,5
32949,5
66254,5
32922,5
48336,5
66272,5
40639,5
50046,5
32902,5
40659,5
66282,5
32893,5
32891,5
3090,5
66289,5
58292,5
58291,5
66298,5
58317,5
3055,5
33026,5
3034,5
33024,5
66140,5
66141,5
40631,5
33021,5
33020,5
96884,5
33017,5
66152,5
3027,5
50023,5
58328,5
3054,5
96868,5
3040,5
32998,5
32991,5
32990,5
66190,5
66191,5
66192,5
32986,5
32978,5
32969,5
65955,5
50004,5
65942,5
48385,5
2802,5
58439,5
40532,5
97102,5
2804,5
65740,5
2805,5
58436,5
2812,5
97093,5
33405,5
97091,5
65724,5
65753,5
49974,5
65761,5
33380,5
97084,5
2818,5
65772,5
97081,5
65774,5
97080,5
33366,5
65725,5
65722,5
33353,5
40516,5
33487,5
58462,5
33478,5
33474,5
58459,5
33473,5
65673,5
65674,5
49959,5
58457,5
48399,5
33455,5
2801,5
33454,5
65691,5
97129,5
65694,5
65697,5
2793,5
48393,5
33443,5
65707,5
97113,5
33434,5
33362,5
65788,5
96987,5
33231,5
65861,5
40562,5
2890,5
33257,5
40563,5
65879,5
33246,5
33245,5
33241,5
65894,5
97006,5
33230,5
65850,5
65915,5
50000,5
65917,5
2912,5
33207,5
40574,5
65925,5
2915,5
65931,5
65934,5
40584,5
58405,5
97028,5
40542,5
49989,5
2826,5
49982,5
65797,5
40546,5
33333,5
97054,5
33327,5
2844,5
65813,5
49985,5
2853,5
2855,5
33285,5
65825,5
97040,5
33310,5
97038,5
2857,5
65835,5
33294,5
97033,5
65843,5
40558,5
33287,5
57935,5
67594,5
57208,5
69205,5
69284,5
4680,5
30075,5
95151,5
41428,5
4682,5
30071,5
30068,5
50480,5
47878,5
4695,5
69311,5
4698,5
95139,5
30054,5
41432,5
4707,5
47873,5
95129,5
95127,5
57451,5
41434,5
69335,5
69343,5
47872,5
95154,5
30087,5
30088,5
4661,5
95188,5
95187,5
30127,5
95183,5
50467,5
57468,5
69234,5
30115,5
4655,5
69239,5
95174,5
69248,5
95155,5
30104,5
47882,5
30101,5
69256,5
30099,5
30094,5
95162,5
30092,5
30091,5
4675,5
30089,5
50491,5
69347,5
95114,5
47860,5
69429,5
95070,5
41467,5
95068,5
47862,5
69441,5
29929,5
57418,5
95065,5
4778,5
69453,5
95056,5
69426,5
50501,5
57408,5
69475,5
29907,5
29898,5
29896,5
41493,5
29878,5
69503,5
4793,5
69512,5
69427,5
29949,5
30028,5
95099,5
57445,5
57442,5
30013,5
41440,5
30008,5
30006,5
57440,5
41441,5
69370,5
30001,5
4734,5
29995,5
29953,5
4742,5
29989,5
29979,5
69400,5
57433,5
57432,5
69410,5
41452,5
4765,5
57426,5
95078,5
30144,5
69201,5
95038,5
69200,5
4534,5
95311,5
4538,5
95306,5
68995,5
68997,5
30345,5
41341,5
30341,5
69002,5
95305,5
50439,5
30335,5
69007,5
4541,5
30325,5
30324,5
57541,5
57540,5
69018,5
69019,5
57534,5
4547,5
41346,5
69035,5
30359,5
50437,5
30360,5
50434,5
30434,5
41310,5
4495,5
68914,5
30420,5
68916,5
30416,5
68923,5
41312,5
68930,5
4502,5
95331,5
30368,5
68944,5
68946,5
4512,5
4516,5
68952,5
57555,5
68961,5
30379,5
57551,5
41328,5
30373,5
69036,5
4552,5
41351,5
4628,5
30216,5
30210,5
57495,5
4601,5
95239,5
47901,5
30201,5
47898,5
30194,5
69151,5
95216,5
69162,5
4593,5
95207,5
41401,5
69175,5
69176,5
30170,5
69180,5
69184,5
4642,5
57477,5
69197,5
57475,5
4597,5
95247,5
30298,5
30273,5
57522,5
69052,5
41359,5
69054,5
4562,5
4563,5
47909,5
95276,5
47906,5
69072,5
4566,5
4569,5
30228,5
69082,5
4570,5
69093,5
30259,5
95263,5
95262,5
30251,5
30247,5
69102,5
30231,5
95249,5
69514,5
69517,5
67603,5
50554,5
29461,5
41612,5
50567,5
5071,5
41613,5
29446,5
69956,5
94788,5
69961,5
69970,5
69971,5
69974,5
94781,5
69982,5
69984,5
5087,5
69986,5
69988,5
94774,5
57279,5
94769,5
29414,5
94759,5
41625,5
29405,5
5066,5
94800,5
69934,5
69896,5
47822,5
5017,5
5019,5
5020,5
57308,5
69884,5
5030,5
94828,5
47816,5
57302,5
94822,5
69907,5
5064,5
69908,5
5042,5
69910,5
29487,5
94811,5
47811,5
41606,5
5051,5
5052,5
5060,5
41609,5
57273,5
57271,5
29387,5
70175,5
29294,5
29282,5
70144,5
70152,5
29269,5
70160,5
94666,5
94663,5
50609,5
70173,5
5205,5
94658,5
29311,5
5207,5
70180,5
47777,5
50613,5
70197,5
70199,5
29233,5
94640,5
70204,5
50616,5
5222,5
29304,5
94697,5
57268,5
29337,5
29378,5
70036,5
29364,5
57266,5
94737,5
70055,5
29349,5
47800,5
41640,5
29345,5
5130,5
29336,5
50591,5
5132,5
5134,5
70082,5
70084,5
94712,5
29333,5
5144,5
47798,5
41650,5
70103,5
70105,5
41594,5
29522,5
69519,5
50552,5
29763,5
94998,5
69619,5
29756,5
69623,5
47853,5
29738,5
47852,5
69644,5
4855,5
50523,5
94979,5
4859,5
57357,5
4863,5
4867,5
29709,5
41543,5
4876,5
41544,5
4893,5
4894,5
94952,5
57349,5
4903,5
69614,5
4840,5
69601,5
95026,5
95037,5
69521,5
69523,5
50510,5
29855,5
29853,5
69530,5
69536,5
69537,5
57390,5
69541,5
4813,5
50517,5
69560,5
29822,5
69565,5
29819,5
69569,5
95017,5
69579,5
69582,5
50516,5
4833,5
29794,5
94949,5
94948,5
69686,5
69831,5
29594,5
4979,5
94874,5
29585,5
69804,5
29574,5
29572,5
69820,5
94865,5
69827,5
69828,5
4990,5
69786,5
69838,5
94857,5
50549,5
94851,5
94845,5
69853,5
69854,5
5008,5
69856,5
41588,5
29533,5
69790,5
94883,5
41559,5
94919,5
4904,5
41561,5
69696,5
69701,5
94936,5
94934,5
47833,5
29675,5
4921,5
69718,5
29666,5
29642,5
57328,5
4935,5
29636,5
94909,5
41569,5
29632,5
47829,5
94901,5
4956,5
69764,5
4960,5
41574,5
68894,5
68893,5
95370,5
95894,5
31237,5
31235,5
57812,5
31227,5
67991,5
31213,5
31211,5
68002,5
41085,5
68006,5
68009,5
3978,5
95847,5
50287,5
31192,5
95841,5
31189,5
68036,5
31184,5
50292,5
95831,5
31178,5
68047,5
31172,5
95826,5
67980,5
31239,5
67976,5
95875,5
67906,5
95891,5
67909,5
95889,5
67916,5
57829,5
67926,5
3931,5
95882,5
3949,5
67937,5
50280,5
67975,5
31269,5
67948,5
31262,5
57822,5
31259,5
67957,5
67961,5
48086,5
31249,5
57817,5
3963,5
31166,5
57795,5
95819,5
48044,5
31098,5
31093,5
68162,5
95768,5
41121,5
68176,5
31056,5
41123,5
57768,5
95754,5
4076,5
41129,5
31101,5
95744,5
41130,5
31027,5
68220,5
68221,5
31015,5
4091,5
50323,5
48037,5
68243,5
4105,5
4043,5
68130,5
95816,5
95800,5
31156,5
95813,5
41100,5
31154,5
31150,5
48069,5
48066,5
4015,5
68088,5
95804,5
4019,5
31134,5
4040,5
4022,5
4028,5
31131,5
95794,5
31129,5
68107,5
68113,5
68115,5
31116,5
95784,5
31110,5
3926,5
31310,5
68887,5
31312,5
31554,5
50246,5
31551,5
31547,5
41022,5
67696,5
67698,5
31540,5
57898,5
67703,5
67704,5
95995,5
3816,5
48120,5
67725,5
57890,5
67733,5
67735,5
67740,5
67741,5
67745,5
48117,5
41031,5
41033,5
95969,5
96014,5
31559,5
96015,5
96034,5
57928,5
67605,5
31628,5
67618,5
57921,5
3775,5
67627,5
67628,5
31609,5
3777,5
96037,5
3780,5
31567,5
67640,5
96031,5
3784,5
57913,5
31581,5
3785,5
67655,5
96024,5
67661,5
41010,5
67666,5
50253,5
31480,5
67765,5
31346,5
57859,5
31407,5
57855,5
31382,5
31378,5
57854,5
31373,5
48094,5
95926,5
3901,5
31360,5
95916,5
3881,5
67867,5
67871,5
95904,5
67879,5
3912,5
3914,5
41062,5
31329,5
31326,5
57836,5
67899,5
50265,5
31417,5
57876,5
67794,5
3845,5
31471,5
67776,5
57870,5
31462,5
31460,5
31457,5
31455,5
67789,5
31449,5
31447,5
95956,5
50264,5
50259,5
48109,5
67800,5
67805,5
41045,5
67807,5
57862,5
31429,5
31428,5
95946,5
67823,5
30994,5
30993,5
57752,5
4106,5
68653,5
30652,5
95496,5
50402,5
30641,5
4345,5
4348,5
57642,5
4359,5
95469,5
68697,5
57639,5
95467,5
68704,5
30608,5
68709,5
68710,5
68711,5
30605,5
4384,5
68721,5
68724,5
30596,5
68735,5
4396,5
95500,5
95503,5
4331,5
95537,5
95551,5
68584,5
30707,5
4289,5
95541,5
4291,5
41232,5
47968,5
57668,5
68597,5
68598,5
95530,5
4330,5
68606,5
41236,5
4315,5
4318,5
4319,5
30678,5
95515,5
30674,5
95512,5
41240,5
4328,5
68739,5
57629,5
95443,5
30479,5
68820,5
68821,5
68826,5
30496,5
95399,5
68838,5
57595,5
57591,5
50423,5
4461,5
68849,5
30474,5
30513,5
30468,5
68867,5
95386,5
68873,5
68877,5
95377,5
4475,5
95372,5
4477,5
41305,5
68886,5
30508,5
57605,5
4402,5
30551,5
57628,5
30574,5
57626,5
47928,5
68753,5
50416,5
30566,5
30561,5
30559,5
4426,5
50418,5
57618,5
57607,5
57617,5
4433,5
4439,5
68787,5
95418,5
95415,5
30539,5
68796,5
30526,5
30524,5
57612,5
41231,5
30714,5
30716,5
30926,5
95685,5
4142,5
4143,5
41169,5
30939,5
30933,5
68329,5
30930,5
4154,5
68334,5
48016,5
57729,5
4138,5
50344,5
48011,5
50349,5
68360,5
68371,5
4168,5
68375,5
48005,5
68377,5
95646,5
68381,5
30948,5
68306,5
57715,5
30970,5
41148,5
4109,5
68259,5
30988,5
95715,5
41149,5
68264,5
95714,5
68269,5
30978,5
57745,5
30967,5
4137,5
68283,5
68284,5
68286,5
4125,5
68290,5
4129,5
30956,5
68294,5
4131,5
4134,5
48018,5
30885,5
68394,5
68565,5
68520,5
30766,5
30765,5
30759,5
30758,5
57686,5
30756,5
47973,5
4240,5
57685,5
68513,5
95583,5
68521,5
95595,5
4252,5
68533,5
95575,5
95572,5
68540,5
4262,5
68544,5
30728,5
95564,5
68553,5
95563,5
68481,5
95596,5
30871,5
30836,5
68399,5
41188,5
30866,5
4185,5
30864,5
30863,5
57709,5
30852,5
68416,5
50362,5
4193,5
50365,5
68471,5
30822,5
50367,5
68441,5
68442,5
68445,5
4222,5
68455,5
95605,5
57693,5
50373,5
4227,5
34161,5
58640,5
65017,5
707,5
99184,5
61648,5
37456,5
37454,5
37453,5
61654,5
49410,5
61659,5
59554,5
756,5
59550,5
61670,5
99173,5
37426,5
59546,5
99168,5
765,5
39538,5
99158,5
37389,5
61718,5
37388,5
61725,5
37381,5
99148,5
61637,5
61632,5
37483,5
59570,5
99227,5
39508,5
48999,5
61569,5
99223,5
48995,5
61577,5
99218,5
61587,5
37528,5
61591,5
61599,5
37485,5
729,5
99206,5
37509,5
730,5
37506,5
37503,5
37495,5
59561,5
61621,5
61624,5
49405,5
99147,5
99144,5
61737,5
61867,5
37319,5
61834,5
61835,5
59505,5
49443,5
99088,5
48940,5
39605,5
37283,5
37282,5
99080,5
37280,5
817,5
61870,5
37272,5
37266,5
49450,5
37256,5
61886,5
61889,5
99059,5
37249,5
49453,5
37245,5
61828,5
37323,5
49422,5
61784,5
61746,5
39561,5
99132,5
787,5
49427,5
61772,5
61775,5
61778,5
796,5
59519,5
37349,5
61786,5
39592,5
99121,5
61789,5
61791,5
39576,5
48951,5
61800,5
37340,5
37334,5
61805,5
39583,5
49438,5
37554,5
59582,5
37240,5
704,5
37755,5
37751,5
37750,5
61359,5
59629,5
37741,5
61372,5
39464,5
59623,5
628,5
37722,5
37721,5
99317,5
61390,5
49368,5
37712,5
37709,5
37708,5
37706,5
59620,5
37703,5
61408,5
49028,5
37697,5
61417,5
99334,5
99337,5
61343,5
61288,5
37844,5
581,5
37841,5
61265,5
59653,5
99368,5
61272,5
61277,5
586,5
588,5
37817,5
59647,5
61341,5
61293,5
37805,5
599,5
61302,5
61315,5
99347,5
37779,5
61327,5
49042,5
37772,5
612,5
37686,5
61420,5
650,5
59589,5
99267,5
61504,5
37609,5
61509,5
61512,5
39499,5
685,5
37595,5
37593,5
37590,5
37586,5
37579,5
61498,5
694,5
61537,5
61538,5
99251,5
698,5
99248,5
61542,5
700,5
49010,5
49007,5
99238,5
99268,5
37616,5
61430,5
37640,5
61431,5
39480,5
662,5
37660,5
37657,5
37652,5
61456,5
49022,5
37643,5
49017,5
61464,5
37637,5
37620,5
672,5
61472,5
61473,5
49386,5
49013,5
39491,5
59601,5
61483,5
61488,5
37623,5
59597,5
61894,5
37239,5
34165,5
62222,5
62318,5
98851,5
48891,5
62325,5
39707,5
62330,5
39713,5
36843,5
49502,5
62339,5
36838,5
39717,5
1088,5
98839,5
36827,5
62355,5
36823,5
48880,5
36814,5
36813,5
48869,5
1101,5
98824,5
98823,5
62374,5
1069,5
62306,5
36870,5
1057,5
1035,5
39690,5
62242,5
1046,5
62246,5
39691,5
36917,5
62253,5
98874,5
59395,5
1056,5
59394,5
62301,5
62270,5
62274,5
62277,5
36891,5
62281,5
62286,5
98858,5
62292,5
98855,5
36879,5
1068,5
62377,5
59371,5
36787,5
98775,5
59341,5
59338,5
1146,5
62474,5
1149,5
62478,5
36686,5
36679,5
36678,5
36676,5
36675,5
62496,5
36696,5
39749,5
49519,5
36659,5
1158,5
59327,5
49520,5
59326,5
36651,5
39761,5
1169,5
98754,5
36692,5
36701,5
36784,5
62414,5
36780,5
59366,5
62396,5
62399,5
1105,5
39725,5
98812,5
49511,5
1114,5
62412,5
48863,5
36756,5
62452,5
98806,5
62426,5
36737,5
98802,5
59355,5
59350,5
62444,5
59349,5
98795,5
36717,5
39732,5
62226,5
62221,5
99054,5
62219,5
37159,5
99005,5
59464,5
37154,5
37147,5
62005,5
59460,5
37137,5
37136,5
933,5
98995,5
62019,5
37122,5
48923,5
37119,5
98991,5
62029,5
62034,5
62035,5
62038,5
62039,5
59456,5
98986,5
37102,5
62045,5
61984,5
61983,5
99009,5
61936,5
59491,5
48937,5
48936,5
48932,5
39612,5
881,5
61921,5
61924,5
61925,5
37215,5
99036,5
37197,5
37162,5
37194,5
61941,5
59478,5
37189,5
37185,5
59472,5
39624,5
49461,5
99017,5
59469,5
59468,5
48915,5
98972,5
62066,5
1019,5
62150,5
39663,5
62157,5
48908,5
36983,5
62164,5
1005,5
1006,5
62177,5
59417,5
36967,5
36958,5
98928,5
36957,5
1021,5
98907,5
36947,5
98902,5
62209,5
1029,5
62211,5
59408,5
62216,5
98897,5
36998,5
37005,5
98970,5
37037,5
48912,5
37068,5
37066,5
98951,5
49476,5
62096,5
37049,5
37045,5
98948,5
37042,5
39649,5
62107,5
62142,5
98947,5
37032,5
37031,5
62118,5
39658,5
976,5
59428,5
62133,5
37012,5
37010,5
37007,5
37846,5
37850,5
99376,5
49166,5
60399,5
60400,5
38696,5
38692,5
60410,5
99771,5
60415,5
59892,5
38686,5
38680,5
224,5
59887,5
60432,5
60434,5
38667,5
230,5
49150,5
60443,5
38656,5
39216,5
38648,5
39220,5
49145,5
99751,5
38631,5
60398,5
60394,5
99787,5
191,5
99819,5
60336,5
183,5
60342,5
60344,5
38750,5
60348,5
189,5
99806,5
38745,5
99805,5
38743,5
203,5
194,5
38727,5
49152,5
60373,5
59900,5
39201,5
60376,5
60378,5
38721,5
60384,5
38711,5
38629,5
99750,5
39225,5
39253,5
38512,5
59850,5
99710,5
282,5
60560,5
285,5
39248,5
99702,5
59841,5
38489,5
60578,5
38481,5
99715,5
99696,5
39254,5
39257,5
59833,5
60596,5
296,5
38466,5
38465,5
301,5
60606,5
39260,5
99711,5
38522,5
38625,5
260,5
38623,5
60472,5
253,5
38610,5
39233,5
60489,5
60495,5
60499,5
38577,5
99731,5
38575,5
38564,5
270,5
38562,5
60520,5
60523,5
38556,5
38545,5
60529,5
38539,5
39237,5
38531,5
38529,5
99718,5
39197,5
38759,5
39424,5
38760,5
39013,5
99960,5
59980,5
49207,5
39131,5
39133,5
58,5
60,5
60117,5
99938,5
60123,5
38974,5
38973,5
49190,5
99935,5
60132,5
67,5
38960,5
49188,5
49216,5
38953,5
39142,5
76,5
60157,5
60159,5
39030,5
60081,5
60079,5
60042,5
39107,5
39101,5
99997,5
60017,5
49201,5
11,5
39091,5
39085,5
13,5
49195,5
20,5
60044,5
60078,5
25,5
39063,5
59989,5
39125,5
99969,5
39038,5
38,5
39128,5
99965,5
60075,5
42,5
99911,5
38933,5
38932,5
60295,5
128,5
60265,5
38804,5
39193,5
99851,5
60283,5
60284,5
60285,5
59910,5
38796,5
60294,5
137,5
123,5
60302,5
38779,5
60313,5
59907,5
60316,5
38767,5
159,5
38763,5
38762,5
60323,5
162,5
39183,5
39181,5
99910,5
49183,5
83,5
38920,5
99899,5
99896,5
60184,5
99892,5
99891,5
38880,5
99883,5
60202,5
39162,5
38864,5
60246,5
38863,5
60220,5
59935,5
60225,5
119,5
60236,5
99866,5
39180,5
38842,5
60243,5
38832,5
49268,5
60624,5
60627,5
326,5
99492,5
99491,5
49326,5
486,5
61027,5
491,5
38068,5
49328,5
38058,5
508,5
61046,5
38053,5
38049,5
61058,5
99464,5
39379,5
61069,5
61078,5
61085,5
38018,5
38017,5
59700,5
38014,5
61093,5
61094,5
49325,5
38078,5
61013,5
99521,5
39351,5
60944,5
38132,5
38130,5
447,5
59733,5
59731,5
49092,5
60963,5
38120,5
49317,5
99519,5
38081,5
60977,5
60979,5
60980,5
60984,5
99512,5
461,5
60993,5
59721,5
49322,5
38088,5
99500,5
39387,5
38004,5
537,5
564,5
37921,5
558,5
61181,5
560,5
49058,5
37912,5
37911,5
61193,5
563,5
61199,5
61201,5
61207,5
61172,5
61214,5
37893,5
49350,5
569,5
37883,5
61233,5
61234,5
37878,5
99379,5
39421,5
37857,5
59679,5
37936,5
39389,5
99428,5
37997,5
37993,5
37987,5
37983,5
61119,5
61122,5
99433,5
37979,5
61128,5
541,5
99429,5
546,5
37937,5
61140,5
61141,5
61142,5
37967,5
59690,5
49340,5
61152,5
37950,5
61158,5
37947,5
555,5
38139,5
38140,5
49312,5
60727,5
60707,5
60708,5
60709,5
49278,5
60715,5
38341,5
39284,5
346,5
39285,5
59798,5
59797,5
99639,5
60702,5
38315,5
39295,5
38308,5
60749,5
99633,5
38304,5
60755,5
60756,5
38303,5
60761,5
59787,5
39283,5
99652,5
38288,5
339,5
38431,5
60639,5
60641,5
327,5
38426,5
39276,5
59816,5
60654,5
60657,5
38406,5
59815,5
38395,5
99653,5
59807,5
99660,5
60682,5
60683,5
340,5
60685,5
60687,5
38372,5
99658,5
99657,5
60694,5
360,5
60781,5
60933,5
60896,5
39334,5
99577,5
409,5
99573,5
38186,5
60884,5
59748,5
99566,5
60889,5
39343,5
49105,5
99559,5
60863,5
38175,5
38170,5
49103,5
38166,5
60917,5
59741,5
49305,5
59740,5
49308,5
99544,5
49097,5
38201,5
38204,5
60785,5
60809,5
39310,5
60789,5
59777,5
38268,5
59776,5
38265,5
99614,5
39312,5
38261,5
38259,5
49291,5
376,5
403,5
38248,5
99603,5
59771,5
49295,5
391,5
60845,5
38220,5
59760,5
99582,5
59757,5
38208,5
62523,5
1180,5
62533,5
2004,5
40147,5
35046,5
64167,5
35045,5
97902,5
2044,5
35043,5
35042,5
35040,5
48624,5
40152,5
35026,5
40153,5
35021,5
35018,5
97891,5
35008,5
35007,5
58846,5
2058,5
40154,5
97887,5
97883,5
64212,5
97882,5
97904,5
97906,5
97911,5
64122,5
64102,5
2009,5
35095,5
64110,5
35093,5
2017,5
35092,5
58876,5
35091,5
2020,5
35087,5
64123,5
35056,5
2021,5
49743,5
35075,5
64131,5
97925,5
64138,5
97917,5
40142,5
40144,5
35060,5
58861,5
34983,5
2060,5
34980,5
97813,5
34878,5
64326,5
2108,5
48604,5
64340,5
2120,5
34858,5
34857,5
34853,5
64351,5
34851,5
97810,5
2104,5
2137,5
64368,5
34826,5
64375,5
34824,5
97801,5
2148,5
97795,5
34813,5
2156,5
64395,5
58814,5
97832,5
97878,5
34939,5
2063,5
97875,5
64229,5
64232,5
49756,5
2072,5
97863,5
34958,5
34946,5
64263,5
64269,5
64281,5
58816,5
64286,5
34919,5
97847,5
64293,5
40181,5
64300,5
48611,5
34898,5
97833,5
64312,5
34888,5
97939,5
35100,5
49696,5
64090,5
49707,5
58956,5
63848,5
63849,5
63850,5
35316,5
35307,5
63858,5
49709,5
98070,5
1870,5
40063,5
63868,5
1882,5
63880,5
35290,5
1886,5
58949,5
35282,5
98040,5
48653,5
63909,5
98034,5
58938,5
1896,5
49706,5
98078,5
1848,5
35374,5
49699,5
98107,5
63774,5
35394,5
35392,5
63782,5
63785,5
35389,5
1823,5
35378,5
63798,5
35371,5
98080,5
35368,5
63814,5
63817,5
63819,5
58966,5
35348,5
63828,5
58961,5
35330,5
63838,5
35321,5
63919,5
40079,5
58933,5
35142,5
35170,5
35167,5
35163,5
49735,5
64030,5
35149,5
64033,5
35145,5
64036,5
58896,5
40116,5
64046,5
64003,5
97965,5
97960,5
1981,5
35130,5
35120,5
58887,5
35115,5
97947,5
64082,5
64085,5
64089,5
97979,5
40109,5
63926,5
58912,5
1901,5
35228,5
35222,5
49718,5
58923,5
48651,5
1926,5
98011,5
63954,5
63956,5
40100,5
63966,5
63998,5
63967,5
97994,5
63978,5
35189,5
63982,5
97988,5
35182,5
97985,5
97983,5
58907,5
63996,5
58797,5
64399,5
2165,5
58796,5
34399,5
34394,5
58714,5
58713,5
34385,5
49823,5
64803,5
34373,5
40272,5
64807,5
34367,5
40274,5
64825,5
97593,5
40276,5
58699,5
58698,5
34354,5
34353,5
97588,5
34352,5
64838,5
48545,5
34343,5
58694,5
34403,5
64783,5
64778,5
58726,5
49815,5
34498,5
34491,5
97644,5
34488,5
34485,5
64721,5
64722,5
34480,5
97640,5
58729,5
64734,5
34420,5
34468,5
2294,5
64742,5
64746,5
34454,5
34446,5
64754,5
64757,5
34436,5
40267,5
97609,5
64848,5
58690,5
49838,5
64988,5
97514,5
64962,5
2429,5
97511,5
49849,5
34207,5
40315,5
34201,5
64981,5
34200,5
64987,5
2444,5
58660,5
2446,5
2448,5
34182,5
48532,5
65004,5
34173,5
58646,5
97489,5
97487,5
97486,5
65014,5
64957,5
97515,5
64866,5
97552,5
58683,5
64875,5
34306,5
34301,5
58678,5
34297,5
34295,5
97561,5
2374,5
2376,5
2381,5
97551,5
97516,5
48541,5
97547,5
34260,5
58668,5
2414,5
2419,5
58664,5
97525,5
58663,5
2423,5
49847,5
40259,5
34503,5
34505,5
34680,5
64486,5
34712,5
64490,5
58781,5
40218,5
34706,5
64498,5
64499,5
97733,5
2219,5
34685,5
40223,5
34716,5
34669,5
64521,5
64523,5
64526,5
58771,5
34655,5
97724,5
34653,5
34641,5
64539,5
34637,5
34714,5
64483,5
97720,5
34768,5
2166,5
48593,5
34794,5
2178,5
97771,5
64420,5
40204,5
64429,5
34776,5
97767,5
58791,5
2192,5
34728,5
2194,5
64450,5
34756,5
34755,5
64454,5
34752,5
34740,5
34736,5
34732,5
34731,5
64470,5
34635,5
49797,5
58739,5
64646,5
97689,5
64622,5
97688,5
34565,5
34560,5
64628,5
97685,5
34553,5
97684,5
34552,5
97682,5
34539,5
34572,5
34533,5
64654,5
34524,5
40253,5
34521,5
97667,5
40258,5
97661,5
64678,5
2274,5
64682,5
34571,5
64617,5
40230,5
64581,5
64558,5
2234,5
64562,5
64563,5
34623,5
64565,5
34621,5
64569,5
64571,5
64575,5
2236,5
64583,5
97693,5
64587,5
64594,5
49802,5
97699,5
64598,5
58751,5
64606,5
34582,5
97697,5
34579,5
97694,5
1813,5
63765,5
62537,5
36301,5
36207,5
36203,5
36200,5
62949,5
1410,5
98515,5
36186,5
48781,5
62968,5
36179,5
1425,5
48778,5
98503,5
1430,5
49609,5
59183,5
98492,5
36171,5
39868,5
36164,5
62997,5
1437,5
63005,5
98484,5
63011,5
59203,5
36208,5
59204,5
1368,5
98581,5
36292,5
39835,5
62862,5
1351,5
49583,5
36288,5
62870,5
1358,5
39841,5
1361,5
62889,5
36212,5
36264,5
36258,5
36255,5
48795,5
98550,5
98548,5
1386,5
36227,5
62919,5
36220,5
62927,5
63014,5
36144,5
1443,5
36006,5
36037,5
98434,5
39893,5
63126,5
63128,5
59155,5
49622,5
98428,5
63138,5
1495,5
36008,5
63148,5
36045,5
63149,5
63150,5
63152,5
35998,5
39906,5
63159,5
59140,5
63169,5
98411,5
63172,5
35974,5
63120,5
98440,5
98480,5
1452,5
98478,5
36123,5
39875,5
63035,5
63037,5
1447,5
36104,5
49612,5
63045,5
63047,5
63054,5
63056,5
39884,5
63057,5
63059,5
63070,5
63071,5
36077,5
36075,5
1459,5
36071,5
1466,5
36053,5
39883,5
1345,5
62846,5
98112,5
1343,5
36514,5
36513,5
36504,5
36503,5
36500,5
36498,5
59291,5
98685,5
59288,5
39787,5
1258,5
36482,5
36477,5
39788,5
39789,5
36469,5
48830,5
62660,5
49548,5
36457,5
62670,5
48828,5
48827,5
39793,5
98672,5
98692,5
36517,5
39783,5
36580,5
49535,5
36615,5
59315,5
36609,5
36608,5
36604,5
36600,5
62559,5
36594,5
39771,5
39772,5
1212,5
1249,5
36577,5
62579,5
62582,5
62583,5
59307,5
98716,5
49539,5
36559,5
49540,5
59298,5
36524,5
62678,5
98666,5
49557,5
39819,5
36380,5
98615,5
62766,5
59248,5
62773,5
62776,5
49571,5
36368,5
36359,5
49573,5
59245,5
36350,5
62758,5
59237,5
36331,5
98596,5
62816,5
36321,5
39828,5
62828,5
62830,5
1341,5
59224,5
1342,5
1311,5
1308,5
36445,5
62720,5
36440,5
98662,5
98656,5
1280,5
98652,5
62702,5
62708,5
36421,5
36412,5
1287,5
36408,5
62723,5
36385,5
62725,5
1292,5
62727,5
36404,5
59260,5
62730,5
36400,5
98637,5
36395,5
48803,5
62750,5
63179,5
98408,5
98407,5
39913,5
35581,5
39998,5
1706,5
1710,5
49682,5
59027,5
35566,5
1713,5
35565,5
63570,5
35562,5
35560,5
35558,5
63582,5
63583,5
63586,5
48672,5
63600,5
98186,5
49687,5
63607,5
63614,5
63616,5
35527,5
59019,5
63549,5
63546,5
48674,5
39987,5
39981,5
1666,5
98245,5
59049,5
63491,5
35638,5
1668,5
35629,5
63500,5
35619,5
35613,5
63507,5
35586,5
35610,5
63512,5
63514,5
39991,5
63521,5
35602,5
1684,5
63530,5
63533,5
35598,5
98214,5
35525,5
63622,5
63624,5
63724,5
63700,5
63701,5
1776,5
98141,5
63713,5
35454,5
35453,5
35451,5
63720,5
48665,5
35441,5
40030,5
63696,5
63730,5
58996,5
63736,5
98131,5
1794,5
35414,5
35412,5
1804,5
98114,5
98113,5
63761,5
35465,5
35467,5
98175,5
98157,5
98172,5
48669,5
35503,5
35502,5
59016,5
63644,5
1747,5
98168,5
1749,5
63651,5
98164,5
63664,5
49689,5
63666,5
63669,5
40021,5
1763,5
35479,5
98150,5
63676,5
63677,5
40024,5
59005,5
63686,5
39980,5
59054,5
35666,5
63287,5
59110,5
1551,5
39938,5
35876,5
63272,5
48734,5
1562,5
1563,5
98355,5
1570,5
35859,5
98350,5
35889,5
48732,5
98343,5
35845,5
1578,5
98336,5
63310,5
1579,5
1583,5
35832,5
63314,5
1590,5
35885,5
1548,5
59090,5
39918,5
98403,5
1520,5
63199,5
1523,5
63203,5
98398,5
63206,5
63207,5
98396,5
98389,5
35930,5
35927,5
98370,5
59122,5
39920,5
63228,5
35917,5
35905,5
35904,5
59119,5
1537,5
1538,5
1544,5
98374,5
59091,5
48716,5
49675,5
1648,5
98284,5
1639,5
48700,5
39967,5
35736,5
98276,5
49663,5
63424,5
35718,5
48695,5
1647,5
35704,5
39963,5
48693,5
1652,5
63446,5
35686,5
63452,5
48681,5
1661,5
98251,5
63462,5
35672,5
98248,5
1635,5
35762,5
59088,5
63362,5
63325,5
49650,5
1602,5
63335,5
63347,5
59079,5
1619,5
1624,5
63358,5
35792,5
1626,5
98298,5
98291,5
98297,5
35791,5
59074,5
35784,5
35781,5
35773,5
35768,5
63387,5
35766,5
98292,5
39960,5
47768,5
68778,5
25701,5
73281,5
73263,5
26251,5
26246,5
8216,5
8211,5
26234,5
76043,5
51023,5
76041,5
23758,5
6601,5
76034,5
73283,5
73285,5
73286,5
51024,5
23761,5
73288,5
73290,5
51412,5
26253,5
73261,5
56389,5
26256,5
76084,5
73236,5
26265,5
55628,5
73243,5
56393,5
51017,5
26258,5
76078,5
23723,5
91616,5
76071,5
23736,5
23738,5
23740,5
23743,5
73255,5
73256,5
8223,5
93061,5
26217,5
51027,5
73335,5
51035,5
91653,5
42460,5
6766,5
23781,5
6767,5
91658,5
26166,5
75990,5
93028,5
26159,5
56362,5
73362,5
26158,5
75989,5
51041,5
8170,5
26155,5
47369,5
6756,5
6754,5
8205,5
26181,5
26209,5
76024,5
91637,5
91639,5
8202,5
8201,5
73304,5
51030,5
26197,5
73307,5
56377,5
73311,5
76019,5
55644,5
55646,5
26192,5
26190,5
73324,5
6748,5
91612,5
23706,5
73234,5
93166,5
6625,5
26388,5
91579,5
56428,5
73109,5
26386,5
73112,5
91581,5
23663,5
93155,5
73114,5
51001,5
23666,5
26383,5
42421,5
23667,5
26363,5
56423,5
73130,5
42413,5
93167,5
93144,5
8263,5
73059,5
6605,5
26426,5
42412,5
26421,5
73067,5
8287,5
8285,5
73068,5
6606,5
26417,5
56441,5
56440,5
8273,5
73076,5
76159,5
26414,5
26413,5
93170,5
6642,5
76136,5
73232,5
56409,5
8239,5
73187,5
93114,5
91604,5
6667,5
26309,5
47404,5
93106,5
8233,5
26295,5
91607,5
55625,5
42437,5
26292,5
73213,5
73221,5
73223,5
93092,5
76092,5
26318,5
26322,5
6644,5
91594,5
47407,5
76135,5
26340,5
55617,5
13454,5
26337,5
73162,5
76122,5
26333,5
6663,5
23682,5
93120,5
51009,5
6666,5
73177,5
73178,5
23685,5
26323,5
8245,5
73370,5
73377,5
23794,5
91719,5
73625,5
75885,5
47035,5
47334,5
42520,5
55686,5
23909,5
6893,5
42521,5
92879,5
25904,5
23910,5
73656,5
8111,5
75856,5
75855,5
47333,5
73659,5
25893,5
42514,5
73618,5
25891,5
92896,5
56294,5
73579,5
6870,5
6872,5
51396,5
25945,5
25943,5
23880,5
73598,5
92904,5
75896,5
75895,5
25936,5
6879,5
91717,5
73606,5
73608,5
73611,5
92897,5
25892,5
23912,5
92922,5
47324,5
73721,5
91743,5
6931,5
73723,5
73725,5
92845,5
25846,5
25840,5
25837,5
73734,5
51086,5
6942,5
92838,5
51087,5
75828,5
73745,5
25827,5
25823,5
73754,5
73719,5
43051,5
73674,5
92850,5
25878,5
92863,5
25872,5
73681,5
73684,5
73686,5
73689,5
23917,5
42541,5
25863,5
73696,5
73697,5
73702,5
73703,5
73705,5
92853,5
75847,5
73707,5
73709,5
73575,5
6860,5
73380,5
93000,5
73428,5
6790,5
73430,5
23814,5
6791,5
73432,5
26104,5
56332,5
6792,5
43084,5
26087,5
26084,5
91681,5
91682,5
23827,5
23835,5
91687,5
91688,5
26074,5
73425,5
91676,5
47362,5
6787,5
51043,5
73383,5
73387,5
6775,5
23801,5
73390,5
23809,5
75972,5
73393,5
42468,5
56352,5
42474,5
6780,5
73409,5
47027,5
91672,5
6781,5
56341,5
23813,5
47367,5
51056,5
73560,5
51400,5
43075,5
73519,5
26004,5
6833,5
47352,5
51399,5
6840,5
25995,5
6850,5
91705,5
42491,5
6852,5
73547,5
42494,5
73553,5
55674,5
51397,5
25978,5
92927,5
42490,5
26010,5
56325,5
75920,5
43081,5
56319,5
6823,5
73486,5
26028,5
23844,5
73496,5
73500,5
73501,5
73502,5
8155,5
56313,5
55670,5
8154,5
92956,5
73508,5
26011,5
91699,5
51060,5
26434,5
8290,5
72380,5
72587,5
23417,5
42291,5
6327,5
72579,5
26892,5
8456,5
26890,5
76413,5
23420,5
26880,5
73053,5
76406,5
26869,5
26863,5
72600,5
42295,5
72603,5
72607,5
23428,5
26840,5
72568,5
6316,5
56585,5
26926,5
76436,5
56593,5
76431,5
26962,5
26953,5
56587,5
72541,5
55545,5
72546,5
72550,5
26947,5
26942,5
26941,5
93461,5
26929,5
76426,5
72559,5
91409,5
72560,5
51466,5
26835,5
51464,5
93413,5
56559,5
6351,5
47486,5
23448,5
56553,5
23449,5
76369,5
6366,5
91447,5
72682,5
26775,5
72688,5
72689,5
72691,5
72693,5
72694,5
26765,5
8426,5
8425,5
47487,5
93414,5
47488,5
76375,5
26818,5
93433,5
72626,5
26814,5
91434,5
93428,5
26813,5
23436,5
91437,5
56568,5
26807,5
72638,5
8440,5
91441,5
72648,5
93422,5
72652,5
8437,5
42300,5
93471,5
23406,5
72522,5
23351,5
42240,5
6243,5
27060,5
76510,5
27057,5
27056,5
23352,5
47507,5
76507,5
93508,5
76504,5
76500,5
72437,5
91379,5
56616,5
23365,5
56615,5
27041,5
93505,5
27071,5
27073,5
27039,5
50907,5
72382,5
55508,5
23306,5
42232,5
42233,5
72398,5
23307,5
91361,5
72400,5
23311,5
43205,5
27094,5
46961,5
23327,5
56625,5
76526,5
6241,5
6242,5
27079,5
43193,5
76483,5
93473,5
93489,5
23389,5
76457,5
72495,5
72497,5
55542,5
72499,5
26984,5
6297,5
26983,5
23394,5
93479,5
56595,5
26976,5
72514,5
91395,5
76442,5
23405,5
46975,5
26970,5
26997,5
72487,5
27036,5
46969,5
47502,5
6270,5
23375,5
56611,5
72462,5
42260,5
76467,5
55540,5
23382,5
72472,5
42265,5
23383,5
6279,5
23386,5
42266,5
72479,5
42267,5
56599,5
27009,5
26762,5
56541,5
23460,5
8320,5
26514,5
93228,5
26510,5
72970,5
76230,5
93225,5
76227,5
47015,5
6565,5
76224,5
26502,5
42385,5
72979,5
93221,5
55596,5
72983,5
56463,5
26493,5
42392,5
93230,5
93231,5
55597,5
26519,5
26559,5
56485,5
56482,5
26554,5
91517,5
72934,5
72935,5
76247,5
93241,5
76244,5
91522,5
26541,5
8332,5
72943,5
26535,5
26528,5
72954,5
93233,5
91536,5
72989,5
76216,5
72919,5
6582,5
93198,5
42398,5
91556,5
91558,5
73028,5
26453,5
73033,5
56451,5
73037,5
42403,5
26445,5
50991,5
93189,5
76173,5
26443,5
56446,5
73047,5
73048,5
73052,5
76180,5
23627,5
6569,5
6581,5
26492,5
76213,5
91549,5
76200,5
76198,5
26488,5
93217,5
76194,5
72996,5
42395,5
73001,5
93215,5
26474,5
76193,5
8301,5
73013,5
8295,5
76187,5
91555,5
93248,5
76255,5
72711,5
6423,5
76328,5
8400,5
26693,5
72776,5
50957,5
56516,5
72794,5
8388,5
47000,5
6443,5
72801,5
23516,5
72802,5
26667,5
72807,5
72810,5
76314,5
93323,5
72821,5
6424,5
26714,5
6457,5
91469,5
26756,5
6379,5
93382,5
23467,5
76347,5
8412,5
42329,5
26737,5
93369,5
93366,5
56532,5
55570,5
23482,5
26724,5
50949,5
50951,5
91467,5
6417,5
42338,5
55576,5
72831,5
42371,5
76285,5
26600,5
51445,5
47435,5
91509,5
50979,5
26593,5
6531,5
55583,5
26588,5
6538,5
26581,5
6544,5
23558,5
8354,5
91512,5
47434,5
6550,5
72915,5
55588,5
6513,5
47006,5
72839,5
6512,5
26643,5
6471,5
93306,5
8373,5
56505,5
23523,5
76303,5
72863,5
76299,5
51448,5
6503,5
93286,5
8365,5
76290,5
8364,5
93282,5
26611,5
42362,5
93278,5
55693,5
73755,5
73759,5
7397,5
55811,5
47092,5
25062,5
74634,5
7394,5
7824,5
7823,5
91996,5
56029,5
42749,5
23930,5
74652,5
7819,5
51218,5
42941,5
75370,5
92372,5
75369,5
56021,5
92368,5
74631,5
92385,5
47184,5
24317,5
92410,5
7870,5
56042,5
75423,5
92403,5
25093,5
25091,5
42951,5
47194,5
24298,5
92397,5
56038,5
25072,5
75418,5
24301,5
75411,5
25066,5
7855,5
74627,5
92367,5
25022,5
56015,5
24357,5
74718,5
74719,5
92344,5
24941,5
74733,5
7462,5
74739,5
55831,5
75328,5
51231,5
24921,5
75327,5
55833,5
24916,5
92025,5
74764,5
92314,5
42933,5
24377,5
74717,5
7793,5
74675,5
24957,5
7811,5
56012,5
75366,5
24339,5
25008,5
75360,5
51319,5
75355,5
25000,5
24999,5
24997,5
24994,5
51223,5
7802,5
51224,5
51225,5
7795,5
7440,5
24352,5
25105,5
25108,5
25112,5
51345,5
74483,5
75498,5
74488,5
75497,5
25186,5
75493,5
25185,5
25184,5
25183,5
91928,5
42712,5
51192,5
24224,5
25176,5
75482,5
7333,5
74508,5
47213,5
25159,5
74482,5
42710,5
75478,5
7324,5
7303,5
25229,5
7939,5
25225,5
75513,5
24205,5
47077,5
25221,5
42689,5
42692,5
7310,5
51189,5
25216,5
7935,5
74466,5
25203,5
24207,5
25200,5
75504,5
75480,5
7908,5
75428,5
7889,5
91959,5
25128,5
7886,5
51203,5
74564,5
7361,5
74567,5
7882,5
7364,5
74570,5
91964,5
24281,5
75440,5
75437,5
92416,5
25116,5
91966,5
42732,5
75433,5
74550,5
74548,5
25158,5
92431,5
56058,5
7338,5
74523,5
75465,5
25147,5
74528,5
25145,5
7903,5
25142,5
74534,5
7898,5
51339,5
56054,5
51202,5
55803,5
74539,5
74540,5
25136,5
7353,5
74768,5
24908,5
7777,5
7618,5
55929,5
24661,5
75017,5
7718,5
42847,5
75022,5
24658,5
7630,5
75028,5
75030,5
24455,5
24460,5
75040,5
24649,5
24647,5
75045,5
7713,5
42907,5
92158,5
7619,5
7614,5
75193,5
75000,5
7579,5
42840,5
92197,5
7587,5
24699,5
75235,5
42841,5
92072,5
7589,5
75229,5
74982,5
74989,5
74992,5
24433,5
92076,5
24436,5
24682,5
24679,5
75216,5
51296,5
51270,5
74960,5
92129,5
24557,5
55873,5
75113,5
24543,5
42876,5
75167,5
55877,5
75165,5
75118,5
42892,5
75121,5
75159,5
92121,5
24532,5
75153,5
24531,5
92117,5
24527,5
92108,5
55896,5
24489,5
75190,5
24568,5
51271,5
51273,5
7643,5
92149,5
24615,5
55907,5
55866,5
42864,5
24478,5
55905,5
92091,5
92093,5
24599,5
7657,5
42870,5
42872,5
24579,5
55870,5
75093,5
24710,5
92203,5
92313,5
7507,5
24846,5
42787,5
92290,5
24384,5
24386,5
24844,5
74831,5
75295,5
74833,5
74836,5
24392,5
75287,5
74841,5
74842,5
55841,5
75284,5
74848,5
24829,5
7523,5
24853,5
47115,5
24821,5
7762,5
51236,5
74777,5
74780,5
51314,5
42774,5
55985,5
42776,5
74788,5
74790,5
42932,5
74797,5
24880,5
24879,5
24871,5
7500,5
24867,5
75309,5
7773,5
75307,5
74857,5
24396,5
24717,5
92246,5
24415,5
75252,5
75250,5
51250,5
47163,5
74907,5
24767,5
24759,5
75240,5
74919,5
24749,5
24744,5
51254,5
7728,5
51258,5
24727,5
92209,5
74950,5
24724,5
92245,5
7548,5
55966,5
24791,5
74861,5
75278,5
7524,5
92054,5
92056,5
75267,5
75265,5
75264,5
7738,5
24408,5
75260,5
42814,5
24808,5
7534,5
24801,5
7734,5
7537,5
75255,5
7538,5
7295,5
92487,5
47217,5
91811,5
7064,5
25609,5
25608,5
25604,5
25601,5
91813,5
73991,5
8030,5
24017,5
92709,5
74005,5
43018,5
43016,5
25583,5
92703,5
24028,5
25581,5
91822,5
24038,5
73972,5
25623,5
51367,5
51372,5
92742,5
75739,5
92740,5
51376,5
56203,5
25646,5
25645,5
75734,5
47049,5
75731,5
73951,5
51118,5
73954,5
56200,5
75728,5
75726,5
73967,5
51373,5
25625,5
74014,5
74015,5
7037,5
43012,5
25530,5
51362,5
8010,5
75672,5
74065,5
74067,5
7112,5
42610,5
7117,5
25520,5
91840,5
55744,5
74079,5
47288,5
74082,5
7119,5
74088,5
74099,5
24067,5
25533,5
74056,5
75688,5
56180,5
92696,5
92694,5
51365,5
75685,5
24043,5
74021,5
92690,5
92682,5
25557,5
7104,5
74035,5
55734,5
74039,5
56182,5
25543,5
74050,5
25539,5
51126,5
7106,5
43024,5
73925,5
56171,5
25775,5
25768,5
23940,5
51383,5
8088,5
8087,5
47321,5
56235,5
23951,5
56234,5
25757,5
92799,5
25753,5
73825,5
75797,5
25752,5
56232,5
56229,5
73836,5
73838,5
73806,5
92810,5
75794,5
6972,5
8094,5
75821,5
25814,5
47046,5
55695,5
73763,5
73764,5
75816,5
51090,5
91757,5
25809,5
73773,5
25804,5
25801,5
25795,5
73784,5
75812,5
73785,5
92813,5
23955,5
25736,5
56206,5
75769,5
51102,5
55711,5
91793,5
25679,5
25674,5
25668,5
43027,5
25667,5
56209,5
23995,5
91798,5
73911,5
73912,5
73915,5
42581,5
24000,5
8042,5
25661,5
92744,5
43030,5
91785,5
91771,5
25704,5
55702,5
25735,5
25725,5
23965,5
23966,5
73848,5
92785,5
42562,5
8070,5
73854,5
56221,5
92783,5
75781,5
7002,5
25709,5
8068,5
43032,5
73868,5
25706,5
8006,5
51132,5
56090,5
42654,5
75548,5
25349,5
42970,5
25338,5
25336,5
91900,5
25335,5
92542,5
75539,5
56123,5
92532,5
7259,5
92529,5
92528,5
7265,5
7955,5
55783,5
74340,5
92524,5
74312,5
56133,5
25310,5
74300,5
91881,5
91882,5
74274,5
74279,5
74281,5
24158,5
74282,5
25372,5
91885,5
25370,5
75562,5
7240,5
7968,5
91892,5
25367,5
91897,5
7243,5
74298,5
74299,5
56114,5
74353,5
25382,5
75521,5
92503,5
25261,5
51178,5
92499,5
25260,5
7286,5
56094,5
25256,5
25253,5
56091,5
25248,5
25245,5
55789,5
25244,5
74429,5
91911,5
25243,5
75515,5
25241,5
92507,5
74394,5
74354,5
91909,5
7272,5
56104,5
7274,5
25298,5
7953,5
56103,5
74372,5
74373,5
51348,5
74375,5
74376,5
42676,5
25280,5
74390,5
92510,5
24191,5
25276,5
24195,5
7276,5
42647,5
56136,5
74103,5
43005,5
56157,5
75640,5
43001,5
25451,5
7161,5
8001,5
25446,5
42996,5
42987,5
74172,5
47058,5
25441,5
24111,5
25438,5
42632,5
55757,5
75619,5
92621,5
74179,5
24086,5
74147,5
92619,5
25469,5
7129,5
74106,5
74108,5
55745,5
47274,5
74112,5
75655,5
92653,5
42616,5
24080,5
51137,5
47273,5
92642,5
8003,5
7149,5
74136,5
51139,5
24082,5
74139,5
51143,5
74182,5
24155,5
92588,5
74232,5
25400,5
75588,5
74234,5
25398,5
25395,5
7222,5
75587,5
47063,5
92575,5
91876,5
74251,5
74252,5
7979,5
7234,5
42642,5
74264,5
92563,5
74268,5
74230,5
24135,5
92618,5
24132,5
75616,5
74195,5
74196,5
25425,5
74203,5
91857,5
75610,5
7199,5
7997,5
7200,5
74209,5
25423,5
55761,5
92598,5
75604,5
74216,5
91863,5
92592,5
91864,5
76562,5
26799,5
8500,5
71389,5
22413,5
28043,5
5363,5
5714,5
50769,5
28037,5
71387,5
90915,5
94056,5
28034,5
22408,5
8708,5
28030,5
5723,5
71400,5
22803,5
55370,5
94070,5
71372,5
77064,5
94087,5
22791,5
94085,5
71353,5
47643,5
77070,5
22419,5
5702,5
41964,5
94078,5
71367,5
71369,5
77067,5
77065,5
28054,5
5728,5
70577,5
28172,5
94027,5
70557,5
27987,5
22824,5
22405,5
56880,5
70556,5
22826,5
55382,5
43296,5
91129,5
94023,5
46899,5
94022,5
94021,5
43293,5
77026,5
94032,5
94035,5
71438,5
55380,5
77473,5
28003,5
5739,5
47737,5
94041,5
56889,5
70571,5
70568,5
71429,5
70567,5
71431,5
71432,5
28851,5
70560,5
71435,5
22789,5
28833,5
71345,5
22420,5
56923,5
28801,5
28802,5
5369,5
46837,5
43307,5
57127,5
8735,5
71344,5
28130,5
51545,5
5368,5
28125,5
57128,5
76565,5
94448,5
77455,5
28798,5
94118,5
28143,5
70615,5
28166,5
22758,5
47733,5
55248,5
71260,5
28152,5
77114,5
41949,5
28150,5
28147,5
71269,5
43410,5
71270,5
5652,5
71298,5
28123,5
22770,5
46893,5
57135,5
70587,5
91110,5
22782,5
71320,5
94100,5
71323,5
94098,5
51540,5
8899,5
77464,5
77078,5
94092,5
77074,5
71342,5
71319,5
28110,5
91102,5
55246,5
22773,5
77102,5
28812,5
43306,5
22775,5
8732,5
41958,5
94109,5
28114,5
77096,5
94449,5
71309,5
22778,5
71312,5
70590,5
22402,5
71462,5
27965,5
28932,5
70497,5
22367,5
42015,5
71590,5
71591,5
71592,5
41746,5
41744,5
70499,5
5335,5
27851,5
22364,5
5834,5
70483,5
42021,5
46905,5
76960,5
71588,5
8923,5
47613,5
93949,5
71570,5
22899,5
56844,5
56843,5
50802,5
71575,5
28926,5
5824,5
42014,5
76963,5
22907,5
71580,5
93941,5
27854,5
22920,5
56832,5
71611,5
50649,5
93916,5
76930,5
5850,5
50648,5
71647,5
91170,5
47597,5
22961,5
22962,5
57158,5
71654,5
71655,5
76920,5
93908,5
28955,5
76932,5
71640,5
93927,5
28950,5
27832,5
43276,5
71620,5
42025,5
71623,5
91158,5
28942,5
27824,5
91161,5
71630,5
22362,5
27822,5
8680,5
22941,5
94501,5
22896,5
77506,5
77482,5
91138,5
91137,5
22858,5
70531,5
94478,5
5775,5
55395,5
5777,5
71499,5
93951,5
56866,5
27922,5
70529,5
94479,5
56863,5
71504,5
27917,5
93998,5
27935,5
71490,5
27939,5
77022,5
5765,5
8906,5
55386,5
27959,5
94009,5
27958,5
70545,5
70542,5
91136,5
71480,5
50655,5
55394,5
77008,5
51601,5
56862,5
55397,5
28908,5
71541,5
5809,5
22370,5
42011,5
76985,5
71550,5
8688,5
47619,5
91146,5
5814,5
93955,5
91147,5
71561,5
5339,5
5817,5
41749,5
27886,5
22875,5
27914,5
22874,5
71515,5
22868,5
71516,5
93985,5
27910,5
47622,5
5341,5
22873,5
22382,5
27908,5
90901,5
27904,5
8915,5
5799,5
56851,5
28169,5
43312,5
22964,5
91021,5
55304,5
77277,5
70970,5
77276,5
28424,5
70973,5
70974,5
57027,5
28664,5
94273,5
70980,5
94390,5
70981,5
94268,5
41869,5
57020,5
77382,5
77288,5
77289,5
22510,5
5429,5
28455,5
77307,5
77303,5
94290,5
57035,5
28660,5
77378,5
22601,5
22606,5
22511,5
50681,5
28439,5
28428,5
70966,5
8861,5
57095,5
56937,5
94397,5
22631,5
94396,5
51561,5
22494,5
28379,5
22632,5
43347,5
94250,5
77271,5
28685,5
94249,5
94400,5
77394,5
28373,5
28368,5
55319,5
91034,5
43349,5
28380,5
71015,5
28409,5
77269,5
28393,5
5521,5
94258,5
94393,5
46860,5
8796,5
70728,5
71009,5
91031,5
5531,5
94252,5
22497,5
41879,5
77309,5
70943,5
55290,5
77329,5
77333,5
90992,5
28545,5
90993,5
41828,5
5479,5
94331,5
8836,5
70936,5
28536,5
57059,5
28621,5
43378,5
70866,5
8825,5
28529,5
28562,5
5442,5
41822,5
94342,5
94354,5
94356,5
22538,5
5456,5
22546,5
5458,5
28605,5
28594,5
94348,5
22550,5
41819,5
41821,5
28576,5
5448,5
28575,5
28526,5
28525,5
28524,5
51573,5
94304,5
77317,5
91003,5
47721,5
41842,5
8823,5
41843,5
28645,5
77375,5
28478,5
57043,5
94297,5
8857,5
50682,5
28653,5
28494,5
28506,5
41809,5
28507,5
94375,5
28521,5
94319,5
28519,5
46856,5
77370,5
70884,5
28515,5
47702,5
55270,5
70892,5
57054,5
70759,5
70758,5
5434,5
71034,5
28701,5
50714,5
46882,5
22716,5
22721,5
71188,5
71192,5
55344,5
28755,5
77154,5
22733,5
28744,5
28761,5
5381,5
94434,5
94435,5
77148,5
43315,5
22445,5
51550,5
70649,5
71185,5
28226,5
28745,5
22696,5
28749,5
94184,5
28238,5
91074,5
28750,5
70653,5
77170,5
71171,5
28234,5
28232,5
28230,5
5599,5
77168,5
22738,5
5610,5
50737,5
5628,5
77446,5
5632,5
77133,5
55350,5
28784,5
50747,5
94140,5
70619,5
77449,5
5637,5
43314,5
28178,5
71237,5
56940,5
28791,5
8739,5
71220,5
51596,5
41933,5
28771,5
94165,5
71205,5
22442,5
28778,5
94161,5
5612,5
70628,5
77141,5
94158,5
56950,5
28783,5
77138,5
94157,5
46884,5
94425,5
56965,5
77395,5
8874,5
28326,5
41890,5
70694,5
90950,5
8785,5
46849,5
55256,5
91050,5
91073,5
28720,5
77421,5
94216,5
8782,5
77422,5
71097,5
56987,5
5409,5
28332,5
57107,5
5554,5
22640,5
5541,5
28361,5
71039,5
5546,5
22642,5
28354,5
5553,5
22483,5
28710,5
22648,5
22479,5
71059,5
43342,5
71062,5
28292,5
51554,5
71111,5
28262,5
71145,5
70674,5
77189,5
41899,5
28257,5
77187,5
71150,5
57118,5
8886,5
77182,5
56968,5
5394,5
22692,5
41902,5
8767,5
94194,5
28738,5
47728,5
22681,5
77206,5
28284,5
5572,5
71115,5
28280,5
94204,5
43332,5
41896,5
94199,5
71130,5
71134,5
51552,5
71136,5
91065,5
77434,5
70462,5
71594,5
72052,5
72306,5
70327,5
6180,5
6052,5
8524,5
91333,5
56728,5
6185,5
27446,5
6188,5
22314,5
94566,5
46942,5
6048,5
42125,5
94564,5
23243,5
93709,5
93711,5
5294,5
70341,5
6034,5
6033,5
56654,5
41696,5
29085,5
72312,5
27468,5
29082,5
72030,5
23134,5
27439,5
93698,5
71936,5
72084,5
93577,5
27390,5
6066,5
51501,5
77567,5
72282,5
93687,5
70325,5
93689,5
22313,5
76725,5
76629,5
91283,5
8578,5
27404,5
5249,5
27406,5
27407,5
43484,5
77563,5
72078,5
27212,5
55460,5
27412,5
76734,5
6059,5
6179,5
29105,5
56722,5
42134,5
23133,5
72027,5
72026,5
71963,5
91262,5
23250,5
76616,5
8593,5
22321,5
22322,5
93749,5
43249,5
23104,5
93553,5
5997,5
47754,5
43251,5
42107,5
46819,5
27180,5
71962,5
72325,5
23103,5
43488,5
71956,5
42184,5
8596,5
27522,5
93758,5
27526,5
5994,5
22323,5
27531,5
71940,5
55451,5
57175,5
29070,5
47755,5
27471,5
6025,5
70249,5
70348,5
43242,5
43244,5
8580,5
43246,5
55453,5
90877,5
77560,5
6190,5
23127,5
8581,5
6193,5
55494,5
6019,5
76761,5
8587,5
93729,5
93731,5
55211,5
5296,5
6006,5
5298,5
71986,5
47554,5
8936,5
43486,5
56660,5
72277,5
56661,5
29165,5
23218,5
23219,5
55195,5
23184,5
56675,5
27263,5
77603,5
72186,5
76648,5
8538,5
77619,5
94591,5
77597,5
5261,5
57185,5
93598,5
5264,5
76676,5
29166,5
76644,5
6150,5
50630,5
5273,5
8550,5
50627,5
23176,5
90847,5
47531,5
29133,5
23225,5
43226,5
93627,5
72189,5
23192,5
47526,5
77613,5
50887,5
27271,5
27272,5
55483,5
46826,5
93606,5
72214,5
55482,5
70274,5
29163,5
56680,5
72206,5
43229,5
22234,5
42179,5
72230,5
22238,5
23202,5
27288,5
56684,5
27301,5
8955,5
5259,5
91320,5
91319,5
70272,5
27266,5
8555,5
27245,5
56715,5
27371,5
29125,5
8940,5
29120,5
93666,5
8561,5
77583,5
29119,5
6081,5
41714,5
70317,5
22214,5
72267,5
76705,5
29111,5
22279,5
27326,5
23153,5
22294,5
55207,5
43458,5
76631,5
23241,5
23152,5
50634,5
29181,5
47539,5
76718,5
27383,5
22302,5
23150,5
47763,5
76695,5
51492,5
23231,5
70263,5
76684,5
93642,5
47532,5
23171,5
72153,5
27339,5
22262,5
6092,5
27344,5
72250,5
50893,5
23168,5
23167,5
43234,5
76640,5
55202,5
27347,5
76639,5
93591,5
77590,5
27348,5
70262,5
93589,5
72135,5
91306,5
23162,5
77586,5
27365,5
57171,5
76611,5
27542,5
72342,5
6212,5
47511,5
91346,5
71770,5
28985,5
5229,5
94518,5
94516,5
8652,5
42055,5
70434,5
28977,5
5884,5
91198,5
50832,5
76868,5
47750,5
72358,5
28970,5
23277,5
93862,5
46914,5
72360,5
42052,5
43267,5
71747,5
93868,5
57164,5
71739,5
71771,5
5232,5
27709,5
23038,5
28993,5
8647,5
70236,5
27660,5
5918,5
23039,5
8649,5
27666,5
28992,5
5914,5
93838,5
70377,5
76855,5
46952,5
76860,5
5908,5
27679,5
71792,5
72350,5
27691,5
50642,5
42221,5
23034,5
5902,5
70424,5
72353,5
27704,5
56789,5
93869,5
46913,5
56801,5
41730,5
27786,5
93893,5
47591,5
29224,5
27130,5
71681,5
76574,5
93527,5
22351,5
23006,5
76890,5
22357,5
55506,5
8660,5
27134,5
50620,5
43212,5
76903,5
51527,5
76906,5
94508,5
72378,5
93900,5
43272,5
22970,5
8670,5
90826,5
71666,5
71693,5
77526,5
93875,5
27763,5
76587,5
71732,5
22187,5
27750,5
71730,5
71728,5
27758,5
72361,5
77532,5
93536,5
71721,5
71718,5
55502,5
46910,5
70454,5
22339,5
71713,5
56807,5
23012,5
23011,5
70447,5
27776,5
71703,5
70449,5
94512,5
71702,5
72365,5
6218,5
50902,5
27148,5
71813,5
76807,5
27575,5
50843,5
77649,5
6203,5
50842,5
43255,5
22325,5
94611,5
27582,5
8607,5
50841,5
55498,5
8610,5
27586,5
5953,5
91227,5
27589,5
5950,5
46831,5
27600,5
29187,5
29025,5
76815,5
28998,5
93546,5
71874,5
5949,5
43261,5
23070,5
29024,5
70389,5
5963,5
27571,5
23095,5
22324,5
22193,5
23101,5
90881,5
71932,5
70378,5
91253,5
51624,5
29041,5
77648,5
71927,5
42087,5
5977,5
71922,5
70380,5
27561,5
94610,5
93777,5
23099,5
70382,5
71911,5
8601,5
71908,5
27171,5
94544,5
56647,5
47569,5
56770,5
91242,5
27609,5
23072,5
6146,5
91214,5
23056,5
5937,5
76839,5
71826,5
70399,5
71828,5
42076,5
27641,5
57199,5
27636,5
23061,5
27648,5
71845,5
71844,5
90886,5
76833,5
94536,5
71842,5
91342,5
76596,5
5929,5
94534,5
5307,5
91216,5
55429,5
5940,5
27655,5
71819,5
43262,5
91222,5
5305,5
23062,5
5941,5
27158,5
41694,5
8993,5
71859,5
6204,5
71858,5
93821,5
49656,4
51288,4
90817,4
9018,4
90737,4
49249,4
86325,4
1611,4
8852,4
47122,4
90832,4
1356,4
9001,4
13447,4
87177,4
238,4
52687,4
87168,4
8,4
98300,4
12,4
92089,4
86310,4
13439,4
99987,4
87052,4
90809,4
98567,4
1360,4
7945,4
219,4
91902,4
7696,4
90961,4
99770,4
7688,4
9611,4
51631,4
47125,4
8997,4
1636,4
1614,4
90849,4
36,4
49204,4
90977,4
90971,4
49579,4
51614,4
8854,4
90982,4
99998,4
46813,4
8863,4
51603,4
91988,4
13385,4
13386,4
51605,4
99848,4
9072,4
47093,4
48744,4
98462,4
8907,4
51308,4
87128,4
98451,4
91998,4
90773,4
52665,4
92034,4
9542,4
9554,4
13380,4
91984,4
7753,4
95,4
48774,4
87133,4
1540,4
86358,4
85,4
9076,4
99895,4
91969,4
90762,4
7750,4
1446,4
157,4
98382,4
7867,4
92047,4
148,4
98473,4
47088,4
90888,4
99854,4
1610,4
87121,4
52672,4
98406,4
8924,4
122,4
51639,4
1500,4
92028,4
121,4
9551,4
7792,4
51770,4
7790,4
51604,4
46812,4
92026,4
51315,4
13398,4
47108,4
49177,4
90891,4
12632,4
90735,4
124,4
99881,4
99858,4
13401,4
8916,4
98435,4
8921,4
86371,4
99861,4
1522,4
92008,4
7810,4
109,4
98402,4
8927,4
87102,4
86383,4
86382,4
13391,4
51303,4
1444,4
45809,4
82,4
98533,4
90219,4
9030,4
7929,4
86340,4
98530,4
92074,4
12609,4
8946,4
51343,4
86414,4
90931,4
7927,4
48721,4
98335,4
49211,4
7923,4
87148,4
9584,4
90933,4
92079,4
98537,4
90940,4
51643,4
48709,4
86423,4
7715,4
92082,4
49588,4
9598,4
8879,4
1378,4
91918,4
51593,4
48792,4
192,4
86417,4
8883,4
51784,4
91917,4
48,4
90930,4
87065,4
49598,4
1555,4
91956,4
46838,4
172,4
99926,4
99919,4
9523,4
164,4
46680,4
90279,4
87140,4
99918,4
48775,4
99913,4
9053,4
90878,4
51609,4
86401,4
49168,4
99870,4
86403,4
49240,4
51341,4
98516,4
52659,4
13360,4
9515,4
9039,4
12611,4
9582,4
87067,4
91942,4
49238,4
9581,4
7727,4
8939,4
70,4
45790,4
49165,4
98499,4
92064,4
1346,4
8733,4
90310,4
49342,4
99044,4
90495,4
99407,4
99408,4
9332,4
51433,4
91535,4
9206,4
900,4
86816,4
51709,4
99412,4
904,4
906,4
909,4
90619,4
86643,4
99418,4
99018,4
12942,4
8314,4
8605,4
46932,4
46931,4
49064,4
90482,4
45705,4
99432,4
99435,4
9355,4
9210,4
868,4
934,4
49452,4
86664,4
91278,4
99085,4
834,4
835,4
90509,4
86793,4
51707,4
91492,4
836,4
8367,4
99076,4
842,4
86800,4
99062,4
51444,4
99383,4
51504,4
91271,4
8358,4
12959,4
46939,4
51506,4
8588,4
9325,4
52795,4
86808,4
99397,4
99053,4
45655,4
91220,4
45709,4
87044,4
86854,4
45648,4
8658,4
86612,4
98940,4
9383,4
980,4
49327,4
488,4
91185,4
91180,4
91613,4
8667,4
989,4
473,4
90653,4
502,4
91619,4
52731,4
9185,4
99510,4
8217,4
49090,4
8675,4
8677,4
1015,4
9390,4
1020,4
86594,4
90438,4
86593,4
969,4
91601,4
98992,4
86623,4
51425,4
535,4
51420,4
49068,4
8641,4
51716,4
8269,4
8266,4
98985,4
48916,4
13163,4
86836,4
49472,4
13167,4
49333,4
91596,4
958,4
98967,4
517,4
86622,4
960,4
8258,4
13168,4
965,4
86842,4
99465,4
86617,4
512,4
9379,4
8243,4
12973,4
8389,4
45657,4
9291,4
8518,4
8520,4
13030,4
8522,4
670,4
8523,4
91389,4
99203,4
45684,4
90544,4
8472,4
99288,4
8469,4
99192,4
49409,4
48992,4
8466,4
658,4
99297,4
91328,4
9251,4
99182,4
91326,4
99305,4
90537,4
13017,4
91408,4
51700,4
99177,4
48979,4
90580,4
13035,4
8401,4
99269,4
8498,4
9263,4
99254,4
13055,4
86720,4
49388,4
8504,4
91349,4
91368,4
99239,4
8487,4
13066,4
99234,4
90575,4
90576,4
51478,4
708,4
91374,4
8514,4
46757,4
91378,4
91383,4
99219,4
51490,4
712,4
91339,4
99216,4
715,4
51690,4
9288,4
90589,4
99172,4
8462,4
8423,4
91446,4
12998,4
49358,4
8429,4
90515,4
99353,4
51680,4
52758,4
91302,4
86672,4
598,4
91300,4
49431,4
99117,4
91458,4
91413,4
13115,4
86787,4
99111,4
90606,4
99110,4
51499,4
99109,4
99365,4
807,4
8573,4
809,4
811,4
584,4
8402,4
91307,4
49040,4
9231,4
794,4
99166,4
99165,4
52784,4
48973,4
766,4
91419,4
91420,4
99152,4
8539,4
770,4
8542,4
630,4
99324,4
46948,4
99145,4
9300,4
9302,4
8547,4
86680,4
99141,4
91314,4
13108,4
8548,4
48966,4
785,4
90519,4
47127,4
99335,4
49428,4
98903,4
8682,4
86592,4
86993,4
98694,4
13302,4
8771,4
99672,4
91812,4
12795,4
86481,4
1251,4
1255,4
91818,4
86990,4
325,4
91823,4
46874,4
47054,4
98711,4
9464,4
91058,4
8777,4
98682,4
1260,4
90713,4
45776,4
298,4
8783,4
51742,4
8788,4
294,4
90341,4
49549,4
98704,4
98713,4
13291,4
9141,4
98768,4
1161,4
48858,4
99651,4
8067,4
8065,4
49529,4
9444,4
86968,4
341,4
46723,4
51378,4
8062,4
45755,4
51377,4
98717,4
13296,4
90363,4
86495,4
98725,4
8039,4
45757,4
1214,4
9140,4
49274,4
49117,4
98721,4
9138,4
98720,4
13297,4
8792,4
48829,4
9468,4
49574,4
90730,4
47061,4
99734,4
98614,4
254,4
48800,4
7986,4
98609,4
99739,4
252,4
98603,4
251,4
250,4
45605,4
90320,4
99698,4
98597,4
90998,4
245,4
13337,4
13339,4
98591,4
90316,4
98587,4
12716,4
86442,4
99752,4
9488,4
241,4
87040,4
99732,4
90325,4
87022,4
51571,4
51744,4
91839,4
12763,4
99700,4
49553,4
91037,4
287,4
90335,4
90717,4
1273,4
8794,4
9120,4
49126,4
86463,4
99717,4
8002,4
51568,4
1289,4
9477,4
91022,4
8808,4
7998,4
45612,4
98635,4
1298,4
99724,4
98628,4
49566,4
1304,4
8069,4
86506,4
12894,4
49300,4
98857,4
48892,4
99556,4
422,4
91140,4
8691,4
8163,4
46736,4
8159,4
91690,4
90408,4
86905,4
1078,4
13220,4
99570,4
1066,4
99571,4
9167,4
9163,4
405,4
49297,4
51535,4
90402,4
98838,4
13226,4
9156,4
86911,4
86912,4
52717,4
13235,4
91673,4
86577,4
13281,4
46903,4
98901,4
91159,4
99525,4
86878,4
12884,4
444,4
9175,4
49094,4
91647,4
98893,4
8194,4
98882,4
13195,4
12878,4
86882,4
423,4
46740,4
91150,4
1051,4
51407,4
434,4
91148,4
1055,4
9399,4
86888,4
8169,4
9400,4
98865,4
52818,4
9171,4
86553,4
86922,4
390,4
45622,4
355,4
91751,4
86941,4
1135,4
1141,4
99634,4
12831,4
13265,4
49114,4
13269,4
51384,4
12829,4
8091,4
86946,4
86948,4
99589,4
49281,4
91096,4
52714,4
9148,4
98778,4
91764,4
8083,4
91095,4
1152,4
86511,4
90693,4
1155,4
12809,4
9146,4
12837,4
8095,4
8100,4
47043,4
12849,4
98827,4
99591,4
12848,4
98825,4
13242,4
98822,4
8703,4
99601,4
382,4
381,4
91722,4
8121,4
12841,4
47037,4
13245,4
1107,4
49109,4
8110,4
49289,4
45632,4
91115,4
91740,4
1119,4
49286,4
12838,4
1122,4
91744,4
368,4
98278,4
94634,4
7684,4
5920,4
95862,4
93840,4
50836,4
3962,4
3960,4
5919,4
3955,4
10411,4
48088,4
93831,4
52288,4
48084,4
3935,4
46492,4
95886,4
46496,4
95892,4
93817,4
50276,4
46191,4
50275,4
5944,4
93846,4
50284,4
50838,4
48076,4
89346,4
48060,4
5871,4
11354,4
4020,4
5873,4
50301,4
95808,4
93881,4
88444,4
93866,4
3970,4
5882,4
3993,4
95840,4
5883,4
52014,4
95845,4
3975,4
89367,4
95852,4
95854,4
93815,4
89390,4
5861,4
3833,4
5998,4
6002,4
3840,4
3839,4
50251,4
3837,4
47559,4
89416,4
88372,4
95980,4
3832,4
5996,4
6020,4
46178,4
3826,4
3821,4
50857,4
95990,4
6021,4
89420,4
3814,4
95997,4
3843,4
3847,4
3910,4
50847,4
95907,4
3909,4
52297,4
95915,4
95922,4
5957,4
48092,4
95929,4
95930,4
3891,4
93781,4
10367,4
93779,4
3876,4
3871,4
5989,4
3864,4
93768,4
93767,4
5993,4
3851,4
48111,4
95791,4
93897,4
94047,4
5778,4
4212,4
94004,4
4205,4
94002,4
95627,4
4188,4
47629,4
95638,4
88535,4
11283,4
95642,4
4216,4
50358,4
88529,4
50792,4
95652,4
4161,4
48010,4
50796,4
88524,4
93963,4
50797,4
5771,4
94007,4
52027,4
4237,4
5738,4
88567,4
4255,4
95578,4
5741,4
94038,4
94031,4
88562,4
95588,4
5751,4
5755,4
50369,4
11260,4
4235,4
11262,4
11263,4
94014,4
10501,4
4224,4
4223,4
10498,4
4220,4
10484,4
47618,4
10453,4
4055,4
46210,4
89337,4
52280,4
4069,4
48048,4
93910,4
89338,4
48053,4
4057,4
95764,4
95769,4
93918,4
4053,4
52283,4
5859,4
10458,4
93902,4
93899,4
10455,4
4039,4
89344,4
93898,4
48042,4
4080,4
93953,4
52272,4
88511,4
11304,4
95687,4
95691,4
11306,4
50804,4
4121,4
89321,4
4115,4
88503,4
10472,4
4082,4
93938,4
4107,4
88497,4
52273,4
47606,4
50814,4
48040,4
4088,4
52020,4
50318,4
6022,4
93722,4
3809,4
96276,4
6230,4
88224,4
47508,4
96261,4
88214,4
96263,4
52354,4
50179,4
3542,4
89511,4
96277,4
3554,4
96278,4
93515,4
93513,4
50170,4
6247,4
88196,4
89516,4
10244,4
10243,4
96298,4
51971,4
3575,4
3508,4
46128,4
3624,4
10260,4
6208,4
46131,4
89500,4
52345,4
47513,4
3619,4
3618,4
96207,4
48176,4
11557,4
89502,4
96218,4
6219,4
93529,4
96232,4
96234,4
3581,4
96239,4
88229,4
88227,4
11593,4
96302,4
6026,4
10227,4
6300,4
6303,4
46107,4
96372,4
11638,4
88144,4
88143,4
10230,4
93476,4
50916,4
46104,4
96358,4
3433,4
3428,4
93464,4
48218,4
50919,4
11652,4
88128,4
93462,4
88127,4
46102,4
11624,4
6289,4
3504,4
48207,4
10242,4
46115,4
50909,4
96314,4
88185,4
93500,4
96318,4
96322,4
10237,4
6275,4
11604,4
50913,4
48209,4
96330,4
3476,4
3475,4
93494,4
51963,4
3468,4
48211,4
3454,4
11618,4
50195,4
96192,4
3626,4
93653,4
46153,4
52319,4
93664,4
6082,4
48140,4
50874,4
96083,4
93656,4
96084,4
3746,4
3739,4
11482,4
6096,4
11487,4
96102,4
6107,4
93639,4
93637,4
6112,4
88313,4
47528,4
3726,4
93665,4
88333,4
93548,4
6065,4
6049,4
93699,4
93693,4
88346,4
96035,4
3776,4
96042,4
46174,4
47544,4
50243,4
11453,4
89445,4
89441,4
11456,4
50238,4
6079,4
50235,4
47536,4
3767,4
93668,4
96061,4
96064,4
11495,4
3723,4
6116,4
96170,4
89481,4
51979,4
11520,4
11521,4
93586,4
6163,4
93584,4
93573,4
46141,4
52334,4
48172,4
96117,4
93560,4
50899,4
48174,4
93556,4
6202,4
3631,4
3627,4
96189,4
51975,4
96190,4
88278,4
48167,4
93592,4
11519,4
88306,4
88301,4
3710,4
51989,4
47527,4
11505,4
3703,4
11507,4
11508,4
3701,4
6138,4
3695,4
89470,4
10278,4
10276,4
50207,4
93602,4
6149,4
93600,4
3684,4
11517,4
89285,4
4271,4
50154,4
4900,4
5344,4
4911,4
4910,4
4907,4
89070,4
50659,4
10742,4
5352,4
5353,4
10741,4
89077,4
94927,4
47844,4
50664,4
4858,4
52178,4
89080,4
52179,4
50665,4
94986,4
94988,4
88815,4
4923,4
88828,4
4843,4
4951,4
50545,4
50544,4
10772,4
5327,4
94499,4
94498,4
4963,4
94892,4
88840,4
50538,4
4950,4
94489,4
89059,4
11007,4
4938,4
94914,4
4930,4
5340,4
88833,4
94922,4
94925,4
50651,4
94991,4
94996,4
10776,4
5417,4
5404,4
52092,4
10688,4
88786,4
88785,4
95059,4
95061,4
89115,4
88781,4
4776,4
5418,4
52186,4
10681,4
5419,4
95071,4
11050,4
4771,4
47723,4
11052,4
94395,4
4760,4
47722,4
95052,4
94417,4
10729,4
88804,4
95003,4
46406,4
4832,4
50515,4
4825,4
10716,4
88806,4
46321,4
4815,4
94443,4
89095,4
89111,4
4812,4
88799,4
5380,4
4805,4
50511,4
11041,4
50671,4
95042,4
94424,4
95045,4
94870,4
47748,4
4273,4
94714,4
94604,4
94694,4
5150,4
94702,4
46375,4
88931,4
88930,4
47799,4
46371,4
50628,4
94595,4
5159,4
88926,4
50585,4
94722,4
88993,4
5275,4
50583,4
94734,4
5116,4
94581,4
47759,4
50596,4
47784,4
5114,4
88956,4
10868,4
5224,4
5226,4
94641,4
94642,4
88974,4
5233,4
94620,4
94654,4
5242,4
88979,4
5171,4
88980,4
50607,4
10880,4
5192,4
47781,4
94673,4
88982,4
5175,4
10854,4
50601,4
5115,4
5112,4
94510,4
94537,4
10811,4
94546,4
94801,4
5063,4
88882,4
5061,4
10805,4
50562,4
89029,4
47752,4
94835,4
94548,4
94524,4
10982,4
5316,4
10793,4
10792,4
5004,4
10791,4
5000,4
46347,4
94860,4
94796,4
94550,4
94746,4
5092,4
52149,4
10933,4
5105,4
10833,4
10831,4
5286,4
10935,4
47804,4
5100,4
52124,4
94569,4
5078,4
52122,4
50571,4
94560,4
52155,4
5080,4
94785,4
94786,4
94787,4
52121,4
94558,4
50497,4
4757,4
95091,4
10568,4
4472,4
95381,4
46263,4
5609,4
95387,4
47920,4
11177,4
50424,4
47665,4
88635,4
50736,4
50427,4
88630,4
95398,4
11182,4
47921,4
88625,4
4453,4
94149,4
95407,4
94146,4
95410,4
94176,4
89229,4
4444,4
50432,4
95321,4
4517,4
4513,4
89219,4
4511,4
11158,4
4510,4
4507,4
88656,4
94190,4
94186,4
4479,4
95345,4
46267,4
4491,4
50431,4
4489,4
52048,4
95358,4
52228,4
95362,4
50429,4
50744,4
50748,4
95096,4
4333,4
4377,4
94105,4
4364,4
95473,4
95475,4
5678,4
5686,4
95495,4
47645,4
47947,4
95505,4
4380,4
47644,4
50765,4
89276,4
94077,4
95535,4
94076,4
11242,4
89278,4
95545,4
4287,4
5675,4
95460,4
94136,4
50752,4
10559,4
5643,4
51627,4
11195,4
95425,4
52041,4
11196,4
4410,4
46257,4
46256,4
11213,4
95459,4
95444,4
94111,4
4393,4
88601,4
50413,4
50754,4
4382,4
10534,4
52237,4
46254,4
4526,4
50726,4
4532,4
94313,4
5480,4
46304,4
50476,4
94323,4
95165,4
4663,4
10635,4
50470,4
94315,4
4653,4
95184,4
52073,4
50465,4
5494,4
4643,4
50703,4
50705,4
95199,4
95200,4
95204,4
88720,4
52206,4
94330,4
10645,4
94211,4
46317,4
47868,4
4739,4
4736,4
5431,4
11064,4
89129,4
88766,4
95109,4
94373,4
5438,4
10657,4
5472,4
94361,4
95121,4
50487,4
89142,4
94353,4
52194,4
89147,4
5463,4
5464,4
5470,4
94291,4
95206,4
94287,4
94231,4
4560,4
47910,4
4556,4
10601,4
52055,4
5540,4
88679,4
52219,4
10593,4
88677,4
89209,4
4635,4
94230,4
94224,4
5557,4
52053,4
52222,4
11152,4
46270,4
94219,4
89213,4
10581,4
52057,4
89198,4
88693,4
95280,4
4630,4
50460,4
4624,4
46288,4
50709,4
4612,4
47690,4
95227,4
10617,4
10616,4
5512,4
94264,4
4579,4
5514,4
5522,4
88702,4
95264,4
47903,4
10602,4
89197,4
11130,4
11655,4
11656,4
98277,4
51161,4
7238,4
97709,4
97710,4
92559,4
52550,4
12220,4
9887,4
97715,4
97719,4
7242,4
49796,4
9896,4
7246,4
97725,4
97726,4
7255,4
2223,4
48584,4
7257,4
51862,4
47231,4
89957,4
97707,4
45918,4
9870,4
51868,4
47265,4
92604,4
97658,4
97663,4
47261,4
97665,4
97668,4
89922,4
97680,4
97681,4
92593,4
92577,4
7210,4
9899,4
89930,4
48562,4
7212,4
7217,4
2251,4
92578,4
89932,4
51867,4
9873,4
2201,4
45919,4
97853,4
92464,4
2093,4
97844,4
87441,4
52572,4
2087,4
9840,4
7326,4
2086,4
2084,4
97855,4
2100,4
97859,4
97862,4
45902,4
45901,4
51843,4
12323,4
92450,4
87420,4
90007,4
7337,4
9845,4
87447,4
49788,4
12279,4
51169,4
87491,4
97752,4
48591,4
12271,4
2183,4
97773,4
2175,4
89974,4
2167,4
7281,4
89996,4
12282,4
2140,4
97803,4
49774,4
2130,4
2119,4
12290,4
97823,4
92475,4
51190,4
92609,4
92611,4
92769,4
9944,4
51117,4
97488,4
7050,4
7051,4
45976,4
87632,4
45975,4
2454,4
12113,4
49854,4
7070,4
7047,4
49852,4
97507,4
89878,4
9942,4
9941,4
49848,4
89884,4
9939,4
51121,4
7085,4
2462,4
87638,4
46598,4
97447,4
92764,4
97421,4
7020,4
51104,4
9956,4
51106,4
48507,4
12098,4
97440,4
2493,4
97456,4
87639,4
7035,4
51112,4
2479,4
97467,4
97470,4
89868,4
48525,4
97477,4
97480,4
97483,4
12126,4
2421,4
97643,4
92632,4
9922,4
2340,4
2339,4
48547,4
7135,4
87567,4
97607,4
2326,4
2323,4
7155,4
2319,4
7118,4
2316,4
2314,4
2308,4
2301,4
92626,4
47272,4
51142,4
45920,4
52542,4
89916,4
52529,4
87581,4
51881,4
87599,4
12130,4
87612,4
49846,4
7094,4
2398,4
2395,4
12135,4
2393,4
45960,4
97553,4
12139,4
12153,4
92678,4
2369,4
2363,4
87591,4
97576,4
45953,4
97577,4
2360,4
2358,4
45946,4
97880,4
97881,4
97886,4
92226,4
7528,4
92260,4
90126,4
92255,4
98142,4
92247,4
51249,4
9696,4
51801,4
92228,4
1764,4
1784,4
7568,4
92211,4
98158,4
1753,4
1752,4
12509,4
7588,4
98177,4
98178,4
92193,4
7527,4
92267,4
12521,4
92282,4
9731,4
1835,4
98098,4
52617,4
92287,4
51813,4
1821,4
7513,4
1817,4
92283,4
51812,4
1786,4
51245,4
46655,4
1808,4
87284,4
1800,4
87283,4
45847,4
12473,4
7525,4
48664,4
9673,4
90157,4
87416,4
87189,4
7649,4
87204,4
12564,4
98243,4
98244,4
90186,4
92131,4
12570,4
98252,4
1658,4
90190,4
45823,4
98256,4
1657,4
12573,4
98261,4
87185,4
90191,4
9623,4
98266,4
92114,4
51285,4
1672,4
9637,4
7603,4
1705,4
1727,4
1722,4
7607,4
52632,4
1717,4
7609,4
7611,4
7621,4
7624,4
9651,4
47154,4
87208,4
1690,4
52637,4
45832,4
45831,4
7634,4
90171,4
98228,4
48680,4
98230,4
90172,4
7504,4
49702,4
98090,4
2000,4
12359,4
92407,4
46635,4
48629,4
7381,4
87376,4
47188,4
97943,4
92395,4
12367,4
7387,4
97928,4
1999,4
51832,4
92386,4
97956,4
45885,4
9788,4
47182,4
97966,4
51830,4
87360,4
9801,4
97927,4
51243,4
87402,4
47210,4
7341,4
90013,4
45895,4
48621,4
46633,4
47204,4
2049,4
87406,4
12340,4
92430,4
12349,4
9815,4
52584,4
51839,4
7365,4
87395,4
97919,4
97920,4
97923,4
97926,4
92415,4
45883,4
9782,4
92374,4
49712,4
90091,4
98046,4
92318,4
98048,4
92315,4
98050,4
1884,4
98053,4
98054,4
98058,4
45864,4
9775,4
87316,4
9742,4
48657,4
92303,4
87308,4
98081,4
92296,4
48659,4
90104,4
90105,4
7471,4
92331,4
87335,4
1897,4
12381,4
97978,4
7401,4
92366,4
97982,4
12390,4
49730,4
7407,4
9768,4
47177,4
12397,4
7417,4
97997,4
48644,4
45879,4
7442,4
7444,4
87339,4
47176,4
98019,4
7457,4
7008,4
7003,4
3407,4
11828,4
89625,4
96749,4
3136,4
3135,4
93222,4
96762,4
96770,4
48321,4
46546,4
96774,4
6570,4
93229,4
96779,4
50056,4
3105,4
89638,4
93211,4
89641,4
6580,4
93204,4
48325,4
50051,4
96745,4
52417,4
6587,4
87992,4
96682,4
48302,4
93256,4
96685,4
3182,4
87998,4
3179,4
96698,4
11795,4
3167,4
96717,4
3146,4
3159,4
48314,4
87987,4
96724,4
93240,4
52415,4
3153,4
96732,4
89622,4
89623,4
50050,4
93196,4
6533,4
10105,4
51932,4
96900,4
51002,4
96911,4
11861,4
93139,4
47406,4
87912,4
11866,4
96923,4
2972,4
87924,4
11873,4
96938,4
96939,4
2960,4
46056,4
93115,4
46559,4
6678,4
11879,4
2939,4
50020,4
3017,4
50990,4
87935,4
48329,4
89649,4
11835,4
96830,4
6600,4
87941,4
46551,4
96853,4
3051,4
3049,4
93174,4
11849,4
50028,4
11843,4
96866,4
3039,4
6610,4
96875,4
87928,4
6630,4
50021,4
11848,4
96681,4
48301,4
88967,4
3320,4
88089,4
96476,4
93421,4
93419,4
50123,4
3338,4
93404,4
47484,4
3324,4
11692,4
3317,4
3358,4
96518,4
89577,4
47480,4
46091,4
88064,4
89580,4
6378,4
93386,4
6383,4
11719,4
93423,4
96467,4
50116,4
88113,4
96421,4
93453,4
6326,4
11662,4
3396,4
48233,4
6331,4
51956,4
3388,4
6332,4
11663,4
88095,4
93441,4
93439,4
3372,4
6335,4
50132,4
96462,4
52383,4
93430,4
96464,4
93425,4
3300,4
46086,4
10153,4
6494,4
11752,4
11753,4
93305,4
3231,4
50969,4
88025,4
3229,4
10166,4
93297,4
96642,4
48296,4
93316,4
96652,4
47443,4
3207,4
93284,4
10155,4
88008,4
3202,4
47437,4
46076,4
3192,4
89601,4
3236,4
47472,4
47456,4
93380,4
6389,4
6409,4
11728,4
3290,4
11736,4
3285,4
93359,4
10187,4
93354,4
93350,4
6452,4
88042,4
3253,4
47454,4
96610,4
46542,4
47453,4
3247,4
6447,4
3240,4
50092,4
93103,4
50006,4
93100,4
10014,4
10034,4
6889,4
87745,4
97254,4
92872,4
12017,4
12018,4
87736,4
6921,4
12021,4
89800,4
87747,4
97284,4
10011,4
2646,4
2641,4
2623,4
97307,4
2620,4
87711,4
2614,4
87709,4
97242,4
92890,4
51088,4
97205,4
97178,4
47356,4
48413,4
11978,4
10049,4
89760,4
97190,4
97193,4
92928,4
92917,4
6873,4
12007,4
92908,4
2710,4
12001,4
48424,4
87754,4
97221,4
6878,4
49929,4
92893,4
49924,4
97326,4
2604,4
11890,4
89839,4
9978,4
89832,4
9977,4
6991,4
12078,4
97384,4
12081,4
97386,4
2544,4
92787,4
97404,4
97365,4
6998,4
97405,4
9971,4
12094,4
49881,4
92777,4
87655,4
12096,4
9964,4
92774,4
2566,4
12065,4
97333,4
6957,4
2599,4
2597,4
12044,4
52493,4
2596,4
2594,4
48483,4
6952,4
97342,4
97343,4
6961,4
9980,4
48487,4
97348,4
9993,4
97356,4
51092,4
51893,4
9982,4
6979,4
2570,4
2567,4
10050,4
92950,4
87777,4
89704,4
52443,4
2898,4
6724,4
97015,4
11917,4
2889,4
11921,4
2885,4
49995,4
93055,4
93054,4
11912,4
49992,4
46043,4
6732,4
10074,4
97039,4
6740,4
89713,4
51031,4
87838,4
49986,4
93068,4
2908,4
97174,4
2926,4
48366,4
11892,4
96970,4
2933,4
87880,4
10095,4
96976,4
11901,4
89683,4
93077,4
96981,4
51021,4
2921,4
96985,4
10091,4
47393,4
87873,4
2916,4
89688,4
87869,4
10088,4
6717,4
97049,4
6743,4
97056,4
51050,4
97127,4
93001,4
46028,4
89740,4
92994,4
92993,4
92989,4
89742,4
97138,4
2771,4
89745,4
97066,4
11964,4
11966,4
2756,4
92974,4
97157,4
6820,4
11970,4
11973,4
87780,4
97170,4
2790,4
6786,4
52461,4
89733,4
2823,4
6763,4
97076,4
89721,4
10059,4
47380,4
52457,4
97089,4
97090,4
93019,4
87819,4
89726,4
97095,4
48386,4
2808,4
51044,4
2803,4
89729,4
48389,4
97115,4
48391,4
93127,4
74599,4
73113,4
55001,4
41017,4
67665,4
21575,4
78237,4
31568,4
78239,4
67654,4
43653,4
43654,4
41019,4
78250,4
57914,4
31588,4
21553,4
67642,4
31598,4
67637,4
57918,4
78225,4
67690,4
78274,4
21650,4
41030,4
31505,4
31512,4
67720,4
55022,4
41025,4
31529,4
21651,4
21642,4
78217,4
55018,4
31530,4
31531,4
78200,4
21613,4
67705,4
21608,4
57900,4
43657,4
31611,4
67757,4
54958,4
67536,4
54965,4
21449,4
43673,4
21436,4
54960,4
78381,4
31705,4
21423,4
31696,4
57952,4
78389,4
67506,4
31720,4
78394,4
78395,4
43679,4
57957,4
31698,4
21464,4
21524,4
78318,4
31626,4
40997,4
21518,4
57931,4
57933,4
31651,4
31663,4
78309,4
31670,4
78348,4
78328,4
78331,4
67565,4
31675,4
67562,4
57941,4
21469,4
21467,4
78142,4
41035,4
21408,4
31338,4
21904,4
77931,4
31316,4
67894,4
67893,4
55093,4
67880,4
67878,4
41060,4
67904,4
21860,4
43579,4
21851,4
67869,4
21843,4
67868,4
21839,4
21837,4
77926,4
67907,4
78016,4
57821,4
77845,4
57809,4
77864,4
31245,4
31246,4
77877,4
21947,4
21940,4
31260,4
21913,4
31266,4
67947,4
31278,4
31288,4
67929,4
31289,4
31298,4
31303,4
43591,4
78020,4
43630,4
31461,4
31416,4
67824,4
31427,4
41042,4
78081,4
78087,4
31445,4
21752,4
31469,4
31401,4
57871,4
78113,4
78115,4
41037,4
21715,4
43624,4
21711,4
67762,4
57860,4
31397,4
78021,4
31368,4
78022,4
21820,4
57849,4
55072,4
55071,4
78027,4
31354,4
78034,4
67851,4
21785,4
78042,4
31370,4
78046,4
55070,4
31375,4
21796,4
41050,4
67838,4
78399,4
67492,4
32157,4
67178,4
78708,4
21104,4
31993,4
43751,4
21098,4
32009,4
67188,4
32025,4
67177,4
43749,4
67174,4
32037,4
32040,4
21077,4
21074,4
67163,4
67155,4
32069,4
78706,4
67204,4
67152,4
78679,4
58022,4
78652,4
67250,4
43729,4
67249,4
54886,4
58026,4
67230,4
67226,4
58037,4
40897,4
54882,4
21117,4
40893,4
21114,4
67210,4
21109,4
78698,4
78743,4
67151,4
31954,4
58066,4
40879,4
32116,4
32118,4
20939,4
20938,4
32123,4
67089,4
58065,4
32135,4
78822,4
32136,4
20912,4
32154,4
20910,4
67058,4
54825,4
20906,4
78871,4
67108,4
78819,4
32070,4
67129,4
21055,4
21048,4
43761,4
32076,4
21030,4
54847,4
58051,4
21018,4
54844,4
58057,4
32085,4
67125,4
43766,4
21005,4
54842,4
78804,4
20990,4
43769,4
58020,4
21166,4
21406,4
21325,4
57977,4
31820,4
31823,4
31829,4
78485,4
31833,4
31834,4
21326,4
21319,4
54936,4
43702,4
31837,4
57994,4
67375,4
67374,4
43706,4
21312,4
21311,4
43694,4
78467,4
67369,4
67477,4
31730,4
21403,4
31734,4
21400,4
21397,4
43681,4
54947,4
43688,4
31776,4
40946,4
31777,4
21360,4
40955,4
67446,4
31796,4
21349,4
31803,4
21346,4
21309,4
21293,4
31949,4
67272,4
67311,4
78593,4
31932,4
31939,4
31946,4
43719,4
31947,4
78606,4
21209,4
21236,4
21199,4
67270,4
21190,4
21188,4
67269,4
21185,4
43725,4
54893,4
54905,4
21237,4
43709,4
78556,4
31870,4
67357,4
31875,4
67345,4
21269,4
21267,4
67343,4
43711,4
78562,4
31906,4
67339,4
67337,4
31894,4
21251,4
78573,4
21243,4
43717,4
67315,4
68001,4
31205,4
31204,4
55339,4
77151,4
57661,4
77158,4
30675,4
30676,4
55343,4
55342,4
68619,4
22687,4
55347,4
77191,4
22685,4
68613,4
22677,4
30685,4
77209,4
77212,4
68605,4
55345,4
77145,4
77218,4
57652,4
77076,4
77081,4
77084,4
30617,4
30620,4
68672,4
55360,4
55358,4
68666,4
57655,4
77107,4
30646,4
30650,4
41242,4
77121,4
68652,4
22748,4
77132,4
30692,4
68602,4
30615,4
41218,4
68539,4
68538,4
30734,4
30742,4
41220,4
22578,4
30746,4
77311,4
68511,4
22623,4
30754,4
68497,4
68475,4
22558,4
68473,4
68472,4
68470,4
22553,4
68552,4
77272,4
22664,4
30704,4
77220,4
68600,4
68593,4
43338,4
55325,4
55324,4
22654,4
57671,4
22643,4
77265,4
77243,4
77251,4
77256,4
55312,4
68572,4
77261,4
68571,4
30715,4
22785,4
77060,4
77841,4
68859,4
23057,4
76838,4
68868,4
76846,4
41298,4
41291,4
76851,4
41290,4
76854,4
76834,4
55425,4
76863,4
30478,4
76866,4
76867,4
68848,4
68839,4
30493,4
30458,4
23059,4
68816,4
23079,4
30426,4
76792,4
57576,4
55441,4
76804,4
76805,4
30439,4
23081,4
30445,4
68876,4
68891,4
23068,4
57581,4
23067,4
23066,4
55433,4
68881,4
41303,4
68830,4
57610,4
22800,4
41253,4
30583,4
22895,4
57631,4
22887,4
22878,4
22866,4
30599,4
77007,4
30606,4
68745,4
57637,4
30609,4
77037,4
68700,4
55378,4
68694,4
77049,4
77054,4
22914,4
76956,4
41267,4
55413,4
68806,4
30537,4
57615,4
76910,4
68788,4
76916,4
68785,4
68784,4
22959,4
22921,4
68773,4
55412,4
76928,4
76934,4
68758,4
22935,4
68752,4
76950,4
30793,4
68451,4
41204,4
68121,4
31065,4
68166,4
31074,4
77669,4
43503,4
22155,4
22154,4
43510,4
31125,4
55175,4
22137,4
22128,4
77700,4
68108,4
68106,4
55153,4
68100,4
31133,4
41122,4
43490,4
31141,4
31037,4
22242,4
22233,4
41136,4
55190,4
31033,4
68207,4
55189,4
77621,4
68197,4
77644,4
68196,4
41124,4
68193,4
77634,4
68191,4
77640,4
55183,4
55182,4
68098,4
68091,4
22545,4
22030,4
22036,4
68032,4
22034,4
31193,4
77804,4
68022,4
77810,4
68019,4
68018,4
55139,4
57801,4
31201,4
57804,4
57807,4
22016,4
68008,4
77833,4
55129,4
68033,4
77780,4
57790,4
31158,4
22099,4
22098,4
68089,4
68083,4
55149,4
68078,4
22080,4
68070,4
77745,4
22059,4
22075,4
77758,4
77759,4
77760,4
77763,4
68057,4
43524,4
77769,4
68216,4
41137,4
43467,4
41183,4
77411,4
30875,4
43399,4
41186,4
22467,4
30889,4
77420,4
55255,4
77427,4
41190,4
77430,4
30902,4
22451,4
57727,4
30921,4
68337,4
30929,4
22431,4
22480,4
30853,4
68232,4
68438,4
55277,4
22539,4
55274,4
22534,4
77354,4
68440,4
77357,4
43381,4
68437,4
77377,4
22519,4
68434,4
30821,4
22516,4
30837,4
77367,4
57706,4
30850,4
68324,4
55244,4
77461,4
22315,4
43450,4
22338,4
30957,4
68288,4
77541,4
77542,4
41156,4
55210,4
41150,4
55243,4
43457,4
30987,4
57751,4
41144,4
22277,4
57755,4
31008,4
57758,4
55222,4
68292,4
77508,4
55224,4
30938,4
77463,4
77471,4
30943,4
68317,4
41166,4
68313,4
68307,4
68302,4
22378,4
68300,4
43435,4
30952,4
68298,4
77503,4
77504,4
68296,4
78875,4
32159,4
76790,4
80296,4
80258,4
33263,4
19530,4
19529,4
44154,4
33269,4
58407,4
80289,4
19499,4
54429,4
65836,4
19488,4
65822,4
80315,4
65818,4
44155,4
40551,4
33326,4
33261,4
58400,4
65804,4
19580,4
33203,4
44131,4
19595,4
80191,4
80192,4
80195,4
33215,4
40566,4
80205,4
65881,4
54440,4
19575,4
54438,4
19573,4
33240,4
54433,4
54432,4
65884,4
54412,4
58419,4
80158,4
65721,4
19400,4
19398,4
65747,4
19382,4
80427,4
65741,4
65733,4
33426,4
33432,4
19425,4
58443,4
54385,4
44181,4
65712,4
40524,4
65701,4
19339,4
19338,4
19409,4
65768,4
65799,4
19445,4
40545,4
80345,4
54406,4
80352,4
33345,4
80364,4
80365,4
19450,4
33358,4
19431,4
80380,4
80381,4
65775,4
65771,4
19435,4
54400,4
19433,4
80388,4
65929,4
33193,4
58451,4
66101,4
79929,4
66135,4
66134,4
54507,4
33032,4
40625,4
66104,4
44066,4
19825,4
66153,4
44067,4
66091,4
33067,4
66087,4
66086,4
66078,4
33075,4
66069,4
33029,4
33016,4
19789,4
33007,4
32975,4
66198,4
44036,4
32988,4
66189,4
79868,4
66175,4
44047,4
54524,4
66157,4
66167,4
33009,4
79898,4
54519,4
54518,4
79911,4
66159,4
44060,4
19791,4
19783,4
80152,4
65978,4
54468,4
66010,4
66008,4
80098,4
40609,4
65983,4
80117,4
19655,4
19649,4
58360,4
19644,4
33178,4
58382,4
19642,4
65947,4
80142,4
19637,4
65944,4
54471,4
44100,4
33081,4
44086,4
66064,4
80014,4
44073,4
40622,4
33107,4
66050,4
19767,4
19756,4
80034,4
19721,4
66048,4
33115,4
80041,4
66041,4
19738,4
66029,4
19732,4
80062,4
19335,4
19326,4
20885,4
80871,4
44278,4
80845,4
58539,4
18921,4
40415,4
18918,4
80859,4
18901,4
18900,4
33807,4
33819,4
80884,4
44287,4
18890,4
58544,4
80896,4
80899,4
54268,4
65375,4
54286,4
40411,4
44262,4
65438,4
33749,4
40431,4
80775,4
80778,4
65426,4
33756,4
65420,4
18970,4
18944,4
18965,4
33768,4
80812,4
44271,4
54290,4
18948,4
65392,4
80828,4
58546,4
65338,4
40435,4
65274,4
18818,4
33875,4
18811,4
33899,4
65277,4
18808,4
54242,4
18796,4
33903,4
80964,4
18795,4
80994,4
40396,4
65265,4
65253,4
65252,4
33952,4
18781,4
33868,4
80960,4
80907,4
18847,4
80910,4
65333,4
40408,4
18864,4
80919,4
33854,4
33859,4
65316,4
65310,4
54256,4
80944,4
18831,4
80946,4
80947,4
65304,4
80950,4
18830,4
65301,4
54305,4
54307,4
54381,4
44204,4
33537,4
54364,4
54362,4
33541,4
33543,4
19206,4
19198,4
65611,4
19190,4
19244,4
33600,4
19175,4
65572,4
80604,4
65570,4
33615,4
54350,4
65557,4
33524,4
19245,4
65537,4
33483,4
54380,4
80481,4
19312,4
19309,4
65692,4
40517,4
80502,4
19291,4
65656,4
54365,4
33497,4
40512,4
19268,4
40507,4
40505,4
33516,4
80534,4
80536,4
19161,4
44218,4
33726,4
58515,4
80707,4
80709,4
54321,4
19057,4
65482,4
33699,4
19049,4
40450,4
33707,4
40454,4
19031,4
44245,4
19024,4
58518,4
33715,4
33722,4
19019,4
44251,4
19069,4
80694,4
33647,4
54339,4
40475,4
80629,4
33663,4
19141,4
33664,4
80637,4
19135,4
33667,4
80649,4
80690,4
54335,4
80659,4
80669,4
19092,4
58506,4
80679,4
19083,4
58508,4
32974,4
79847,4
32973,4
66726,4
32460,4
40778,4
20624,4
32465,4
43864,4
20614,4
66739,4
54724,4
79204,4
32455,4
66724,4
66719,4
20579,4
58175,4
32487,4
32490,4
66693,4
66692,4
66759,4
79161,4
79232,4
79131,4
79118,4
54743,4
66806,4
43850,4
40791,4
32426,4
66801,4
20664,4
66789,4
79160,4
66786,4
32447,4
58160,4
20647,4
20643,4
79152,4
40782,4
20638,4
66689,4
79236,4
79113,4
40738,4
58197,4
66640,4
66638,4
32553,4
79309,4
54688,4
58200,4
54687,4
40732,4
66646,4
32594,4
79325,4
20461,4
79338,4
32600,4
43890,4
79343,4
32606,4
40743,4
32545,4
79237,4
20538,4
32515,4
66674,4
20554,4
40752,4
54710,4
20546,4
32525,4
54706,4
66666,4
66651,4
20534,4
20510,4
79275,4
66660,4
32539,4
32542,4
79278,4
54700,4
79114,4
66810,4
19959,4
20812,4
20834,4
66986,4
43795,4
32224,4
78944,4
20816,4
66958,4
43797,4
78968,4
78930,4
43800,4
20800,4
78974,4
20785,4
78985,4
78990,4
40824,4
20765,4
40833,4
32205,4
40813,4
58090,4
40864,4
32169,4
43787,4
20877,4
54819,4
20876,4
20873,4
78903,4
78909,4
67008,4
20853,4
32179,4
78913,4
78915,4
58091,4
40847,4
43794,4
78923,4
20764,4
32294,4
79108,4
66838,4
54766,4
32358,4
79068,4
58134,4
79074,4
79075,4
58144,4
20697,4
32394,4
66868,4
66836,4
43834,4
20693,4
66832,4
32406,4
79093,4
54750,4
32417,4
40797,4
32339,4
43811,4
32321,4
79008,4
32295,4
40810,4
40806,4
79020,4
66901,4
79027,4
79030,4
79033,4
32336,4
79034,4
66895,4
32324,4
58128,4
43822,4
79046,4
66882,4
66880,4
32608,4
79348,4
20450,4
66329,4
66360,4
20152,4
20150,4
43960,4
20148,4
20145,4
79675,4
20131,4
43967,4
58276,4
66325,4
66320,4
32859,4
20108,4
79703,4
79704,4
54587,4
43978,4
20154,4
79645,4
79713,4
79620,4
20223,4
66391,4
20216,4
79606,4
40672,4
79613,4
43952,4
20197,4
43955,4
54602,4
32796,4
66378,4
66374,4
54605,4
20182,4
79639,4
79640,4
20169,4
32867,4
20091,4
79355,4
19990,4
20012,4
44008,4
44011,4
66246,4
66243,4
19995,4
66232,4
19991,4
79804,4
40656,4
66228,4
19984,4
66227,4
19981,4
79814,4
58319,4
19966,4
19963,4
58305,4
66251,4
79718,4
66286,4
79719,4
32868,4
66306,4
20071,4
32886,4
44000,4
79748,4
79749,4
32895,4
40657,4
54567,4
20026,4
32905,4
20023,4
20022,4
20020,4
66266,4
66258,4
40680,4
20225,4
20235,4
43904,4
79444,4
32666,4
79445,4
79448,4
58229,4
66508,4
79454,4
79456,4
32684,4
32665,4
43905,4
79475,4
20349,4
20347,4
58232,4
79488,4
79491,4
66499,4
79443,4
32664,4
32764,4
43896,4
79356,4
40723,4
79364,4
40721,4
43893,4
20418,4
32627,4
54667,4
79399,4
66530,4
32636,4
32639,4
66550,4
79412,4
20394,4
32654,4
58225,4
20381,4
66494,4
58236,4
20324,4
66429,4
58252,4
79557,4
43939,4
20264,4
66438,4
66433,4
79571,4
20257,4
32744,4
32697,4
20255,4
32745,4
66422,4
66417,4
40683,4
20245,4
66415,4
32751,4
72785,4
20275,4
20280,4
79543,4
66486,4
32702,4
20315,4
79509,4
79510,4
79511,4
43924,4
32719,4
58244,4
66461,4
66460,4
20311,4
43926,4
66455,4
66451,4
79533,4
66449,4
76791,4
23096,4
18767,4
71441,4
74146,4
71458,4
74156,4
74162,4
27973,4
27974,4
56879,4
25447,4
74171,4
42623,4
25436,4
25435,4
42634,4
41980,4
74184,4
74190,4
56150,4
41977,4
27967,4
56873,4
25431,4
74110,4
27933,4
56176,4
74083,4
25517,4
71488,4
71486,4
56170,4
42615,4
25501,4
74130,4
25499,4
71483,4
27949,4
27951,4
25492,4
71475,4
41989,4
41986,4
74192,4
28005,4
27928,4
74289,4
28085,4
28087,4
74263,4
56137,4
71326,4
25383,4
74273,4
71325,4
71322,4
56908,4
28104,4
25362,4
71316,4
71310,4
56132,4
56128,4
74321,4
56922,4
25390,4
71362,4
71414,4
56146,4
25427,4
25424,4
41973,4
41972,4
74206,4
25419,4
56898,4
71393,4
71388,4
56904,4
28038,4
25406,4
71381,4
74229,4
56143,4
74239,4
74244,4
71374,4
74075,4
25525,4
25322,4
56821,4
56815,4
25700,4
25699,4
27788,4
27792,4
71675,4
73884,4
27798,4
73889,4
25708,4
27807,4
27809,4
73895,4
25680,4
56823,4
25669,4
71627,4
25664,4
42034,4
42035,4
42028,4
73827,4
73794,4
25780,4
25778,4
73805,4
27717,4
73812,4
71751,4
71745,4
56230,4
42036,4
25737,4
25729,4
56226,4
73851,4
56222,4
27767,4
27773,4
42572,4
73922,4
42027,4
25529,4
25555,4
27898,4
42597,4
56855,4
71523,4
71522,4
27912,4
71518,4
27913,4
56859,4
74004,4
25551,4
25542,4
41999,4
25537,4
42607,4
74059,4
74062,4
74064,4
27885,4
27880,4
73932,4
71581,4
27837,4
73939,4
27841,4
25641,4
73948,4
73950,4
71608,4
71599,4
73971,4
74002,4
71565,4
71564,4
56847,4
27875,4
25613,4
73990,4
71555,4
27878,4
25328,4
56931,4
70800,4
25004,4
74656,4
28390,4
74659,4
57021,4
25026,4
70978,4
41866,4
28423,4
74682,4
28387,4
28429,4
24995,4
70961,4
28434,4
41854,4
24974,4
41849,4
24969,4
25034,4
74644,4
28465,4
41887,4
71070,4
25099,4
28337,4
25088,4
28346,4
28351,4
71050,4
25069,4
28357,4
57008,4
25064,4
71035,4
28366,4
28369,4
28374,4
28376,4
25058,4
57006,4
28460,4
74716,4
25101,4
74805,4
74785,4
41829,4
42780,4
70837,4
28565,4
28569,4
70818,4
74804,4
70812,4
70856,4
24862,4
28591,4
24859,4
24845,4
70810,4
28592,4
74829,4
28595,4
24899,4
28534,4
74721,4
74741,4
28489,4
42771,4
74725,4
24949,4
24942,4
28495,4
24940,4
28501,4
24931,4
24913,4
74745,4
70896,4
74753,4
24919,4
28531,4
74760,4
70862,4
74761,4
42733,4
56043,4
74338,4
25251,4
25263,4
74411,4
25259,4
74414,4
25257,4
56092,4
28199,4
74421,4
28200,4
28186,4
28201,4
28203,4
74435,4
71213,4
56086,4
25236,4
25234,4
41926,4
74403,4
25270,4
74450,4
56941,4
71247,4
56117,4
28174,4
71241,4
56111,4
25309,4
25305,4
56109,4
56108,4
56096,4
42674,4
56101,4
74387,4
25279,4
71231,4
41935,4
74395,4
56097,4
74446,4
25218,4
25104,4
25122,4
74538,4
71122,4
42724,4
71114,4
25129,4
74555,4
71106,4
56986,4
71100,4
71132,4
28296,4
28311,4
74571,4
74574,4
74578,4
25113,4
56990,4
74584,4
71131,4
74520,4
56076,4
25190,4
71202,4
28217,4
25199,4
71191,4
71180,4
25194,4
71178,4
71170,4
74495,4
28266,4
25178,4
42713,4
71155,4
74506,4
71154,4
56972,4
71142,4
25153,4
42060,4
56243,4
56244,4
52886,4
56624,4
26407,4
72399,4
26397,4
27117,4
73103,4
73105,4
73106,4
26384,4
72419,4
72386,4
73118,4
72385,4
27125,4
26357,4
27137,4
26353,4
56420,4
73085,4
73083,4
56418,4
26442,4
27018,4
72476,4
27021,4
42254,4
73026,4
72455,4
42250,4
26444,4
73049,4
26412,4
42248,4
73058,4
73060,4
72443,4
73073,4
42243,4
56438,4
27063,4
27142,4
56636,4
26456,4
26277,4
72284,4
56401,4
72275,4
72268,4
73219,4
42203,4
27230,4
27236,4
72245,4
56406,4
42187,4
42438,4
27259,4
26268,4
72225,4
27270,4
73254,4
42440,4
42433,4
27198,4
42224,4
56651,4
56642,4
73144,4
56643,4
42218,4
42216,4
27161,4
27167,4
72327,4
56413,4
73190,4
26338,4
73167,4
73171,4
72316,4
27179,4
26330,4
27196,4
73189,4
72485,4
72488,4
71774,4
26771,4
42353,4
72716,4
72715,4
26624,4
42355,4
72709,4
72701,4
72696,4
42315,4
26634,4
42311,4
72674,4
72670,4
26605,4
26603,4
72660,4
72658,4
72657,4
26632,4
26752,4
72631,4
26656,4
26675,4
72797,4
72799,4
26715,4
26720,4
72748,4
26728,4
56513,4
42335,4
26639,4
26651,4
56511,4
72829,4
72740,4
72835,4
26644,4
42330,4
26745,4
26797,4
26596,4
73017,4
72990,4
56471,4
72962,4
26516,4
56470,4
72544,4
26950,4
26506,4
26965,4
26491,4
26945,4
56457,4
73004,4
56594,4
73007,4
26468,4
26980,4
26462,4
73015,4
72547,4
42380,4
72630,4
26576,4
72895,4
26591,4
26822,4
72619,4
26858,4
26871,4
72586,4
26885,4
72583,4
42285,4
72914,4
72922,4
42372,4
26558,4
42375,4
26904,4
72941,4
26924,4
26239,4
26238,4
72216,4
56278,4
73591,4
27565,4
27567,4
25939,4
73605,4
73614,4
73622,4
25922,4
42518,4
27548,4
71896,4
73631,4
73636,4
27572,4
56772,4
71884,4
71883,4
73648,4
73589,4
25961,4
56776,4
42110,4
71992,4
73531,4
25996,4
56305,4
73537,4
56742,4
73541,4
42111,4
27505,4
27527,4
42108,4
56748,4
27516,4
71958,4
73564,4
27523,4
25972,4
71950,4
42079,4
71871,4
72215,4
73761,4
25831,4
73744,4
56252,4
73750,4
73751,4
73752,4
27673,4
56251,4
56785,4
56254,4
27688,4
27690,4
71789,4
27701,4
73769,4
73774,4
56245,4
27702,4
27650,4
71825,4
71868,4
71863,4
25897,4
73660,4
71867,4
27610,4
73669,4
25876,4
73677,4
25870,4
27621,4
71837,4
27623,4
25860,4
25855,4
73708,4
71852,4
73715,4
73717,4
73726,4
71996,4
27491,4
56737,4
73357,4
42459,4
72167,4
72164,4
42167,4
56696,4
73350,4
73354,4
27337,4
72156,4
27321,4
72154,4
42158,4
56702,4
73374,4
27349,4
72131,4
42157,4
73388,4
73337,4
73336,4
27481,4
73296,4
42181,4
72209,4
27284,4
27310,4
26219,4
73292,4
72187,4
42446,4
26213,4
42457,4
72184,4
42449,4
72182,4
26202,4
56378,4
73316,4
73317,4
26186,4
42155,4
27367,4
72114,4
26033,4
73467,4
73469,4
26053,4
56729,4
73474,4
72047,4
26048,4
73480,4
26024,4
56709,4
27450,4
72037,4
27458,4
26020,4
27466,4
72029,4
72018,4
73515,4
42131,4
72059,4
42132,4
26066,4
56346,4
73411,4
73417,4
72111,4
73423,4
72105,4
27378,4
73429,4
72103,4
27381,4
27384,4
27391,4
56326,4
73454,4
73459,4
42135,4
26067,4
28601,4
57072,4
43254,4
76117,4
23698,4
76100,4
23693,4
76104,4
76111,4
76112,4
55620,4
41512,4
23686,4
29809,4
29838,4
23679,4
29844,4
23671,4
57391,4
69534,4
76137,4
41501,4
69583,4
23708,4
69524,4
43103,4
29721,4
76020,4
29723,4
76022,4
29726,4
76025,4
55643,4
23760,4
29746,4
23711,4
29748,4
69618,4
55632,4
41531,4
29776,4
23724,4
69606,4
76082,4
69528,4
29856,4
23767,4
69405,4
76219,4
57419,4
69437,4
29937,4
23591,4
29954,4
29959,4
69406,4
69396,4
29928,4
43153,4
29983,4
69389,4
23577,4
69388,4
23576,4
76251,4
29988,4
29930,4
23608,4
29858,4
29894,4
29863,4
76158,4
76160,4
29866,4
29885,4
23649,4
43135,4
29890,4
69490,4
76210,4
76167,4
69473,4
29912,4
23633,4
29913,4
76191,4
55600,4
23616,4
23766,4
29713,4
23567,4
29622,4
29604,4
69780,4
57323,4
29609,4
75858,4
29613,4
75867,4
29620,4
29623,4
75848,4
23895,4
23891,4
69756,4
75887,4
23884,4
29631,4
75892,4
41570,4
75849,4
43052,4
29641,4
29581,4
75799,4
69839,4
29555,4
29562,4
23942,4
75813,4
23937,4
23933,4
29589,4
29602,4
75822,4
23927,4
23925,4
75832,4
69794,4
23923,4
29591,4
29597,4
43066,4
69740,4
29712,4
75984,4
43086,4
29690,4
29693,4
69684,4
29695,4
69680,4
57350,4
43088,4
69668,4
23829,4
75987,4
23782,4
23780,4
76000,4
69667,4
29708,4
57354,4
69659,4
75950,4
23830,4
23873,4
29670,4
69729,4
75906,4
75908,4
69721,4
69717,4
75916,4
75918,4
29668,4
69713,4
75941,4
69707,4
29682,4
29683,4
75931,4
55669,4
23842,4
69695,4
23837,4
69381,4
23566,4
24836,4
23239,4
23266,4
76598,4
43220,4
57514,4
30280,4
30281,4
69066,4
41360,4
55488,4
76580,4
30286,4
30287,4
23209,4
23199,4
69043,4
30303,4
76671,4
23182,4
23268,4
30252,4
57531,4
76517,4
76497,4
43195,4
30204,4
76506,4
76511,4
76512,4
43198,4
76516,4
23339,4
57506,4
69129,4
30209,4
23316,4
69118,4
41381,4
23304,4
23299,4
23297,4
55475,4
55472,4
69137,4
23123,4
68943,4
76745,4
23130,4
30397,4
23128,4
30399,4
68937,4
30401,4
43247,4
57559,4
57566,4
76763,4
76766,4
76769,4
30417,4
23114,4
76774,4
30419,4
68947,4
43239,4
43233,4
68990,4
30329,4
76696,4
69004,4
68993,4
76698,4
76699,4
76702,4
30349,4
68984,4
30383,4
55467,4
68982,4
68973,4
68970,4
68969,4
76716,4
68966,4
23148,4
69135,4
23360,4
76261,4
76342,4
76327,4
30048,4
57456,4
69308,4
30065,4
76336,4
76340,4
69296,4
69295,4
23490,4
69293,4
69283,4
76351,4
76354,4
23463,4
41427,4
23455,4
69266,4
23489,4
30042,4
76366,4
69362,4
41442,4
29999,4
30000,4
76280,4
30004,4
76284,4
76287,4
69365,4
69354,4
23496,4
30022,4
69348,4
69346,4
76305,4
23524,4
69333,4
76312,4
30041,4
69261,4
55563,4
69138,4
69168,4
41404,4
69189,4
76423,4
76425,4
30161,4
76429,4
30162,4
76432,4
76438,4
76416,4
76440,4
76443,4
30185,4
41394,4
69148,4
55541,4
76460,4
69139,4
41407,4
43178,4
30102,4
69224,4
23444,4
69252,4
23442,4
76384,4
69245,4
69238,4
30116,4
76390,4
76391,4
76407,4
30131,4
23431,4
43168,4
76395,4
41417,4
30141,4
69212,4
43173,4
69846,4
23959,4
75786,4
24506,4
70456,4
24534,4
41726,4
75133,4
75144,4
24507,4
70419,4
29007,4
29009,4
24546,4
75151,4
75158,4
29010,4
70406,4
70404,4
70403,4
70400,4
57168,4
42875,4
70468,4
24483,4
70527,4
57142,4
24630,4
28889,4
24621,4
28894,4
70533,4
70530,4
70528,4
70510,4
28943,4
41750,4
24590,4
55900,4
75089,4
57148,4
41738,4
75095,4
24567,4
70396,4
42902,4
42856,4
29142,4
75275,4
41707,4
70297,4
75280,4
70293,4
41705,4
24390,4
24387,4
70283,4
41713,4
70270,4
70268,4
70259,4
29179,4
70251,4
75311,4
29186,4
75316,4
41711,4
70314,4
75181,4
29073,4
29019,4
75192,4
29030,4
24459,4
24454,4
75209,4
57173,4
24437,4
75222,4
29109,4
29074,4
24432,4
41720,4
70335,4
24425,4
75243,4
24421,4
24411,4
24637,4
75047,4
75785,4
28672,4
41804,4
74891,4
74892,4
74894,4
24786,4
70737,4
28661,4
41796,4
55954,4
24789,4
42819,4
74902,4
57098,4
70726,4
74908,4
24766,4
57104,4
24755,4
74887,4
70752,4
70698,4
42806,4
55970,4
28611,4
55968,4
70787,4
24827,4
28616,4
70783,4
42799,4
55960,4
28637,4
74868,4
57082,4
74870,4
74871,4
74876,4
57083,4
74879,4
57084,4
41788,4
70697,4
75035,4
75008,4
42842,4
24674,4
70635,4
70629,4
70627,4
75005,4
70607,4
70605,4
24662,4
28764,4
57130,4
28827,4
55925,4
70581,4
55923,4
75023,4
70578,4
55921,4
70638,4
70641,4
74922,4
24711,4
74925,4
42832,4
55943,4
41786,4
70680,4
24733,4
24730,4
42839,4
74961,4
41769,4
74963,4
74964,4
28740,4
74968,4
24705,4
28741,4
24700,4
70651,4
75321,4
75322,4
75323,4
24098,4
24124,4
24123,4
75617,4
69991,4
69990,4
24106,4
24105,4
29419,4
42999,4
24131,4
29420,4
29425,4
57281,4
29429,4
24066,4
55741,4
75669,4
43007,4
57278,4
57277,4
69963,4
55769,4
57257,4
29348,4
29350,4
75554,4
29351,4
70053,4
29361,4
70046,4
75571,4
29406,4
75572,4
41632,4
24143,4
70028,4
55765,4
41631,4
24139,4
70013,4
43009,4
29437,4
55834,4
75767,4
75749,4
29505,4
41599,4
23994,4
23984,4
69875,4
23980,4
29519,4
57309,4
29502,4
69869,4
43033,4
29526,4
29528,4
75776,4
29541,4
29542,4
75784,4
23996,4
29494,4
41615,4
69923,4
24041,4
69941,4
75693,4
55732,4
69940,4
24031,4
24026,4
57291,4
24016,4
75737,4
69922,4
69919,4
24012,4
69918,4
29483,4
24007,4
57298,4
41602,4
24179,4
42971,4
24182,4
57225,4
75399,4
75403,4
75404,4
75406,4
75407,4
29247,4
24316,4
75409,4
57226,4
57217,4
24297,4
24296,4
24295,4
41666,4
75439,4
75442,4
24276,4
70167,4
75395,4
57214,4
41644,4
75357,4
24368,4
70225,4
55826,4
75344,4
24350,4
24349,4
55822,4
24344,4
75358,4
29231,4
70214,4
70211,4
42940,4
75376,4
29230,4
24326,4
57212,4
70205,4
41664,4
42955,4
75449,4
24210,4
75489,4
75490,4
55791,4
70107,4
29318,4
29324,4
57249,4
75502,4
57252,4
75451,4
75514,4
55790,4
42963,4
70081,4
24197,4
75529,4
70077,4
42967,4
24222,4
42962,4
41653,4
41657,4
41660,4
70157,4
70145,4
29284,4
42959,4
55799,4
75456,4
75458,4
70137,4
42960,4
57235,4
55796,4
42961,4
70123,4
57242,4
24234,4
55793,4
33961,4
79550,4
38086,4
63225,4
85161,4
63232,4
39406,4
83072,4
61174,4
35919,4
59121,4
61167,4
59677,4
59675,4
53675,4
63212,4
83083,4
59672,4
83066,4
35901,4
83032,4
35894,4
59112,4
59113,4
14510,4
45352,4
39926,4
14512,4
37941,4
16655,4
63249,4
59116,4
59683,4
53681,4
85166,4
14536,4
37903,4
83086,4
61197,4
61240,4
35980,4
37879,4
85123,4
14575,4
16604,4
39419,4
37860,4
85152,4
39427,4
14601,4
16594,4
63142,4
63140,4
83138,4
83113,4
83104,4
59139,4
61224,4
14558,4
59134,4
83097,4
63187,4
16615,4
63192,4
63193,4
35943,4
59664,4
37896,4
59125,4
61198,4
83092,4
39928,4
85182,4
61258,4
53169,4
39947,4
44841,4
82953,4
16760,4
82958,4
82959,4
35829,4
82950,4
63312,4
53706,4
35833,4
37976,4
44847,4
35836,4
61123,4
82947,4
16687,4
63324,4
14451,4
61107,4
82929,4
63328,4
53714,4
82934,4
63323,4
85217,4
82939,4
37991,4
82942,4
14457,4
14464,4
37981,4
35839,4
63303,4
14486,4
16709,4
16719,4
35862,4
83001,4
61156,4
14496,4
61160,4
39939,4
85200,4
83012,4
35870,4
16697,4
59104,4
59107,4
37943,4
37955,4
82996,4
63284,4
35857,4
59099,4
85194,4
61143,4
37968,4
85196,4
35846,4
61138,4
63295,4
39940,4
63300,4
16726,4
61137,4
16738,4
85102,4
39902,4
60835,4
61380,4
84999,4
14723,4
62958,4
14729,4
14733,4
36189,4
36190,4
61363,4
14734,4
62952,4
59194,4
16376,4
53227,4
37714,4
62972,4
59188,4
14684,4
14715,4
61349,4
14702,4
37758,4
39458,4
37748,4
39459,4
62979,4
44925,4
53619,4
16408,4
53221,4
14722,4
83322,4
53616,4
62946,4
83354,4
59205,4
62907,4
16334,4
39475,4
62916,4
14771,4
83397,4
39477,4
62905,4
36218,4
61425,4
61428,4
44939,4
36236,4
16324,4
36244,4
53599,4
16349,4
16350,4
37689,4
39473,4
53232,4
14744,4
14743,4
44934,4
62920,4
39469,4
53229,4
62922,4
14739,4
83360,4
53609,4
83357,4
37761,4
83294,4
16588,4
39443,4
53650,4
37815,4
36046,4
14629,4
16537,4
14639,4
53195,4
63105,4
83194,4
36065,4
36066,4
37793,4
61314,4
16515,4
53651,4
39434,4
16440,4
16572,4
39896,4
61263,4
36034,4
16578,4
37832,4
37831,4
59160,4
16546,4
83168,4
16557,4
59650,4
83176,4
85093,4
63108,4
83210,4
16512,4
14662,4
14676,4
63020,4
85058,4
83265,4
37769,4
44912,4
37765,4
85044,4
63076,4
53630,4
53628,4
83288,4
14678,4
36158,4
63002,4
16464,4
39876,4
83256,4
37775,4
63042,4
37780,4
83240,4
45320,4
83235,4
36098,4
63048,4
83231,4
85063,4
63061,4
59169,4
45323,4
63074,4
16779,4
16787,4
16790,4
35455,4
17119,4
63718,4
17116,4
82618,4
53794,4
60929,4
53793,4
63733,4
40028,4
35457,4
45412,4
38145,4
38141,4
38133,4
85440,4
82611,4
60908,4
82598,4
14265,4
17130,4
85452,4
58990,4
35418,4
82597,4
17128,4
35428,4
40032,4
82603,4
17123,4
44749,4
35427,4
14273,4
17103,4
17101,4
35476,4
35509,4
38112,4
40019,4
85405,4
35494,4
63636,4
17030,4
17026,4
60948,4
39362,4
59017,4
60987,4
35523,4
63619,4
53770,4
82686,4
63656,4
14288,4
60958,4
82681,4
53103,4
63663,4
40020,4
44759,4
17071,4
17074,4
35487,4
63672,4
82647,4
63679,4
82646,4
45411,4
60912,4
38169,4
35810,4
85524,4
45434,4
60867,4
39335,4
35305,4
35312,4
82504,4
85522,4
63863,4
35320,4
45432,4
14206,4
63843,4
39340,4
82517,4
82497,4
39329,4
59744,4
63872,4
82467,4
58950,4
63878,4
60836,4
39319,4
38223,4
53838,4
17272,4
63870,4
17287,4
63864,4
38216,4
17277,4
53831,4
58960,4
35344,4
82527,4
63770,4
40041,4
53810,4
17167,4
82570,4
63778,4
35396,4
60897,4
63823,4
53094,4
38178,4
63763,4
44734,4
39346,4
17138,4
63788,4
44726,4
82559,4
35386,4
82557,4
38179,4
17194,4
82552,4
85505,4
40046,4
63795,4
58974,4
60882,4
14214,4
60881,4
82532,4
35345,4
14311,4
63609,4
63608,4
85276,4
59059,4
53147,4
44814,4
16843,4
38042,4
53729,4
35711,4
16847,4
63430,4
63426,4
61064,4
14418,4
85261,4
61065,4
82849,4
82844,4
38104,4
82834,4
82825,4
45386,4
59057,4
63458,4
35678,4
35684,4
16852,4
39378,4
35690,4
85298,4
63447,4
61044,4
59714,4
38052,4
35726,4
16838,4
16835,4
35800,4
63374,4
63370,4
82887,4
16806,4
45366,4
53157,4
82898,4
38030,4
44827,4
82904,4
53719,4
53159,4
85235,4
35809,4
14434,4
38028,4
35757,4
63402,4
35752,4
85252,4
16827,4
85253,4
16829,4
35746,4
35739,4
39966,4
82862,4
14430,4
63412,4
45375,4
82857,4
39979,4
59055,4
16872,4
82749,4
35546,4
16972,4
14317,4
63577,4
85378,4
37217,4
45400,4
85355,4
61016,4
38077,4
16951,4
63550,4
35591,4
59032,4
61001,4
63595,4
53764,4
40013,4
63601,4
85385,4
82730,4
82729,4
44773,4
35531,4
16995,4
17001,4
38090,4
82716,4
35530,4
85389,4
82714,4
16945,4
35600,4
16887,4
14379,4
45387,4
82791,4
44796,4
16901,4
59716,4
53746,4
16897,4
63528,4
53745,4
38065,4
82810,4
16890,4
59050,4
14383,4
38070,4
44794,4
14364,4
14363,4
53134,4
35606,4
38074,4
44793,4
82777,4
61026,4
14345,4
59037,4
53127,4
53754,4
53756,4
59717,4
39997,4
36249,4
62897,4
61441,4
84116,4
59520,4
15132,4
15573,4
62243,4
36926,4
36927,4
61771,4
84105,4
62235,4
36936,4
62228,4
62227,4
61776,4
15549,4
84109,4
36923,4
45215,4
61765,4
62273,4
53337,4
61761,4
84095,4
84578,4
15594,4
36896,4
15127,4
36899,4
15592,4
36903,4
15590,4
36908,4
59396,4
59407,4
84137,4
62208,4
15144,4
37333,4
61809,4
15516,4
15515,4
37329,4
62189,4
15154,4
15540,4
36960,4
15508,4
61811,4
39681,4
84542,4
84536,4
84159,4
36951,4
84157,4
37344,4
39686,4
61794,4
84155,4
84554,4
53340,4
15524,4
15531,4
36946,4
15141,4
15535,4
45139,4
62206,4
15136,4
62280,4
15606,4
36743,4
15743,4
61700,4
15758,4
59373,4
84617,4
62367,4
15753,4
15733,4
45220,4
39548,4
59535,4
59374,4
36806,4
36820,4
53457,4
36797,4
36796,4
84078,4
53324,4
61687,4
62411,4
62410,4
36763,4
15076,4
36774,4
15767,4
36795,4
59369,4
83960,4
39540,4
83962,4
39541,4
84624,4
62357,4
37378,4
84003,4
37373,4
15624,4
84594,4
84591,4
36852,4
84590,4
15115,4
36883,4
62353,4
39551,4
36885,4
36889,4
45123,4
62284,4
84077,4
84062,4
15632,4
61738,4
15100,4
62327,4
45122,4
15097,4
62328,4
84048,4
62334,4
15679,4
62335,4
59532,4
36831,4
59378,4
15096,4
45111,4
84181,4
36972,4
37324,4
61986,4
84328,4
37153,4
59493,4
39630,4
84447,4
39626,4
15356,4
53385,4
15352,4
61981,4
15351,4
59466,4
37251,4
37168,4
15375,4
84453,4
62168,4
37121,4
37108,4
84299,4
59457,4
45201,4
37117,4
62022,4
84311,4
84318,4
84312,4
45179,4
84459,4
84316,4
15231,4
15394,4
15343,4
61899,4
37169,4
39614,4
59479,4
15261,4
15281,4
84403,4
59480,4
61939,4
61932,4
15332,4
84406,4
61923,4
15268,4
61918,4
15275,4
84411,4
37233,4
84391,4
59490,4
61946,4
15253,4
15297,4
15298,4
61906,4
15304,4
61905,4
39622,4
61903,4
37235,4
84366,4
15241,4
61954,4
15239,4
62037,4
53356,4
62048,4
62124,4
15469,4
37290,4
15191,4
15193,4
37025,4
53414,4
61866,4
62095,4
45155,4
53351,4
37027,4
62115,4
37279,4
39647,4
15470,4
84210,4
59503,4
61849,4
61848,4
37300,4
53420,4
84525,4
61841,4
15488,4
15492,4
84530,4
15161,4
62166,4
15500,4
39677,4
84183,4
84226,4
37050,4
59454,4
84285,4
37085,4
62069,4
37087,4
15213,4
37091,4
53398,4
53394,4
84238,4
37092,4
84470,4
84287,4
84289,4
37259,4
15221,4
62074,4
53402,4
62075,4
15212,4
84261,4
15210,4
15443,4
61878,4
61876,4
37072,4
62083,4
37274,4
37277,4
59439,4
37053,4
15453,4
37051,4
39531,4
15803,4
61443,4
83590,4
14909,4
45000,4
36397,4
84826,4
16119,4
62734,4
14912,4
84829,4
62724,4
61535,4
83594,4
14916,4
83595,4
16108,4
62739,4
53555,4
84854,4
84843,4
16159,4
39809,4
37587,4
14886,4
83550,4
53559,4
14894,4
14903,4
36389,4
61533,4
36391,4
83571,4
16132,4
59257,4
84816,4
61543,4
36409,4
36441,4
62695,4
62694,4
83652,4
45271,4
36439,4
45018,4
53279,4
53545,4
62676,4
59276,4
59277,4
59278,4
84792,4
84791,4
16063,4
83643,4
84805,4
14933,4
83637,4
36435,4
83635,4
36430,4
45276,4
16075,4
62705,4
16077,4
53542,4
45007,4
83613,4
59263,4
36411,4
84853,4
84855,4
83936,4
84907,4
36297,4
39490,4
45291,4
83453,4
61479,4
84909,4
84903,4
83446,4
84902,4
39492,4
16252,4
16251,4
84894,4
83471,4
36296,4
59220,4
61521,4
36279,4
36268,4
84931,4
62880,4
83417,4
16297,4
84929,4
37653,4
53246,4
83423,4
16284,4
62867,4
16279,4
62863,4
14819,4
16239,4
83482,4
62831,4
84873,4
53568,4
36356,4
36360,4
61513,4
62780,4
83529,4
16184,4
36320,4
53261,4
36369,4
84863,4
36378,4
39810,4
36382,4
14862,4
83519,4
16201,4
37610,4
44979,4
83511,4
53256,4
16215,4
61500,4
59242,4
83500,4
59239,4
53255,4
59238,4
36330,4
61494,4
62819,4
83671,4
36460,4
45265,4
61636,4
39521,4
45238,4
59317,4
36637,4
62525,4
15877,4
36641,4
83850,4
84683,4
15046,4
83868,4
15047,4
61642,4
36650,4
62534,4
15889,4
83673,4
36631,4
37499,4
61614,4
45042,4
36630,4
37488,4
84704,4
83828,4
84698,4
45239,4
15903,4
15900,4
36633,4
83841,4
15897,4
36656,4
62502,4
36663,4
45075,4
61677,4
62446,4
15823,4
83913,4
83918,4
36721,4
61678,4
36668,4
37429,4
15809,4
39730,4
39530,4
59354,4
62431,4
59346,4
39529,4
15830,4
83905,4
61675,4
45228,4
84656,4
37431,4
36688,4
37441,4
84659,4
84663,4
83900,4
15049,4
62487,4
39524,4
15843,4
36626,4
61604,4
84725,4
84767,4
62627,4
16015,4
59296,4
16012,4
16011,4
14962,4
61561,4
14969,4
83713,4
14968,4
15989,4
39507,4
15988,4
15987,4
83707,4
36511,4
36509,4
37558,4
83697,4
36496,4
83696,4
16021,4
39786,4
37562,4
53283,4
14952,4
45019,4
62657,4
53282,4
16043,4
36466,4
59300,4
62603,4
39518,4
83775,4
62564,4
37527,4
36593,4
59568,4
37522,4
14978,4
36620,4
84758,4
15935,4
53295,4
15927,4
84732,4
14998,4
14999,4
62572,4
62576,4
83765,4
83764,4
53518,4
36575,4
36564,4
15952,4
15954,4
15966,4
62593,4
36558,4
59303,4
83741,4
37542,4
53521,4
59576,4
35289,4
15273,4
82464,4
81302,4
34779,4
13569,4
86168,4
81849,4
34210,4
13873,4
60468,4
81842,4
64435,4
58789,4
17954,4
17956,4
81825,4
17958,4
81832,4
81831,4
40307,4
64438,4
38628,4
40207,4
34762,4
64447,4
81828,4
64448,4
54008,4
85867,4
38624,4
64971,4
39232,4
45493,4
64990,4
34809,4
45552,4
64394,4
38618,4
17902,4
40203,4
34192,4
81891,4
53995,4
64982,4
17921,4
40312,4
44391,4
54164,4
81874,4
81866,4
52997,4
60169,4
44551,4
34204,4
38917,4
17962,4
60190,4
58665,4
18503,4
34236,4
39208,4
64938,4
81787,4
39207,4
52988,4
64510,4
81321,4
18001,4
18007,4
81775,4
52995,4
34250,4
18011,4
81770,4
60412,4
13838,4
64530,4
64534,4
81757,4
38903,4
34648,4
38899,4
64944,4
60428,4
44397,4
34233,4
60177,4
64963,4
38652,4
85882,4
64955,4
39213,4
38658,4
34721,4
60179,4
13853,4
54018,4
64954,4
34718,4
86151,4
13581,4
44533,4
34711,4
81798,4
64950,4
85889,4
59885,4
38911,4
39211,4
39153,4
81901,4
81904,4
60138,4
60544,4
18597,4
34933,4
64279,4
34153,4
17763,4
39243,4
64290,4
34156,4
64291,4
81242,4
85805,4
81910,4
54182,4
44380,4
17775,4
65022,4
17778,4
59965,4
40188,4
34893,4
81252,4
81987,4
38559,4
34142,4
34140,4
34943,4
34944,4
34118,4
58842,4
34127,4
34136,4
18606,4
60553,4
85790,4
65046,4
85795,4
17718,4
38964,4
17723,4
17730,4
39141,4
53017,4
40171,4
38515,4
60137,4
64252,4
54188,4
40334,4
34954,4
58836,4
86207,4
64327,4
34877,4
60496,4
17861,4
65008,4
53005,4
38590,4
81932,4
59862,4
44567,4
34178,4
38935,4
34828,4
13553,4
53003,4
13889,4
81272,4
17871,4
17873,4
64381,4
65000,4
60161,4
81274,4
64995,4
17890,4
64993,4
58808,4
64358,4
81977,4
13546,4
52914,4
17807,4
60518,4
81259,4
13903,4
18560,4
85830,4
17842,4
85831,4
39143,4
86199,4
86198,4
38947,4
34856,4
13901,4
81951,4
85836,4
17849,4
17851,4
17853,4
38945,4
60509,4
44387,4
81741,4
64922,4
34105,4
64741,4
40262,4
60324,4
59906,4
34320,4
81512,4
13660,4
45524,4
34463,4
81402,4
59934,4
34462,4
54135,4
13736,4
60237,4
13745,4
38837,4
18288,4
86004,4
52954,4
18292,4
64856,4
34455,4
38780,4
18389,4
58731,4
81398,4
81549,4
44469,4
64699,4
40288,4
18208,4
38867,4
13650,4
34317,4
60223,4
13769,4
44472,4
18223,4
81579,4
54087,4
81573,4
81570,4
13655,4
38761,4
18240,4
60325,4
64712,4
58732,4
81554,4
18405,4
18248,4
64855,4
52951,4
60406,4
86044,4
38790,4
40279,4
34346,4
58697,4
13677,4
60290,4
13698,4
86059,4
86040,4
81449,4
13680,4
60287,4
13666,4
34379,4
40273,4
54126,4
60280,4
38801,4
64811,4
13690,4
81437,4
81436,4
64830,4
34361,4
81456,4
60270,4
18377,4
45537,4
38814,4
81485,4
39189,4
81482,4
18312,4
18317,4
86067,4
34443,4
34441,4
34330,4
34335,4
64760,4
44415,4
64761,4
13719,4
34337,4
81463,4
44421,4
86026,4
34425,4
18382,4
81457,4
34340,4
86095,4
13773,4
52936,4
64616,4
81349,4
18077,4
34587,4
64608,4
81705,4
85933,4
38739,4
40245,4
64614,4
64615,4
81694,4
60362,4
81382,4
35285,4
39158,4
64621,4
34568,4
81689,4
18098,4
38744,4
64898,4
18459,4
81363,4
13606,4
18072,4
34271,4
13602,4
34270,4
64920,4
34634,4
34632,4
64918,4
39203,4
18050,4
81331,4
60395,4
60390,4
64915,4
64560,4
60389,4
38708,4
18051,4
81339,4
38724,4
64574,4
86135,4
13832,4
34613,4
59951,4
81341,4
18059,4
13820,4
85938,4
64635,4
38748,4
13801,4
64675,4
18172,4
64883,4
60204,4
13616,4
54072,4
34510,4
34509,4
60208,4
86106,4
64882,4
85963,4
64691,4
18193,4
18194,4
60337,4
44473,4
85964,4
54079,4
13796,4
18436,4
18426,4
18164,4
44490,4
64645,4
86115,4
81367,4
81675,4
81674,4
81368,4
18119,4
13815,4
60201,4
34288,4
81666,4
64658,4
52934,4
58743,4
13810,4
60357,4
85952,4
13608,4
39160,4
85955,4
34292,4
34519,4
64666,4
18154,4
34518,4
38504,4
86206,4
85784,4
53066,4
60076,4
82373,4
38258,4
17528,4
65120,4
44356,4
17406,4
82232,4
38362,4
14137,4
40097,4
35113,4
64076,4
82226,4
81140,4
82377,4
52898,4
58920,4
65117,4
39036,4
40122,4
82372,4
81126,4
60067,4
59802,4
14135,4
14075,4
58603,4
81063,4
13482,4
81125,4
63953,4
40353,4
17420,4
34042,4
81130,4
17416,4
53868,4
60703,4
13484,4
64061,4
85584,4
65114,4
81062,4
34001,4
52890,4
60665,4
64100,4
34070,4
14038,4
82389,4
17558,4
40133,4
14032,4
14042,4
14150,4
64113,4
13493,4
35090,4
17560,4
81153,4
60016,4
18738,4
82205,4
38396,4
60693,4
64086,4
39015,4
35111,4
60692,4
35109,4
14052,4
60810,4
18664,4
17403,4
60684,4
64099,4
14143,4
39004,4
35101,4
38998,4
65180,4
18663,4
39093,4
14043,4
34006,4
86271,4
39055,4
53879,4
58910,4
63972,4
40110,4
58597,4
44338,4
54215,4
39065,4
86283,4
81105,4
58906,4
59992,4
53890,4
17493,4
34032,4
35157,4
60036,4
17497,4
81106,4
82320,4
45451,4
53894,4
44664,4
60765,4
40106,4
82300,4
60754,4
17468,4
58590,4
86280,4
81083,4
82297,4
18702,4
81082,4
14110,4
18722,4
44350,4
35176,4
82286,4
38290,4
38283,4
35146,4
18693,4
64052,4
38333,4
39289,4
82340,4
85647,4
53900,4
64045,4
52897,4
53903,4
53904,4
14082,4
14098,4
38270,4
85595,4
82249,4
64050,4
60725,4
53908,4
58585,4
81118,4
60035,4
58602,4
82267,4
44656,4
65140,4
60736,4
85630,4
82334,4
81072,4
81113,4
34012,4
39306,4
17508,4
18687,4
35198,4
40363,4
64039,4
17439,4
14099,4
35139,4
82262,4
82339,4
35086,4
18662,4
38990,4
60594,4
53025,4
81040,4
82125,4
81039,4
60592,4
86227,4
14168,4
64163,4
17634,4
18625,4
60829,4
81036,4
35050,4
63902,4
17346,4
64169,4
59770,4
17336,4
34089,4
53029,4
38243,4
18759,4
81187,4
81174,4
81177,4
44618,4
64160,4
86237,4
33984,4
44615,4
18637,4
38457,4
13513,4
81183,4
65087,4
39259,4
60111,4
82133,4
17357,4
44336,4
38978,4
81185,4
13977,4
52907,4
13998,4
38485,4
65212,4
60579,4
34995,4
40341,4
60129,4
34989,4
81206,4
18611,4
17690,4
33979,4
17326,4
82456,4
17321,4
34093,4
45475,4
81023,4
86300,4
34101,4
17692,4
34997,4
65076,4
45469,4
81033,4
40150,4
60113,4
38479,4
64176,4
53942,4
35033,4
58622,4
82110,4
81200,4
85770,4
52888,4
38480,4
38977,4
35274,4
35017,4
17661,4
58848,4
44608,4
82092,4
35055,4
35192,4
85712,4
18650,4
18745,4
81171,4
60633,4
13504,4
85722,4
82423,4
65100,4
60103,4
82188,4
35256,4
58579,4
65191,4
59977,4
35234,4
64150,4
17604,4
18644,4
82157,4
40078,4
38422,4
45445,4
53034,4
35221,4
53035,4
38423,4
14152,4
17565,4
85724,4
17574,4
60642,4
58939,4
35078,4
58871,4
17623,4
44620,4
13495,4
38244,4
82195,4
33988,4
58925,4
34077,4
65092,4
59825,4
82170,4
53856,4
17360,4
38440,4
60820,4
82182,4
44690,4
18739,4
35063,4
99984,3
37254,3
50945,3
6214,3
29416,3
70426,3
29068,3
6428,3
16,3
60273,3
742,3
72765,3
60261,3
72347,3
5299,3
93344,3
70021,3
47471,3
39186,3
39096,3
42336,3
94525,3
93519,3
5331,3
59995,3
57274,3
39608,3
37230,3
60251,3
27097,3
93362,3
5303,3
72364,3
738,3
869,3
28982,3
69973,3
70428,3
29047,3
27129,3
29037,3
70385,3
39080,3
61574,3
39095,3
61623,3
37533,3
59563,3
70455,3
60226,3
37535,3
94541,3
118,3
70440,3
61580,3
28965,3
69997,3
37247,3
56524,3
26707,3
47751,3
69993,3
39514,3
6410,3
94770,3
60235,3
38850,3
59488,3
93535,3
94531,3
99988,3
26734,3
39174,3
70002,3
69965,3
38862,3
37477,3
99196,3
70474,3
37511,3
72369,3
27162,3
37505,3
29435,3
99046,3
6259,3
94557,3
54,3
26975,3
26800,3
61830,3
60110,3
6344,3
29229,3
59506,3
59507,3
70118,3
72521,3
72736,3
6309,3
72627,3
39149,3
26967,3
99101,3
29299,3
79,3
29242,3
42277,3
57246,3
72651,3
70210,3
72510,3
72661,3
94713,3
37295,3
60172,3
48972,3
70219,3
61713,3
70093,3
6295,3
94709,3
37296,3
72502,3
39600,3
93480,3
41648,3
49420,3
38929,3
49445,3
41651,3
42280,3
70187,3
93467,3
6318,3
37360,3
70154,3
5201,3
29257,3
50922,3
798,3
29260,3
99933,3
70170,3
70163,3
61773,3
6324,3
94670,3
37353,3
65,3
47496,3
26894,3
47780,3
26887,3
29274,3
61796,3
57223,3
6317,3
75,3
39582,3
39564,3
6337,3
70133,3
99108,3
61757,3
70185,3
74,3
72613,3
39192,3
26937,3
50920,3
99942,3
37330,3
41667,3
70181,3
5208,3
59966,3
94629,3
42275,3
41691,3
29373,3
29126,3
72722,3
94578,3
47801,3
94741,3
70304,3
6381,3
37260,3
59556,3
27058,3
29134,3
27052,3
27047,3
72720,3
72436,3
39156,3
29139,3
39057,3
49451,3
72425,3
72725,3
26754,3
60047,3
70342,3
50576,3
27074,3
70337,3
94750,3
859,3
29104,3
99980,3
93378,3
56538,3
37463,3
61646,3
70324,3
99185,3
39115,3
26751,3
70033,3
70321,3
37457,3
72446,3
41637,3
70087,3
29197,3
29201,3
41647,3
61691,3
39539,3
99163,3
29203,3
93399,3
38915,3
29216,3
61697,3
70224,3
39005,3
70080,3
49222,3
6358,3
72671,3
72666,3
5227,3
5142,3
837,3
37418,3
50581,3
41695,3
59952,3
70282,3
37264,3
61790,3
72450,3
853,3
39040,3
41702,3
29343,3
37425,3
94603,3
29176,3
27037,3
48938,3
59495,3
99894,3
94609,3
38907,3
6371,3
99228,3
37663,3
57155,3
333,3
38433,3
71233,3
49330,3
93837,3
38429,3
27676,3
99467,3
39258,3
99669,3
99668,3
504,3
71786,3
94131,3
5648,3
514,3
99460,3
38435,3
93834,3
60626,3
27643,3
99679,3
5928,3
49331,3
27633,3
71228,3
60609,3
50745,3
71841,3
28192,3
61075,3
28194,3
99476,3
38410,3
47651,3
59806,3
61022,3
61024,3
71756,3
28101,3
61025,3
42054,3
28102,3
38073,3
27714,3
94102,3
5886,3
94103,3
61032,3
28108,3
5674,3
501,3
5887,3
27713,3
28113,3
28116,3
71287,3
71283,3
38403,3
56925,3
28142,3
50751,3
93850,3
5657,3
94123,3
71275,3
99688,3
93823,3
71750,3
274,3
50730,3
28261,3
5585,3
5588,3
99425,3
60547,3
28246,3
99452,3
93794,3
5592,3
38507,3
47576,3
41914,3
60557,3
5965,3
93788,3
5966,3
93786,3
71898,3
50846,3
71900,3
94196,3
60539,3
71905,3
71909,3
94202,3
38527,3
5974,3
71123,3
60532,3
27558,3
27583,3
93802,3
47577,3
93814,3
522,3
39382,3
61083,3
94150,3
533,3
61095,3
99443,3
47581,3
28206,3
42078,3
38478,3
50740,3
56951,3
37994,3
94164,3
39246,3
71203,3
41924,3
38494,3
5947,3
60568,3
94171,3
71194,3
71193,3
59848,3
27597,3
61125,3
28220,3
61131,3
544,3
28077,3
71348,3
56652,3
93933,3
99551,3
39311,3
42023,3
60799,3
71610,3
420,3
71600,3
5852,3
93997,3
38255,3
71585,3
71583,3
5774,3
93944,3
27833,3
49288,3
27955,3
38273,3
71468,3
94013,3
38161,3
99546,3
50779,3
59738,3
56874,3
56826,3
47635,3
27818,3
27815,3
432,3
71649,3
71579,3
71493,3
38180,3
93988,3
27890,3
47620,3
27889,3
27900,3
39323,3
71544,3
5805,3
5806,3
42007,3
5808,3
93983,3
71545,3
71549,3
60830,3
5786,3
5825,3
5810,3
38240,3
5811,3
60872,3
27876,3
39314,3
71557,3
38192,3
60879,3
59749,3
27927,3
49298,3
380,3
71577,3
364,3
60767,3
56912,3
27764,3
71384,3
60711,3
27748,3
93876,3
5877,3
5719,3
56899,3
49309,3
50770,3
467,3
28024,3
60998,3
60989,3
71410,3
61002,3
99502,3
5878,3
61011,3
41971,3
28047,3
42042,3
5708,3
28049,3
28055,3
42044,3
47642,3
71363,3
61018,3
343,3
71746,3
61019,3
60734,3
94052,3
42033,3
448,3
41984,3
38295,3
71663,3
71442,3
39353,3
60953,3
93904,3
71440,3
5746,3
38306,3
71670,3
27797,3
71672,3
99529,3
38122,3
60985,3
60750,3
60746,3
27789,3
99522,3
5742,3
352,3
38119,3
41975,3
71689,3
39293,3
94043,3
38318,3
56893,3
39291,3
38542,3
56978,3
99415,3
94411,3
28725,3
39198,3
47529,3
57110,3
60338,3
60339,3
61499,3
28746,3
27314,3
6113,3
60349,3
70702,3
27317,3
28707,3
173,3
38757,3
6119,3
28734,3
59592,3
28736,3
57117,3
49237,3
56691,3
687,3
5400,3
94421,3
94422,3
27299,3
61523,3
167,3
27280,3
70705,3
27318,3
61480,3
61450,3
28619,3
5441,3
60367,3
56701,3
38731,3
27342,3
70769,3
94374,3
49023,3
72158,3
6103,3
99290,3
94380,3
70753,3
49381,3
49163,3
99282,3
6104,3
28648,3
49020,3
99279,3
99803,3
5430,3
99804,3
70738,3
668,3
37634,3
27323,3
60355,3
94394,3
59905,3
28754,3
71924,3
37564,3
27215,3
70548,3
28877,3
94465,3
27216,3
70573,3
50897,3
28758,3
59583,3
72272,3
28840,3
60303,3
70576,3
38785,3
93574,3
61554,3
61555,3
72287,3
28898,3
146,3
56657,3
27199,3
38792,3
28912,3
70514,3
47516,3
99233,3
99231,3
28921,3
72318,3
93559,3
94458,3
6162,3
72261,3
50666,3
99829,3
693,3
27277,3
49169,3
161,3
94436,3
38766,3
61534,3
94437,3
99253,3
56676,3
99836,3
57124,3
27267,3
59588,3
49393,3
27265,3
59587,3
27261,3
60317,3
39194,3
27250,3
28817,3
61544,3
99245,3
70583,3
72249,3
39506,3
37570,3
72255,3
41818,3
49245,3
197,3
71998,3
72012,3
28391,3
60477,3
578,3
27482,3
5527,3
28383,3
27351,3
6010,3
61254,3
60480,3
61248,3
71033,3
94242,3
27477,3
28400,3
28411,3
72015,3
28417,3
28421,3
37821,3
39431,3
72028,3
38620,3
49354,3
94276,3
28426,3
595,3
59642,3
5506,3
49051,3
94237,3
71987,3
71047,3
94220,3
5569,3
60521,3
56982,3
27539,3
59682,3
94213,3
42093,3
93762,3
93760,3
265,3
60515,3
71960,3
61183,3
56749,3
37916,3
59661,3
39236,3
71977,3
27504,3
59861,3
71067,3
60503,3
61210,3
93741,3
71065,3
255,3
37894,3
56994,3
37888,3
59663,3
93712,3
243,3
28459,3
93674,3
70853,3
27392,3
28537,3
28552,3
99327,3
60416,3
99326,3
60413,3
28571,3
6071,3
28587,3
5462,3
49251,3
38693,3
215,3
70858,3
37725,3
72112,3
93670,3
70805,3
99779,3
634,3
635,3
27353,3
5457,3
57073,3
37705,3
61409,3
99306,3
99791,3
6064,3
618,3
6042,3
231,3
28467,3
59875,3
28479,3
42129,3
60455,3
61317,3
39222,3
41840,3
72049,3
235,3
37773,3
60439,3
5490,3
37762,3
57053,3
617,3
99338,3
72061,3
70894,3
94314,3
70886,3
70880,3
70878,3
72067,3
99764,3
50698,3
72069,3
28532,3
27417,3
72089,3
2564,3
95364,3
69954,3
3307,3
66723,3
2033,3
96544,3
40772,3
96540,3
40145,3
32474,3
32471,3
66738,3
49744,3
66770,3
58168,3
32467,3
58866,3
3312,3
96522,3
97922,3
58869,3
64133,3
32453,3
32478,3
97909,3
32497,3
96565,3
96598,3
64186,3
2050,3
66663,3
32524,3
96587,3
40148,3
58191,3
3273,3
97900,3
49748,3
96576,3
66686,3
32506,3
58184,3
48626,3
66690,3
3289,3
2036,3
32451,3
2022,3
34991,3
3362,3
35114,3
64065,3
97955,3
58143,3
32387,3
32384,3
66856,3
40120,3
64057,3
48634,3
35079,3
58892,3
49736,3
35137,3
3373,3
66885,3
96447,3
1975,3
48241,3
32322,3
66833,3
48248,3
32408,3
96477,3
32445,3
32439,3
66790,3
66794,3
64112,3
2010,3
58149,3
3335,3
3337,3
64097,3
40792,3
66809,3
3339,3
66812,3
66813,3
96484,3
48249,3
96479,3
66826,3
32544,3
96608,3
48240,3
40707,3
3173,3
96705,3
66476,3
48303,3
66487,3
40193,3
34838,3
34847,3
96692,3
32689,3
40709,3
64352,3
64349,3
66501,3
48603,3
32687,3
58231,3
2121,3
34859,3
64342,3
64369,3
50078,3
2147,3
97794,3
96747,3
50068,3
97766,3
96740,3
64416,3
2179,3
64410,3
34796,3
2170,3
66432,3
96727,3
64407,3
34802,3
34804,3
96722,3
3156,3
64389,3
64388,3
66459,3
34862,3
64331,3
40160,3
96622,3
40172,3
40167,3
66588,3
64238,3
58840,3
66606,3
64235,3
58841,3
2067,3
66621,3
66513,3
64230,3
66627,3
49755,3
34975,3
2062,3
64223,3
64219,3
48281,3
3248,3
49760,3
66570,3
32616,3
3222,3
58228,3
40189,3
58227,3
3188,3
66523,3
48297,3
40182,3
50087,3
2099,3
66540,3
97839,3
58221,3
34916,3
48615,3
58828,3
3214,3
96647,3
34941,3
40716,3
3389,3
64038,3
32789,3
67273,3
63769,3
35400,3
3600,3
3606,3
63758,3
1802,3
3607,3
3612,3
3613,3
31927,3
58003,3
96199,3
1793,3
98127,3
49693,3
96196,3
63738,3
31897,3
63737,3
48175,3
96219,3
50190,3
31962,3
67245,3
32026,3
48189,3
32005,3
67197,3
58958,3
63844,3
31989,3
35323,3
98082,3
67202,3
1838,3
3552,3
35354,3
35355,3
58031,3
50182,3
3568,3
58028,3
31968,3
31890,3
58002,3
48192,3
31746,3
63652,3
59014,3
31797,3
40949,3
48157,3
98174,3
67464,3
31758,3
3704,3
63606,3
67346,3
57960,3
67483,3
67487,3
3715,3
1738,3
96113,3
35532,3
50221,3
50222,3
3683,3
98163,3
40941,3
3675,3
96183,3
58000,3
31880,3
59003,3
35474,3
67361,3
40927,3
31857,3
63684,3
67371,3
59008,3
57997,3
31835,3
98156,3
63661,3
1760,3
67396,3
1758,3
31821,3
67180,3
98071,3
66900,3
67015,3
32230,3
96389,3
32223,3
3429,3
1952,3
32214,3
3438,3
67009,3
32194,3
35210,3
58922,3
98001,3
3443,3
1940,3
48646,3
67026,3
96360,3
48647,3
58088,3
67032,3
97992,3
3425,3
32232,3
66967,3
64025,3
66920,3
35160,3
32285,3
66934,3
32284,3
50152,3
40816,3
63988,3
32260,3
35180,3
96406,3
1957,3
3420,3
32251,3
40828,3
40103,3
96399,3
32241,3
67036,3
67046,3
35302,3
3507,3
3500,3
35273,3
3501,3
67122,3
32088,3
98042,3
98043,3
63896,3
98045,3
63881,3
3452,3
67138,3
48199,3
63876,3
58050,3
98057,3
3514,3
35298,3
67156,3
98065,3
67117,3
32101,3
35270,3
35268,3
63948,3
63947,3
35216,3
3455,3
1918,3
58077,3
50160,3
1917,3
96341,3
98029,3
98030,3
32132,3
63913,3
3483,3
63908,3
32113,3
96321,3
50164,3
58064,3
32772,3
32792,3
40007,3
40504,3
65614,3
40503,3
58469,3
2459,3
34180,3
2451,3
97494,3
97154,3
2753,3
2757,3
64964,3
33515,3
64974,3
33505,3
97139,3
40308,3
33476,3
65677,3
65678,3
65683,3
65009,3
48409,3
34169,3
33557,3
97469,3
58634,3
2731,3
34157,3
48530,3
58485,3
33623,3
40490,3
2464,3
34158,3
40325,3
34164,3
33610,3
33599,3
2741,3
40497,3
33583,3
33581,3
48410,3
58454,3
33452,3
65510,3
48383,3
2382,3
34283,3
34287,3
48384,3
2822,3
33352,3
2380,3
97073,3
64886,3
2829,3
48396,3
48381,3
33343,3
33340,3
2830,3
58680,3
33334,3
97566,3
40548,3
2843,3
97549,3
34277,3
65767,3
97086,3
2785,3
49966,3
2787,3
33450,3
97520,3
33436,3
64936,3
2413,3
2409,3
97109,3
2404,3
33430,3
33428,3
33413,3
40533,3
40536,3
34263,3
33389,3
33386,3
48520,3
33684,3
97568,3
65152,3
65323,3
97320,3
65163,3
33853,3
58593,3
2616,3
33850,3
97310,3
40357,3
65341,3
48469,3
33840,3
2630,3
2633,3
97299,3
65362,3
33821,3
97294,3
33816,3
48500,3
34013,3
65315,3
2609,3
65166,3
58572,3
33955,3
33971,3
33947,3
33923,3
65269,3
65272,3
65283,3
48485,3
33992,3
33995,3
33869,3
2547,3
65297,3
33865,3
49885,3
65309,3
58589,3
2605,3
48475,3
34038,3
65503,3
65466,3
33754,3
65435,3
65093,3
33737,3
40436,3
48513,3
65460,3
97444,3
49869,3
65086,3
97287,3
65082,3
2489,3
48430,3
49866,3
97214,3
97210,3
33693,3
2477,3
65499,3
97247,3
40430,3
58616,3
48452,3
97413,3
40354,3
49906,3
34053,3
33802,3
48464,3
33787,3
97426,3
33786,3
33784,3
49912,3
58532,3
2664,3
33770,3
33766,3
2669,3
49874,3
33763,3
40348,3
58417,3
58684,3
66383,3
32946,3
34531,3
66201,3
34538,3
32967,3
66208,3
40249,3
3058,3
58313,3
64620,3
58309,3
58758,3
64596,3
34598,3
34611,3
64578,3
97706,3
40241,3
96822,3
50040,3
32914,3
34528,3
32992,3
96861,3
2268,3
48356,3
66111,3
40630,3
66129,3
97654,3
64688,3
3014,3
66150,3
97660,3
96880,3
3031,3
66160,3
34512,3
48560,3
58327,3
33005,3
66174,3
97671,3
66176,3
48332,3
3080,3
50017,3
58275,3
32824,3
66348,3
64500,3
3112,3
66351,3
34701,3
32808,3
97737,3
64481,3
34720,3
32896,3
32804,3
34725,3
64476,3
32803,3
96764,3
66371,3
64475,3
58783,3
2195,3
32829,3
34683,3
66338,3
32836,3
34625,3
3088,3
66288,3
64553,3
66294,3
64548,3
32884,3
64547,3
58288,3
64546,3
40226,3
32865,3
34664,3
34665,3
64512,3
32858,3
66326,3
34681,3
96788,3
33048,3
96906,3
40552,3
65911,3
48369,3
65892,3
64832,3
65899,3
33232,3
58701,3
40564,3
64823,3
33227,3
34380,3
65940,3
40572,3
58390,3
96996,3
58711,3
96995,3
49822,3
34412,3
33202,3
34414,3
65886,3
58398,3
40280,3
58401,3
33319,3
65819,3
40282,3
33312,3
33311,3
65827,3
33308,3
33302,3
65839,3
34323,3
65840,3
65844,3
48542,3
65849,3
48373,3
34325,3
58402,3
65865,3
48370,3
96990,3
2919,3
58737,3
64725,3
40617,3
2303,3
33124,3
49817,3
34467,3
2293,3
2967,3
58727,3
64728,3
34478,3
97610,3
34496,3
34497,3
58735,3
33076,3
33074,3
96921,3
33056,3
49814,3
2277,3
64743,3
33128,3
58725,3
33133,3
2920,3
96983,3
40265,3
65950,3
65953,3
96974,3
33167,3
97618,3
33150,3
65998,3
66000,3
58363,3
58724,3
2936,3
66009,3
66012,3
66013,3
2946,3
2313,3
31719,3
40971,3
41614,3
41385,3
62542,3
98739,3
62539,3
50450,3
95257,3
4584,3
95254,3
30244,3
69109,3
1186,3
4610,3
30213,3
1185,3
98746,3
41390,3
69133,3
1183,3
1179,3
30198,3
69142,3
41370,3
69095,3
57508,3
1197,3
48846,3
30317,3
47911,3
69031,3
69047,3
62577,3
4561,3
30285,3
62557,3
69064,3
95278,3
36625,3
57512,3
69083,3
69084,3
98732,3
69087,3
1199,3
41369,3
69143,3
57492,3
95299,3
4665,3
1143,3
36693,3
47888,3
98794,3
69243,3
30111,3
62437,3
36724,3
1124,3
69258,3
1171,3
57466,3
36761,3
69268,3
95161,3
30090,3
36769,3
69278,3
62401,3
62400,3
62467,3
4646,3
30142,3
69206,3
59321,3
69149,3
69150,3
39762,3
95212,3
30184,3
30177,3
39750,3
39746,3
30174,3
36672,3
1150,3
36680,3
39742,3
69194,3
62476,3
41408,3
69203,3
1148,3
69023,3
30320,3
4684,3
30498,3
36396,3
62735,3
30543,3
30535,3
41265,3
62732,3
59261,3
57604,3
57603,3
57601,3
98653,3
68835,3
59262,3
57590,3
41281,3
62715,3
59266,3
36422,3
4464,3
1283,3
30552,3
98629,3
95426,3
95427,3
68718,3
62775,3
30603,3
1313,3
95451,3
30597,3
30595,3
36383,3
98619,3
30587,3
41256,3
30576,3
1307,3
62752,3
4405,3
4406,3
68754,3
4419,3
36390,3
68869,3
68874,3
36562,3
36532,3
36485,3
98687,3
68936,3
36522,3
68948,3
57557,3
4518,3
30384,3
36525,3
49541,3
1277,3
30374,3
98701,3
36539,3
30355,3
57547,3
1225,3
98709,3
36561,3
30336,3
30408,3
41313,3
59284,3
59281,3
62696,3
1274,3
68888,3
41308,3
33969,3
36446,3
62684,3
68896,3
50430,3
57577,3
68900,3
95352,3
95351,3
36459,3
57573,3
95348,3
68911,3
57572,3
4498,3
62393,3
4686,3
98610,3
98960,3
98943,3
59435,3
50535,3
59438,3
69722,3
29660,3
37062,3
39645,3
4934,3
29639,3
50541,3
98961,3
4948,3
98964,3
959,3
69761,3
62072,3
94897,3
62063,3
94893,3
49477,3
29685,3
69692,3
4908,3
48911,3
4883,3
4885,3
4888,3
62148,3
984,3
98931,3
69674,3
29699,3
983,3
37008,3
29694,3
49479,3
29691,3
47841,3
94944,3
94943,3
37020,3
29688,3
37093,3
4968,3
39671,3
47813,3
69886,3
61967,3
61960,3
50560,3
29497,3
69899,3
99025,3
59477,3
29489,3
99029,3
59452,3
50565,3
61944,3
99032,3
5059,3
69932,3
69933,3
94798,3
69947,3
29451,3
69878,3
29518,3
61971,3
59467,3
98981,3
69787,3
39635,3
37113,3
29590,3
929,3
69809,3
94868,3
41583,3
69830,3
29557,3
94854,3
69842,3
62008,3
62002,3
41585,3
37158,3
69855,3
47821,3
4882,3
69666,3
36792,3
69418,3
98845,3
47867,3
36846,3
4751,3
29971,3
4758,3
4763,3
62300,3
62296,3
29948,3
69467,3
62293,3
69432,3
29932,3
57416,3
36892,3
69452,3
47861,3
1060,3
69463,3
29991,3
95101,3
95103,3
36824,3
41430,3
69307,3
69312,3
98821,3
30055,3
47875,3
4709,3
30044,3
62369,3
30043,3
98826,3
69330,3
95123,3
30035,3
4715,3
36802,3
95115,3
1099,3
59376,3
4785,3
29908,3
36988,3
29731,3
57363,3
39683,3
29757,3
94999,3
62191,3
41537,3
94992,3
41542,3
94990,3
50521,3
41484,3
69642,3
39678,3
29724,3
1007,3
98919,3
69649,3
29716,3
999,3
69663,3
98906,3
29786,3
48898,3
69595,3
39692,3
36922,3
47857,3
50508,3
1044,3
4798,3
4804,3
98886,3
95024,3
98894,3
59405,3
36938,3
69572,3
29815,3
50513,3
69578,3
50514,3
69580,3
41529,3
30604,3
68713,3
67521,3
57833,3
95908,3
50274,3
67883,3
57840,3
67887,3
57835,3
67903,3
1582,3
1581,3
67910,3
31220,3
35840,3
50279,3
67933,3
95877,3
1577,3
39941,3
67959,3
57820,3
48731,3
31340,3
31341,3
35828,3
98325,3
63360,3
48098,3
98305,3
35795,3
57852,3
35802,3
98312,3
49652,3
31367,3
3902,3
59080,3
35812,3
59086,3
95920,3
57847,3
31342,3
95914,3
95912,3
98324,3
35851,3
67993,3
59076,3
48746,3
39921,3
68065,3
31159,3
35906,3
95815,3
68072,3
35931,3
63213,3
95805,3
1530,3
3966,3
31138,3
63211,3
4027,3
1524,3
39915,3
48058,3
50305,3
35942,3
57787,3
4011,3
68059,3
95822,3
59117,3
31214,3
98348,3
95857,3
98353,3
59101,3
1564,3
63280,3
35873,3
98367,3
68027,3
48735,3
3994,3
68034,3
31180,3
95832,3
41094,3
95829,3
68053,3
31168,3
63361,3
35778,3
31111,3
35608,3
63518,3
67574,3
67575,3
96060,3
31664,3
50236,3
67590,3
96052,3
1681,3
96048,3
35633,3
98234,3
1674,3
67616,3
67622,3
35626,3
96040,3
41001,3
3778,3
57916,3
67573,3
63522,3
3763,3
40989,3
3738,3
67527,3
40005,3
63567,3
40002,3
3742,3
40975,3
96089,3
63560,3
35583,3
63553,3
3743,3
50224,3
67531,3
35587,3
67555,3
1694,3
1691,3
63535,3
59042,3
1667,3
41046,3
35730,3
35710,3
3825,3
67722,3
3835,3
35723,3
67746,3
31491,3
31488,3
95971,3
63416,3
59044,3
95967,3
67771,3
48110,3
48702,3
31446,3
67799,3
3861,3
41040,3
63390,3
67716,3
67713,3
67711,3
35696,3
35650,3
67658,3
31572,3
35669,3
48123,3
31565,3
31562,3
31556,3
35675,3
96012,3
96011,3
41021,3
96007,3
96004,3
31536,3
67708,3
39978,3
95994,3
3815,3
31113,3
31103,3
4378,3
30726,3
30743,3
68529,3
57677,3
1394,3
1391,3
36223,3
4258,3
68541,3
30732,3
4265,3
68589,3
41224,3
30721,3
41227,3
36232,3
62908,3
95552,3
62903,3
30711,3
1369,3
62921,3
98536,3
62923,3
41212,3
4203,3
1428,3
62976,3
95621,3
30817,3
4210,3
1422,3
36180,3
62957,3
4214,3
68444,3
1419,3
68446,3
68449,3
68465,3
1408,3
47983,3
98531,3
30755,3
39843,3
4290,3
95628,3
98595,3
59225,3
68639,3
30657,3
68648,3
68650,3
62835,3
62834,3
4338,3
4344,3
95486,3
30696,3
30626,3
50407,3
62796,3
30616,3
62791,3
36355,3
1320,3
68702,3
95464,3
36311,3
36308,3
95507,3
30661,3
62879,3
47960,3
4299,3
62876,3
1359,3
4307,3
62874,3
47956,3
36289,3
48798,3
30682,3
4316,3
1350,3
68617,3
68621,3
98580,3
36299,3
36302,3
30665,3
4202,3
98502,3
48057,3
57757,3
95743,3
68211,3
63123,3
63119,3
63112,3
31016,3
31010,3
49618,3
68236,3
57756,3
95706,3
95721,3
63107,3
63104,3
68255,3
98444,3
49616,3
68268,3
95710,3
95709,3
63135,3
4074,3
1493,3
31040,3
68135,3
31083,3
95772,3
35979,3
68168,3
35984,3
4060,3
63158,3
4062,3
48054,3
68180,3
57769,3
4066,3
31043,3
68189,3
1506,3
63156,3
36005,3
1497,3
36052,3
1467,3
30846,3
62988,3
68354,3
30901,3
68362,3
4167,3
57721,3
36154,3
68379,3
36161,3
62990,3
59184,3
57743,3
68402,3
36172,3
98496,3
95639,3
62982,3
36176,3
95637,3
62980,3
30848,3
68351,3
36149,3
68349,3
98485,3
36063,3
63088,3
63082,3
63078,3
63077,3
4132,3
36078,3
68301,3
48017,3
68316,3
98472,3
95678,3
59171,3
36112,3
4150,3
39870,3
63016,3
95669,3
50345,3
72781,3
13456,3
87911,3
46129,3
8768,3
88248,3
88250,3
91062,3
17010,3
17017,3
91057,3
82705,3
8778,3
8780,3
91053,3
77221,3
17020,3
91047,3
22661,3
43343,3
43344,3
82700,3
11528,3
88243,3
43323,3
77245,3
88238,3
46123,3
77093,3
82765,3
8727,3
82764,3
51544,3
88221,3
22767,3
88222,3
22750,3
22745,3
77137,3
8741,3
82751,3
8756,3
88232,3
8760,3
16991,3
22706,3
17034,3
17049,3
11580,3
8816,3
77302,3
22576,3
17117,3
82612,3
77322,3
51574,3
88305,3
11500,3
77327,3
88308,3
90995,3
88316,3
22552,3
44737,3
51576,3
88324,3
77334,3
90989,3
22549,3
82620,3
55298,3
52336,3
88291,3
88264,3
88266,3
17054,3
77260,3
43351,3
88269,3
8797,3
17055,3
82671,3
77274,3
88280,3
82651,3
11514,3
44756,3
8806,3
82642,3
22620,3
11511,3
43363,3
16929,3
53751,3
9137,3
91219,3
23055,3
82893,3
44823,3
23048,3
55427,3
55426,3
16802,3
23023,3
88132,3
76869,3
23021,3
8654,3
76873,3
82885,3
52374,3
76883,3
76886,3
23008,3
23003,3
46926,3
82907,3
22995,3
23065,3
11700,3
16729,3
88081,3
82977,3
76793,3
52386,3
53701,3
82960,3
76796,3
11683,3
11682,3
8612,3
88097,3
88100,3
11677,3
82935,3
8628,3
82926,3
52379,3
16815,3
16816,3
16921,3
55402,3
11617,3
22885,3
22865,3
53734,3
88173,3
53736,3
43286,3
53740,3
8700,3
16870,3
77042,3
16893,3
22815,3
16898,3
11588,3
82790,3
77089,3
16920,3
77090,3
91144,3
76969,3
76902,3
22906,3
76905,3
53727,3
82863,3
8673,3
88149,3
88151,3
22956,3
43274,3
52369,3
22934,3
76941,3
88157,3
22931,3
22929,3
46907,3
88158,3
11623,3
43278,3
8685,3
55280,3
82584,3
17156,3
22139,3
88500,3
9032,3
17535,3
44639,3
17550,3
43521,3
82201,3
90794,3
53922,3
88512,3
9047,3
77718,3
9052,3
77719,3
77735,3
82198,3
22085,3
11290,3
22082,3
43513,3
17533,3
90778,3
22143,3
9000,3
43492,3
43493,3
82274,3
43499,3
11336,3
46209,3
22172,3
11332,3
17511,3
43508,3
46211,3
11322,3
88489,3
82244,3
17524,3
17526,3
88496,3
90811,3
90780,3
82167,3
22533,3
77820,3
55128,3
9116,3
21980,3
77861,3
82091,3
55120,3
90721,3
88570,3
52249,3
46800,3
11243,3
21957,3
82070,3
11240,3
90711,3
55113,3
82065,3
88582,3
21933,3
77823,3
90739,3
90771,3
52253,3
88533,3
17611,3
82150,3
53931,3
44619,3
44617,3
9083,3
11270,3
44614,3
52257,3
82121,3
22037,3
22035,3
22033,3
17643,3
17651,3
43534,3
82109,3
77812,3
17498,3
51625,3
77651,3
55253,3
77429,3
82475,3
90935,3
22458,3
22452,3
77437,3
8887,3
22447,3
53839,3
22443,3
82468,3
82465,3
22422,3
44696,3
22401,3
43424,3
46835,3
55234,3
46832,3
8880,3
88370,3
17491,3
17264,3
17177,3
90976,3
17193,3
51582,3
82548,3
88343,3
11450,3
8845,3
82530,3
8849,3
11446,3
46853,3
88352,3
22513,3
22509,3
77401,3
77408,3
17237,3
44704,3
82440,3
17356,3
90906,3
8909,3
90867,3
52287,3
11377,3
17410,3
17427,3
11366,3
90861,3
77600,3
82351,3
11365,3
22229,3
17452,3
17460,3
82305,3
17473,3
17476,3
46824,3
17490,3
55181,3
17396,3
77588,3
22278,3
43451,3
8910,3
88398,3
77497,3
88402,3
53855,3
17375,3
77535,3
53857,3
55217,3
55206,3
82401,3
53861,3
46193,3
77549,3
77561,3
90875,3
82386,3
22300,3
88074,3
23107,3
51507,3
11991,3
91638,3
83574,3
16139,3
55639,3
87781,3
8212,3
43101,3
8219,3
8221,3
83548,3
83542,3
53561,3
76054,3
23737,3
43106,3
76069,3
76070,3
8225,3
16175,3
76021,3
16121,3
43114,3
91644,3
16074,3
75971,3
46008,3
23796,3
55656,3
23790,3
83620,3
16089,3
11996,3
76001,3
43096,3
43097,3
91651,3
76005,3
87760,3
43100,3
76010,3
76012,3
45001,3
76077,3
76091,3
8313,3
43127,3
23652,3
76155,3
55608,3
51419,3
83496,3
11948,3
51421,3
16250,3
83467,3
16254,3
16255,3
23638,3
8292,3
11938,3
23625,3
16264,3
23621,3
55601,3
91547,3
43134,3
16221,3
16181,3
23655,3
51415,3
11967,3
76097,3
51416,3
87792,3
11965,3
23692,3
83527,3
43119,3
53567,3
44982,3
8249,3
83514,3
76128,3
44978,3
8251,3
55614,3
55613,3
76150,3
75969,3
8167,3
43087,3
15875,3
23971,3
91781,3
91780,3
55706,3
75779,3
23968,3
45055,3
45054,3
15885,3
45043,3
75800,3
87648,3
43038,3
75804,3
15923,3
75805,3
87652,3
53514,3
91759,3
75771,3
91789,3
75963,3
55714,3
45071,3
91814,3
45070,3
75722,3
75724,3
15846,3
15849,3
75733,3
83878,3
24003,3
75738,3
53492,3
24002,3
55718,3
8043,3
45065,3
8049,3
53497,3
23993,3
15949,3
75810,3
75819,3
87668,3
16028,3
87712,3
16044,3
23869,3
87719,3
23861,3
75922,3
75928,3
51401,3
83653,3
16062,3
23839,3
87730,3
23826,3
16064,3
75955,3
75959,3
75961,3
8166,3
87708,3
75900,3
8128,3
53522,3
12076,3
83751,3
83750,3
15978,3
23921,3
83740,3
75852,3
23911,3
91734,3
23881,3
83733,3
87683,3
23899,3
75886,3
16010,3
12049,3
75891,3
55679,3
51428,3
83443,3
8589,3
16596,3
55510,3
46957,3
76557,3
83102,3
83101,3
76584,3
23265,3
11779,3
83094,3
52410,3
76612,3
88016,3
76613,3
23249,3
76624,3
76625,3
55491,3
16630,3
8535,3
53665,3
76550,3
16636,3
83130,3
91392,3
76463,3
83155,3
55539,3
16577,3
44888,3
8474,3
16584,3
76481,3
76487,3
52414,3
76496,3
91376,3
43197,3
23331,3
43201,3
44886,3
83135,3
43204,3
53673,3
43224,3
53587,3
8566,3
52401,3
43237,3
53684,3
23149,3
83016,3
8575,3
16704,3
83006,3
83005,3
43240,3
46089,3
76738,3
88067,3
55454,3
23126,3
44860,3
82992,3
23121,3
16721,3
8568,3
46085,3
16638,3
44867,3
83071,3
16641,3
55478,3
43232,3
55476,3
91316,3
16649,3
23175,3
23173,3
76686,3
11749,3
88041,3
8559,3
16671,3
8560,3
76697,3
8563,3
43236,3
91296,3
52425,3
83185,3
83186,3
23539,3
76294,3
76295,3
23528,3
83363,3
52440,3
23522,3
11888,3
46050,3
51452,3
8392,3
46053,3
16388,3
23487,3
8403,3
23486,3
16390,3
8407,3
23485,3
8410,3
53607,3
47005,3
16534,3
8362,3
76233,3
83431,3
52451,3
87845,3
76235,3
8324,3
8329,3
87852,3
51436,3
46045,3
87860,3
47009,3
76245,3
76246,3
87863,3
51441,3
76262,3
16352,3
53601,3
23484,3
11872,3
76334,3
11867,3
87939,3
8445,3
83237,3
83233,3
16480,3
76400,3
83224,3
87948,3
91416,3
16501,3
83212,3
76420,3
8461,3
23409,3
87956,3
91405,3
44896,3
91400,3
46970,3
11840,3
44907,3
16466,3
87918,3
8417,3
83310,3
8422,3
83306,3
87914,3
55567,3
43166,3
44921,3
11854,3
16461,3
91449,3
23453,3
16441,3
91444,3
91442,3
11853,3
83281,3
76386,3
21931,3
21924,3
43015,3
10566,3
79281,3
80804,3
79283,3
89953,3
51863,3
18971,3
79287,3
18979,3
79290,3
54694,3
9889,3
9893,3
51866,3
89936,3
20474,3
80766,3
20458,3
46471,3
89927,3
9874,3
10567,3
20439,3
80810,3
20565,3
89987,3
9851,3
20560,3
89984,3
10587,3
20558,3
44279,3
44277,3
18933,3
89223,3
80826,3
80823,3
79248,3
79249,3
89230,3
79259,3
9861,3
9867,3
79345,3
20436,3
80874,3
80657,3
19129,3
54652,3
19139,3
10483,3
9951,3
9952,3
52026,3
20334,3
79493,3
19168,3
20325,3
89856,3
20323,3
79499,3
9962,3
80605,3
79500,3
20321,3
89328,3
79446,3
19094,3
80739,3
20377,3
79374,3
20428,3
79393,3
20413,3
19035,3
9923,3
89902,3
19048,3
20411,3
54664,3
89280,3
20401,3
89281,3
79426,3
79428,3
54324,3
54330,3
89296,3
89890,3
54719,3
20574,3
55110,3
9749,3
9754,3
9755,3
81049,3
9756,3
81043,3
81026,3
90070,3
81018,3
52086,3
51826,3
18778,3
51827,3
18779,3
18785,3
20678,3
46431,3
9778,3
9780,3
18793,3
79077,3
10709,3
89131,3
79070,3
89053,3
89054,3
10761,3
79019,3
79023,3
46397,3
44355,3
10752,3
81112,3
20720,3
44347,3
81088,3
81086,3
79047,3
10718,3
18728,3
89093,3
79056,3
89098,3
79117,3
20667,3
89992,3
9826,3
20611,3
18851,3
18854,3
46440,3
79187,3
10622,3
20599,3
79201,3
89179,3
89183,3
10613,3
80906,3
79213,3
20578,3
89994,3
79218,3
89190,3
54270,3
80883,3
9828,3
79174,3
9795,3
44308,3
9796,3
10661,3
9797,3
10658,3
90040,3
90039,3
52079,3
80992,3
89143,3
44320,3
43857,3
9806,3
79156,3
80956,3
46438,3
52069,3
20625,3
20622,3
18838,3
43923,3
80601,3
19185,3
79880,3
19922,3
79893,3
10279,3
54517,3
79912,3
80308,3
54417,3
54508,3
19861,3
19860,3
80300,3
80299,3
19500,3
19501,3
79930,3
19858,3
51941,3
19853,3
19852,3
51982,3
46515,3
79943,3
19477,3
19465,3
10096,3
80338,3
79829,3
54546,3
80335,3
54411,3
19954,3
89670,3
44033,3
46514,3
79854,3
19939,3
89665,3
79863,3
44037,3
80329,3
44039,3
51933,3
19526,3
19838,3
79514,3
19601,3
80168,3
19615,3
80163,3
19622,3
19625,3
89540,3
19628,3
10218,3
19727,3
44107,3
19699,3
19643,3
10193,3
10208,3
10194,3
19650,3
19676,3
89566,3
46538,3
54483,3
80020,3
19834,3
19585,3
79954,3
80243,3
80238,3
19553,3
80230,3
19830,3
79967,3
10148,3
19805,3
10248,3
10151,3
44069,3
44139,3
79994,3
19793,3
80199,3
51965,3
19782,3
80012,3
79821,3
19455,3
44016,3
52015,3
10009,3
89802,3
80530,3
19270,3
79592,3
10418,3
54615,3
89373,3
44190,3
79612,3
89787,3
19300,3
46586,3
10036,3
20178,3
79637,3
10407,3
20171,3
54376,3
19261,3
79587,3
44014,3
19250,3
89334,3
20314,3
80589,3
20299,3
20291,3
19188,3
89341,3
10457,3
20282,3
19197,3
19202,3
80563,3
44200,3
19210,3
19236,3
10440,3
54621,3
89812,3
20254,3
54379,3
20164,3
20153,3
19322,3
54570,3
44169,3
10062,3
20046,3
54566,3
46566,3
10350,3
10077,3
51998,3
51997,3
79777,3
19444,3
19447,3
20014,3
10082,3
10324,3
89448,3
89449,3
80363,3
80419,3
19388,3
20060,3
80443,3
89399,3
10048,3
79665,3
46497,3
20140,3
20134,3
54596,3
44184,3
44173,3
10360,3
20123,3
43970,3
46570,3
19372,3
20114,3
20098,3
79712,3
19376,3
79001,3
10789,3
44364,3
78292,3
44530,3
18019,3
81758,3
90512,3
54983,3
21481,3
18027,3
18034,3
78332,3
81740,3
81738,3
90501,3
21471,3
54970,3
18044,3
52202,3
11089,3
18054,3
78350,3
43660,3
88713,3
21452,3
78291,3
52214,3
11129,3
54999,3
21555,3
88697,3
81820,3
78265,3
21546,3
21540,3
90532,3
88699,3
46752,3
44540,3
88705,3
21523,3
88709,3
17984,3
46750,3
9307,3
21462,3
52198,3
9410,3
90443,3
78436,3
81634,3
21364,3
81632,3
81629,3
54070,3
18174,3
81610,3
21353,3
81606,3
88793,3
54080,3
88802,3
18210,3
11031,3
21335,3
78479,3
81555,3
81548,3
21377,3
9386,3
81711,3
9382,3
88752,3
90479,3
11068,3
81693,3
90475,3
54954,3
81668,3
9368,3
21412,3
46743,3
21404,3
78407,3
18130,3
81657,3
90451,3
46741,3
81652,3
46319,3
44498,3
81829,3
17960,3
21568,3
17761,3
55075,3
9180,3
11214,3
82006,3
82003,3
17767,3
90650,3
17768,3
53973,3
21803,3
9190,3
17779,3
9194,3
53975,3
11191,3
9197,3
81970,3
78070,3
17830,3
21840,3
21849,3
21585,3
9170,3
53964,3
43551,3
9142,3
77913,3
43552,3
55103,3
77927,3
77934,3
55099,3
43566,3
21884,3
9151,3
90684,3
82028,3
17749,3
43571,3
43576,3
90677,3
9166,3
78078,3
43608,3
17843,3
78083,3
17901,3
21662,3
21658,3
46269,3
9244,3
21631,3
43646,3
78198,3
78201,3
90573,3
81863,3
17935,3
21598,3
9265,3
44549,3
21594,3
17951,3
11145,3
51692,3
21678,3
17899,3
55027,3
81936,3
21758,3
78090,3
17848,3
81948,3
17854,3
78105,3
43620,3
17860,3
9217,3
81900,3
78134,3
51681,3
55033,3
17868,3
81908,3
9238,3
9240,3
51684,3
18251,3
11022,3
18656,3
20956,3
20947,3
20935,3
78840,3
20918,3
81306,3
78850,3
90216,3
10873,3
9599,3
10871,3
10869,3
81284,3
90211,3
78859,3
18541,3
18545,3
20892,3
81269,3
10857,3
78829,3
18509,3
10856,3
90233,3
21071,3
21070,3
54149,3
18498,3
52139,3
9538,3
81325,3
21041,3
78776,3
21021,3
54845,3
81324,3
44404,3
90249,3
21000,3
88939,3
51776,3
20969,3
81320,3
78884,3
43786,3
52176,3
9665,3
78946,3
90155,3
10828,3
54804,3
90152,3
10827,3
81212,3
81205,3
81203,3
20808,3
9685,3
20801,3
18618,3
46393,3
89021,3
18628,3
81184,3
18643,3
89038,3
18608,3
20833,3
20879,3
18605,3
20878,3
90195,3
18550,3
81258,3
78912,3
88986,3
54813,3
20852,3
18568,3
18574,3
54184,3
10840,3
20843,3
78929,3
81226,3
81222,3
81220,3
20838,3
78936,3
54148,3
18478,3
21072,3
90374,3
90371,3
78569,3
9445,3
90365,3
78579,3
88857,3
90360,3
81455,3
21229,3
90354,3
81451,3
9459,3
21218,3
21213,3
78610,3
78612,3
78616,3
52165,3
18365,3
10999,3
90378,3
88922,3
81469,3
81543,3
9412,3
18274,3
78498,3
11020,3
18279,3
90403,3
81506,3
18287,3
78516,3
21294,3
21283,3
18301,3
90387,3
44437,3
11000,3
78539,3
44430,3
78545,3
10974,3
81430,3
81428,3
21170,3
10941,3
90298,3
54867,3
46361,3
78719,3
54143,3
88909,3
90288,3
18447,3
21096,3
18456,3
21093,3
81364,3
18457,3
78728,3
90281,3
46696,3
21079,3
54859,3
10942,3
51753,3
21110,3
88879,3
18371,3
18376,3
52162,3
90328,3
78644,3
21160,3
9483,3
78654,3
90319,3
81392,3
43732,3
78675,3
46351,3
81409,3
81407,3
9487,3
78682,3
88897,3
75714,3
54460,3
25393,3
56358,3
87058,3
73385,3
84874,3
84867,3
13216,3
52822,3
73381,3
53267,3
14874,3
84856,3
45494,3
84850,3
14896,3
26151,3
87055,3
25065,3
74622,3
26137,3
47368,3
52820,3
45490,3
56035,3
26131,3
73415,3
13891,3
92399,3
42478,3
25084,3
12709,3
85841,3
86581,3
73369,3
42741,3
26106,3
87119,3
85874,3
52825,3
56365,3
7409,3
14965,3
84764,3
93039,3
56031,3
25002,3
26187,3
74694,3
12627,3
14973,3
7431,3
13871,3
74677,3
87105,3
14943,3
84809,3
93027,3
92370,3
12654,3
56024,3
93024,3
12658,3
74658,3
87089,3
56360,3
87084,3
12671,3
42747,3
52692,3
25110,3
74434,3
92971,3
26050,3
7318,3
56073,3
74474,3
92463,3
56070,3
42704,3
45647,3
92972,3
26062,3
87005,3
85801,3
25192,3
12759,3
47214,3
26035,3
85001,3
12769,3
14714,3
42697,3
45768,3
14712,3
52806,3
47215,3
74440,3
73497,3
92962,3
42684,3
92486,3
85041,3
85047,3
74503,3
6809,3
12724,3
42730,3
13905,3
25125,3
25124,3
53239,3
56051,3
14799,3
6793,3
92985,3
53012,3
73449,3
74569,3
26088,3
74581,3
84926,3
25134,3
74545,3
74537,3
25141,3
92988,3
45300,3
25148,3
25149,3
87020,3
85806,3
74515,3
85804,3
14764,3
56059,3
25168,3
51194,3
92987,3
73308,3
93051,3
84752,3
52641,3
7526,3
6701,3
55958,3
45822,3
15101,3
74880,3
73218,3
24784,3
87212,3
13814,3
93098,3
85945,3
74890,3
92243,3
84608,3
74855,3
45218,3
15094,3
13830,3
92273,3
7519,3
13260,3
93091,3
85927,3
85924,3
52982,3
52835,3
84625,3
84627,3
26270,3
45820,3
15120,3
85954,3
12626,3
12519,3
42831,3
12525,3
15142,3
53342,3
6674,3
42837,3
86501,3
74897,3
84537,3
86500,3
92206,3
13295,3
13793,3
13786,3
42829,3
13800,3
26299,3
87234,3
73202,3
84559,3
73208,3
92227,3
84567,3
6687,3
87226,3
87225,3
12544,3
84569,3
42821,3
74904,3
84577,3
45223,3
6711,3
24838,3
51232,3
15015,3
51230,3
26222,3
73287,3
24924,3
74750,3
52989,3
15073,3
73282,3
85898,3
92320,3
52831,3
15045,3
47170,3
7465,3
87144,3
55997,3
7456,3
84715,3
15008,3
74720,3
85888,3
84729,3
92346,3
24960,3
45633,3
12623,3
56002,3
56381,3
13859,3
13862,3
24905,3
52658,3
74774,3
56391,3
42791,3
52650,3
92288,3
52651,3
74815,3
7501,3
15070,3
53319,3
55977,3
42783,3
6712,3
56394,3
93080,3
86532,3
52653,3
84679,3
25750,3
15052,3
73251,3
13252,3
42781,3
15051,3
85917,3
56385,3
84660,3
47388,3
53315,3
92307,3
56382,3
6723,3
53019,3
53204,3
7585,3
6911,3
74008,3
14129,3
6917,3
42524,3
13083,3
7087,3
14124,3
86828,3
73651,3
85361,3
45453,3
14335,3
53130,3
85613,3
42591,3
42531,3
92704,3
85372,3
47303,3
74000,3
56194,3
12954,3
56265,3
85383,3
7068,3
86801,3
25616,3
7062,3
13074,3
7060,3
85388,3
53133,3
25570,3
25862,3
6881,3
74084,3
73619,3
74087,3
47284,3
51071,3
74090,3
85279,3
14371,3
25497,3
86851,3
92648,3
14429,3
86858,3
85657,3
14391,3
74073,3
85633,3
45663,3
25926,3
42601,3
73632,3
86687,3
14385,3
85302,3
92685,3
47300,3
73639,3
52783,3
86694,3
73643,3
7103,3
85390,3
53113,3
53203,3
45419,3
85474,3
13052,3
85459,3
51098,3
7005,3
73797,3
25791,3
12993,3
92768,3
42573,3
73881,3
73789,3
85444,3
73886,3
45420,3
92776,3
85480,3
6974,3
53079,3
45427,3
14217,3
73862,3
56220,3
56225,3
73813,3
85511,3
73819,3
53081,3
14211,3
56233,3
13033,3
14278,3
85548,3
25859,3
47304,3
6950,3
92832,3
25653,3
73742,3
73943,3
73740,3
85570,3
14171,3
53109,3
92729,3
56258,3
85402,3
42542,3
25634,3
51113,3
56205,3
14287,3
25656,3
86781,3
73917,3
47306,3
14283,3
25813,3
51110,3
73904,3
25682,3
73765,3
7025,3
12987,3
42576,3
45673,3
14431,3
42508,3
86862,3
25359,3
74286,3
13991,3
47246,3
74294,3
85124,3
74301,3
26002,3
85747,3
47355,3
73525,3
14584,3
73524,3
14585,3
45331,3
25369,3
74266,3
85741,3
14565,3
56308,3
85133,3
25997,3
92565,3
45349,3
85155,3
14539,3
86634,3
92933,3
25982,3
85158,3
74258,3
86918,3
14603,3
42663,3
25485,3
25277,3
85785,3
13176,3
53198,3
53200,3
92959,3
52709,3
52708,3
92536,3
6826,3
14666,3
47219,3
74408,3
74409,3
25258,3
74348,3
86959,3
86619,3
73504,3
74336,3
14624,3
14610,3
85091,3
92533,3
13967,3
13976,3
85092,3
85094,3
56310,3
85096,3
92952,3
73513,3
86917,3
7228,3
51157,3
74183,3
13119,3
56289,3
52791,3
14053,3
92623,3
25442,3
73586,3
92931,3
92614,3
85689,3
85691,3
7182,3
85701,3
85207,3
14453,3
25444,3
45462,3
12896,3
12898,3
74165,3
74164,3
25955,3
74157,3
25460,3
85242,3
86867,3
85658,3
42622,3
14438,3
25942,3
25484,3
12869,3
86655,3
73571,3
56145,3
53032,3
12850,3
74248,3
45733,3
85725,3
56142,3
92579,3
87613,3
51155,3
86909,3
42498,3
51153,3
85167,3
42641,3
85711,3
74197,3
25409,3
47256,3
45732,3
74219,3
73559,3
86649,3
51149,3
74205,3
85195,3
86895,3
25426,3
45358,3
25430,3
12867,3
85976,3
85533,3
87249,3
51313,3
75386,3
93258,3
75385,3
45910,3
75379,3
15539,3
52922,3
26579,3
72908,3
50981,3
47428,3
75348,3
84162,3
24356,3
42934,3
86170,3
87461,3
26575,3
55830,3
26574,3
13384,3
24375,3
87452,3
6560,3
15171,3
45904,3
26538,3
45903,3
84197,3
45138,3
24323,3
86186,3
86202,3
91953,3
86215,3
45573,3
51337,3
47436,3
15584,3
84103,3
26598,3
52911,3
91961,3
53435,3
24282,3
24283,3
12250,3
56493,3
75424,3
13544,3
86192,3
55809,3
51330,3
12259,3
87493,3
6530,3
45565,3
91981,3
7850,3
75401,3
12262,3
12299,3
7768,3
24443,3
53419,3
42924,3
45161,3
13610,3
13356,3
13617,3
24403,3
42397,3
47117,3
13353,3
24416,3
87403,3
15440,3
86085,3
84265,3
15435,3
75236,3
75234,3
86434,3
92070,3
75232,3
45163,3
6584,3
73021,3
45168,3
6588,3
42917,3
26454,3
87393,3
12350,3
53405,3
6578,3
47116,3
51312,3
84204,3
93237,3
13586,3
86405,3
84207,3
26522,3
12304,3
93232,3
93227,3
86141,3
26509,3
15465,3
26505,3
47112,3
84245,3
75302,3
75301,3
92043,3
15464,3
13592,3
42394,3
75290,3
86411,3
13594,3
93213,3
84224,3
87417,3
26471,3
47084,3
7894,3
91950,3
12239,3
24120,3
93328,3
86284,3
26659,3
75603,3
93326,3
15797,3
15796,3
72814,3
26653,3
24127,3
75595,3
24136,3
87577,3
26652,3
24138,3
53474,3
86279,3
55764,3
91871,3
75585,3
56508,3
87570,3
83961,3
24140,3
93313,3
72837,3
86329,3
52879,3
91855,3
93329,3
13473,3
87601,3
87608,3
75700,3
87606,3
87605,3
13465,3
55731,3
8020,3
83903,3
45958,3
24042,3
86294,3
75687,3
55733,3
83909,3
13442,3
24055,3
26665,3
13470,3
24072,3
26661,3
75650,3
26660,3
75649,3
75645,3
15805,3
13443,3
75633,3
53476,3
15763,3
87563,3
72842,3
52908,3
15644,3
87532,3
87531,3
47080,3
15623,3
52906,3
24215,3
91924,3
91926,3
52552,3
93279,3
7920,3
47083,3
86218,3
52903,3
75474,3
56494,3
24244,3
72889,3
75471,3
15621,3
86366,3
7904,3
52873,3
87515,3
12233,3
84088,3
6520,3
86249,3
84015,3
13476,3
56503,3
26640,3
24161,3
13480,3
7973,3
75565,3
86263,3
15755,3
83972,3
47074,3
42976,3
83973,3
75560,3
45100,3
72860,3
55787,3
52902,3
53459,3
86345,3
7965,3
84001,3
7963,3
7961,3
75553,3
42968,3
6500,3
75531,3
91906,3
56500,3
42913,3
13373,3
86072,3
26416,3
7639,3
13693,3
53388,3
73132,3
75006,3
24497,3
84487,3
12452,3
13703,3
50998,3
86073,3
84452,3
42891,3
55883,3
93148,3
84308,3
15293,3
56414,3
15203,3
84395,3
92182,3
24635,3
7615,3
73072,3
56419,3
24668,3
84489,3
86485,3
45870,3
47414,3
47411,3
93175,3
73148,3
12484,3
75029,3
87290,3
92175,3
84314,3
52959,3
24521,3
13676,3
45203,3
75129,3
6621,3
26394,3
7627,3
15346,3
12464,3
84353,3
52962,3
84362,3
24535,3
73119,3
42419,3
92169,3
12462,3
50999,3
6619,3
15302,3
15318,3
92172,3
73084,3
6612,3
42844,3
75139,3
15206,3
52942,3
84338,3
86054,3
13754,3
12468,3
84341,3
73121,3
24569,3
75170,3
51004,3
84501,3
24461,3
24675,3
47415,3
84520,3
84521,3
15251,3
73170,3
12440,3
87310,3
93132,3
12438,3
26435,3
74985,3
73045,3
12500,3
75068,3
92146,3
24592,3
74993,3
24464,3
12360,3
7599,3
87264,3
15255,3
53368,3
73142,3
87323,3
47147,3
13725,3
26451,3
84444,3
73029,3
53370,3
15418,3
7692,3
86441,3
75172,3
56442,3
55934,3
42401,3
15196,3
52859,3
87300,3
24597,3
45173,3
7655,3
10258,2
18479,2
19483,2
85618,2
13097,2
52952,2
34278,2
14074,2
18510,2
60071,2
34279,2
18467,2
19079,2
81308,2
99946,2
34229,2
54326,2
39035,2
39199,2
97044,2
81344,2
86353,2
2879,2
2384,2
86262,2
65521,2
60087,2
80264,2
54150,2
14106,2
354,2
58497,2
52135,2
2868,2
38784,2
52137,2
49911,2
88940,2
19498,2
33673,2
34244,2
80668,2
38338,2
13109,2
2867,2
34241,2
64937,2
49,2
58531,2
18963,2
14089,2
86346,2
34234,2
80284,2
13488,2
13418,2
13824,2
89240,2
85625,2
40302,2
14102,2
49192,2
54419,2
38343,2
45,2
88946,2
38328,2
19497,2
89239,2
52981,2
97522,2
38986,2
97263,2
86567,2
38291,2
60350,2
86729,2
65952,2
10214,2
97219,2
13054,2
59768,2
97232,2
387,2
64813,2
19638,2
33188,2
89548,2
60827,2
80760,2
60022,2
10969,2
80150,2
60028,2
60825,2
19051,2
383,2
45440,2
99828,2
46350,2
96993,2
52037,2
60823,2
38238,2
39092,2
44420,2
58366,2
39330,2
39099,2
44424,2
10520,2
2327,2
85981,2
48439,2
13762,2
97225,2
53080,2
39328,2
86732,2
60843,2
54123,2
80728,2
33155,2
5,2
39094,2
60341,2
80743,2
13467,2
18349,2
46473,2
48551,2
89554,2
18355,2
58524,2
97584,2
86697,2
40432,2
60801,2
52880,2
99977,2
54138,2
99808,2
45449,2
80776,2
60392,2
52970,2
39068,2
89249,2
374,2
10938,2
48455,2
54301,2
86278,2
65900,2
19559,2
54435,2
13808,2
33242,2
80228,2
10562,2
38771,2
14123,2
2670,2
59987,2
81391,2
52040,2
40569,2
33750,2
10537,2
85562,2
18994,2
2351,2
53069,2
34338,2
18385,2
85989,2
10961,2
10960,2
81414,2
60819,2
10957,2
13807,2
14153,2
58527,2
85579,2
33222,2
81400,2
58686,2
10952,2
99831,2
53063,2
13756,2
45578,2
60807,2
46454,2
14018,2
97196,2
33860,2
13937,2
13935,2
81117,2
19351,2
33435,2
45634,2
52106,2
54216,2
86139,2
86138,2
46500,2
65710,2
46408,2
2610,2
96,2
10722,2
2795,2
38643,2
86078,2
38532,2
52993,2
13921,2
65706,2
45481,2
10713,2
34009,2
81066,2
89171,2
60548,2
19363,2
2505,2
65090,2
58474,2
280,2
39188,2
97099,2
277,2
49872,2
81158,2
19378,2
97317,2
40407,2
46441,2
40350,2
97106,2
58437,2
81144,2
33559,2
58611,2
86404,2
10775,2
44207,2
97418,2
18675,2
38654,2
13663,2
65132,2
33448,2
60199,2
34211,2
59924,2
2591,2
60216,2
65222,2
60467,2
13653,2
54368,2
65231,2
2568,2
89146,2
65288,2
52823,2
18789,2
60490,2
40387,2
246,2
59866,2
80515,2
45491,2
65264,2
80519,2
48404,2
86082,2
10662,2
54370,2
60231,2
19263,2
13345,2
19303,2
65218,2
80498,2
10707,2
52933,2
13915,2
18735,2
60454,2
97388,2
13911,2
81059,2
58581,2
33864,2
39226,2
18737,2
80962,2
39182,2
259,2
19239,2
13202,2
13896,2
65196,2
18820,2
80972,2
40372,2
86094,2
2784,2
80496,2
85839,2
97153,2
44373,2
89027,2
65746,2
13570,2
99780,2
44221,2
14007,2
86642,2
19153,2
80869,2
52945,2
65010,2
13146,2
60622,2
54179,2
81253,2
49218,2
65550,2
65556,2
13850,2
99682,2
54349,2
97293,2
86542,2
65023,2
60149,2
60152,2
19171,2
80886,2
2836,2
34155,2
49213,2
38694,2
86650,2
59811,2
99943,2
13412,2
18511,2
86017,2
18517,2
2848,2
58415,2
58657,2
85681,2
48537,2
18519,2
14047,2
38976,2
89369,2
39139,2
58650,2
18540,2
85922,2
52854,2
86531,2
38787,2
19469,2
13139,2
33791,2
14028,2
85708,2
13323,2
44160,2
34146,2
81197,2
40541,2
49124,2
52990,2
2738,2
65776,2
33849,2
33372,2
85772,2
58550,2
97452,2
80382,2
18614,2
80914,2
85760,2
13953,2
49185,2
44167,2
33383,2
97088,2
89180,2
19404,2
19186,2
13376,2
52866,2
60178,2
10356,2
39191,2
89007,2
49122,2
59831,2
13324,2
19459,2
38461,2
80606,2
80355,2
44289,2
33837,2
13547,2
99914,2
33344,2
59888,2
299,2
13564,2
85749,2
89001,2
46480,2
59959,2
89004,2
59958,2
40543,2
99909,2
2481,2
18873,2
65060,2
65061,2
85892,2
85918,2
83889,2
14199,2
44895,2
11789,2
83115,2
59141,2
11793,2
12398,2
15336,2
98420,2
39905,2
913,2
916,2
919,2
36010,2
921,2
15359,2
84335,2
87361,2
45181,2
63127,2
37135,2
16567,2
83172,2
37179,2
15328,2
83114,2
83085,2
87305,2
44869,2
16659,2
867,2
53367,2
37229,2
99037,2
84405,2
16629,2
16623,2
59137,2
12418,2
88015,2
88011,2
48750,2
12414,2
37192,2
63186,2
35965,2
45876,2
98438,2
83177,2
53409,2
87965,2
16462,2
63019,2
11846,2
36147,2
62068,2
84276,2
84271,2
53624,2
83301,2
98494,2
37083,2
16420,2
49608,2
62077,2
96966,2
11864,2
15449,2
52582,2
62978,2
1427,2
87412,2
63027,2
15425,2
98974,2
98457,2
83187,2
62024,2
15407,2
36058,2
44898,2
83199,2
16517,2
53389,2
63083,2
36074,2
63043,2
15413,2
45174,2
44902,2
87382,2
12354,2
98982,2
1456,2
36091,2
12352,2
15244,2
49454,2
61897,2
99058,2
49421,2
59533,2
63431,2
37370,2
48968,2
61749,2
35719,2
16840,2
63425,2
11633,2
87213,2
61753,2
61754,2
63415,2
82861,2
1640,2
49659,2
12553,2
16821,2
59521,2
63394,2
84606,2
88163,2
61730,2
82799,2
46124,2
63537,2
35595,2
15061,2
11569,2
16932,2
61689,2
53326,2
63495,2
63481,2
98260,2
88187,2
46110,2
61699,2
11602,2
15090,2
11603,2
37406,2
16861,2
37394,2
35764,2
98293,2
99124,2
83002,2
1586,2
88082,2
44859,2
16725,2
88073,2
11704,2
839,2
35860,2
84482,2
63277,2
88106,2
84473,2
16689,2
63265,2
857,2
63259,2
862,2
84448,2
63252,2
87298,2
61844,2
61819,2
82882,2
59078,2
11650,2
61785,2
63366,2
37345,2
63365,2
84552,2
61797,2
84549,2
98304,2
35799,2
63329,2
63351,2
11653,2
88125,2
82903,2
61816,2
88118,2
82916,2
61817,2
82928,2
84240,2
62971,2
408,2
83731,2
83993,2
62682,2
12026,2
83662,2
16052,2
87552,2
53536,2
15745,2
83690,2
87707,2
87704,2
83703,2
36512,2
48837,2
83967,2
12051,2
83710,2
15762,2
98696,2
36528,2
36537,2
83660,2
62685,2
48819,2
62329,2
12216,2
84067,2
87526,2
59386,2
36851,2
16103,2
98850,2
83626,2
87744,2
84043,2
62687,2
15684,2
36841,2
15692,2
62347,2
59267,2
1281,2
15707,2
12190,2
1272,2
12058,2
45995,2
49602,2
15764,2
53478,2
48860,2
15879,2
45955,2
53485,2
62526,2
52515,2
36639,2
98791,2
48856,2
1174,2
62459,2
48857,2
62460,2
49523,2
49522,2
36647,2
36648,2
1144,2
87604,2
53487,2
83855,2
1184,2
15898,2
62586,2
36540,2
62379,2
59301,2
36793,2
39777,2
15979,2
15783,2
15786,2
62590,2
36574,2
83827,2
12086,2
15946,2
83780,2
83794,2
36748,2
1121,2
36736,2
83935,2
62538,2
53550,2
36884,2
15622,2
87768,2
15477,2
11913,2
36234,2
16328,2
87855,2
16323,2
83409,2
15496,2
59214,2
44943,2
15499,2
62878,2
87846,2
84187,2
87454,2
11927,2
15504,2
15505,2
59218,2
15509,2
52453,2
49590,2
44937,2
98542,2
59202,2
83339,2
84223,2
83342,2
53412,2
48785,2
83343,2
62954,2
62117,2
83349,2
62935,2
36221,2
62929,2
62119,2
62122,2
12317,2
46049,2
83367,2
12314,2
16357,2
37019,2
11934,2
62859,2
39834,2
87506,2
1041,2
12255,2
36363,2
15575,2
87501,2
62257,2
48801,2
16180,2
36905,2
53436,2
15566,2
62272,2
39806,2
87519,2
98861,2
16145,2
16127,2
98631,2
62744,2
52477,2
1328,2
1038,2
16269,2
62210,2
83450,2
12285,2
59413,2
87469,2
87470,2
36309,2
15520,2
36318,2
16234,2
46037,2
62795,2
98899,2
45135,2
15560,2
84122,2
12265,2
87489,2
39688,2
83504,2
87807,2
1697,2
84654,2
59031,2
88615,2
2141,2
97800,2
17865,2
521,2
2138,2
97805,2
97806,2
38027,2
17855,2
45726,2
44577,2
64345,2
85241,2
49336,2
53982,2
61103,2
52232,2
40190,2
34867,2
17810,2
17800,2
97792,2
49776,2
61068,2
2176,2
81839,2
49329,2
97769,2
64419,2
34790,2
88674,2
34791,2
99475,2
61039,2
64413,2
85259,2
12920,2
49782,2
81865,2
48595,2
81881,2
99468,2
14394,2
45714,2
85272,2
64324,2
45364,2
63547,2
99437,2
44597,2
97870,2
88584,2
46246,2
14531,2
86916,2
37924,2
46245,2
82075,2
562,2
64211,2
34992,2
99400,2
85144,2
64202,2
567,2
82095,2
37887,2
11253,2
61222,2
46238,2
11229,2
34955,2
34953,2
85205,2
34896,2
81994,2
59697,2
14484,2
64302,2
37980,2
64301,2
34912,2
17766,2
39392,2
86901,2
45361,2
34934,2
12862,2
17750,2
39401,2
40174,2
61154,2
64261,2
53968,2
11133,2
85308,2
88688,2
64443,2
48558,2
86774,2
97662,2
60930,2
38148,2
40256,2
97666,2
18148,2
2270,2
85437,2
60935,2
38138,2
14280,2
2264,2
14286,2
40252,2
97677,2
97678,2
81679,2
49314,2
34541,2
14277,2
18192,2
97650,2
49819,2
38190,2
53087,2
52768,2
44450,2
81497,2
38185,2
18286,2
38181,2
18282,2
45689,2
60923,2
64738,2
85466,2
11023,2
11027,2
38163,2
18244,2
58733,2
81559,2
13005,2
18100,2
34558,2
18099,2
49789,2
44532,2
17992,2
61009,2
34703,2
99499,2
81799,2
44534,2
85363,2
86812,2
12948,2
14319,2
97746,2
45704,2
14354,2
2198,2
64465,2
64449,2
53139,2
97755,2
99481,2
11105,2
468,2
88761,2
86789,2
81690,2
45410,2
18095,2
12975,2
49805,2
60962,2
34596,2
11081,2
81721,2
14297,2
34643,2
18056,2
60983,2
11085,2
99513,2
44526,2
45703,2
99508,2
18037,2
53116,2
2043,2
45337,2
37875,2
46182,2
17219,2
44718,2
44728,2
40038,2
37577,2
87088,2
12659,2
82585,2
35406,2
14928,2
40035,2
63753,2
99242,2
82610,2
12638,2
46148,2
35430,2
84778,2
84776,2
11503,2
45263,2
48661,2
14882,2
11448,2
82502,2
82476,2
14832,2
1881,2
48654,2
84895,2
681,2
98068,2
17259,2
11438,2
63859,2
82528,2
82503,2
82512,2
14833,2
58959,2
84884,2
11445,2
63837,2
39502,2
1844,2
98138,2
63712,2
99229,2
1725,2
37481,2
87150,2
46132,2
49406,2
12605,2
17002,2
45234,2
35541,2
84675,2
16981,2
12610,2
12587,2
16969,2
63561,2
16962,2
63559,2
35577,2
39525,2
1702,2
63548,2
87149,2
63623,2
82622,2
44765,2
99226,2
59579,2
82633,2
84756,2
61575,2
99220,2
35477,2
82652,2
48993,2
82679,2
53302,2
53288,2
98160,2
84740,2
82688,2
12617,2
15012,2
12616,2
35511,2
40018,2
45784,2
12711,2
85115,2
14828,2
97940,2
99349,2
61328,2
82241,2
12798,2
61338,2
1978,2
64048,2
53214,2
1972,2
45765,2
37756,2
97972,2
64029,2
12789,2
14704,2
44662,2
85002,2
40107,2
44663,2
17485,2
45326,2
97938,2
64103,2
64141,2
64162,2
86940,2
45739,2
97913,2
48628,2
37842,2
17615,2
85097,2
46225,2
86949,2
59645,2
64139,2
64136,2
17590,2
88526,2
17570,2
11302,2
12811,2
37809,2
14626,2
35184,2
17480,2
37735,2
45294,2
53854,2
35265,2
12739,2
61433,2
82425,2
37669,2
49377,2
17331,2
82450,2
53844,2
14777,2
11418,2
84927,2
37656,2
49715,2
88384,2
63885,2
61458,2
17310,2
98055,2
39478,2
1899,2
58913,2
82378,2
1946,2
37729,2
35213,2
99320,2
58916,2
37724,2
1932,2
98008,2
45303,2
53231,2
40082,2
45302,2
98014,2
49030,2
14765,2
11382,2
63945,2
63942,2
14767,2
53859,2
26678,2
20375,2
80105,2
47851,2
29680,2
75951,2
23821,2
55661,2
94957,2
47026,2
43093,2
8183,2
4881,2
69660,2
69653,2
94977,2
4856,2
76023,2
95027,2
23762,2
69637,2
91625,2
41540,2
23746,2
95004,2
29787,2
76090,2
91603,2
76106,2
29818,2
29827,2
55618,2
75924,2
23855,2
4925,2
29664,2
94861,2
69829,2
55698,2
94869,2
29573,2
91753,2
94879,2
4972,2
91738,2
8113,2
29606,2
69773,2
23907,2
75874,2
23900,2
75878,2
69759,2
41573,2
41572,2
4944,2
69744,2
41566,2
75905,2
29656,2
41563,2
4927,2
69724,2
69547,2
4807,2
29550,2
4705,2
69344,2
50489,2
30034,2
91493,2
23520,2
23517,2
50488,2
55575,2
57452,2
50486,2
55571,2
76326,2
76329,2
51454,2
69499,2
69319,2
91474,2
69299,2
69288,2
69286,2
46992,2
23465,2
95160,2
55565,2
50475,2
23433,2
69236,2
50469,2
41437,2
30026,2
23541,2
30002,2
91569,2
23642,2
51422,2
95049,2
23639,2
76169,2
76171,2
23636,2
76190,2
41470,2
23594,2
43151,2
69434,2
23592,2
69424,2
4769,2
23588,2
4764,2
8330,2
4759,2
47012,2
4755,2
29981,2
91525,2
8340,2
76253,2
69374,2
47827,2
94855,2
69225,2
75397,2
50625,2
75315,2
70237,2
57201,2
47765,2
7784,2
29209,2
29227,2
42943,2
70203,2
70201,2
41669,2
29243,2
94653,2
94698,2
75410,2
29254,2
5200,2
75444,2
70164,2
70159,2
29268,2
94680,2
55802,2
75460,2
75464,2
29288,2
70126,2
5246,2
75308,2
70252,2
29183,2
75220,2
94553,2
24434,2
75228,2
41721,2
70349,2
50636,2
47756,2
41717,2
75242,2
24407,2
5278,2
7745,2
42925,2
75273,2
29129,2
55844,2
5262,2
41704,2
29152,2
70276,2
5253,2
24382,2
7763,2
42929,2
75305,2
55838,2
5152,2
94703,2
4995,2
69902,2
29439,2
94793,2
57288,2
47052,2
5065,2
29467,2
91820,2
75704,2
29480,2
75716,2
94813,2
24008,2
8034,2
8041,2
70104,2
69893,2
29498,2
5038,2
29517,2
75756,2
69874,2
23979,2
94838,2
23974,2
75777,2
69847,2
94849,2
8080,2
75662,2
5083,2
24093,2
69987,2
24211,2
75501,2
24206,2
57251,2
75512,2
75522,2
94715,2
7946,2
5133,2
57259,2
42973,2
29353,2
57261,2
70043,2
55768,2
91878,2
41630,2
5104,2
7987,2
29407,2
51357,2
69998,2
69995,2
94768,2
24122,2
75623,2
50572,2
91435,2
91433,2
68178,2
30733,2
68576,2
68575,2
77263,2
4269,2
46863,2
22627,2
68555,2
30722,2
30724,2
77278,2
50386,2
8807,2
55303,2
4253,2
51580,2
43367,2
22568,2
22566,2
30773,2
30776,2
30781,2
22559,2
57689,2
77330,2
4225,2
68464,2
30798,2
30799,2
68580,2
68582,2
43334,2
68601,2
55366,2
68689,2
77092,2
8723,2
68676,2
95482,2
41243,2
22771,2
4341,2
30645,2
22768,2
68659,2
95497,2
77111,2
8736,2
8737,2
91089,2
57659,2
22730,2
30668,2
30671,2
8759,2
68620,2
91063,2
8775,2
77215,2
50395,2
4217,2
68443,2
43295,2
68230,2
68305,2
77495,2
48021,2
77500,2
55225,2
43455,2
4114,2
30989,2
8941,2
22272,2
68237,2
77592,2
8949,2
55200,2
22537,2
57760,2
31024,2
90858,2
31028,2
4081,2
8958,2
31035,2
51617,2
22220,2
77625,2
22207,2
77650,2
77653,2
30946,2
43426,2
57735,2
55239,2
4211,2
22529,2
22526,2
77363,2
90968,2
4198,2
43385,2
51585,2
22492,2
8866,2
30879,2
8868,2
57717,2
4173,2
43401,2
4171,2
77425,2
50350,2
68364,2
4165,2
68359,2
22453,2
8888,2
30913,2
90926,2
4153,2
90917,2
68695,2
30611,2
30126,2
57513,2
91358,2
41372,2
91357,2
8503,2
4578,2
23282,2
76579,2
23273,2
43216,2
55500,2
43218,2
23253,2
4567,2
57517,2
76714,2
30277,2
30279,2
47908,2
69059,2
76646,2
43231,2
4545,2
23178,2
30321,2
76693,2
95304,2
30354,2
91295,2
57503,2
30238,2
43210,2
57498,2
8443,2
30132,2
46980,2
69217,2
76405,2
8451,2
76408,2
91417,2
23411,2
41403,2
30164,2
91403,2
91401,2
4631,2
46972,2
47894,2
57489,2
47897,2
23395,2
4611,2
30196,2
95230,2
23380,2
91377,2
23324,2
30218,2
23312,2
68978,2
23147,2
95465,2
41262,2
4462,2
23020,2
91191,2
91189,2
47923,2
91183,2
22985,2
95416,2
22983,2
22973,2
30545,2
55415,2
91173,2
91169,2
95323,2
41260,2
30572,2
47927,2
41257,2
68748,2
30575,2
76974,2
91143,2
41255,2
77002,2
68719,2
91134,2
77035,2
23042,2
55428,2
76836,2
4471,2
68950,2
76735,2
57561,2
76752,2
23124,2
91261,2
95341,2
8594,2
4497,2
8600,2
8603,2
91244,2
91243,2
4487,2
95356,2
91240,2
8606,2
76812,2
76813,2
4481,2
55436,2
8630,2
30449,2
95373,2
68880,2
76830,2
68878,2
70372,2
24451,2
55865,2
93773,2
42495,2
71973,2
93751,2
42499,2
27517,2
6862,2
73565,2
73569,2
25970,2
93765,2
42504,2
71933,2
71929,2
56287,2
25903,2
56767,2
73601,2
92900,2
92894,2
93789,2
93792,2
56275,2
27577,2
25912,2
73640,2
71885,2
6895,2
73645,2
6851,2
71993,2
93733,2
72007,2
72142,2
72134,2
72133,2
73391,2
42156,2
27369,2
73422,2
6788,2
56333,2
56330,2
72095,2
26076,2
92990,2
42137,2
26069,2
6814,2
73463,2
26063,2
50860,2
27452,2
42118,2
6825,2
6828,2
93715,2
42117,2
27474,2
72019,2
73646,2
93812,2
93021,2
71637,2
93883,2
6999,2
56810,2
27779,2
93889,2
25703,2
73878,2
56818,2
25697,2
7018,2
73892,2
93913,2
7033,2
93922,2
92866,2
47602,2
5845,2
50811,2
71601,2
71593,2
25637,2
73960,2
25632,2
56199,2
25620,2
42013,2
73986,2
42590,2
71725,2
93877,2
6994,2
51095,2
42532,2
73693,2
92847,2
5923,2
6933,2
71812,2
42072,2
71804,2
92827,2
56250,2
25810,2
6960,2
27699,2
73768,2
71782,2
56247,2
6965,2
25782,2
6977,2
42552,2
27723,2
5881,2
73824,2
25742,2
50830,2
93872,2
25738,2
6091,2
56363,2
41723,2
42377,2
93270,2
6345,2
26597,2
50978,2
6343,2
56572,2
26819,2
72900,2
26828,2
26580,2
26859,2
93446,2
72573,2
26542,2
6589,2
26540,2
56474,2
26939,2
72981,2
42388,2
72985,2
72519,2
73008,2
72512,2
56597,2
72501,2
72494,2
72480,2
26796,2
93416,2
42304,2
56497,2
26673,2
6431,2
56521,2
72798,2
72767,2
47462,2
93356,2
72756,2
72752,2
6453,2
42332,2
72841,2
72734,2
93377,2
6475,2
72850,2
6481,2
42325,2
72854,2
26616,2
72704,2
6495,2
93289,2
42360,2
72871,2
72678,2
6359,2
72477,2
56448,2
93033,2
72226,2
26290,2
42204,2
72262,2
6696,2
51013,2
50895,2
26289,2
26287,2
56396,2
50891,2
73230,2
50890,2
47522,2
73253,2
6602,2
26237,2
6137,2
93619,2
73279,2
56686,2
27308,2
27309,2
6728,2
26207,2
47385,2
6753,2
51033,2
26171,2
93579,2
73214,2
6171,2
73193,2
72442,2
93177,2
6609,2
42242,2
26410,2
27087,2
27118,2
27133,2
72370,2
42226,2
73138,2
93136,2
73147,2
51008,2
73155,2
47514,2
26339,2
72320,2
26331,2
73169,2
73173,2
93117,2
27193,2
26314,2
42213,2
73188,2
26312,2
25593,2
92706,2
56190,2
74906,2
70788,2
50690,2
47719,2
94372,2
42813,2
92258,2
28636,2
47165,2
74888,2
41797,2
92242,2
92241,2
70729,2
28676,2
55939,2
70715,2
57105,2
57106,2
74914,2
50677,2
24758,2
5413,2
47161,2
7559,2
28723,2
24743,2
42833,2
51257,2
7518,2
70797,2
24837,2
74827,2
5508,2
94280,2
41857,2
24979,2
57032,2
28451,2
74711,2
28470,2
47175,2
70916,2
28492,2
28499,2
24936,2
74746,2
70891,2
94316,2
74755,2
70877,2
41833,2
47171,2
74771,2
47703,2
51239,2
7491,2
57064,2
92300,2
92295,2
74944,2
55936,2
27892,2
28976,2
70478,2
70476,2
24554,2
28945,2
28946,2
24552,2
28952,2
70460,2
28960,2
7666,2
47132,2
28968,2
47129,2
57166,2
7586,2
70430,2
47128,2
70427,2
94522,2
70423,2
24508,2
28990,2
75146,2
55875,2
94538,2
42898,2
55867,2
24469,2
24562,2
47744,2
7659,2
92133,2
70663,2
74979,2
74991,2
28765,2
28785,2
28790,2
28792,2
92179,2
28819,2
7623,2
94454,2
5362,2
51266,2
24656,2
24636,2
28845,2
94464,2
28873,2
41756,2
24631,2
42861,2
70541,2
28905,2
75074,2
75079,2
47741,2
50652,2
28425,2
70969,2
94274,2
28069,2
94049,2
7197,2
28016,2
42638,2
94059,2
74227,2
7215,2
28042,2
94074,2
74249,2
47250,2
74254,2
56910,2
7236,2
57025,2
92567,2
25387,2
71336,2
71335,2
94091,2
28092,2
47647,2
28099,2
92562,2
25366,2
74303,2
47243,2
92544,2
47636,2
42637,2
7181,2
71433,2
71536,2
27897,2
74018,2
25572,2
42009,2
25565,2
92688,2
42001,2
92683,2
25554,2
25538,2
47289,2
41994,2
5772,2
27940,2
25494,2
42620,2
50781,2
94016,2
25474,2
56159,2
71459,2
5752,2
27981,2
94028,2
27985,2
74170,2
25331,2
47232,2
92534,2
42726,2
50723,2
71086,2
71085,2
7373,2
25098,2
74595,2
25081,2
74619,2
28359,2
50715,2
57002,2
74624,2
7393,2
5538,2
25063,2
56034,2
71022,2
74636,2
5530,2
57009,2
92379,2
74657,2
41877,2
57014,2
41873,2
28414,2
94272,2
71090,2
7357,2
5656,2
51197,2
92527,2
74339,2
74341,2
56112,2
56942,2
74368,2
25275,2
25265,2
47218,2
42680,2
47216,2
94153,2
56946,2
7298,2
56952,2
74456,2
25215,2
71200,2
28216,2
41919,2
25193,2
42706,2
71166,2
41909,2
25171,2
25169,2
56969,2
50309,2
43167,2
31064,2
3506,2
32058,2
3526,2
78741,2
3523,2
54856,2
90266,2
21061,2
32075,2
67142,2
46692,2
3503,2
21221,2
58056,2
90242,2
54834,2
20963,2
78824,2
20959,2
54830,2
3489,2
78836,2
51783,2
3529,2
43753,2
78732,2
54864,2
21198,2
43721,2
21184,2
46715,2
31951,2
67260,2
54887,2
67247,2
31966,2
67235,2
67234,2
31971,2
43733,2
90315,2
3570,2
78680,2
9498,2
43750,2
67196,2
78720,2
40887,2
3474,2
43782,2
67059,2
90151,2
58108,2
32255,2
9691,2
20763,2
46659,2
78999,2
50147,2
51806,2
66926,2
9706,2
32300,2
32309,2
32311,2
40809,2
48234,2
79031,2
79032,2
90108,2
40804,2
79041,2
20719,2
90150,2
96397,2
96343,2
32236,2
96345,2
40869,2
20897,2
20891,2
78885,2
9625,2
20855,2
43793,2
32184,2
78920,2
78921,2
20847,2
20845,2
32200,2
66999,2
32209,2
32219,2
9654,2
32226,2
78957,2
9674,2
58019,2
90350,2
90097,2
67549,2
67588,2
57936,2
54991,2
78301,2
78306,2
31668,2
9318,2
48135,2
50231,2
31692,2
96078,2
78589,2
96079,2
67548,2
50225,2
78360,2
21450,2
90484,2
9352,2
96094,2
9354,2
67522,2
67600,2
90524,2
9296,2
54995,2
67688,2
78219,2
90564,2
31553,2
55009,2
78226,2
90559,2
78238,2
96021,2
31571,2
90551,2
67657,2
67656,2
21563,2
3781,2
96032,2
78258,2
21542,2
9294,2
31612,2
31613,2
3735,2
21420,2
67509,2
90419,2
67406,2
21327,2
3668,2
51729,2
46734,2
78497,2
96167,2
40928,2
90404,2
21307,2
21306,2
21301,2
31872,2
78536,2
9431,2
9432,2
78548,2
43716,2
78568,2
67326,2
9449,2
48168,2
21333,2
78391,2
43697,2
67502,2
90468,2
9365,2
31722,2
90454,2
3713,2
67481,2
31755,2
67466,2
50217,2
67463,2
31765,2
90439,2
54943,2
90436,2
96136,2
78447,2
21356,2
3694,2
67430,2
46739,2
20715,2
32344,2
55011,2
43975,2
20181,2
40667,2
46581,2
66354,2
20147,2
40664,2
66346,2
96782,2
66332,2
66331,2
3093,2
66482,2
43983,2
43998,2
96807,2
96810,2
20033,2
54565,2
51922,2
79772,2
20016,2
3075,2
89781,2
32793,2
20201,2
43950,2
79508,2
89842,2
89836,2
96718,2
58250,2
3155,2
54626,2
20260,2
79566,2
79568,2
79570,2
79578,2
58256,2
79583,2
48315,2
20242,2
3143,2
66408,2
43947,2
32771,2
58265,2
89699,2
79790,2
54558,2
66096,2
79992,2
60003,2
80002,2
80019,2
33111,2
80040,2
33112,2
10178,2
33118,2
19740,2
66033,2
66030,2
54480,2
2957,2
80051,2
33125,2
54475,2
33141,2
80092,2
19677,2
33144,2
96920,2
66098,2
44013,2
66099,2
54553,2
19983,2
96844,2
58315,2
19958,2
66178,2
44041,2
96870,2
50025,2
54513,2
66158,2
19880,2
19859,2
96895,2
48355,2
66123,2
3002,2
96908,2
66106,2
58343,2
19821,2
96706,2
66491,2
20709,2
32470,2
51838,2
96517,2
54731,2
32458,2
90022,2
20628,2
20627,2
32466,2
48255,2
3303,2
79188,2
79460,2
79195,2
96543,2
96546,2
79202,2
20591,2
20580,2
32477,2
79211,2
32492,2
66703,2
79142,2
20656,2
43851,2
32434,2
9748,2
54762,2
32375,2
66857,2
51819,2
79076,2
90078,2
54759,2
9759,2
32397,2
79087,2
20682,2
66817,2
3347,2
58147,2
66815,2
3341,2
90060,2
20676,2
79116,2
40789,2
3291,2
3283,2
40756,2
40724,2
48293,2
79391,2
3216,2
32630,2
96653,2
3211,2
3206,2
66536,2
20383,2
3197,2
79431,2
20378,2
58226,2
79436,2
96672,2
9940,2
96675,2
54653,2
79449,2
96680,2
79453,2
66578,2
58211,2
3282,2
40728,2
79239,2
32521,2
51859,2
79276,2
3261,2
32536,2
43878,2
96602,2
58193,2
20501,2
20500,2
79289,2
54692,2
20490,2
3246,2
20476,2
32582,2
32587,2
96627,2
79324,2
20470,2
3806,2
32222,2
31542,2
21797,2
41052,2
46786,2
90659,2
3905,2
43577,2
67876,2
77975,2
55091,2
77959,2
3924,2
90696,2
57830,2
31291,2
9139,2
3939,2
3945,2
77889,2
95870,2
21936,2
78041,2
95931,2
31250,2
9192,2
51683,2
48116,2
78127,2
9216,2
31473,2
51674,2
90615,2
57869,2
50258,2
21749,2
55048,2
67797,2
67821,2
31420,2
21782,2
55065,2
31393,2
43603,2
31381,2
21949,2
43541,2
67744,2
31148,2
31147,2
68087,2
22096,2
68104,2
43518,2
68111,2
46814,2
68126,2
77677,2
22164,2
68133,2
22166,2
31100,2
31089,2
22167,2
68148,2
68156,2
55172,2
77661,2
4014,2
77742,2
67973,2
55148,2
77867,2
21967,2
9118,2
90734,2
46807,2
3989,2
31191,2
31190,2
77786,2
4000,2
77779,2
31177,2
31175,2
55141,2
31170,2
22061,2
77761,2
48071,2
9069,2
78141,2
44070,2
41027,2
67718,2
21609,2
21681,2
21655,2
55014,2
43634,2
53126,1
7090,1
92697,1
93970,1
25575,1
57703,1
45395,1
8844,1
58969,1
38084,1
33709,1
22067,1
30820,1
25567,1
65467,1
20432,1
25564,1
25563,1
85365,1
76399,1
476,1
98089,1
2712,1
60978,1
99517,1
71586,1
35326,1
85399,1
47614,1
63834,1
63833,1
65484,1
99478,1
10505,1
27866,1
56846,1
25615,1
17236,1
90767,1
65481,1
66551,1
25580,1
30826,1
80741,1
3225,1
73956,1
92639,1
17174,1
18991,1
76711,1
61092,1
97243,1
18990,1
61100,1
83023,1
25449,1
66626,1
14452,1
91289,1
5743,1
41979,1
85218,1
97248,1
54302,1
41976,1
20489,1
45729,1
32588,1
25480,1
25486,1
77365,1
35367,1
54677,1
35372,1
99472,1
25519,1
85293,1
99469,1
20454,1
14393,1
86844,1
25490,1
74102,1
78227,1
27947,1
45716,1
96018,1
92650,1
64440,1
71470,1
97760,1
59727,1
73953,1
8850,1
27727,1
32726,1
56790,1
79515,1
39914,1
80597,1
59129,1
82168,1
42553,1
49296,1
10470,1
41184,1
92798,1
14190,1
58243,1
50079,1
406,1
88012,1
89851,1
93873,1
14207,1
89837,1
65601,1
51890,1
17271,1
25866,1
27615,1
63867,1
51083,1
85590,1
57549,1
73736,1
32741,1
60818,1
25835,1
85553,1
30892,1
40056,1
43931,1
66444,1
71800,1
56786,1
17579,1
98069,1
54630,1
35314,1
89859,1
60966,1
27821,1
41368,1
25690,1
27806,1
40464,1
27810,1
54655,1
65512,1
33674,1
38134,1
14282,1
71667,1
59735,1
71633,1
55267,1
80664,1
93339,1
25651,1
68423,1
42583,1
82138,1
73887,1
73883,1
96690,1
99558,1
85508,1
89860,1
42571,1
19160,1
60894,1
51889,1
73865,1
85487,1
17257,1
32686,1
38151,1
77415,1
14255,1
97765,1
73873,1
63260,1
97921,1
38162,1
27790,1
90769,1
47271,1
71419,1
5734,1
11502,1
37694,1
5580,1
21566,1
47211,1
28275,1
5574,1
71125,1
7354,1
71112,1
37665,1
643,1
28293,1
39481,1
25123,1
12734,1
90746,1
89181,1
63735,1
37661,1
5559,1
25165,1
35429,1
96545,1
65350,1
41925,1
18879,1
61361,1
3292,1
44865,1
97302,1
92469,1
18876,1
99323,1
84987,1
14753,1
1511,1
74484,1
58174,1
61389,1
80904,1
12758,1
7328,1
17641,1
66721,1
5558,1
63269,1
33528,1
14920,1
63709,1
22584,1
80949,1
689,1
90020,1
53269,1
88560,1
51569,1
44314,1
99249,1
48625,1
74646,1
31196,1
41878,1
18822,1
35028,1
22020,1
81826,1
61549,1
56023,1
40773,1
7392,1
99284,1
59604,1
45778,1
12720,1
61459,1
14824,1
35448,1
66729,1
61463,1
63719,1
25090,1
71061,1
7389,1
47192,1
4241,1
77313,1
66737,1
57001,1
96533,1
683,1
79175,1
44307,1
92477,1
96561,1
65356,1
86926,1
3255,1
32543,1
65410,1
95600,1
39414,1
85156,1
44738,1
48663,1
39417,1
98119,1
63757,1
14554,1
57691,1
85141,1
32527,1
79253,1
82596,1
43873,1
14569,1
85129,1
85159,1
11267,1
50741,1
89246,1
9084,1
47638,1
97253,1
7198,1
77784,1
39400,1
40428,1
33762,1
94061,1
53174,1
49345,1
45351,1
44731,1
97259,1
58194,1
5705,1
7223,1
31185,1
33764,1
59678,1
74297,1
11265,1
2653,1
97290,1
80855,1
86961,1
18917,1
47222,1
39448,1
51849,1
90996,1
71232,1
61322,1
80872,1
32517,1
5635,1
20566,1
5630,1
32498,1
48269,1
5623,1
10598,1
14688,1
22048,1
52325,1
71249,1
5647,1
54281,1
58186,1
71300,1
71291,1
56921,1
5667,1
99373,1
92541,1
580,1
58994,1
56120,1
5660,1
92535,1
99366,1
37825,1
33806,1
79238,1
25326,1
7264,1
28144,1
2750,1
65637,1
38272,1
22264,1
88490,1
49184,1
26459,1
88027,1
54421,1
26995,1
13654,1
50912,1
26458,1
89637,1
42396,1
35933,1
86081,1
86439,1
59931,1
3015,1
33028,1
72445,1
65842,1
89484,1
6302,1
13359,1
2863,1
53676,1
86165,1
46213,1
68226,1
89505,1
45599,1
72566,1
49223,1
47422,1
88488,1
72543,1
66119,1
6567,1
80250,1
38892,1
10141,1
89496,1
38888,1
26478,1
79939,1
54426,1
58334,1
58333,1
6691,1
11381,1
19478,1
6196,1
43223,1
79882,1
86486,1
13761,1
60329,1
13301,1
96867,1
27191,1
97048,1
33003,1
8533,1
174,1
96856,1
30983,1
58321,1
79823,1
186,1
6173,1
86483,1
80316,1
3023,1
82240,1
33303,1
6637,1
42228,1
19867,1
72371,1
54418,1
26354,1
98010,1
45539,1
26348,1
45615,1
42219,1
51610,1
64415,1
54522,1
6657,1
50027,1
72324,1
85997,1
72323,1
56488,1
11755,1
93251,1
26633,1
88460,1
43501,1
56506,1
72846,1
2956,1
13428,1
86337,1
63989,1
41119,1
51960,1
26735,1
65941,1
26631,1
82293,1
82256,1
50936,1
90846,1
22223,1
88482,1
48641,1
51958,1
47469,1
88043,1
80088,1
42348,1
80114,1
4065,1
50955,1
58373,1
42346,1
23179,1
60021,1
72811,1
52891,1
26645,1
65961,1
56529,1
77637,1
80136,1
45587,1
39077,1
31070,1
80069,1
39073,1
49208,1
13501,1
56498,1
58350,1
93420,1
33084,1
60144,1
56565,1
26809,1
86200,1
13393,1
42298,1
53882,1
10240,1
51616,1
82323,1
82336,1
95309,1
72899,1
19819,1
72903,1
80220,1
58915,1
69056,1
51615,1
13404,1
13405,1
93417,1
6360,1
52,1
53,1
77618,1
6509,1
54489,1
13515,1
72878,1
6511,1
93409,1
52874,1
59974,1
60119,1
72665,1
89531,1
26604,1
86217,1
50928,1
19591,1
22320,1
58314,1
11429,1
54375,1
93736,1
80478,1
66365,1
13154,1
25991,1
71980,1
38444,1
73548,1
14001,1
63894,1
6838,1
86639,1
27510,1
90921,1
43956,1
25977,1
68332,1
73561,1
3128,1
77711,1
93735,1
59830,1
22441,1
50858,1
85794,1
27441,1
66336,1
79676,1
64095,1
52805,1
11305,1
82208,1
85783,1
45471,1
90796,1
13961,1
40666,1
26013,1
98395,1
80470,1
92953,1
26008,1
26006,1
20149,1
32787,1
25965,1
78220,1
27585,1
81850,1
45457,1
73630,1
92884,1
97147,1
11296,1
14109,1
33517,1
42081,1
82482,1
43945,1
49284,1
53055,1
10431,1
52268,1
64433,1
96733,1
38275,1
6906,1
61551,1
56771,1
21628,1
25963,1
3140,1
42092,1
49956,1
30928,1
42090,1
22111,1
48064,1
5978,1
99656,1
35294,1
38361,1
73615,1
38356,1
71916,1
85659,1
56766,1
25949,1
54618,1
60724,1
10423,1
31136,1
43431,1
96787,1
54388,1
32917,1
72241,1
38701,1
73233,1
80371,1
58300,1
99778,1
85919,1
10080,1
68285,1
60411,1
49250,1
13843,1
35246,1
86540,1
56383,1
96823,1
6130,1
63921,1
96820,1
95701,1
27258,1
89444,1
19361,1
55213,1
60354,1
6166,1
2831,1
72273,1
51608,1
45509,1
60360,1
13823,1
52842,1
32948,1
30964,1
44681,1
40650,1
96835,1
49158,1
60371,1
47518,1
86526,1
68275,1
43517,1
80390,1
33377,1
6117,1
17536,1
54582,1
11404,1
51047,1
42477,1
42152,1
65738,1
20085,1
54584,1
6068,1
20125,1
48330,1
32850,1
95998,1
27399,1
93688,1
45479,1
72088,1
20130,1
42136,1
72072,1
38597,1
2807,1
93014,1
40126,1
85885,1
68291,1
26194,1
55223,1
32894,1
95790,1
20048,1
85875,1
26170,1
93031,1
56364,1
27331,1
93026,1
85870,1
17361,1
58435,1
33409,1
32888,1
57739,1
84795,1
84787,1
25030,1
52500,1
29559,1
69824,1
67278,1
43044,1
12088,1
12087,1
49825,1
83769,1
40270,1
67281,1
15926,1
69797,1
75825,1
83757,1
1222,1
75833,1
75836,1
75837,1
67284,1
78598,1
83000,1
62544,1
36555,1
69844,1
98269,1
31953,1
3597,1
98270,1
8681,1
97590,1
50191,1
68759,1
21187,1
75793,1
48588,1
15896,1
50417,1
15905,1
51382,1
34366,1
83812,1
83807,1
76449,1
34883,1
98712,1
29600,1
75930,1
36068,1
59289,1
91710,1
58723,1
48556,1
46105,1
55064,1
59280,1
21278,1
52488,1
69170,1
43070,1
91703,1
76891,1
11015,1
43704,1
75927,1
48823,1
30501,1
69705,1
87724,1
29653,1
83699,1
43049,1
34427,1
64790,1
90634,1
55459,1
91733,1
10990,1
69772,1
18343,1
23906,1
82865,1
16006,1
4941,1
78287,1
35741,1
69757,1
47034,1
58812,1
78540,1
30541,1
35750,1
53527,1
98757,1
67256,1
47820,1
75580,1
5118,1
47073,1
70049,1
64899,1
70042,1
46066,1
75578,1
5109,1
88919,1
75583,1
95458,1
45939,1
29388,1
21085,1
11612,1
83947,1
78727,1
15793,1
22851,1
35681,1
3531,1
5122,1
5032,1
7940,1
9541,1
35636,1
21845,1
91919,1
75509,1
52422,1
48090,1
91128,1
15666,1
97845,1
94730,1
18480,1
70086,1
77034,1
22829,1
15712,1
75535,1
43291,1
64902,1
1096,1
34289,1
90655,1
15798,1
88167,1
9494,1
3557,1
44811,1
21131,1
41051,1
15836,1
83893,1
69928,1
31974,1
75718,1
32004,1
21815,1
39975,1
21811,1
97740,1
36050,1
31964,1
15865,1
57488,1
75751,1
4625,1
39738,1
75691,1
9504,1
30191,1
5090,1
87584,1
32003,1
98257,1
67203,1
87589,1
34313,1
83921,1
90299,1
29426,1
87597,1
39736,1
8005,1
36698,1
58682,1
51363,1
31988,1
91834,1
16055,1
8156,1
56017,1
48763,1
44936,1
40196,1
76293,1
2252,1
68898,1
64380,1
11893,1
18096,1
83355,1
81704,1
76276,1
21435,1
9347,1
62948,1
18080,1
44929,1
83345,1
30433,1
1416,1
90488,1
55034,1
76274,1
87946,1
16767,1
16305,1
4482,1
11058,1
44940,1
95085,1
67763,1
76238,1
18105,1
83407,1
82995,1
76272,1
87861,1
1377,1
64631,1
8617,1
55587,1
29996,1
39851,1
76270,1
78384,1
34597,1
34608,1
69698,1
34817,1
55564,1
69262,1
76363,1
76365,1
30110,1
23440,1
16450,1
19660,1
9324,1
78336,1
40984,1
76781,1
63023,1
69227,1
17880,1
54976,1
97793,1
81786,1
98347,1
8584,1
64383,1
91249,1
18076,1
8411,1
57454,1
3745,1
81719,1
82982,1
11877,1
49603,1
57883,1
16400,1
30067,1
16407,1
35841,1
53989,1
55569,1
76344,1
51509,1
49798,1
46298,1
48777,1
69275,1
69273,1
55592,1
21516,1
4766,1
2124,1
57356,1
31444,1
47024,1
51411,1
29722,1
91197,1
59258,1
9408,1
63363,1
76033,1
69655,1
83556,1
16154,1
62755,1
91204,1
29742,1
9401,1
16163,1
88810,1
87786,1
31436,1
31830,1
83422,1
48817,1
23831,1
87733,1
88137,1
83639,1
83636,1
12016,1
31422,1
83632,1
31853,1
55659,1
98640,1
55658,1
69672,1
55058,1
23017,1
83611,1
67393,1
2292,1
83602,1
68828,1
49655,1
54937,1
81592,1
23603,1
35804,1
8631,1
44955,1
69464,1
95058,1
30157,1
69451,1
16271,1
3711,1
83221,1
57374,1
23593,1
95369,1
31740,1
9380,1
62866,1
88644,1
16778,1
59217,1
3729,1
34830,1
95375,1
17856,1
8457,1
23700,1
69181,1
55624,1
78462,1
78460,1
88792,1
41506,1
4465,1
76430,1
4810,1
97659,1
76138,1
11954,1
8262,1
44974,1
29870,1
40953,1
68875,1
40219,1
17758,1
47795,1
4370,1
37328,1
84550,1
92223,1
37343,1
37336,1
87237,1
43194,1
31271,1
79039,1
18700,1
30684,1
57667,1
46404,1
9727,1
49439,1
87248,1
24716,1
37325,1
99098,1
41071,1
39598,1
46652,1
84553,1
84533,1
78257,1
74884,1
4286,1
37368,1
46649,1
94386,1
1558,1
68581,1
32363,1
51248,1
57670,1
28712,1
97391,1
77224,1
12539,1
92229,1
9743,1
11161,1
11799,1
79054,1
18725,1
87251,1
98183,1
29312,1
66922,1
40351,1
54780,1
75038,1
81141,1
32302,1
94463,1
20740,1
28855,1
57663,1
24633,1
54209,1
65103,1
22723,1
1486,1
44363,1
45195,1
49873,1
55903,1
32288,1
45856,1
66915,1
32304,1
12510,1
77196,1
74978,1
90114,1
92189,1
45210,1
84514,1
15183,1
84508,1
94432,1
81123,1
59497,1
95233,1
75001,1
79029,1
55338,1
12483,1
8765,1
65130,1
12481,1
24667,1
28807,1
42817,1
94379,1
35495,1
55308,1
61594,1
70935,1
57040,1
88662,1
94301,1
20672,1
61607,1
43846,1
28490,1
54745,1
14974,1
44864,1
65241,1
33943,1
61625,1
17060,1
24920,1
63662,1
68557,1
31229,1
41375,1
61588,1
92256,1
79141,1
34676,1
74680,1
20653,1
66774,1
83127,1
92361,1
65281,1
2586,1
80983,1
25003,1
70944,1
56009,1
89139,1
43359,1
2056,1
40783,1
41851,1
84751,1
24971,1
59571,1
74758,1
54748,1
3807,1
65201,1
77253,1
74844,1
70794,1
28610,1
15089,1
52091,1
35490,1
15092,1
30712,1
61711,1
82083,1
84614,1
74851,1
92271,1
49419,1
74863,1
94370,1
46417,1
11249,1
64215,1
51244,1
33977,1
24842,1
15071,1
37458,1
18775,1
70854,1
48757,1
4278,1
79096,1
42778,1
48980,1
57068,1
94338,1
61671,1
5468,1
74799,1
54751,1
55974,1
45227,1
10680,1
74826,1
65216,1
58115,1
94482,1
41754,1
84175,1
58072,1
67075,1
58069,1
47764,1
59419,1
87453,1
18518,1
46282,1
29205,1
62186,1
88961,1
88208,1
62188,1
94624,1
92013,1
75349,1
53428,1
24346,1
40877,1
75359,1
63526,1
24379,1
84235,1
62123,1
42928,1
70292,1
45156,1
46675,1
77105,1
52575,1
24388,1
18549,1
10859,1
8577,1
21871,1
10862,1
81273,1
94602,1
57650,1
58075,1
17971,1
88964,1
1685,1
62146,1
55819,1
15534,1
42942,1
84089,1
9570,1
39696,1
75445,1
24273,1
59041,1
47085,1
32102,1
51475,1
32100,1
46682,1
3477,1
11216,1
35616,1
4621,1
57234,1
57236,1
91118,1
75476,1
9552,1
47793,1
68680,1
24293,1
75416,1
5202,1
70206,1
46382,1
1030,1
75388,1
84133,1
9590,1
75393,1
55812,1
5215,1
1034,1
64960,1
81307,1
4354,1
88204,1
1039,1
98884,1
7856,1
24315,1
34231,1
42926,1
11568,1
92140,1
77905,1
59470,1
15335,1
66952,1
9689,1
96405,1
87351,1
61978,1
11556,1
914,1
87353,1
64236,1
8747,1
66960,1
24516,1
68646,1
82054,1
41000,1
61993,1
15368,1
58105,1
11555,1
20776,1
94583,1
17716,1
94486,1
70513,1
65097,1
12436,1
7656,1
28922,1
76729,1
16980,1
53371,1
46658,1
63580,1
81172,1
75104,1
48929,1
90130,1
70475,1
59023,1
50153,1
15311,1
52117,1
62007,1
82757,1
82758,1
42923,1
18593,1
29076,1
4339,1
52239,1
11561,1
29102,1
20850,1
16950,1
96365,1
48675,1
28991,1
84256,1
70312,1
3447,1
18566,1
43188,1
84246,1
62089,1
43788,1
57653,1
70356,1
57832,1
81229,1
62059,1
59458,1
81213,1
58630,1
24491,1
92098,1
65049,1
20828,1
15412,1
35150,1
82040,1
37097,1
34963,1
11804,1
55858,1
66996,1
1701,1
57174,1
82033,1
49470,1
12598,1
